{
    "rgb_colors": [
        [
            65.0,
            78.0,
            114.0
        ],
        [
            72.0,
            85.0,
            121.0
        ],
        [
            73.30882352941177,
            86.30882352941177,
            122.30882352941177
        ],
        [
            70.0,
            83.0,
            119.0
        ],
        [
            68.0,
            81.0,
            117.0
        ],
        [
            69.0,
            82.0,
            118.0
        ],
        [
            71.0,
            84.0,
            120.0
        ],
        [
            66.0,
            79.0,
            115.0
        ],
        [
            63.67741935483871,
            76.6774193548387,
            112.6774193548387
        ],
        [
            67.0,
            80.0,
            116.0
        ]
    ],
    "hex_colors": [
        "#414e72",
        "#485579",
        "#49567a",
        "#465377",
        "#445175",
        "#455276",
        "#475478",
        "#424f73",
        "#3f4c70",
        "#435074"
    ],
    "hsl_color_values": [
        [
            0.6224489795918368,
            0.4298245614035088,
            114.0
        ],
        [
            0.6224489795918368,
            0.4049586776859504,
            121.0
        ],
        [
            0.6224489795918368,
            0.4006252254418661,
            122.30882352941177
        ],
        [
            0.6224489795918368,
            0.4117647058823529,
            119.0
        ],
        [
            0.6224489795918368,
            0.4188034188034188,
            117.0
        ],
        [
            0.6224489795918368,
            0.4152542372881356,
            118.0
        ],
        [
            0.6224489795918368,
            0.4083333333333333,
            120.0
        ],
        [
            0.6224489795918368,
            0.4260869565217391,
            115.0
        ],
        [
            0.6224489795918368,
            0.43486973947895785,
            112.6774193548387
        ],
        [
            0.6224489795918368,
            0.4224137931034483,
            116.0
        ]
    ]
}