{
    "rgb_colors": [
        [
            88.0,
            95.0,
            132.0
        ],
        [
            89.08421052631579,
            96.08421052631579,
            132.9157894736842
        ],
        [
            87.0,
            94.0,
            131.0
        ],
        [
            86.20408163265306,
            93.20408163265306,
            129.79591836734693
        ],
        [
            83.98780487804878,
            90.98780487804878,
            127.47560975609755
        ],
        [
            85.25547445255475,
            92.25547445255475,
            128.74452554744525
        ],
        [
            90.07692307692308,
            97.07692307692308,
            133.92307692307693
        ],
        [
            91.57142857142857,
            98.57142857142857,
            135.57142857142858
        ],
        [
            82.06666666666666,
            89.06666666666666,
            125.8
        ],
        [
            88.42666666666666,
            95.42666666666666,
            130.42666666666668
        ]
    ],
    "hex_colors": [
        "#585f84",
        "#596084",
        "#575e83",
        "#565d81",
        "#535a7f",
        "#555c80",
        "#5a6185",
        "#5b6287",
        "#52597d",
        "#585f82"
    ],
    "hsl_color_values": [
        [
            0.6401515151515151,
            0.3333333333333333,
            132.0
        ],
        [
            0.6400496317643292,
            0.32976954145877885,
            132.9157894736842
        ],
        [
            0.6401515151515151,
            0.33587786259541985,
            131.0
        ],
        [
            0.6399032459425719,
            0.33584905660377357,
            129.79591836734693
        ],
        [
            0.6398392222845392,
            0.3411460824643643,
            127.47560975609755
        ],
        [
            0.6398399910484502,
            0.3377934006123142,
            128.74452554744525
        ],
        [
            0.6400584795321637,
            0.3273980470993682,
            133.92307692307693
        ],
        [
            0.6401515151515151,
            0.3245521601685986,
            135.57142857142858
        ],
        [
            0.639989837398374,
            0.3476417594064653,
            125.8
        ],
        [
            0.6388888888888888,
            0.32202003680229,
            130.42666666666668
        ]
    ]
}