{
    "rgb_colors": [
        [
            90.0,
            94.0,
            125.0
        ],
        [
            98.05454545454545,
            101.92727272727272,
            133.3090909090909
        ],
        [
            95.38095238095238,
            99.14285714285714,
            130.85714285714286
        ],
        [
            91.0,
            95.0,
            126.0
        ],
        [
            92.86224489795919,
            96.86224489795919,
            127.86224489795919
        ],
        [
            88.51612903225806,
            92.34838709677419,
            123.8516129032258
        ],
        [
            86.3970588235294,
            90.02941176470588,
            122.13235294117646
        ],
        [
            92.71428571428571,
            95.71428571428571,
            129.71428571428572
        ],
        [
            91.0,
            94.0,
            128.0
        ],
        [
            89.50485436893204,
            92.50485436893204,
            126.50485436893204
        ]
    ],
    "hex_colors": [
        "#5a5e7d",
        "#626585",
        "#5f6382",
        "#5b5f7e",
        "#5c607f",
        "#585c7b",
        "#565a7a",
        "#5c5f81",
        "#5b5e80",
        "#595c7e"
    ],
    "hsl_color_values": [
        [
            0.6476190476190476,
            0.28,
            125.0
        ],
        [
            0.6483582602716177,
            0.2644571740316422,
            133.3090909090909
        ],
        [
            0.6489932885906041,
            0.2711062590975255,
            130.85714285714286
        ],
        [
            0.6476190476190476,
            0.2777777777777778,
            126.0
        ],
        [
            0.6476190476190476,
            0.273732093691393,
            127.86224489795919
        ],
        [
            0.648591077840667,
            0.2853049955722248,
            123.8516129032258
        ],
        [
            0.6497256515775035,
            0.2925948223961469,
            122.13235294117646
        ],
        [
            0.6531531531531533,
            0.2852422907488988,
            129.71428571428572
        ],
        [
            0.6531531531531533,
            0.2890625,
            128.0
        ],
        [
            0.6531531531531533,
            0.2924788948580199,
            126.50485436893204
        ]
    ]
}