{
    "rgb_colors": [
        [
            80.00746268656717,
            110.01492537313433,
            223.90298507462686
        ],
        [
            77.1214953271028,
            107.0,
            220.74766355140187
        ],
        [
            82.51497005988024,
            112.47305389221557,
            226.44910179640718
        ],
        [
            73.48837209302326,
            103.3953488372093,
            217.18604651162792
        ],
        [
            75.6822429906542,
            105.64485981308411,
            219.51401869158877
        ],
        [
            78.0377358490566,
            108.00943396226415,
            221.89622641509433
        ],
        [
            86.6086956521739,
            116.6086956521739,
            230.56521739130434
        ],
        [
            81.06666666666666,
            111.1037037037037,
            224.83703703703705
        ],
        [
            79.1304347826087,
            109.02608695652174,
            222.8608695652174
        ],
        [
            84.45977011494253,
            114.45977011494253,
            228.29885057471265
        ]
    ],
    "hex_colors": [
        "#506edf",
        "#4d6bdc",
        "#5270e2",
        "#4967d9",
        "#4b69db",
        "#4e6cdd",
        "#5674e6",
        "#516fe0",
        "#4f6dde",
        "#5472e4"
    ],
    "hsl_color_values": [
        [
            0.6319105901877399,
            0.6426690664266907,
            223.90298507462686
        ],
        [
            0.6319950546590317,
            0.6506350550381034,
            220.74766355140187
        ],
        [
            0.6319770908737917,
            0.6356136129254039,
            226.44910179640718
        ],
        [
            0.6319792846738954,
            0.6616340079237606,
            217.18604651162792
        ],
        [
            0.6319471518301928,
            0.6552282016348774,
            219.51401869158877
        ],
        [
            0.6319430782346384,
            0.648314272352366,
            221.89622641509433
        ],
        [
            0.6319339575153529,
            0.624363567791816,
            230.56521739130434
        ],
        [
            0.6318460508011747,
            0.6394425592198465,
            224.83703703703705
        ],
        [
            0.6320003226652147,
            0.6449334737992118,
            222.8608695652174
        ],
        [
            0.6319055990623834,
            0.6300473265532172,
            228.29885057471265
        ]
    ]
}