{
    "rgb_colors": [
        [
            68.66666666666667,
            93.98666666666666,
            200.06666666666666
        ],
        [
            61.875739644970416,
            88.40828402366864,
            195.57988165680473
        ],
        [
            65.63636363636364,
            91.3961038961039,
            198.14285714285714
        ],
        [
            58.26190476190476,
            83.95238095238095,
            188.85714285714286
        ],
        [
            63.77272727272727,
            89.66666666666667,
            196.32323232323233
        ],
        [
            62.285714285714285,
            87.43537414965986,
            194.0952380952381
        ],
        [
            73.27586206896552,
            98.62068965517241,
            204.3793103448276
        ],
        [
            60.288557213930346,
            85.90049751243781,
            192.60199004975124
        ],
        [
            82.375,
            107.25,
            212.5
        ],
        [
            101.0,
            125.0,
            230.0
        ]
    ],
    "hex_colors": [
        "#445dc8",
        "#3d58c3",
        "#415bc6",
        "#3a53bc",
        "#3f59c4",
        "#3e57c2",
        "#4962cc",
        "#3c55c0",
        "#526bd4",
        "#657de6"
    ],
    "hsl_color_values": [
        [
            0.6345509893455099,
            0.6567810729756747,
            200.06666666666666
        ],
        [
            0.633592966306721,
            0.683629322603092,
            195.57988165680473
        ],
        [
            0.6342660655362802,
            0.6687422166874221,
            198.14285714285714
        ],
        [
            0.6338802795502887,
            0.6915027735753908,
            188.85714285714286
        ],
        [
            0.6341080840795073,
            0.6751646429306442,
            196.32323232323233
        ],
        [
            0.6348661574456372,
            0.6790971540726203,
            194.0952380952381
        ],
        [
            0.6344467823952306,
            0.6414712333389573,
            204.3793103448276
        ],
        [
            0.6344049633389734,
            0.6869785343424689,
            192.60199004975124
        ],
        [
            0.6348062760166506,
            0.6123529411764705,
            212.5
        ],
        [
            0.6356589147286821,
            0.5608695652173913,
            230.0
        ]
    ]
}