{
    "rgb_colors": [
        [
            73.33333333333333,
            102.66666666666666,
            166.33333333333331
        ],
        [
            18.63917525773196,
            53.21134020618557,
            125.99484536082474
        ],
        [
            35.83333333333333,
            67.33333333333333,
            137.0
        ],
        [
            27.875,
            60.875,
            133.4375
        ],
        [
            59.0,
            86.5,
            151.0
        ],
        [
            16.466666666666665,
            51.733333333333334,
            124.55555555555556
        ],
        [
            2.8571428571428577,
            44.42857142857143,
            121.85714285714286
        ],
        [
            48.666666666666664,
            79.66666666666666,
            147.33333333333334
        ],
        [
            20.027552674230147,
            54.59805510534846,
            127.32414910858995
        ],
        [
            22.083969465648856,
            56.221374045801525,
            128.98473282442748
        ]
    ],
    "hex_colors": [
        "#4966a6",
        "#12357d",
        "#234389",
        "#1b3c85",
        "#3b5697",
        "#10337c",
        "#022c79",
        "#304f93",
        "#14367f",
        "#163880"
    ],
    "hsl_color_values": [
        [
            0.6140979689366786,
            0.5591182364729459,
            166.33333333333331
        ],
        [
            0.6129943502824858,
            0.852063985599149,
            125.99484536082474
        ],
        [
            0.6147721032399781,
            0.7384428223844283,
            137.0
        ],
        [
            0.6145648312611013,
            0.7911007025761124,
            133.4375
        ],
        [
            0.6168478260869565,
            0.609271523178808,
            151.0
        ],
        [
            0.6122875548245613,
            0.8677966101694915,
            124.55555555555556
        ],
        [
            0.6084433773509405,
            0.9765533411488863,
            121.85714285714286
        ],
        [
            0.6143018018018017,
            0.6696832579185521,
            147.33333333333334
        ],
        [
            0.6129673826571201,
            0.842704209574969,
            127.32414910858995
        ],
        [
            0.6134437779681995,
            0.8287861750606615,
            128.98473282442748
        ]
    ]
}