{
    "rgb_colors": [
        [
            82.84166666666667,
            91.84166666666667,
            130.15833333333333
        ],
        [
            88.76,
            97.76,
            136.88
        ],
        [
            86.0,
            95.0,
            133.0
        ],
        [
            90.57142857142857,
            99.57142857142857,
            139.0
        ],
        [
            83.82716049382717,
            92.82716049382717,
            131.17283950617283
        ],
        [
            87.0,
            96.0,
            134.0
        ],
        [
            85.44318181818181,
            94.44318181818181,
            134.4659090909091
        ],
        [
            87.68354430379748,
            96.68354430379748,
            135.31645569620252
        ],
        [
            81.4659090909091,
            90.4659090909091,
            128.76136363636363
        ],
        [
            84.77358490566037,
            93.77358490566037,
            132.22641509433961
        ]
    ],
    "hex_colors": [
        "#525b82",
        "#586188",
        "#565f85",
        "#5a638b",
        "#535c83",
        "#576086",
        "#555e86",
        "#576087",
        "#515a80",
        "#545d84"
    ],
    "hsl_color_values": [
        [
            0.6349653633908653,
            0.363531596132915,
            130.15833333333333
        ],
        [
            0.6354945968412302,
            0.3515488018702513,
            136.88
        ],
        [
            0.6347517730496454,
            0.3533834586466165,
            133.0
        ],
        [
            0.6356932153392331,
            0.3484069886947585,
            139.0
        ],
        [
            0.6349847892220774,
            0.36094117647058815,
            131.17283950617283
        ],
        [
            0.6347517730496454,
            0.35074626865671643,
            134.0
        ],
        [
            0.6360686138154845,
            0.36457364996197084,
            134.4659090909091
        ],
        [
            0.6351758348835149,
            0.35201122544434044,
            135.31645569620252
        ],
        [
            0.6349511452827166,
            0.36731091695349033,
            128.76136363636363
        ],
        [
            0.6350563286944997,
            0.3588755707762557,
            132.22641509433961
        ]
    ]
}