{
    "rgb_colors": [
        [
            122.45871559633028,
            187.9816513761468,
            119.46100917431193
        ],
        [
            0.0,
            1.3076923076922924,
            106.0
        ],
        [
            95.2,
            118.8,
            132.6
        ],
        [
            42.25,
            57.0,
            108.5
        ],
        [
            125.73557692307692,
            192.04326923076923,
            122.97115384615384
        ],
        [
            176.42857142857142,
            226.0952380952381,
            186.0
        ],
        [
            135.4,
            169.4,
            160.6
        ],
        [
            31.0,
            57.46666666666667,
            140.8
        ],
        [
            157.8,
            212.6,
            161.46666666666667
        ],
        [
            119.21523178807946,
            183.49006622516555,
            115.15562913907284
        ]
    ],
    "hex_colors": [
        "#7abb77",
        "#00016a",
        "#5f7684",
        "#2a396c",
        "#7dc07a",
        "#b0e2ba",
        "#87a9a0",
        "#1f398c",
        "#9dd4a1",
        "#77b773"
    ],
    "hsl_color_values": [
        [
            0.3260418410041841,
            0.36450707662274284,
            187.9816513761468
        ],
        [
            0.6646105466860184,
            1.0,
            106.0
        ],
        [
            0.5614973262032086,
            0.282051282051282,
            132.6
        ],
        [
            0.629559748427673,
            0.6105990783410138,
            108.5
        ],
        [
            0.32666295445581306,
            0.35966954562523473,
            192.04326923076923
        ],
        [
            0.36545222115691917,
            0.21967144060657126,
            226.0952380952381
        ],
        [
            0.45686274509803915,
            0.20070838252656434,
            169.4
        ],
        [
            0.6264926128314107,
            0.7798295454545455,
            140.8
        ],
        [
            0.34448499594484994,
            0.25776105362182494,
            212.6
        ],
        [
            0.3234320233884124,
            0.3724149131988306,
            183.49006622516555
        ]
    ]
}