{
    "rgb_colors": [
        [
            70.23809523809524,
            78.42857142857143,
            110.61904761904762
        ],
        [
            64.0,
            72.0,
            104.0
        ],
        [
            62.22522522522522,
            70.22522522522523,
            102.22522522522523
        ],
        [
            67.51440329218107,
            75.53909465020575,
            107.56378600823045
        ],
        [
            72.075,
            80.175,
            112.275
        ],
        [
            66.0,
            74.0,
            106.0
        ],
        [
            72.8,
            81.8,
            114.8
        ],
        [
            59.54545454545455,
            67.54545454545455,
            99.54545454545455
        ],
        [
            68.93798449612403,
            77.0,
            109.06201550387597
        ],
        [
            65.0,
            73.0,
            105.0
        ]
    ],
    "hex_colors": [
        "#464e6e",
        "#404868",
        "#3e4666",
        "#434b6b",
        "#485070",
        "#424a6a",
        "#485172",
        "#3b4363",
        "#444d6d",
        "#414969"
    ],
    "hsl_color_values": [
        [
            0.6328616352201258,
            0.3650452001721911,
            110.61904761904762
        ],
        [
            0.6333333333333333,
            0.38461538461538464,
            104.0
        ],
        [
            0.6333333333333333,
            0.3912928527364061,
            102.22522522522523
        ],
        [
            0.6332716810521989,
            0.3723314714209197,
            107.56378600823045
        ],
        [
            0.6330845771144279,
            0.3580494321977288,
            112.275
        ],
        [
            0.6333333333333333,
            0.37735849056603776,
            106.0
        ],
        [
            0.6309523809523809,
            0.36585365853658536,
            114.8
        ],
        [
            0.6333333333333333,
            0.4018264840182648,
            99.54545454545455
        ],
        [
            0.6331787738279239,
            0.3679010590660317,
            109.06201550387597
        ],
        [
            0.6333333333333333,
            0.38095238095238093,
            105.0
        ]
    ]
}