{
    "rgb_colors": [
        [
            78.0,
            90.0,
            129.0
        ],
        [
            74.0,
            86.0,
            125.0
        ],
        [
            82.275,
            94.275,
            133.275
        ],
        [
            79.0,
            91.0,
            130.0
        ],
        [
            76.0,
            88.0,
            127.0
        ],
        [
            75.0,
            87.0,
            126.0
        ],
        [
            77.0,
            89.0,
            128.0
        ],
        [
            71.71428571428571,
            83.71428571428571,
            122.71428571428571
        ],
        [
            80.33774834437087,
            92.33774834437087,
            131.33774834437085
        ],
        [
            73.0,
            85.0,
            124.0
        ]
    ],
    "hex_colors": [
        "#4e5a81",
        "#4a567d",
        "#525e85",
        "#4f5b82",
        "#4c587f",
        "#4b577e",
        "#4d5980",
        "#47537a",
        "#505c83",
        "#49557c"
    ],
    "hsl_color_values": [
        [
            0.6274509803921569,
            0.3953488372093023,
            129.0
        ],
        [
            0.6274509803921569,
            0.408,
            125.0
        ],
        [
            0.6274509803921569,
            0.3826674169949353,
            133.275
        ],
        [
            0.6274509803921569,
            0.3923076923076923,
            130.0
        ],
        [
            0.6274509803921569,
            0.4015748031496063,
            127.0
        ],
        [
            0.6274509803921569,
            0.40476190476190477,
            126.0
        ],
        [
            0.6274509803921569,
            0.3984375,
            128.0
        ],
        [
            0.6274509803921569,
            0.41559953434225844,
            122.71428571428571
        ],
        [
            0.6274509803921569,
            0.38831181928196845,
            131.33774834437085
        ],
        [
            0.6274509803921569,
            0.4112903225806452,
            124.0
        ]
    ]
}