{
    "rgb_colors": [
        [
            66.3586956521739,
            93.75,
            202.7826086956522
        ],
        [
            63.0974358974359,
            90.06666666666666,
            196.94358974358974
        ],
        [
            79.16666666666667,
            105.5,
            214.5
        ],
        [
            64.2,
            91.06,
            200.504
        ],
        [
            60.8125,
            87.78125,
            195.09375
        ],
        [
            69.27586206896552,
            96.3103448275862,
            205.48275862068965
        ],
        [
            67.6103896103896,
            94.67532467532467,
            203.80519480519482
        ],
        [
            62.33653846153846,
            89.125,
            198.5
        ],
        [
            65.3529411764706,
            92.3529411764706,
            199.19117647058823
        ],
        [
            65.50292397660819,
            92.48538011695906,
            201.8654970760234
        ]
    ],
    "hex_colors": [
        "#425dca",
        "#3f5ac4",
        "#4f69d6",
        "#405bc8",
        "#3c57c3",
        "#4560cd",
        "#435ecb",
        "#3e59c6",
        "#415cc7",
        "#415cc9"
    ],
    "hsl_color_values": [
        [
            0.6332031976203756,
            0.6727594339622642,
            202.7826086956522
        ],
        [
            0.6330842911877395,
            0.6796167065930632,
            196.94358974358974
        ],
        [
            0.6342364532019705,
            0.6309246309246308,
            214.5
        ],
        [
            0.6338234143287553,
            0.6798068866456528,
            200.504
        ],
        [
            0.6331937010317276,
            0.6882908857920872,
            195.09375
        ],
        [
            0.6335864978902954,
            0.6628628964591374,
            205.48275862068965
        ],
        [
            0.6335462954133689,
            0.6682597336392022,
            203.80519480519482
        ],
        [
            0.6338770802438622,
            0.6859620228637862,
            198.5
        ],
        [
            0.6330439878401641,
            0.671908453303802,
            199.19117647058823
        ],
        [
            0.6336878520170397,
            0.6755120368492715,
            201.8654970760234
        ]
    ]
}