{
    "rgb_colors": [
        [
            30.436363636363637,
            66.25,
            143.63636363636363
        ],
        [
            29.32420091324201,
            65.16438356164383,
            142.7351598173516
        ],
        [
            85.0,
            115.0,
            184.0
        ],
        [
            31.540697674418606,
            67.4186046511628,
            145.15697674418604
        ],
        [
            28.346153846153847,
            64.13736263736264,
            141.6153846153846
        ],
        [
            69.0,
            101.25,
            175.0
        ],
        [
            34.30357142857143,
            69.94642857142857,
            147.33928571428572
        ],
        [
            26.866242038216562,
            62.87261146496815,
            139.95541401273886
        ],
        [
            59.75,
            91.25,
            163.5
        ],
        [
            18.444444444444443,
            57.44444444444444,
            135.55555555555554
        ]
    ],
    "hex_colors": [
        "#1e428f",
        "#1d418e",
        "#5573b8",
        "#1f4391",
        "#1c408d",
        "#4565af",
        "#224593",
        "#1a3e8b",
        "#3b5ba3",
        "#123987"
    ],
    "hsl_color_values": [
        [
            0.613937520077096,
            0.7881012658227848,
            143.63636363636363
        ],
        [
            0.6139965911073532,
            0.7945551681115839,
            142.7351598173516
        ],
        [
            0.6161616161616162,
            0.5380434782608695,
            184.0
        ],
        [
            0.6140364343465357,
            0.7827131813994472,
            145.15697674418604
        ],
        [
            0.6140027488075027,
            0.7998370450841934,
            141.6153846153846
        ],
        [
            0.6159591194968553,
            0.6057142857142858,
            175.0
        ],
        [
            0.6141126908899421,
            0.7671797357896013,
            147.33928571428572
        ],
        [
            0.6136018023092088,
            0.8080371364856869,
            139.95541401273886
        ],
        [
            0.6160642570281124,
            0.6345565749235474,
            163.5
        ],
        [
            0.6111638203668565,
            0.8639344262295082,
            135.55555555555554
        ]
    ]
}