{
    "rgb_colors": [
        [
            88.0,
            96.0,
            124.0
        ],
        [
            86.0,
            94.0,
            122.0
        ],
        [
            80.264,
            88.264,
            116.264
        ],
        [
            82.55319148936171,
            90.55319148936171,
            118.55319148936171
        ],
        [
            84.0,
            92.0,
            120.0
        ],
        [
            89.32352941176471,
            97.32352941176471,
            125.32352941176471
        ],
        [
            91.671875,
            99.671875,
            127.671875
        ],
        [
            76.73333333333333,
            84.73333333333333,
            112.73333333333333
        ],
        [
            85.0,
            93.0,
            121.0
        ],
        [
            87.0,
            95.0,
            123.0
        ]
    ],
    "hex_colors": [
        "#58607c",
        "#565e7a",
        "#505874",
        "#525a76",
        "#545c78",
        "#59617d",
        "#5b637f",
        "#4c5470",
        "#555d79",
        "#575f7b"
    ],
    "hsl_color_values": [
        [
            0.6296296296296297,
            0.2903225806451613,
            124.0
        ],
        [
            0.6296296296296297,
            0.29508196721311475,
            122.0
        ],
        [
            0.6296296296296297,
            0.3096401293607652,
            116.264
        ],
        [
            0.6296296296296297,
            0.30366116295764534,
            118.55319148936171
        ],
        [
            0.6296296296296297,
            0.3,
            120.0
        ],
        [
            0.6296296296296297,
            0.2872565125557381,
            125.32352941176471
        ],
        [
            0.6296296296296297,
            0.2819728307428711,
            127.671875
        ],
        [
            0.6296296296296297,
            0.319337670017741,
            112.73333333333333
        ],
        [
            0.6296296296296297,
            0.2975206611570248,
            121.0
        ],
        [
            0.6296296296296297,
            0.2926829268292683,
            123.0
        ]
    ]
}