{
    "rgb_colors": [
        [
            56.42424242424242,
            78.46969696969697,
            151.3030303030303
        ],
        [
            60.207070707070706,
            82.07575757575758,
            155.0
        ],
        [
            65.08333333333333,
            87.09375,
            160.01041666666666
        ],
        [
            62.5578231292517,
            84.52380952380952,
            157.23809523809524
        ],
        [
            58.060810810810814,
            80.60810810810811,
            151.6689189189189
        ],
        [
            61.5,
            84.46428571428571,
            154.42857142857142
        ],
        [
            53.61904761904762,
            76.47619047619048,
            146.95238095238096
        ],
        [
            59.43089430894309,
            82.34959349593495,
            152.3739837398374
        ],
        [
            54.96875,
            77.4375,
            148.765625
        ],
        [
            56.8,
            79.5047619047619,
            149.61904761904762
        ]
    ],
    "hex_colors": [
        "#384e97",
        "#3c529b",
        "#4157a0",
        "#3e549d",
        "#3a5097",
        "#3d549a",
        "#354c92",
        "#3b5298",
        "#364d94",
        "#384f95"
    ],
    "hsl_color_values": [
        [
            0.6279410199084424,
            0.6270779090727018,
            151.3030303030303
        ],
        [
            0.6282167403697586,
            0.6115672857608342,
            155.0
        ],
        [
            0.6280222392918541,
            0.5932556474187879,
            160.01041666666666
        ],
        [
            0.6279997126023854,
            0.6021458856104526,
            157.23809523809524
        ],
        [
            0.6265218228189212,
            0.6171871519579454,
            151.6689189189189
        ],
        [
            0.6254803996925441,
            0.6017576318223866,
            154.42857142857142
        ],
        [
            0.6258503401360543,
            0.6351263771872975,
            146.95238095238096
        ],
        [
            0.6255685794261722,
            0.6099669192188667,
            152.3739837398374
        ],
        [
            0.6267421844633239,
            0.6305009977943493,
            148.765625
        ],
        [
            0.6258978042273754,
            0.6203691915977085,
            149.61904761904762
        ]
    ]
}