{
    "rgb_colors": [
        [
            27.0,
            46.0,
            138.0
        ],
        [
            28.0,
            47.0,
            138.0
        ],
        [
            27.0,
            46.0,
            137.0
        ],
        [
            28.003508771929823,
            46.99649122807018,
            139.0
        ],
        [
            29.1375,
            48.1125,
            140.1
        ],
        [
            26.0,
            45.02173913043478,
            137.0
        ],
        [
            27.020408163265305,
            45.0,
            136.9591836734694
        ],
        [
            29.0,
            47.80769230769231,
            139.0
        ],
        [
            25.884615384615383,
            44.42307692307692,
            136.0
        ],
        [
            28.02777777777778,
            46.0,
            137.94444444444446
        ]
    ],
    "hex_colors": [
        "#1b2e8a",
        "#1c2f8a",
        "#1b2e89",
        "#1c2e8b",
        "#1d308c",
        "#1a2d89",
        "#1b2d88",
        "#1d2f8b",
        "#192c88",
        "#1c2e89"
    ],
    "hsl_color_values": [
        [
            0.6381381381381382,
            0.8043478260869565,
            138.0
        ],
        [
            0.6378787878787878,
            0.7971014492753623,
            138.0
        ],
        [
            0.6378787878787878,
            0.8029197080291971,
            137.0
        ],
        [
            0.6381477734926556,
            0.7985359081156127,
            139.0
        ],
        [
            0.6381660470879802,
            0.7920235546038543,
            140.1
        ],
        [
            0.638105496801149,
            0.8102189781021898,
            137.0
        ],
        [
            0.639409689994431,
            0.8027119654298913,
            136.9591836734694
        ],
        [
            0.6381701631701632,
            0.7913669064748201,
            139.0
        ],
        [
            0.638607521248108,
            0.8096719457013575,
            136.0
        ],
        [
            0.6394153820234184,
            0.7968183648811922,
            137.94444444444446
        ]
    ]
}