{
    "rgb_colors": [
        [
            78.42857142857143,
            116.42857142857143,
            200.0
        ],
        [
            64.91666666666667,
            102.75,
            192.25
        ],
        [
            58.77669902912621,
            97.44660194174757,
            188.64077669902912
        ],
        [
            45.75,
            85.0,
            177.0
        ],
        [
            56.74409448818898,
            95.51968503937007,
            186.40551181102362
        ],
        [
            113.0,
            150.0,
            224.0
        ],
        [
            53.10243902439024,
            91.32682926829268,
            181.12682926829268
        ],
        [
            54.36666666666667,
            92.73333333333333,
            183.725
        ],
        [
            55.0,
            93.048,
            182.824
        ],
        [
            55.592592592592595,
            94.12698412698413,
            184.65079365079364
        ]
    ],
    "hex_colors": [
        "#4e74c8",
        "#4066c0",
        "#3a61bc",
        "#2d55b1",
        "#385fba",
        "#7196e0",
        "#355bb5",
        "#365cb7",
        "#375db6",
        "#375eb8"
    ],
    "hsl_color_values": [
        [
            0.6145710928319623,
            0.6078571428571429,
            200.0
        ],
        [
            0.6171465968586388,
            0.6623320329432163,
            192.25
        ],
        [
            0.6170379784688995,
            0.6884199691199177,
            188.64077669902912
        ],
        [
            0.6168253968253968,
            0.7415254237288136,
            177.0
        ],
        [
            0.6168245582073237,
            0.6955878936363444,
            186.40551181102362
        ],
        [
            0.6111111111111112,
            0.4955357142857143,
            224.0
        ],
        [
            0.6169048072648758,
            0.7068217931108778,
            181.12682926829268
        ],
        [
            0.6172346410702398,
            0.7040867238172993,
            183.725
        ],
        [
            0.6170567864146536,
            0.6991642235155122,
            182.824
        ],
        [
            0.6169030829780255,
            0.6989312014670908,
            184.65079365079364
        ]
    ]
}