{
    "rgb_colors": [
        [
            134.81967213114754,
            225.0327868852459,
            96.75409836065573
        ],
        [
            99.625,
            143.875,
            108.25
        ],
        [
            148.46666666666667,
            202.93333333333334,
            142.13333333333333
        ],
        [
            6.5720930232558175,
            34.7767441860465,
            62.46976744186047
        ],
        [
            0.0,
            1.5,
            20.681818181818173
        ],
        [
            144.13275862068966,
            233.0,
            107.29827586206896
        ],
        [
            172.8,
            237.88,
            148.2
        ],
        [
            49.4,
            94.0,
            74.2
        ],
        [
            10.116666666666674,
            38.83333333333333,
            70.65
        ],
        [
            13.454545454545453,
            39.81818181818181,
            50.878787878787875
        ]
    ],
    "hex_colors": [
        "#86e160",
        "#638f6c",
        "#94ca8e",
        "#06223e",
        "#000114",
        "#90e96b",
        "#aced94",
        "#315e4a",
        "#0a2646",
        "#0d2732"
    ],
    "hsl_color_values": [
        [
            0.28387646432374863,
            0.5700444379689662,
            225.0327868852459
        ],
        [
            0.365819209039548,
            0.30755864465682015,
            143.875
        ],
        [
            0.31597222222222215,
            0.29960578186596587,
            202.93333333333334
        ],
        [
            0.5825705885616022,
            0.8947956220683493,
            62.46976744186047
        ],
        [
            0.6545787545787546,
            1.0,
            20.681818181818173
        ],
        [
            0.2844948587469882,
            0.5394923782743821,
            233.0
        ],
        [
            0.2876152245019328,
            0.3769968051118211,
            237.88
        ],
        [
            0.4260089686098654,
            0.474468085106383,
            94.0
        ],
        [
            0.5876009544787077,
            0.8568058504364235,
            70.65
        ],
        [
            0.5492577597840755,
            0.7355568790946992,
            50.878787878787875
        ]
    ]
}