{
    "rgb_colors": [
        [
            119.6,
            125.4,
            142.8
        ],
        [
            84.76923076923077,
            92.11538461538461,
            111.38461538461539
        ],
        [
            100.61538461538461,
            107.6923076923077,
            123.3076923076923
        ],
        [
            150.7,
            157.3,
            169.5
        ],
        [
            64.60051546391753,
            71.62886597938144,
            98.30154639175258
        ],
        [
            57.25396825396825,
            64.63492063492063,
            89.41269841269842
        ],
        [
            47.375,
            55.125,
            74.375
        ],
        [
            68.73584905660377,
            75.79245283018868,
            102.27547169811321
        ],
        [
            61.00877192982456,
            68.04824561403508,
            94.60526315789474
        ],
        [
            138.0,
            143.9,
            160.3
        ]
    ],
    "hex_colors": [
        "#777d8e",
        "#545c6f",
        "#646b7b",
        "#969da9",
        "#404762",
        "#394059",
        "#2f374a",
        "#444b66",
        "#3d445e",
        "#8a8fa0"
    ],
    "hsl_color_values": [
        [
            0.625,
            0.16246498599439788,
            142.8
        ],
        [
            0.6206647398843931,
            0.2389502762430939,
            111.38461538461539
        ],
        [
            0.6146892655367231,
            0.18402994385527138,
            123.3076923076923
        ],
        [
            0.6081560283687941,
            0.1109144542772862,
            169.5
        ],
        [
            0.6319083307841339,
            0.34283317165255234,
            98.30154639175258
        ],
        [
            0.628413951957881,
            0.3596662524409729,
            89.41269841269842
        ],
        [
            0.6188271604938271,
            0.3630252100840336,
            74.375
        ],
        [
            0.6316006600660066,
            0.3279341770283733,
            102.27547169811321
        ],
        [
            0.6317449956483899,
            0.35512285581826614,
            94.60526315789474
        ],
        [
            0.6225710014947682,
            0.13911416094822215,
            160.3
        ]
    ]
}