{
    "rgb_colors": [
        [
            251.12121212121212,
            253.63636363636363,
            180.75757575757575
        ],
        [
            245.65,
            247.15,
            145.2
        ],
        [
            126.0,
            168.46153846153845,
            168.84615384615384
        ],
        [
            218.14285714285714,
            234.14285714285714,
            188.78571428571428
        ],
        [
            89.6923076923077,
            135.69230769230768,
            159.3846153846154
        ],
        [
            41.33137829912023,
            78.0850439882698,
            156.09384164222874
        ],
        [
            172.1875,
            204.25,
            177.125
        ],
        [
            227.36363636363637,
            231.31168831168833,
            124.03896103896103
        ],
        [
            64.07692307692307,
            105.53846153846153,
            153.3846153846154
        ],
        [
            44.027272727272724,
            80.92424242424242,
            161.79090909090908
        ]
    ],
    "hex_colors": [
        "#fbfdb4",
        "#f5f791",
        "#7ea8a8",
        "#daeabc",
        "#59879f",
        "#294e9c",
        "#acccb1",
        "#e3e77c",
        "#406999",
        "#2c50a1"
    ],
    "hsl_color_values": [
        [
            0.17241857241857236,
            0.2873357228195938,
            253.63636363636363
        ],
        [
            0.16911884910904038,
            0.41250252882864663,
            247.15
        ],
        [
            0.5014961101137043,
            0.25375854214123006,
            168.84615384615384
        ],
        [
            0.22545931758530183,
            0.19371568029286151,
            234.14285714285714
        ],
        [
            0.5566593083149375,
            0.4372586872586873,
            159.3846153846154
        ],
        [
            0.6132902335564981,
            0.7352145487337491,
            156.09384164222874
        ],
        [
            0.3589993502274204,
            0.1569767441860465,
            204.25
        ],
        [
            0.17280064568200162,
            0.463758351580484,
            231.31168831168833
        ],
        [
            0.5892908412288257,
            0.582246740220662,
            153.3846153846154
        ],
        [
            0.6144477038409414,
            0.7278754846322414,
            161.79090909090908
        ]
    ]
}