{
    "rgb_colors": [
        [
            136.0,
            146.0,
            165.0
        ],
        [
            68.17444717444718,
            79.55036855036855,
            114.34643734643734
        ],
        [
            2.1666666666666714,
            11.833333333333343,
            32.83333333333334
        ],
        [
            58.75,
            69.8125,
            99.3125
        ],
        [
            241.0,
            249.5,
            255.0
        ],
        [
            70.92344497607655,
            82.54545454545455,
            116.65071770334929
        ],
        [
            28.66666666666667,
            39.5,
            61.833333333333336
        ],
        [
            46.38461538461539,
            57.61538461538461,
            84.6923076923077
        ],
        [
            65.47382920110192,
            77.0771349862259,
            111.04683195592287
        ],
        [
            178.0,
            187.0,
            203.0
        ]
    ],
    "hex_colors": [
        "#8892a5",
        "#444f72",
        "#020b20",
        "#3a4563",
        "#f1f9ff",
        "#465274",
        "#1c273d",
        "#2e3954",
        "#414d6f",
        "#b2bbcb"
    ],
    "hsl_color_values": [
        [
            0.6091954022988505,
            0.17575757575757575,
            165.0
        ],
        [
            0.6256030935149709,
            0.4037903693676271,
            114.34643734643734
        ],
        [
            0.6141304347826088,
            0.9340101522842639,
            32.83333333333334
        ],
        [
            0.6212121212121212,
            0.408432976714915,
            99.3125
        ],
        [
            0.5654761904761906,
            0.054901960784313725,
            255.0
        ],
        [
            0.6243067908339436,
            0.39200164068908944,
            116.65071770334929
        ],
        [
            0.6122278056951425,
            0.536388140161725,
            61.833333333333336
        ],
        [
            0.6178045515394913,
            0.4523160762942779,
            84.6923076923077
        ],
        [
            0.624231799955671,
            0.41039444306623674,
            111.04683195592287
        ],
        [
            0.6066666666666666,
            0.12315270935960591,
            203.0
        ]
    ]
}