{
    "rgb_colors": [
        [
            127.08,
            196.99333333333334,
            124.60666666666667
        ],
        [
            125.02941176470588,
            194.95294117647057,
            122.87058823529412
        ],
        [
            126.17333333333333,
            195.81333333333333,
            124.00666666666666
        ],
        [
            126.16867469879519,
            196.10843373493975,
            122.87951807228916
        ],
        [
            124.58762886597938,
            191.4742268041237,
            120.65979381443299
        ],
        [
            124.13333333333334,
            194.06666666666666,
            121.8
        ],
        [
            128.50526315789475,
            198.50526315789475,
            125.89473684210526
        ],
        [
            123.04838709677419,
            192.98387096774192,
            120.74193548387098
        ],
        [
            122.60606060606061,
            190.0909090909091,
            118.84848484848484
        ],
        [
            126.15189873417721,
            193.26582278481013,
            122.31645569620254
        ]
    ],
    "hex_colors": [
        "#7fc47c",
        "#7dc27a",
        "#7ec37c",
        "#7ec47a",
        "#7cbf78",
        "#7cc279",
        "#80c67d",
        "#7bc078",
        "#7abe76",
        "#7ec17a"
    ],
    "hsl_color_values": [
        [
            0.327638607478357,
            0.3674574435683103,
            196.99333333333334
        ],
        [
            0.32834176595397424,
            0.36974232092209275,
            194.95294117647057
        ],
        [
            0.32830439761086866,
            0.366709791638295,
            195.81333333333333
        ],
        [
            0.3258473181967752,
            0.3734103335995576,
            196.10843373493975
        ],
        [
            0.3240889018294754,
            0.3698379367899639,
            191.4742268041237
        ],
        [
            0.3279520295202952,
            0.37238062521470283,
            194.06666666666666
        ],
        [
            0.3273412583357495,
            0.36578640364831905,
            198.50526315789475
        ],
        [
            0.32801220510530626,
            0.37434183033848717,
            192.98387096774192
        ],
        [
            0.32454274776690767,
            0.37478080663159574,
            190.0909090909091
        ],
        [
            0.324323520666072,
            0.36710767618548595,
            193.26582278481013
        ]
    ]
}