{
    "rgb_colors": [
        [
            67.0,
            78.0,
            114.0
        ],
        [
            70.0,
            81.0,
            117.0
        ],
        [
            66.0,
            77.0,
            113.0
        ],
        [
            72.0,
            83.0,
            119.0
        ],
        [
            68.0,
            79.0,
            115.0
        ],
        [
            71.0,
            82.0,
            118.0
        ],
        [
            63.60714285714286,
            74.60714285714286,
            110.60714285714286
        ],
        [
            73.46428571428571,
            84.46428571428571,
            120.46428571428571
        ],
        [
            69.0,
            80.0,
            116.0
        ],
        [
            65.0,
            76.0,
            112.0
        ]
    ],
    "hex_colors": [
        "#434e72",
        "#465175",
        "#424d71",
        "#485377",
        "#444f73",
        "#475276",
        "#3f4a6e",
        "#495478",
        "#455074",
        "#414c70"
    ],
    "hsl_color_values": [
        [
            0.6276595744680851,
            0.41228070175438597,
            114.0
        ],
        [
            0.6276595744680851,
            0.4017094017094017,
            117.0
        ],
        [
            0.6276595744680851,
            0.415929203539823,
            113.0
        ],
        [
            0.6276595744680851,
            0.3949579831932773,
            119.0
        ],
        [
            0.6276595744680851,
            0.40869565217391307,
            115.0
        ],
        [
            0.6276595744680851,
            0.3983050847457627,
            118.0
        ],
        [
            0.6276595744680851,
            0.42492734904746526,
            110.60714285714286
        ],
        [
            0.6276595744680851,
            0.39015713015120074,
            120.46428571428571
        ],
        [
            0.6276595744680851,
            0.4051724137931034,
            116.0
        ],
        [
            0.6276595744680851,
            0.41964285714285715,
            112.0
        ]
    ]
}