{
    "rgb_colors": [
        [
            37.01092896174863,
            60.98907103825137,
            150.89071038251367
        ],
        [
            38.21897810218978,
            61.23357664233577,
            153.98540145985402
        ],
        [
            36.027027027027025,
            59.00675675675676,
            151.9527027027027
        ],
        [
            45.75,
            68.25,
            157.0
        ],
        [
            34.78125,
            57.875,
            150.78125
        ],
        [
            93.0,
            114.0,
            197.0
        ],
        [
            38.130434782608695,
            62.07971014492754,
            152.02173913043478
        ],
        [
            37.01570680628272,
            60.00523560209424,
            153.0
        ],
        [
            37.0,
            60.25,
            152.0
        ],
        [
            35.901408450704224,
            59.901408450704224,
            149.88732394366198
        ]
    ],
    "hex_colors": [
        "#253c96",
        "#263d99",
        "#243b97",
        "#2d449d",
        "#223996",
        "#5d72c5",
        "#263e98",
        "#253c99",
        "#253c98",
        "#233b95"
    ],
    "hsl_color_values": [
        [
            0.6315738963531671,
            0.7547169811320755,
            150.89071038251367
        ],
        [
            0.6335329970575873,
            0.7518012893439515,
            153.98540145985402
        ],
        [
            0.6336286452565522,
            0.762906309751434,
            151.9527027027027
        ],
        [
            0.6329588014981273,
            0.7085987261146497,
            157.0
        ],
        [
            0.6334859913793104,
            0.7693264248704663,
            150.78125
        ],
        [
            0.6330128205128206,
            0.5279187817258884,
            197.0
        ],
        [
            0.6316196899323451,
            0.7491777491777493,
            152.02173913043478
        ],
        [
            0.6336312613791962,
            0.7580672757759299,
            153.0
        ],
        [
            0.6329710144927536,
            0.756578947368421,
            152.0
        ],
        [
            0.6315746118044401,
            0.7604773538808495,
            149.88732394366198
        ]
    ]
}