{
    "rgb_colors": [
        [
            130.86923076923077,
            128.1,
            147.33846153846153
        ],
        [
            128.29861111111111,
            125.11111111111111,
            144.25694444444446
        ],
        [
            122.3135593220339,
            118.39830508474576,
            137.91525423728814
        ],
        [
            112.04166666666667,
            110.04166666666667,
            130.04166666666666
        ],
        [
            141.51724137931035,
            137.51724137931035,
            155.0344827586207
        ],
        [
            119.15652173913044,
            115.80869565217391,
            135.7391304347826
        ],
        [
            123.96376811594203,
            121.05797101449275,
            140.94202898550725
        ],
        [
            135.54455445544554,
            132.7128712871287,
            151.22772277227722
        ],
        [
            116.01315789473685,
            112.90789473684211,
            132.9078947368421
        ],
        [
            128.025,
            122.36666666666666,
            140.675
        ]
    ],
    "hex_colors": [
        "#828093",
        "#807d90",
        "#7a7689",
        "#706e82",
        "#8d899b",
        "#777387",
        "#7b798c",
        "#878497",
        "#747084",
        "#807a8c"
    ],
    "hsl_color_values": [
        [
            0.6906570705051314,
            0.1305732484076433,
            147.33846153846153
        ],
        [
            0.6944142183532825,
            0.13272035815722338,
            144.25694444444446
        ],
        [
            0.7001013171225937,
            0.14151407152513218,
            137.91525423728814
        ],
        [
            0.6833333333333332,
            0.1537968599807753,
            130.04166666666666
        ],
        [
            0.7047244094488189,
            0.1129893238434164,
            155.0344827586207
        ],
        [
            0.6946625945317045,
            0.1468289557975656,
            135.7391304347826
        ],
        [
            0.6910228377065112,
            0.14107969151670954,
            140.94202898550725
        ],
        [
            0.6921568627450979,
            0.12243027366767054,
            151.22772277227722
        ],
        [
            0.6925438596491228,
            0.15048015048015048,
            132.9078947368421
        ],
        [
            0.7181763010165377,
            0.13014631834606966,
            140.675
        ]
    ]
}