{
    "rgb_colors": [
        [
            67.33333333333333,
            101.5,
            183.83333333333334
        ],
        [
            45.52173913043478,
            84.40217391304348,
            169.3804347826087
        ],
        [
            48.886792452830186,
            86.9748427672956,
            174.49056603773585
        ],
        [
            44.95049504950495,
            82.82178217821782,
            170.8118811881188
        ],
        [
            96.5,
            132.5,
            213.0
        ],
        [
            43.650442477876105,
            82.47787610619469,
            167.60176991150442
        ],
        [
            46.833333333333336,
            84.95833333333333,
            172.25462962962962
        ],
        [
            41.32520325203252,
            80.1869918699187,
            165.39837398373984
        ],
        [
            30.333333333333336,
            72.0,
            160.0
        ],
        [
            79.75,
            114.75,
            195.25
        ]
    ],
    "hex_colors": [
        "#4365b7",
        "#2d54a9",
        "#3056ae",
        "#2c52aa",
        "#6084d5",
        "#2b52a7",
        "#2e54ac",
        "#2950a5",
        "#1e48a0",
        "#4f72c3"
    ],
    "hsl_color_values": [
        [
            0.6177873152122079,
            0.6337262012692657,
            183.83333333333334
        ],
        [
            0.6143483984203598,
            0.7312455881409228,
            169.3804347826087
        ],
        [
            0.6161267170730893,
            0.7198313148788927,
            174.49056603773585
        ],
        [
            0.6165172015942941,
            0.7368421052631579,
            170.8118811881188
        ],
        [
            0.6151645207439199,
            0.5469483568075117,
            213.0
        ],
        [
            0.6144587631932793,
            0.7395585828185226,
            167.60176991150442
        ],
        [
            0.6160040849974777,
            0.728115677157524,
            172.25462962962962
        ],
        [
            0.614463883974401,
            0.750147463625639,
            165.39837398373984
        ],
        [
            0.6131105398457585,
            0.8104166666666666,
            160.0
        ],
        [
            0.6161616161616162,
            0.5915492957746479,
            195.25
        ]
    ]
}