{
    "rgb_colors": [
        [
            63.597938144329895,
            93.48453608247422,
            205.70103092783506
        ],
        [
            66.21739130434783,
            95.94409937888199,
            208.08074534161491
        ],
        [
            65.05555555555556,
            94.82716049382717,
            207.06172839506172
        ],
        [
            74.18181818181819,
            104.04545454545455,
            216.13636363636363
        ],
        [
            67.524064171123,
            97.36898395721926,
            209.5133689839572
        ],
        [
            69.5,
            99.35185185185185,
            211.60185185185185
        ],
        [
            62.88172043010753,
            91.84946236559139,
            203.68817204301075
        ],
        [
            71.31372549019608,
            101.25490196078431,
            213.66666666666666
        ],
        [
            65.32051282051282,
            93.3076923076923,
            204.43589743589743
        ],
        [
            62.09230769230769,
            90.52307692307693,
            201.83076923076922
        ]
    ],
    "hex_colors": [
        "#3f5dcd",
        "#425fd0",
        "#415ecf",
        "#4a68d8",
        "#4361d1",
        "#4563d3",
        "#3e5bcb",
        "#4765d5",
        "#415dcc",
        "#3e5ac9"
    ],
    "hsl_color_values": [
        [
            0.6316139485393694,
            0.6908234350724202,
            205.70103092783506
        ],
        [
            0.6317425569176883,
            0.6817706934121369,
            208.08074534161491
        ],
        [
            0.6317249873215968,
            0.6858156451228238,
            207.06172839506172
        ],
        [
            0.6316042267050913,
            0.656782334384858,
            216.13636363636363
        ],
        [
            0.6316347795520739,
            0.677709997702851,
            209.5133689839572
        ],
        [
            0.6316543949957647,
            0.6715529689756268,
            211.60185185185185
        ],
        [
            0.6323787705231004,
            0.691284379454152,
            203.68817204301075
        ],
        [
            0.6316115702479338,
            0.666238414242452,
            213.66666666666666
        ],
        [
            0.6331367308696588,
            0.6804841339520883,
            204.43589743589743
        ],
        [
            0.6327571654005651,
            0.6923546001981858,
            201.83076923076922
        ]
    ]
}