{
    "rgb_colors": [
        [
            23.979166666666668,
            48.00416666666667,
            137.95
        ],
        [
            26.01923076923077,
            49.99519230769231,
            139.9375
        ],
        [
            24.997830802603037,
            49.0,
            139.0
        ],
        [
            25.11111111111111,
            47.925925925925924,
            137.96296296296296
        ],
        [
            22.0,
            46.0,
            136.0
        ],
        [
            23.0,
            47.0,
            137.0
        ],
        [
            27.066666666666666,
            51.13333333333333,
            141.0
        ],
        [
            26.0,
            48.911764705882355,
            139.0
        ],
        [
            32.0,
            56.0,
            145.0
        ],
        [
            25.0,
            49.0,
            138.0
        ]
    ],
    "hex_colors": [
        "#173089",
        "#1a318b",
        "#18318b",
        "#192f89",
        "#162e88",
        "#172f89",
        "#1b338d",
        "#1a308b",
        "#203891",
        "#19318a"
    ],
    "hsl_color_values": [
        [
            0.6315334088887264,
            0.8261749426120575,
            137.95
        ],
        [
            0.6315889428149398,
            0.8140653451059883,
            139.9375
        ],
        [
            0.6315764437256207,
            0.8201594906287552,
            139.0
        ],
        [
            0.6329723225030084,
            0.817986577181208,
            137.96296296296296
        ],
        [
            0.6315789473684211,
            0.8382352941176471,
            136.0
        ],
        [
            0.6315789473684211,
            0.8321167883211679,
            137.0
        ],
        [
            0.6314608933099278,
            0.8080378250591017,
            141.0
        ],
        [
            0.6328735033836543,
            0.8129496402877698,
            139.0
        ],
        [
            0.631268436578171,
            0.7793103448275862,
            145.0
        ],
        [
            0.631268436578171,
            0.8188405797101449,
            138.0
        ]
    ]
}