{
    "rgb_colors": [
        [
            109.0,
            133.0,
            196.0
        ],
        [
            41.04145077720207,
            69.21243523316062,
            139.69430051813472
        ],
        [
            0.0,
            44.0,
            118.0
        ],
        [
            29.299999999999997,
            59.5,
            131.1
        ],
        [
            42.77358490566038,
            70.79245283018868,
            141.3679245283019
        ],
        [
            38.626506024096386,
            66.84738955823293,
            137.63453815261045
        ],
        [
            37.747058823529414,
            66.63529411764706,
            135.54117647058823
        ],
        [
            86.0,
            112.66666666666666,
            177.66666666666666
        ],
        [
            39.9136690647482,
            68.24460431654676,
            138.4748201438849
        ],
        [
            60.92307692307692,
            88.38461538461539,
            155.3846153846154
        ]
    ],
    "hex_colors": [
        "#6d85c4",
        "#29458b",
        "#002c76",
        "#1d3b83",
        "#2a468d",
        "#264289",
        "#254287",
        "#5670b1",
        "#27448a",
        "#3c589b"
    ],
    "hsl_color_values": [
        [
            0.6206896551724138,
            0.44387755102040816,
            196.0
        ],
        [
            0.6190738795518208,
            0.7062052594488335,
            139.69430051813472
        ],
        [
            0.6045197740112994,
            1.0,
            118.0
        ],
        [
            0.6172233136869679,
            0.7765064836003052,
            131.1
        ],
        [
            0.6193027780435685,
            0.6974307640974308,
            141.3679245283019
        ],
        [
            0.6191606160169824,
            0.7193545563304251,
            137.63453815261045
        ],
        [
            0.6174335839598998,
            0.7215085496050689,
            135.54117647058823
        ],
        [
            0.6181818181818182,
            0.5159474671669794,
            177.66666666666666
        ],
        [
            0.6187591240875913,
            0.7117622610141313,
            138.4748201438849
        ],
        [
            0.618213897937025,
            0.6079207920792079,
            155.3846153846154
        ]
    ]
}