{
    "rgb_colors": [
        [
            36.973821989528794,
            60.03664921465968,
            126.98429319371728
        ],
        [
            38.056782334384856,
            61.00946372239748,
            128.0
        ],
        [
            35.0,
            58.0,
            125.0
        ],
        [
            39.086021505376344,
            62.03225806451613,
            129.0
        ],
        [
            41.5,
            64.5,
            131.5
        ],
        [
            38.0,
            60.80769230769231,
            127.0
        ],
        [
            37.0,
            62.0,
            127.9
        ],
        [
            36.05042016806723,
            59.0,
            125.99159663865547
        ],
        [
            40.2,
            63.0,
            129.8
        ],
        [
            39.0,
            62.0,
            128.0
        ]
    ],
    "hex_colors": [
        "#243c7e",
        "#263d80",
        "#233a7d",
        "#273e81",
        "#294083",
        "#263c7f",
        "#253e7f",
        "#243b7d",
        "#283f81",
        "#273e80"
    ],
    "hsl_color_values": [
        [
            0.6239626958275166,
            0.7088315329430198,
            126.98429319371728
        ],
        [
            0.6241348671904228,
            0.7026813880126184,
            128.0
        ],
        [
            0.6240740740740741,
            0.72,
            125.0
        ],
        [
            0.6241329825400622,
            0.6970075852296407,
            129.0
        ],
        [
            0.6240740740740741,
            0.6844106463878327,
            131.5
        ],
        [
            0.6239556323825987,
            0.7007874015748031,
            127.0
        ],
        [
            0.6208287495416208,
            0.7107114933541829,
            127.9
        ],
        [
            0.6241396493195054,
            0.7138664710198092,
            125.99159663865547
        ],
        [
            0.6242559523809524,
            0.6902927580893683,
            129.8
        ],
        [
            0.6235955056179776,
            0.6953125,
            128.0
        ]
    ]
}