{
    "rgb_colors": [
        [
            81.30405405405405,
            93.01351351351352,
            131.97297297297297
        ],
        [
            80.3076923076923,
            92.01282051282051,
            130.97435897435898
        ],
        [
            78.140625,
            90.0078125,
            128.984375
        ],
        [
            76.09433962264151,
            88.0377358490566,
            126.9245283018868
        ],
        [
            83.75714285714285,
            95.39285714285714,
            134.37142857142857
        ],
        [
            82.32558139534883,
            94.04651162790698,
            132.95348837209303
        ],
        [
            77.15294117647059,
            89.03529411764706,
            127.92941176470589
        ],
        [
            85.63157894736842,
            97.26315789473684,
            136.26315789473685
        ],
        [
            79.20588235294117,
            91.0220588235294,
            129.9558823529412
        ],
        [
            74.66666666666667,
            86.73333333333333,
            125.53333333333333
        ]
    ],
    "hex_colors": [
        "#515d83",
        "#505c82",
        "#4e5a80",
        "#4c587e",
        "#535f86",
        "#525e84",
        "#4d597f",
        "#556188",
        "#4f5b81",
        "#4a567d"
    ],
    "hsl_color_values": [
        [
            0.6281504200560075,
            0.38393405693221383,
            131.97297297297297
        ],
        [
            0.6281629554655871,
            0.38684416601409555,
            130.97435897435898
        ],
        [
            0.6277658266748617,
            0.39418534221683826,
            128.984375
        ],
        [
            0.6275055679287305,
            0.4004756949606065,
            126.9245283018868
        ],
        [
            0.6283516793677674,
            0.37667446310865405,
            134.37142857142857
        ],
        [
            0.6280814576634511,
            0.380794122791674,
            132.95348837209303
        ],
        [
            0.6276645041705283,
            0.3969100606952364,
            127.92941176470589
        ],
        [
            0.6283783783783784,
            0.3715720355349556,
            136.26315789473685
        ],
        [
            0.6278614894233555,
            0.39051714382709074,
            129.9558823529412
        ],
        [
            0.627129750982962,
            0.4052044609665427,
            125.53333333333333
        ]
    ]
}