{
    "rgb_colors": [
        [
            83.59821428571429,
            95.59821428571429,
            134.59821428571428
        ],
        [
            80.0,
            92.0,
            131.0
        ],
        [
            82.0,
            94.0,
            133.0
        ],
        [
            78.0,
            90.0,
            129.0
        ],
        [
            81.0,
            93.0,
            132.0
        ],
        [
            74.43801652892562,
            86.43801652892562,
            125.43801652892562
        ],
        [
            76.0,
            88.0,
            127.0
        ],
        [
            79.0,
            91.0,
            130.0
        ],
        [
            77.0,
            89.0,
            128.0
        ],
        [
            71.5,
            83.5,
            122.5
        ]
    ],
    "hex_colors": [
        "#535f86",
        "#505c83",
        "#525e85",
        "#4e5a81",
        "#515d84",
        "#4a567d",
        "#4c587f",
        "#4f5b82",
        "#4d5980",
        "#47537a"
    ],
    "hsl_color_values": [
        [
            0.6274509803921569,
            0.37890547263681584,
            134.59821428571428
        ],
        [
            0.6274509803921569,
            0.3893129770992366,
            131.0
        ],
        [
            0.6274509803921569,
            0.38345864661654133,
            133.0
        ],
        [
            0.6274509803921569,
            0.3953488372093023,
            129.0
        ],
        [
            0.6274509803921569,
            0.38636363636363635,
            132.0
        ],
        [
            0.6274509803921569,
            0.4065753063644749,
            125.43801652892562
        ],
        [
            0.6274509803921569,
            0.4015748031496063,
            127.0
        ],
        [
            0.6274509803921569,
            0.3923076923076923,
            130.0
        ],
        [
            0.6274509803921569,
            0.3984375,
            128.0
        ],
        [
            0.6274509803921569,
            0.4163265306122449,
            122.5
        ]
    ]
}