{
    "rgb_colors": [
        [
            46.333333333333336,
            59.62962962962963,
            158.11111111111111
        ],
        [
            49.05555555555556,
            62.98888888888889,
            161.84444444444443
        ],
        [
            50.01315789473684,
            62.026315789473685,
            161.19736842105263
        ],
        [
            48.97435897435897,
            61.05128205128205,
            161.0
        ],
        [
            48.964285714285715,
            61.04017857142857,
            159.91964285714286
        ],
        [
            47.98850574712644,
            62.02298850574713,
            160.6206896551724
        ],
        [
            47.19672131147541,
            61.057377049180324,
            159.31967213114754
        ],
        [
            59.0,
            70.75,
            169.75
        ],
        [
            47.96969696969697,
            59.98989898989899,
            159.1818181818182
        ],
        [
            50.96296296296296,
            63.611111111111114,
            162.57407407407408
        ]
    ],
    "hex_colors": [
        "#2e3b9e",
        "#313ea1",
        "#323ea1",
        "#303da1",
        "#303d9f",
        "#2f3ea0",
        "#2f3d9f",
        "#3b46a9",
        "#2f3b9f",
        "#323fa2"
    ],
    "hsl_color_values": [
        [
            0.6468411751711951,
            0.7069571328179901,
            158.11111111111111
        ],
        [
            0.6460775621449447,
            0.696896883152547,
            161.84444444444443
        ],
        [
            0.6486587771203155,
            0.6897396130928087,
            161.19736842105263
        ],
        [
            0.6486991683833067,
            0.6958114349418697,
            161.0
        ],
        [
            0.648527400016094,
            0.6938194405672491,
            159.91964285714286
        ],
        [
            0.6458992414191925,
            0.7012308573064262,
            160.6206896551724
        ],
        [
            0.6460633087213977,
            0.7037608684467768,
            159.31967213114754
        ],
        [
            0.6489841986455982,
            0.6524300441826215,
            169.75
        ],
        [
            0.6486527399333939,
            0.6986483913953931,
            159.1818181818182
        ],
        [
            0.6477794369780433,
            0.6865246611231348,
            162.57407407407408
        ]
    ]
}