{
    "rgb_colors": [
        [
            40.11904761904762,
            62.96825396825397,
            157.87301587301587
        ],
        [
            40.92134831460674,
            61.050561797752806,
            156.92696629213484
        ],
        [
            43.9,
            64.2,
            159.75
        ],
        [
            41.30927835051546,
            64.25773195876289,
            159.11340206185568
        ],
        [
            41.973404255319146,
            62.0,
            157.88297872340425
        ],
        [
            39.76,
            59.93,
            155.79
        ],
        [
            37.666666666666664,
            60.42307692307692,
            155.5
        ],
        [
            44.535714285714285,
            66.60714285714286,
            161.71428571428572
        ],
        [
            39.065693430656935,
            61.98540145985402,
            156.92700729927006
        ],
        [
            43.0,
            63.0,
            158.86111111111111
        ]
    ],
    "hex_colors": [
        "#283e9d",
        "#283d9c",
        "#2b409f",
        "#29409f",
        "#293e9d",
        "#273b9b",
        "#253c9b",
        "#2c42a1",
        "#273d9c",
        "#2b3f9e"
    ],
    "hsl_color_values": [
        [
            0.634326346296421,
            0.7458777397948924,
            157.87301587301587
        ],
        [
            0.6377467835407687,
            0.7392331650735688,
            156.92696629213484
        ],
        [
            0.6374622356495468,
            0.7251956181533646,
            159.75
        ],
        [
            0.6341997024590881,
            0.7403783853829209,
            159.11340206185568
        ],
        [
            0.6378703746194913,
            0.7341486422747794,
            157.88297872340425
        ],
        [
            0.6376942744692465,
            0.7447846459978176,
            155.79
        ],
        [
            0.6344793820041345,
            0.7577706323687031,
            155.5
        ],
        [
            0.6352737986386264,
            0.7246024734982333,
            161.71428571428572
        ],
        [
            0.6342561053652896,
            0.7510581887529653,
            156.92700729927006
        ],
        [
            0.6378965875489491,
            0.7293233082706767,
            158.86111111111111
        ]
    ]
}