{
    "rgb_colors": [
        [
            57.483870967741936,
            91.47311827956989,
            180.96774193548387
        ],
        [
            59.686346863468636,
            93.6789667896679,
            184.19188191881918
        ],
        [
            61.175182481751825,
            95.15328467153284,
            185.86861313868613
        ],
        [
            62.624242424242425,
            96.58181818181818,
            187.27272727272728
        ],
        [
            59.1078431372549,
            93.04901960784314,
            182.07843137254903
        ],
        [
            68.125,
            102.0,
            191.875
        ],
        [
            61.50961538461539,
            95.48076923076923,
            184.30769230769232
        ],
        [
            55.77777777777778,
            89.77777777777777,
            179.62962962962962
        ],
        [
            64.56363636363636,
            98.47272727272727,
            189.0
        ],
        [
            58.064516129032256,
            92.01612903225806,
            182.91935483870967
        ]
    ],
    "hex_colors": [
        "#395bb4",
        "#3b5db8",
        "#3d5fb9",
        "#3e60bb",
        "#3b5db6",
        "#4466bf",
        "#3d5fb8",
        "#3759b3",
        "#4062bd",
        "#3a5cb6"
    ],
    "hsl_color_values": [
        [
            0.6207912457912458,
            0.6823529411764706,
            180.96774193548387
        ],
        [
            0.6211631743773648,
            0.6759556054171008,
            184.19188191881918
        ],
        [
            0.6212511463638314,
            0.6708686773484135,
            185.86861313868613
        ],
        [
            0.6212622161715369,
            0.6655987055016181,
            187.27272727272728
        ],
        [
            0.620664912700311,
            0.6753715270299375,
            182.07843137254903
        ],
        [
            0.621043771043771,
            0.6449511400651465,
            191.875
        ],
        [
            0.6205596011797563,
            0.666266694490818,
            184.30769230769232
        ],
        [
            0.6209130781499203,
            0.6894845360824743,
            179.62962962962962
        ],
        [
            0.6212497564776934,
            0.6583934583934584,
            189.0
        ],
        [
            0.6213452181027429,
            0.682567674808218,
            182.91935483870967
        ]
    ]
}