{
    "rgb_colors": [
        [
            22.0,
            47.01176470588236,
            137.0
        ],
        [
            23.0,
            48.0,
            137.0
        ],
        [
            21.0,
            45.9622641509434,
            135.9433962264151
        ],
        [
            24.0,
            48.0,
            137.0
        ],
        [
            24.025,
            48.06666666666667,
            138.0
        ],
        [
            24.08823529411765,
            49.029411764705884,
            139.02941176470588
        ],
        [
            23.0,
            47.0,
            136.9322033898305
        ],
        [
            22.0,
            47.0,
            136.0
        ],
        [
            22.02325581395349,
            46.0,
            136.0
        ],
        [
            23.0,
            48.0,
            138.0
        ]
    ],
    "hex_colors": [
        "#162f89",
        "#173089",
        "#152d87",
        "#183089",
        "#18308a",
        "#18318b",
        "#172f88",
        "#162f88",
        "#162e88",
        "#17308a"
    ],
    "hsl_color_values": [
        [
            0.6304177323103154,
            0.8394160583941606,
            137.0
        ],
        [
            0.6301169590643275,
            0.8321167883211679,
            137.0
        ],
        [
            0.6304716568176844,
            0.8455239417071478,
            135.9433962264151
        ],
        [
            0.631268436578171,
            0.8248175182481752,
            137.0
        ],
        [
            0.6315103214642588,
            0.8259057971014492,
            138.0
        ],
        [
            0.6305015353121801,
            0.8267400042310133,
            139.02941176470588
        ],
        [
            0.6315580680353069,
            0.8320336675331105,
            136.9322033898305
        ],
        [
            0.6301169590643275,
            0.8382352941176471,
            136.0
        ],
        [
            0.6316057947357683,
            0.8380642954856361,
            136.0
        ],
        [
            0.6304347826086957,
            0.8333333333333334,
            138.0
        ]
    ]
}