{
    "rgb_colors": [
        [
            218.2962962962963,
            224.24074074074073,
            116.55555555555556
        ],
        [
            222.125,
            227.75,
            121.375
        ],
        [
            213.9727626459144,
            219.99221789883268,
            112.12062256809338
        ],
        [
            214.98387096774192,
            220.99193548387098,
            113.08467741935483
        ],
        [
            230.66666666666666,
            235.33333333333334,
            133.66666666666666
        ],
        [
            212.96753246753246,
            218.9805194805195,
            111.26623376623377
        ],
        [
            211.6024096385542,
            217.6265060240964,
            109.91566265060241
        ],
        [
            215.94736842105263,
            221.9934210526316,
            114.10526315789474
        ],
        [
            216.96875,
            222.953125,
            115.28125
        ],
        [
            204.0,
            210.0,
            104.0
        ]
    ],
    "hex_colors": [
        "#dae074",
        "#dee379",
        "#d5db70",
        "#d6dc71",
        "#e6eb85",
        "#d4da6f",
        "#d3d96d",
        "#d7dd72",
        "#d8de73",
        "#ccd268"
    ],
    "hsl_color_values": [
        [
            0.17586701060475782,
            0.48022132298290526,
            224.24074074074073
        ],
        [
            0.17547982765374068,
            0.4670691547749726,
            227.75
        ],
        [
            0.17596700693768108,
            0.49034277830839434,
            219.99221789883268
        ],
        [
            0.17594633982287658,
            0.48828595409261766,
            220.99193548387098
        ],
        [
            0.17431693989071043,
            0.4320113314447593,
            235.33333333333334
        ],
        [
            0.17597058114299494,
            0.4918898081428106,
            218.9805194805195
        ],
        [
            0.17598806860551827,
            0.4949343962796877,
            217.6265060240964
        ],
        [
            0.17600666707319554,
            0.4859970956939217,
            221.9934210526316
        ],
        [
            0.17592995694867705,
            0.482935033989768,
            222.953125
        ],
        [
            0.17610062893081765,
            0.5047619047619047,
            210.0
        ]
    ]
}