{
    "rgb_colors": [
        [
            202.0,
            240.66666666666666,
            93.66666666666666
        ],
        [
            178.82857142857142,
            229.34285714285716,
            63.114285714285714
        ],
        [
            184.0,
            214.4,
            78.6
        ],
        [
            172.509900990099,
            229.7128712871287,
            53.53465346534654
        ],
        [
            190.23529411764707,
            232.3235294117647,
            79.26470588235294
        ],
        [
            175.01273885350318,
            231.45859872611464,
            56.50955414012739
        ],
        [
            173.25,
            224.10714285714286,
            56.19642857142857
        ],
        [
            168.70408163265307,
            226.03061224489795,
            48.923469387755105
        ],
        [
            165.76190476190476,
            223.11904761904762,
            46.0
        ],
        [
            170.53140096618358,
            227.77294685990339,
            51.20289855072464
        ]
    ],
    "hex_colors": [
        "#caf05d",
        "#b2e53f",
        "#b8d64e",
        "#ace535",
        "#bee84f",
        "#afe738",
        "#ade038",
        "#a8e230",
        "#a5df2e",
        "#aae333"
    ],
    "hsl_color_values": [
        [
            0.21050642479213902,
            0.610803324099723,
            240.66666666666666
        ],
        [
            0.21731408273175204,
            0.7248037872181389,
            229.34285714285716
        ],
        [
            0.20397643593519885,
            0.6333955223880597,
            214.4
        ],
        [
            0.2207813495185643,
            0.7669497004439464,
            229.7128712871287
        ],
        [
            0.212496797335383,
            0.6588175718445374,
            232.3235294117647
        ],
        [
            0.2204402859188602,
            0.7558545914857315,
            231.45859872611464
        ],
        [
            0.21714700981956114,
            0.7492430278884462,
            224.10714285714286
        ],
        [
            0.2206137950239584,
            0.7835537898966186,
            226.03061224489795
        ],
        [
            0.2206389747725949,
            0.7938320350016007,
            223.11904761904762
        ],
        [
            0.22069767441860466,
            0.7752020191308404,
            227.77294685990339
        ]
    ]
}