{
    "rgb_colors": [
        [
            34.0,
            57.0,
            125.0
        ],
        [
            33.99122807017544,
            56.99561403508772,
            126.0
        ],
        [
            33.01113585746103,
            56.0,
            124.98440979955457
        ],
        [
            32.02575107296137,
            55.0,
            123.99141630901288
        ],
        [
            32.92857142857143,
            58.07142857142857,
            126.0
        ],
        [
            31.235294117647058,
            54.05882352941177,
            123.0
        ],
        [
            31.0,
            56.0,
            124.0
        ],
        [
            32.142857142857146,
            57.023809523809526,
            124.95238095238095
        ],
        [
            35.083333333333336,
            58.083333333333336,
            127.04166666666667
        ],
        [
            32.0,
            56.0,
            124.0
        ]
    ],
    "hex_colors": [
        "#22397d",
        "#21387e",
        "#21387c",
        "#20377b",
        "#203a7e",
        "#1f367b",
        "#1f387c",
        "#20397c",
        "#233a7f",
        "#20387c"
    ],
    "hsl_color_values": [
        [
            0.6245421245421245,
            0.728,
            125.0
        ],
        [
            0.6249960275844536,
            0.7302283486494013,
            126.0
        ],
        [
            0.6250080718067932,
            0.7358779714173705,
            124.98440979955457
        ],
        [
            0.6250311119407629,
            0.7417099342332988,
            123.99141630901288
        ],
        [
            0.6216423637759018,
            0.7386621315192744,
            126.0
        ],
        [
            0.6252136752136752,
            0.7460545193687231,
            123.0
        ],
        [
            0.6218637992831542,
            0.75,
            124.0
        ],
        [
            0.6219856336582863,
            0.7427591463414633,
            124.95238095238095
        ],
        [
            0.6249811206766349,
            0.7238438832404067,
            127.04166666666667
        ],
        [
            0.6231884057971014,
            0.7419354838709677,
            124.0
        ]
    ]
}