{
    "rgb_colors": [
        [
            97.72916666666667,
            100.72916666666667,
            136.08333333333334
        ],
        [
            85.14285714285714,
            92.71428571428572,
            124.42857142857143
        ],
        [
            103.27777777777777,
            106.87037037037037,
            142.3148148148148
        ],
        [
            101.70762711864407,
            104.70762711864407,
            140.3177966101695
        ],
        [
            93.16666666666667,
            98.41666666666667,
            134.0
        ],
        [
            99.65921787709497,
            102.65921787709497,
            138.65921787709496
        ],
        [
            106.17241379310344,
            109.27586206896552,
            144.75862068965517
        ],
        [
            100.59649122807018,
            103.59649122807018,
            137.59649122807016
        ],
        [
            96.18571428571428,
            102.12857142857143,
            137.3
        ],
        [
            98.90990990990991,
            104.90090090090091,
            139.92792792792793
        ]
    ],
    "hex_colors": [
        "#616488",
        "#555c7c",
        "#676a8e",
        "#65688c",
        "#5d6286",
        "#63668a",
        "#6a6d90",
        "#646789",
        "#606689",
        "#62688b"
    ],
    "hsl_color_values": [
        [
            0.6536302734021365,
            0.281843233312921,
            136.08333333333334
        ],
        [
            0.6345454545454544,
            0.3157290470723307,
            124.42857142857143
        ],
        [
            0.6513282732447818,
            0.2743005855562785,
            142.3148148148148
        ],
        [
            0.6537167105648228,
            0.27516231315114,
            140.3177966101695
        ],
        [
            0.6452380952380953,
            0.30472636815920395,
            134.0
        ],
        [
            0.6538461538461539,
            0.28126510878323924,
            138.65921787709496
        ],
        [
            0.6532618409294012,
            0.2665555026202954,
            144.75862068965517
        ],
        [
            0.6531531531531533,
            0.26890220578860125,
            137.59649122807016
        ],
        [
            0.6425758628677322,
            0.29944854853813346,
            137.3
        ],
        [
            0.6423237425873051,
            0.2931367499356167,
            139.92792792792793
        ]
    ]
}