{
    "rgb_colors": [
        [
            240.6321243523316,
            234.79274611398964,
            208.5440414507772
        ],
        [
            236.1639344262295,
            230.7377049180328,
            201.37704918032787
        ],
        [
            235.5,
            229.26470588235293,
            198.7941176470588
        ],
        [
            243.8987341772152,
            239.0506329113924,
            214.22784810126583
        ],
        [
            242.00680272108843,
            236.48979591836735,
            211.0612244897959
        ],
        [
            229.66666666666666,
            223.33333333333334,
            193.0
        ],
        [
            238.77777777777777,
            232.86868686868686,
            206.66666666666666
        ],
        [
            238.68,
            233.6457142857143,
            204.49142857142857
        ],
        [
            237.43809523809523,
            232.1142857142857,
            202.95238095238096
        ],
        [
            240.3828125,
            235.34375,
            206.2890625
        ]
    ],
    "hex_colors": [
        "#f0ead0",
        "#ece6c9",
        "#ebe5c6",
        "#f3efd6",
        "#f2ecd3",
        "#e5dfc1",
        "#eee8ce",
        "#eee9cc",
        "#ede8ca",
        "#f0ebce"
    ],
    "hsl_color_values": [
        [
            0.13633672425857152,
            0.1333491236380862,
            240.6321243523316
        ],
        [
            0.14066918001885018,
            0.147299736221019,
            236.1639344262295
        ],
        [
            0.1383547008547008,
            0.1558636193330836,
            235.5
        ],
        [
            0.13943401592718987,
            0.12165248079717667,
            243.8987341772152
        ],
        [
            0.13695317652231262,
            0.12787069571328186,
            242.00680272108843
        ],
        [
            0.13787878787878796,
            0.1596516690856313,
            229.66666666666666
        ],
        [
            0.13599664464716368,
            0.13448115402512797,
            238.77777777777777
        ],
        [
            0.1421249094657084,
            0.1432402020637315,
            238.68
        ],
        [
            0.14093712602411854,
            0.14524086478681153,
            237.43809523809523
        ],
        [
            0.14203330278032386,
            0.141831063732978,
            240.3828125
        ]
    ]
}