{
    "rgb_colors": [
        [
            126.0379746835443,
            192.86075949367088,
            122.0
        ],
        [
            126.13414634146342,
            193.9512195121951,
            120.65243902439025
        ],
        [
            128.02072538860102,
            196.0103626943005,
            122.77720207253886
        ],
        [
            127.04712041884817,
            195.03141361256544,
            121.74869109947645
        ],
        [
            124.76923076923077,
            192.74358974358975,
            119.28205128205128
        ],
        [
            127.0,
            193.8409090909091,
            122.9659090909091
        ],
        [
            130.1891891891892,
            198.13513513513513,
            125.02702702702703
        ],
        [
            128.27906976744185,
            195.25581395348837,
            124.32558139534883
        ],
        [
            124.81159420289855,
            191.768115942029,
            120.76811594202898
        ],
        [
            128.8658536585366,
            197.0121951219512,
            123.85365853658537
        ]
    ],
    "hex_colors": [
        "#7ec07a",
        "#7ec178",
        "#80c47a",
        "#7fc379",
        "#7cc077",
        "#7fc17a",
        "#82c67d",
        "#80c37c",
        "#7cbf78",
        "#80c57b"
    ],
    "hsl_color_values": [
        [
            0.32383589377158506,
            0.3674192701496456,
            192.86075949367088
        ],
        [
            0.32086903474475226,
            0.3779237927565392,
            193.9512195121951
        ],
        [
            0.321399933965379,
            0.37361882104150146,
            196.0103626943005
        ],
        [
            0.32128313209973564,
            0.3757483020590051,
            195.03141361256544
        ],
        [
            0.3208842350203607,
            0.3811360915258747,
            192.74358974358975
        ],
        [
            0.3238469349580461,
            0.3656348927189588,
            193.8409090909091
        ],
        [
            0.32156500308071473,
            0.3689810394216341,
            198.13513513513513
        ],
        [
            0.3240437158469945,
            0.3632682229633159,
            195.25581395348837
        ],
        [
            0.3238416003265973,
            0.3702388149939541,
            191.768115942029
        ],
        [
            0.32191476357170634,
            0.371340142370783,
            197.0121951219512
        ]
    ]
}