{
    "rgb_colors": [
        [
            45.57435897435897,
            68.61025641025641,
            145.62564102564102
        ],
        [
            47.349112426035504,
            70.00591715976331,
            147.20118343195267
        ],
        [
            50.30555555555556,
            72.25,
            147.41666666666666
        ],
        [
            58.08333333333333,
            80.08333333333333,
            156.5
        ],
        [
            43.23913043478261,
            66.41304347826087,
            143.2608695652174
        ],
        [
            50.014925373134325,
            72.45771144278606,
            149.54726368159203
        ],
        [
            47.900826446280995,
            70.02479338842976,
            145.38842975206612
        ],
        [
            48.42666666666667,
            71.06666666666666,
            148.18
        ],
        [
            77.5,
            98.25,
            170.75
        ],
        [
            52.41111111111111,
            74.65555555555555,
            151.5222222222222
        ]
    ],
    "hex_colors": [
        "#2d4491",
        "#2f4693",
        "#324893",
        "#3a509c",
        "#2b428f",
        "#324895",
        "#2f4691",
        "#304794",
        "#4d62aa",
        "#344a97"
    ],
    "hsl_color_values": [
        [
            0.6282931829830857,
            0.6870444060992358,
            145.62564102564102
        ],
        [
            0.6288493827160494,
            0.6783374201069261,
            147.20118343195267
        ],
        [
            0.6290045766590389,
            0.6587525909176559,
            147.41666666666666
        ],
        [
            0.629410104431273,
            0.6288604898828541,
            156.5
        ],
        [
            0.6280518727812794,
            0.6981790591805767,
            143.2608695652174
        ],
        [
            0.6290862741177646,
            0.6655577364516451,
            149.54726368159203
        ],
        [
            0.6288431106589805,
            0.670532060027285,
            145.38842975206612
        ],
        [
            0.628840027623694,
            0.6731902640932199,
            148.18
        ],
        [
            0.629579982126899,
            0.5461200585651538,
            170.75
        ],
        [
            0.6292600896860986,
            0.6541028085356017,
            151.5222222222222
        ]
    ]
}