{
    "rgb_colors": [
        [
            73.0,
            83.0,
            117.0
        ],
        [
            75.0,
            85.0,
            119.0
        ],
        [
            72.0,
            82.0,
            116.0
        ],
        [
            77.88888888888889,
            87.88888888888889,
            121.88888888888889
        ],
        [
            71.0,
            81.0,
            115.0
        ],
        [
            70.0,
            80.0,
            114.0
        ],
        [
            74.0,
            84.0,
            118.0
        ],
        [
            69.0,
            79.0,
            113.0
        ],
        [
            76.0,
            86.0,
            120.0
        ],
        [
            67.67567567567568,
            77.67567567567568,
            111.67567567567568
        ]
    ],
    "hex_colors": [
        "#495375",
        "#4b5577",
        "#485274",
        "#4d5779",
        "#475173",
        "#465072",
        "#4a5476",
        "#454f71",
        "#4c5678",
        "#434d6f"
    ],
    "hsl_color_values": [
        [
            0.6287878787878788,
            0.37606837606837606,
            117.0
        ],
        [
            0.6287878787878788,
            0.3697478991596639,
            119.0
        ],
        [
            0.6287878787878788,
            0.3793103448275862,
            116.0
        ],
        [
            0.6287878787878788,
            0.3609845031905196,
            121.88888888888889
        ],
        [
            0.6287878787878788,
            0.3826086956521739,
            115.0
        ],
        [
            0.6287878787878788,
            0.38596491228070173,
            114.0
        ],
        [
            0.6287878787878788,
            0.3728813559322034,
            118.0
        ],
        [
            0.6287878787878788,
            0.3893805309734513,
            113.0
        ],
        [
            0.6287878787878788,
            0.36666666666666664,
            120.0
        ],
        [
            0.6287878787878788,
            0.39399806389157793,
            111.67567567567568
        ]
    ]
}