{
    "rgb_colors": [
        [
            129.16157205240174,
            134.16157205240174,
            156.5240174672489
        ],
        [
            121.14285714285714,
            126.14285714285714,
            149.14285714285714
        ],
        [
            134.05882352941177,
            139.05882352941177,
            160.7983193277311
        ],
        [
            138.66037735849056,
            143.66037735849056,
            164.77358490566039
        ],
        [
            131.76063829787233,
            136.76063829787233,
            158.55851063829786
        ],
        [
            126.72602739726027,
            131.72602739726028,
            154.26027397260273
        ],
        [
            124.30344827586207,
            129.30344827586208,
            152.09655172413792
        ],
        [
            142.0,
            147.0,
            168.0
        ],
        [
            136.2876712328767,
            141.2876712328767,
            162.67123287671234
        ],
        [
            147.0,
            152.0,
            173.0
        ]
    ],
    "hex_colors": [
        "#81869c",
        "#797e95",
        "#868ba0",
        "#8a8fa4",
        "#83889e",
        "#7e839a",
        "#7c8198",
        "#8e93a8",
        "#888da2",
        "#9398ad"
    ],
    "hsl_color_values": [
        [
            0.6362112990743696,
            0.17481307889744455,
            156.5240174672489
        ],
        [
            0.6369047619047619,
            0.18773946360153257,
            149.14285714285714
        ],
        [
            0.635501780850618,
            0.16629213483146066,
            160.7983193277311
        ],
        [
            0.6347543352601156,
            0.15847933127218602,
            164.77358490566039
        ],
        [
            0.6355696705041683,
            0.16900935958938573,
            158.55851063829786
        ],
        [
            0.6364013266998341,
            0.1784921410176716,
            154.26027397260273
        ],
        [
            0.6366832092638544,
            0.18273329101296815,
            152.09655172413792
        ],
        [
            0.6346153846153846,
            0.15476190476190477,
            168.0
        ],
        [
            0.6350813430252682,
            0.16218947368421063,
            162.67123287671234
        ],
        [
            0.6346153846153846,
            0.15028901734104047,
            173.0
        ]
    ]
}