{
    "rgb_colors": [
        [
            82.68181818181819,
            94.68181818181819,
            133.6818181818182
        ],
        [
            89.0,
            101.0,
            140.0
        ],
        [
            96.07407407407408,
            108.07407407407408,
            147.07407407407408
        ],
        [
            91.0,
            103.0,
            142.0
        ],
        [
            87.0,
            99.0,
            138.0
        ],
        [
            92.76612903225806,
            104.76612903225806,
            143.76612903225805
        ],
        [
            88.0,
            100.0,
            139.0
        ],
        [
            90.0,
            102.0,
            141.0
        ],
        [
            86.0,
            98.0,
            137.0
        ],
        [
            84.62608695652173,
            96.62608695652173,
            135.62608695652173
        ]
    ],
    "hex_colors": [
        "#525e85",
        "#59658c",
        "#606c93",
        "#5b678e",
        "#57638a",
        "#5c688f",
        "#58648b",
        "#5a668d",
        "#566289",
        "#546087"
    ],
    "hsl_color_values": [
        [
            0.6274509803921569,
            0.3815028901734104,
            133.6818181818182
        ],
        [
            0.6274509803921569,
            0.36428571428571427,
            140.0
        ],
        [
            0.6274509803921569,
            0.3467640392848149,
            147.07407407407408
        ],
        [
            0.6274509803921569,
            0.3591549295774648,
            142.0
        ],
        [
            0.6274509803921569,
            0.3695652173913043,
            138.0
        ],
        [
            0.6274509803921569,
            0.35474280585628537,
            143.76612903225805
        ],
        [
            0.6274509803921569,
            0.3669064748201439,
            139.0
        ],
        [
            0.6274509803921569,
            0.3617021276595745,
            141.0
        ],
        [
            0.6274509803921569,
            0.3722627737226277,
            137.0
        ],
        [
            0.6274509803921569,
            0.3760338526639739,
            135.62608695652173
        ]
    ]
}