{
    "rgb_colors": [
        [
            118.33870967741936,
            126.04838709677419,
            148.1451612903226
        ],
        [
            118.008,
            125.008,
            150.008
        ],
        [
            109.06666666666666,
            116.13333333333333,
            140.93333333333334
        ],
        [
            127.37704918032787,
            134.87704918032787,
            157.327868852459
        ],
        [
            115.5891472868217,
            122.78294573643412,
            147.2015503875969
        ],
        [
            131.57142857142858,
            138.42857142857142,
            160.8095238095238
        ],
        [
            121.36363636363636,
            129.02272727272728,
            151.13636363636363
        ],
        [
            112.8046875,
            119.9375,
            144.4765625
        ],
        [
            120.78181818181818,
            127.78181818181818,
            152.78181818181818
        ],
        [
            124.0060606060606,
            131.53333333333333,
            154.0787878787879
        ]
    ],
    "hex_colors": [
        "#767e94",
        "#767d96",
        "#6d748c",
        "#7f869d",
        "#737a93",
        "#838aa0",
        "#798197",
        "#707790",
        "#787f98",
        "#7c839a"
    ],
    "hsl_color_values": [
        [
            0.6235569985569986,
            0.20119760479041918,
            148.1451612903226
        ],
        [
            0.6302083333333334,
            0.2133219561623381,
            150.008
        ],
        [
            0.6297071129707114,
            0.22611163670766324,
            140.93333333333334
        ],
        [
            0.6249315818281335,
            0.1903719912472647,
            157.327868852459
        ],
        [
            0.6287395782246198,
            0.2147559113170784,
            147.2015503875969
        ],
        [
            0.6275787187839307,
            0.18181818181818168,
            160.8095238095238
        ],
        [
            0.6237913486005088,
            0.1969924812030075,
            151.13636363636363
        ],
        [
            0.6291317217562901,
            0.2192180825177094,
            144.4765625
        ],
        [
            0.6302083333333334,
            0.2094490063072712,
            152.78181818181818
        ],
        [
            0.6249496170898832,
            0.1951775950910594,
            154.0787878787879
        ]
    ]
}