{
    "rgb_colors": [
        [
            62.01379310344828,
            69.87586206896552,
            102.28965517241379
        ],
        [
            65.78571428571429,
            73.78571428571429,
            105.78571428571429
        ],
        [
            67.0,
            74.0,
            109.0
        ],
        [
            59.38461538461539,
            66.8923076923077,
            100.36923076923077
        ],
        [
            70.75324675324676,
            77.83116883116884,
            112.59740259740259
        ],
        [
            68.4186046511628,
            75.62790697674419,
            110.0
        ],
        [
            64.0,
            71.5,
            105.0
        ],
        [
            62.626506024096386,
            69.62650602409639,
            104.62650602409639
        ],
        [
            66.0,
            73.0,
            108.0
        ],
        [
            65.0,
            72.0,
            107.0
        ]
    ],
    "hex_colors": [
        "#3e4566",
        "#414969",
        "#434a6d",
        "#3b4264",
        "#464d70",
        "#444b6e",
        "#404769",
        "#3e4568",
        "#42496c",
        "#41486b"
    ],
    "hsl_color_values": [
        [
            0.6341324200913242,
            0.3937432578209277,
            102.28965517241379
        ],
        [
            0.6333333333333333,
            0.3781228899392302,
            105.78571428571429
        ],
        [
            0.6388888888888888,
            0.3853211009174312,
            109.0
        ],
        [
            0.6361361361361362,
            0.40833844267320657,
            100.36923076923077
        ],
        [
            0.6384750672460169,
            0.3716262975778546,
            112.59740259740259
        ],
        [
            0.6377703206562266,
            0.37801268498942914,
            110.0
        ],
        [
            0.6361788617886179,
            0.3904761904761905,
            105.0
        ],
        [
            0.6388888888888888,
            0.4014279134039613,
            104.62650602409639
        ],
        [
            0.6388888888888888,
            0.3888888888888889,
            108.0
        ],
        [
            0.6388888888888888,
            0.3925233644859813,
            107.0
        ]
    ]
}