{
    "rgb_colors": [
        [
            53.30769230769231,
            82.12087912087912,
            165.95604395604394
        ],
        [
            53.712,
            80.112,
            163.936
        ],
        [
            52.242990654205606,
            78.5607476635514,
            162.3644859813084
        ],
        [
            55.94405594405595,
            81.93006993006993,
            166.0909090909091
        ],
        [
            57.72727272727273,
            84.375,
            169.4659090909091
        ],
        [
            57.16083916083916,
            83.2027972027972,
            167.3146853146853
        ],
        [
            55.42666666666667,
            84.29333333333334,
            169.28
        ],
        [
            54.440677966101696,
            83.1864406779661,
            167.66101694915255
        ],
        [
            55.05,
            80.96875,
            164.98125
        ],
        [
            59.484848484848484,
            86.75757575757575,
            171.93939393939394
        ]
    ],
    "hex_colors": [
        "#3552a5",
        "#3550a3",
        "#344ea2",
        "#3751a6",
        "#3954a9",
        "#3953a7",
        "#3754a9",
        "#3653a7",
        "#3750a4",
        "#3b56ab"
    ],
    "hsl_color_values": [
        [
            0.6240366793483562,
            0.6787842669845053,
            165.95604395604394
        ],
        [
            0.6267479556781342,
            0.6723599453445247,
            163.936
        ],
        [
            0.6268352711533565,
            0.6782363437517988,
            162.3644859813084
        ],
        [
            0.6273464118680295,
            0.6631720769651804,
            166.0909090909091
        ],
        [
            0.6269195565951389,
            0.6593576074565816,
            169.4659090909091
        ],
        [
            0.6272642627391231,
            0.6583632868009697,
            167.3146853146853
        ],
        [
            0.6244095717687473,
            0.6725740390674227,
            169.28
        ],
        [
            0.6243512974051897,
            0.675293166194905,
            167.66101694915255
        ],
        [
            0.627371273712737,
            0.6663257188316855,
            164.98125
        ],
        [
            0.6262462947992455,
            0.6540359534719774,
            171.93939393939394
        ]
    ]
}