{
    "rgb_colors": [
        [
            25.375,
            53.28846153846154,
            142.28365384615384
        ],
        [
            71.0,
            95.0,
            177.0
        ],
        [
            46.166666666666664,
            69.33333333333333,
            155.0
        ],
        [
            59.666666666666664,
            82.33333333333333,
            168.0
        ],
        [
            27.237623762376238,
            52.227722772277225,
            142.15841584158414
        ],
        [
            24.023809523809526,
            51.69047619047619,
            140.79761904761904
        ],
        [
            31.058823529411764,
            57.588235294117645,
            146.47058823529412
        ],
        [
            25.83142857142857,
            50.794285714285714,
            140.77428571428572
        ],
        [
            28.914893617021278,
            54.48936170212766,
            144.06382978723406
        ],
        [
            16.6,
            45.0,
            137.0
        ]
    ],
    "hex_colors": [
        "#19358e",
        "#475fb1",
        "#2e459b",
        "#3b52a8",
        "#1b348e",
        "#18338c",
        "#1f3992",
        "#19328c",
        "#1c3690",
        "#102d89"
    ],
    "hsl_color_values": [
        [
            0.6268728324491782,
            0.8216590640310864,
            142.28365384615384
        ],
        [
            0.6289308176100629,
            0.5988700564971752,
            177.0
        ],
        [
            0.6311893823379275,
            0.7021505376344087,
            155.0
        ],
        [
            0.6317948717948717,
            0.6448412698412699,
            168.0
        ],
        [
            0.6304241693231095,
            0.8083994985374007,
            142.15841584158414
        ],
        [
            0.6271791212152106,
            0.8293734674896424,
            140.79761904761904
        ],
        [
            0.6283554196398233,
            0.7879518072289157,
            146.47058823529412
        ],
        [
            0.6304706272267794,
            0.8165046376164478,
            140.77428571428572
        ],
        [
            0.6296501601379649,
            0.7992910943730616,
            144.06382978723406
        ],
        [
            0.6273532668881506,
            0.8788321167883212,
            137.0
        ]
    ]
}