{
    "rgb_colors": [
        [
            39.333333333333336,
            70.31818181818181,
            142.3181818181818
        ],
        [
            45.83739837398374,
            76.65040650406505,
            149.96747967479675
        ],
        [
            71.57142857142857,
            101.14285714285714,
            171.28571428571428
        ],
        [
            43.06046511627907,
            73.92558139534884,
            145.95348837209303
        ],
        [
            47.91304347826087,
            78.65217391304348,
            151.7826086956522
        ],
        [
            57.33333333333333,
            87.66666666666667,
            160.0
        ],
        [
            41.64874551971326,
            72.584229390681,
            144.55197132616487
        ],
        [
            86.0,
            114.0,
            183.0
        ],
        [
            44.13356164383562,
            75.0513698630137,
            147.8595890410959
        ],
        [
            51.6,
            82.06666666666666,
            154.13333333333333
        ]
    ],
    "hex_colors": [
        "#27468e",
        "#2d4c95",
        "#4765ab",
        "#2b4991",
        "#2f4e97",
        "#3957a0",
        "#294890",
        "#5672b7",
        "#2c4b93",
        "#33529a"
    ],
    "hsl_color_values": [
        [
            0.6165219949977931,
            0.7236239753007558,
            142.3181818181818
        ],
        [
            0.6173485321673954,
            0.6943510788246774,
            149.96747967479675
        ],
        [
            0.6172397325692455,
            0.5821517931609674,
            171.28571428571428
        ],
        [
            0.6166711870536118,
            0.7049713193116636,
            145.95348837209303
        ],
        [
            0.6173433793777033,
            0.6843311372099685,
            151.7826086956522
        ],
        [
            0.6174242424242423,
            0.6416666666666667,
            160.0
        ],
        [
            0.6165621734587252,
            0.7118770146293082,
            144.55197132616487
        ],
        [
            0.6185567010309279,
            0.5300546448087432,
            183.0
        ],
        [
            0.6169880260609263,
            0.7015170816444701,
            147.8595890410959
        ],
        [
            0.6171434763762461,
            0.6652249134948097,
            154.13333333333333
        ]
    ]
}