{
    "rgb_colors": [
        [
            67.0,
            71.0,
            99.6875
        ],
        [
            74.0,
            78.0,
            106.77272727272727
        ],
        [
            72.0,
            76.0,
            104.65068493150685
        ],
        [
            69.72222222222223,
            73.72222222222223,
            102.27777777777777
        ],
        [
            73.0,
            77.0,
            105.73372781065089
        ],
        [
            76.0,
            80.0,
            108.77011494252874
        ],
        [
            75.0,
            79.0,
            107.88275862068966
        ],
        [
            71.0,
            75.0,
            103.70707070707071
        ],
        [
            78.45652173913044,
            82.45652173913044,
            111.41304347826087
        ],
        [
            77.04347826086956,
            81.04347826086956,
            109.82608695652173
        ]
    ],
    "hex_colors": [
        "#434763",
        "#4a4e6a",
        "#484c68",
        "#454966",
        "#494d69",
        "#4c506c",
        "#4b4f6b",
        "#474b67",
        "#4e526f",
        "#4d516d"
    ],
    "hsl_color_values": [
        [
            0.6462715105162524,
            0.32789968652037615,
            99.6875
        ],
        [
            0.6463245492371706,
            0.306939123031077,
            106.77272727272727
        ],
        [
            0.6462485140899238,
            0.3119968584331435,
            104.65068493150685
        ],
        [
            0.646188850967008,
            0.318305268875611,
            102.27777777777777
        ],
        [
            0.6463003133285129,
            0.3095864346074207,
            105.73372781065089
        ],
        [
            0.6463229276277329,
            0.30127866427137273,
            108.77011494252874
        ],
        [
            0.6463926174496644,
            0.30480086939845297,
            107.88275862068966
        ],
        [
            0.646283714226889,
            0.3153793707996494,
            103.70707070707071
        ],
        [
            0.6464379947229552,
            0.2958048780487805,
            111.41304347826087
        ],
        [
            0.6463306808134394,
            0.29849564528899447,
            109.82608695652173
        ]
    ]
}