{
    "rgb_colors": [
        [
            91.85849056603773,
            102.85849056603773,
            141.38679245283018
        ],
        [
            97.55089820359281,
            108.55089820359281,
            147.2994011976048
        ],
        [
            93.0,
            104.0,
            143.0
        ],
        [
            99.30841121495327,
            110.30841121495327,
            148.50467289719626
        ],
        [
            101.58823529411765,
            112.58823529411765,
            151.58823529411765
        ],
        [
            94.5,
            105.5,
            142.5
        ],
        [
            95.24161073825503,
            106.24161073825503,
            144.75838926174498
        ],
        [
            96.2111801242236,
            107.2111801242236,
            145.7888198757764
        ],
        [
            94.0,
            105.0,
            144.0
        ],
        [
            90.05,
            101.05,
            139.35
        ]
    ],
    "hex_colors": [
        "#5b668d",
        "#616c93",
        "#5d688f",
        "#636e94",
        "#657097",
        "#5e698e",
        "#5f6a90",
        "#606b91",
        "#5e6990",
        "#5a658b"
    ],
    "hsl_color_values": [
        [
            0.6296507936507937,
            0.3503035964502569,
            141.38679245283018
        ],
        [
            0.6298146364949447,
            0.33773730639456895,
            147.2994011976048
        ],
        [
            0.63,
            0.34965034965034963,
            143.0
        ],
        [
            0.6294009625126646,
            0.3312775330396476,
            148.50467289719626
        ],
        [
            0.63,
            0.32984090027163365,
            151.58823529411765
        ],
        [
            0.6284722222222222,
            0.3368421052631579,
            142.5
        ],
        [
            0.6296421794524262,
            0.3420650006954426,
            144.75838926174498
        ],
        [
            0.6296876305019627,
            0.3400647580095433,
            145.7888198757764
        ],
        [
            0.63,
            0.3472222222222222,
            144.0
        ],
        [
            0.6294793779580798,
            0.3537854323645497,
            139.35
        ]
    ]
}