{
    "rgb_colors": [
        [
            68.0,
            79.0,
            115.0
        ],
        [
            66.0,
            77.0,
            113.0
        ],
        [
            72.0,
            83.0,
            119.0
        ],
        [
            67.0,
            78.0,
            114.0
        ],
        [
            71.0,
            82.0,
            118.0
        ],
        [
            69.0,
            80.0,
            116.0
        ],
        [
            63.76923076923077,
            74.76923076923077,
            110.76923076923077
        ],
        [
            65.0,
            76.0,
            112.0
        ],
        [
            70.0,
            81.0,
            117.0
        ],
        [
            73.54166666666667,
            84.54166666666667,
            120.54166666666667
        ]
    ],
    "hex_colors": [
        "#444f73",
        "#424d71",
        "#485377",
        "#434e72",
        "#475276",
        "#455074",
        "#3f4a6e",
        "#414c70",
        "#465175",
        "#495478"
    ],
    "hsl_color_values": [
        [
            0.6276595744680851,
            0.40869565217391307,
            115.0
        ],
        [
            0.6276595744680851,
            0.415929203539823,
            113.0
        ],
        [
            0.6276595744680851,
            0.3949579831932773,
            119.0
        ],
        [
            0.6276595744680851,
            0.41228070175438597,
            114.0
        ],
        [
            0.6276595744680851,
            0.3983050847457627,
            118.0
        ],
        [
            0.6276595744680851,
            0.4051724137931034,
            116.0
        ],
        [
            0.6276595744680851,
            0.4243055555555556,
            110.76923076923077
        ],
        [
            0.6276595744680851,
            0.41964285714285715,
            112.0
        ],
        [
            0.6276595744680851,
            0.4017094017094017,
            117.0
        ],
        [
            0.6276595744680851,
            0.38990667127549256,
            120.54166666666667
        ]
    ]
}