{
    "rgb_colors": [
        [
            50.111111111111114,
            85.37037037037037,
            170.07407407407408
        ],
        [
            42.2092050209205,
            78.13807531380753,
            163.7573221757322
        ],
        [
            100.0,
            132.0,
            207.0
        ],
        [
            31.772727272727273,
            69.22727272727272,
            155.5
        ],
        [
            40.838297872340426,
            76.71063829787234,
            162.59574468085106
        ],
        [
            71.0909090909091,
            104.9090909090909,
            186.27272727272728
        ],
        [
            39.53125,
            75.515625,
            160.578125
        ],
        [
            43.880886426592795,
            79.797783933518,
            165.62603878116343
        ],
        [
            36.934782608695656,
            73.36956521739131,
            158.84782608695653
        ],
        [
            57.77777777777778,
            92.11111111111111,
            175.5
        ]
    ],
    "hex_colors": [
        "#3255aa",
        "#2a4ea3",
        "#6484cf",
        "#1f459b",
        "#284ca2",
        "#4768ba",
        "#274ba0",
        "#2b4fa5",
        "#24499e",
        "#395caf"
    ],
    "hsl_color_values": [
        [
            0.61768035401873,
            0.7053571428571428,
            170.07407407407408
        ],
        [
            0.6174010327022375,
            0.7422453881138535,
            163.7573221757322
        ],
        [
            0.616822429906542,
            0.5169082125603864,
            207.0
        ],
        [
            0.6162135684545677,
            0.7956737795966091,
            155.5
        ],
        [
            0.6175631123382145,
            0.7488353834074849,
            162.59574468085106
        ],
        [
            0.6177321757432255,
            0.6183504148365057,
            186.27272727272728
        ],
        [
            0.6171206058259111,
            0.7538192079400603,
            160.578125
        ],
        [
            0.6174971558589305,
            0.7350604606044389,
            165.62603878116343
        ],
        [
            0.6168568711364717,
            0.7674832352538662,
            158.84782608695653
        ],
        [
            0.6180588327827592,
            0.6707818930041153,
            175.5
        ]
    ]
}