{
    "rgb_colors": [
        [
            150.0,
            225.0,
            105.66666666666666
        ],
        [
            125.83333333333333,
            205.06666666666666,
            76.86666666666667
        ],
        [
            159.28571428571428,
            234.0,
            116.85714285714286
        ],
        [
            139.22222222222223,
            216.11111111111111,
            92.66666666666667
        ],
        [
            132.44927536231884,
            211.40579710144928,
            84.44565217391305
        ],
        [
            134.43298969072166,
            213.05154639175257,
            86.51546391752578
        ],
        [
            131.14102564102564,
            209.89743589743588,
            82.95726495726495
        ],
        [
            129.80555555555554,
            206.84259259259258,
            80.97222222222223
        ],
        [
            132.9264705882353,
            208.8235294117647,
            83.95588235294117
        ],
        [
            129.75,
            208.67708333333334,
            81.69791666666667
        ]
    ],
    "hex_colors": [
        "#96e169",
        "#7dcd4c",
        "#9fea74",
        "#8bd85c",
        "#84d354",
        "#86d556",
        "#83d152",
        "#81ce50",
        "#84d053",
        "#81d051"
    ],
    "hsl_color_values": [
        [
            0.2714152700186219,
            0.5303703703703704,
            225.0
        ],
        [
            0.26967412029814525,
            0.6251625487646294,
            205.06666666666666
        ],
        [
            0.27296747967479673,
            0.5006105006105006,
            234.0
        ],
        [
            0.27047704770477043,
            0.5712082262210797,
            216.11111111111111
        ],
        [
            0.27031667665496606,
            0.6005518612463152,
            211.40579710144928
        ],
        [
            0.2702188908804519,
            0.5939223845930514,
            213.05154639175257
        ],
        [
            0.2700702486758237,
            0.6047723756006189,
            209.89743589743588
        ],
        [
            0.2686724535334217,
            0.6085321634809078,
            206.84259259259258
        ],
        [
            0.267970007458878,
            0.5979577464788732,
            208.8235294117647
        ],
        [
            0.2702625102543068,
            0.6084959816303099,
            208.67708333333334
        ]
    ]
}