{
    "rgb_colors": [
        [
            44.205882352941174,
            82.97058823529412,
            166.8235294117647
        ],
        [
            51.38297872340426,
            90.27659574468085,
            175.2659574468085
        ],
        [
            50.54140127388535,
            88.56687898089172,
            176.28025477707007
        ],
        [
            49.595555555555556,
            88.50222222222222,
            173.40444444444444
        ],
        [
            48.67326732673267,
            86.64356435643565,
            174.5148514851485
        ],
        [
            53.0,
            91.30985915492958,
            178.16901408450704
        ],
        [
            72.0,
            110.0,
            192.0
        ],
        [
            47.771028037383175,
            86.57943925233644,
            171.62616822429908
        ],
        [
            57.46153846153846,
            95.92307692307692,
            180.3846153846154
        ],
        [
            46.35087719298246,
            85.0,
            169.4298245614035
        ]
    ],
    "hex_colors": [
        "#2c52a6",
        "#335aaf",
        "#3258b0",
        "#3158ad",
        "#3056ae",
        "#355bb2",
        "#486ec0",
        "#2f56ab",
        "#395fb4",
        "#2e55a9"
    ],
    "hsl_color_values": [
        [
            0.613976173342928,
            0.7350141043723555,
            166.8235294117647
        ],
        [
            0.6143409188492915,
            0.7068285280728377,
            175.2659574468085
        ],
        [
            0.6162639515053273,
            0.7132894927012574,
            176.28025477707007
        ],
        [
            0.614292039104474,
            0.7139891326635226,
            173.40444444444444
        ],
        [
            0.6163781799108313,
            0.7210938386474527,
            174.5148514851485
        ],
        [
            0.6156558268632084,
            0.7025296442687747,
            178.16901408450704
        ],
        [
            0.6138888888888889,
            0.625,
            192.0
        ],
        [
            0.6144438156322707,
            0.7216565018514485,
            171.62616822429908
        ],
        [
            0.6145181476846058,
            0.6814498933901919,
            180.3846153846154
        ],
        [
            0.6143301736630794,
            0.7264302355682112,
            169.4298245614035
        ]
    ]
}