{
    "rgb_colors": [
        [
            96.0,
            104.72727272727273,
            131.27272727272728
        ],
        [
            98.44055944055944,
            107.31468531468532,
            133.56643356643357
        ],
        [
            100.21739130434783,
            109.06521739130434,
            135.3695652173913
        ],
        [
            92.16064257028113,
            100.98795180722891,
            127.33333333333333
        ],
        [
            102.8,
            111.8,
            137.8
        ],
        [
            87.17391304347827,
            96.08695652173913,
            122.26086956521739
        ],
        [
            89.60655737704919,
            98.57377049180327,
            124.63934426229508
        ],
        [
            94.0,
            102.765625,
            129.234375
        ],
        [
            97.0,
            105.75531914893617,
            132.24468085106383
        ],
        [
            95.0,
            103.77181208053692,
            130.2281879194631
        ]
    ],
    "hex_colors": [
        "#606883",
        "#626b85",
        "#646d87",
        "#5c647f",
        "#666f89",
        "#57607a",
        "#59627c",
        "#5e6681",
        "#616984",
        "#5f6782"
    ],
    "hsl_color_values": [
        [
            0.6254295532646048,
            0.2686980609418283,
            131.27272727272728
        ],
        [
            0.6245603556971265,
            0.2629842931937173,
            133.56643356643357
        ],
        [
            0.6247165532879819,
            0.25967560623092983,
            135.3695652173913
        ],
        [
            0.6248382431300906,
            0.27622532012868223,
            127.33333333333333
        ],
        [
            0.6238095238095238,
            0.25399129172714086,
            137.8
        ],
        [
            0.6243287897562991,
            0.28698435277382645,
            122.26086956521739
        ],
        [
            0.6240056153486195,
            0.281073260555044,
            124.63934426229508
        ],
        [
            0.6252032520325203,
            0.2726393422802563,
            129.234375
        ],
        [
            0.6252641110775733,
            0.266511141501086,
            132.24468085106383
        ],
        [
            0.6251666984187464,
            0.2705112347969491,
            130.2281879194631
        ]
    ]
}