{
    "rgb_colors": [
        [
            72.5034965034965,
            82.5034965034965,
            114.5034965034965
        ],
        [
            78.0,
            88.0,
            120.0
        ],
        [
            84.88888888888889,
            94.88888888888889,
            126.88888888888889
        ],
        [
            74.0,
            84.0,
            116.0
        ],
        [
            79.40517241379311,
            89.40517241379311,
            121.40517241379311
        ],
        [
            70.22727272727273,
            80.22727272727273,
            112.22727272727273
        ],
        [
            77.0,
            87.0,
            119.0
        ],
        [
            76.0,
            86.0,
            118.0
        ],
        [
            75.0,
            85.0,
            117.0
        ],
        [
            81.60655737704919,
            91.60655737704919,
            123.60655737704919
        ]
    ],
    "hex_colors": [
        "#485272",
        "#4e5878",
        "#545e7e",
        "#4a5474",
        "#4f5979",
        "#465070",
        "#4d5777",
        "#4c5676",
        "#4b5575",
        "#515b7b"
    ],
    "hsl_color_values": [
        [
            0.626984126984127,
            0.366801026016856,
            114.5034965034965
        ],
        [
            0.626984126984127,
            0.35,
            120.0
        ],
        [
            0.626984126984127,
            0.3309982486865149,
            126.88888888888889
        ],
        [
            0.626984126984127,
            0.3620689655172414,
            116.0
        ],
        [
            0.626984126984127,
            0.3459490165447703,
            121.40517241379311
        ],
        [
            0.626984126984127,
            0.37424058323207776,
            112.22727272727273
        ],
        [
            0.626984126984127,
            0.35294117647058826,
            119.0
        ],
        [
            0.626984126984127,
            0.3559322033898305,
            118.0
        ],
        [
            0.626984126984127,
            0.358974358974359,
            117.0
        ],
        [
            0.626984126984127,
            0.33978779840848805,
            123.60655737704919
        ]
    ]
}