{
    "rgb_colors": [
        [
            70.0,
            82.0,
            121.0
        ],
        [
            68.0,
            80.0,
            119.0
        ],
        [
            69.0,
            81.0,
            120.0
        ],
        [
            72.0,
            84.0,
            123.0
        ],
        [
            75.25373134328358,
            87.25373134328358,
            126.25373134328358
        ],
        [
            71.0,
            83.0,
            122.0
        ],
        [
            73.0,
            85.0,
            124.0
        ],
        [
            74.0,
            86.0,
            125.0
        ],
        [
            78.0,
            90.0,
            129.0
        ],
        [
            66.3956043956044,
            78.3956043956044,
            117.3956043956044
        ]
    ],
    "hex_colors": [
        "#465279",
        "#445077",
        "#455178",
        "#48547b",
        "#4b577e",
        "#47537a",
        "#49557c",
        "#4a567d",
        "#4e5a81",
        "#424e75"
    ],
    "hsl_color_values": [
        [
            0.6274509803921569,
            0.4214876033057851,
            121.0
        ],
        [
            0.6274509803921569,
            0.42857142857142855,
            119.0
        ],
        [
            0.6274509803921569,
            0.425,
            120.0
        ],
        [
            0.6274509803921569,
            0.4146341463414634,
            123.0
        ],
        [
            0.6274509803921569,
            0.4039484572644521,
            126.25373134328358
        ],
        [
            0.6274509803921569,
            0.4180327868852459,
            122.0
        ],
        [
            0.6274509803921569,
            0.4112903225806452,
            124.0
        ],
        [
            0.6274509803921569,
            0.408,
            125.0
        ],
        [
            0.6274509803921569,
            0.3953488372093023,
            129.0
        ],
        [
            0.6274509803921569,
            0.4344285313114294,
            117.3956043956044
        ]
    ]
}