{
    "rgb_colors": [
        [
            126.24691358024691,
            192.46913580246914,
            121.39506172839506
        ],
        [
            123.00595238095238,
            188.9404761904762,
            118.01785714285714
        ],
        [
            122.0,
            186.7123287671233,
            118.8082191780822
        ],
        [
            125.07407407407408,
            190.9814814814815,
            120.1574074074074
        ],
        [
            120.71341463414635,
            186.27439024390245,
            116.04878048780488
        ],
        [
            122.03149606299212,
            187.9448818897638,
            117.00787401574803
        ],
        [
            128.05555555555554,
            195.0,
            123.22222222222223
        ],
        [
            131.33333333333334,
            200.25,
            126.91666666666667
        ],
        [
            123.99337748344371,
            189.86092715231788,
            119.09933774834437
        ],
        [
            119.15217391304348,
            183.91304347826087,
            115.08695652173913
        ]
    ],
    "hex_colors": [
        "#7ec079",
        "#7bbc76",
        "#7aba76",
        "#7dbe78",
        "#78ba74",
        "#7abb75",
        "#80c37b",
        "#83c87e",
        "#7bbd77",
        "#77b773"
    ],
    "hsl_color_values": [
        [
            0.3219558797985062,
            0.3692751763951251,
            192.46913580246914
        ],
        [
            0.32161141418380196,
            0.3753701720118456,
            188.9404761904762
        ],
        [
            0.32549929392777893,
            0.3636830520909758,
            186.7123287671233
        ],
        [
            0.3217631934457663,
            0.3708426258120819,
            190.9814814814815
        ],
        [
            0.3222627420335156,
            0.3770008838259845,
            186.27439024390245
        ],
        [
            0.3215303215303216,
            0.3774351669529516,
            187.9448818897638
        ],
        [
            0.32211042311661514,
            0.36809116809116804,
            195.0
        ],
        [
            0.3232954545454545,
            0.3662089055347482,
            200.25
        ],
        [
            0.32180627047262517,
            0.37270222191216995,
            189.86092715231788
        ],
        [
            0.3234891556117077,
            0.3742316784869977,
            183.91304347826087
        ]
    ]
}