{
    "rgb_colors": [
        [
            40.00459770114943,
            60.99770114942529,
            149.93793103448274
        ],
        [
            31.25,
            53.5,
            145.0
        ],
        [
            66.25,
            85.5,
            173.25
        ],
        [
            42.10294117647059,
            63.10294117647059,
            151.89705882352942
        ],
        [
            85.5,
            103.0,
            185.0
        ],
        [
            36.0,
            57.2,
            146.4
        ],
        [
            59.5,
            78.0,
            165.0
        ],
        [
            50.14285714285714,
            70.0,
            157.71428571428572
        ],
        [
            41.00714285714286,
            62.0,
            150.86785714285713
        ],
        [
            38.882075471698116,
            59.863207547169814,
            148.8490566037736
        ]
    ],
    "hex_colors": [
        "#283c95",
        "#1f3591",
        "#4255ad",
        "#2a3f97",
        "#5567b9",
        "#243992",
        "#3b4ea5",
        "#32469d",
        "#293e96",
        "#263b94"
    ],
    "hsl_color_values": [
        [
            0.6348396450652781,
            0.7331922787973567,
            149.93793103448274
        ],
        [
            0.634065934065934,
            0.7844827586206896,
            145.0
        ],
        [
            0.6366822429906542,
            0.6176046176046176,
            173.25
        ],
        [
            0.6347888204303955,
            0.7228192467809081,
            151.89705882352942
        ],
        [
            0.6373534338358459,
            0.5378378378378378,
            185.0
        ],
        [
            0.6346618357487923,
            0.7540983606557378,
            146.4
        ],
        [
            0.637440758293839,
            0.6393939393939394,
            165.0
        ],
        [
            0.635900841080124,
            0.6820652173913044,
            157.71428571428572
        ],
        [
            0.6348189807440158,
            0.7281916530549439,
            150.86785714285713
        ],
        [
            0.6348675274167489,
            0.7387818481429839,
            148.8490566037736
        ]
    ]
}