{
    "rgb_colors": [
        [
            137.0,
            152.0,
            208.0
        ],
        [
            44.70192307692308,
            75.6201923076923,
            155.5625
        ],
        [
            48.8792270531401,
            79.83574879227054,
            159.975845410628
        ],
        [
            45.87755102040816,
            76.22448979591837,
            153.40136054421768
        ],
        [
            78.0,
            100.5,
            165.5
        ],
        [
            96.0,
            113.0,
            174.0
        ],
        [
            157.0,
            176.0,
            233.0
        ],
        [
            42.752941176470586,
            73.43529411764706,
            152.14117647058825
        ],
        [
            46.66032608695652,
            77.6086956521739,
            157.17391304347825
        ],
        [
            59.5,
            86.25,
            161.25
        ]
    ],
    "hex_colors": [
        "#8998d0",
        "#2c4b9b",
        "#304f9f",
        "#2d4c99",
        "#4e64a5",
        "#6071ae",
        "#9db0e9",
        "#2a4998",
        "#2e4d9d",
        "#3b56a1"
    ],
    "hsl_color_values": [
        [
            0.6314553990610329,
            0.34134615384615385,
            208.0
        ],
        [
            0.6201844543706724,
            0.712643322928578,
            155.5625
        ],
        [
            0.6202258265570871,
            0.6944587045145704,
            159.975845410628
        ],
        [
            0.6196275675903665,
            0.7009312638580931,
            153.40136054421768
        ],
        [
            0.6238095238095238,
            0.5287009063444109,
            165.5
        ],
        [
            0.6303418803418803,
            0.4482758620689655,
            174.0
        ],
        [
            0.625,
            0.3261802575107296,
            233.0
        ],
        [
            0.6199182619918262,
            0.7189916486235695,
            152.14117647058825
        ],
        [
            0.6199931151491308,
            0.7031293222683264,
            157.17391304347825
        ],
        [
            0.6228501228501228,
            0.6310077519379845,
            161.25
        ]
    ]
}