{
    "rgb_colors": [
        [
            52.5,
            82.5,
            152.5
        ],
        [
            40.4,
            72.31428571428572,
            139.25714285714287
        ],
        [
            40.09055118110236,
            71.0,
            140.95669291338584
        ],
        [
            38.90155440414508,
            69.82901554404145,
            139.72538860103626
        ],
        [
            45.888888888888886,
            76.77777777777777,
            146.55555555555554
        ],
        [
            41.047430830039524,
            71.98418972332016,
            141.9604743083004
        ],
        [
            38.52127659574468,
            70.29787234042553,
            137.68085106382978
        ],
        [
            63.5,
            93.5,
            163.0
        ],
        [
            43.142857142857146,
            74.11428571428571,
            144.05714285714285
        ],
        [
            41.99107142857143,
            72.94642857142857,
            142.96428571428572
        ]
    ],
    "hex_colors": [
        "#345298",
        "#28488b",
        "#28478c",
        "#26458b",
        "#2d4c92",
        "#29478d",
        "#264689",
        "#3f5da3",
        "#2b4a90",
        "#29488e"
    ],
    "hsl_color_values": [
        [
            0.6166666666666667,
            0.6557377049180327,
            152.5
        ],
        [
            0.6128612716763007,
            0.7098892080426754,
            139.25714285714287
        ],
        [
            0.615593286494926,
            0.7155824930871715,
            140.95669291338584
        ],
        [
            0.6155420799287391,
            0.7215856417102383,
            139.72538860103626
        ],
        [
            0.6155261221486388,
            0.6868840030326004,
            146.55555555555554
        ],
        [
            0.6155719191048791,
            0.7108531016817017,
            141.9604743083004
        ],
        [
            0.6132568036333726,
            0.7202132591562355,
            137.68085106382978
        ],
        [
            0.6164154103852596,
            0.6104294478527608,
            163.0
        ],
        [
            0.615515288788222,
            0.7005156683855613,
            144.05714285714285
        ],
        [
            0.6155716685825449,
            0.7062827879090682,
            142.96428571428572
        ]
    ]
}