{
    "rgb_colors": [
        [
            65.0,
            76.0,
            112.0
        ],
        [
            68.0,
            79.0,
            115.0
        ],
        [
            71.0,
            82.0,
            118.0
        ],
        [
            66.0,
            77.0,
            113.0
        ],
        [
            63.292307692307695,
            74.29230769230769,
            110.29230769230769
        ],
        [
            70.0,
            81.0,
            117.0
        ],
        [
            67.0,
            78.0,
            114.0
        ],
        [
            74.375,
            85.375,
            121.375
        ],
        [
            69.0,
            80.0,
            116.0
        ],
        [
            72.38,
            83.38,
            119.38
        ]
    ],
    "hex_colors": [
        "#414c70",
        "#444f73",
        "#475276",
        "#424d71",
        "#3f4a6e",
        "#465175",
        "#434e72",
        "#4a5579",
        "#455074",
        "#485377"
    ],
    "hsl_color_values": [
        [
            0.6276595744680851,
            0.41964285714285715,
            112.0
        ],
        [
            0.6276595744680851,
            0.40869565217391307,
            115.0
        ],
        [
            0.6276595744680851,
            0.3983050847457627,
            118.0
        ],
        [
            0.6276595744680851,
            0.415929203539823,
            113.0
        ],
        [
            0.6276595744680851,
            0.4261403264053564,
            110.29230769230769
        ],
        [
            0.6276595744680851,
            0.4017094017094017,
            117.0
        ],
        [
            0.6276595744680851,
            0.41228070175438597,
            114.0
        ],
        [
            0.6276595744680851,
            0.38722966014418125,
            121.375
        ],
        [
            0.6276595744680851,
            0.4051724137931034,
            116.0
        ],
        [
            0.6276595744680851,
            0.3937007874015748,
            119.38
        ]
    ]
}