{
    "rgb_colors": [
        [
            32.4,
            42.4,
            70.4
        ],
        [
            47.36065573770492,
            57.540983606557376,
            92.52049180327869
        ],
        [
            57.42696629213483,
            67.75280898876404,
            103.75280898876404
        ],
        [
            50.440366972477065,
            60.830275229357795,
            95.86697247706422
        ],
        [
            19.333333333333336,
            28.333333333333336,
            50.66666666666667
        ],
        [
            55.1937984496124,
            65.48837209302326,
            101.30232558139535
        ],
        [
            53.06470588235294,
            63.4,
            99.03529411764706
        ],
        [
            0.75,
            6.25,
            29.25
        ],
        [
            43.38461538461539,
            53.59230769230769,
            88.74615384615385
        ],
        [
            60.71875,
            71.0,
            107.0
        ]
    ],
    "hex_colors": [
        "#202a46",
        "#2f395c",
        "#394367",
        "#323c5f",
        "#131c32",
        "#374165",
        "#353f63",
        "#00061d",
        "#2b3558",
        "#3c476b"
    ],
    "hsl_color_values": [
        [
            0.6228070175438596,
            0.5397727272727273,
            70.4
        ],
        [
            0.6290951992013795,
            0.4881063122923588,
            92.52049180327869
        ],
        [
            0.6295173417414505,
            0.44650205761316875,
            103.75280898876404
        ],
        [
            0.6285469049782894,
            0.4738504234652376,
            95.86697247706422
        ],
        [
            0.6187943262411347,
            0.618421052631579,
            50.66666666666667
        ],
        [
            0.6294552790854069,
            0.45515763697581885,
            101.30232558139535
        ],
        [
            0.6291959906163361,
            0.464183891660727,
            99.03529411764706
        ],
        [
            0.6345029239766081,
            0.9743589743589743,
            29.25
        ],
        [
            0.6291617206489176,
            0.5111380774898153,
            88.74615384615385
        ],
        [
            0.6296421336934505,
            0.432535046728972,
            107.0
        ]
    ]
}