{
    "rgb_colors": [
        [
            23.6,
            60.8,
            141.0
        ],
        [
            28.125806451612902,
            65.0,
            144.86451612903227
        ],
        [
            30.091549295774648,
            67.0,
            146.85211267605635
        ],
        [
            39.75,
            76.0,
            155.25
        ],
        [
            29.107883817427386,
            66.0,
            145.9045643153527
        ],
        [
            45.5,
            81.0,
            159.5
        ],
        [
            25.88135593220339,
            62.79661016949152,
            142.79661016949152
        ],
        [
            33.42857142857143,
            70.07142857142857,
            149.92857142857142
        ],
        [
            31.208333333333332,
            68.18055555555556,
            148.08333333333334
        ],
        [
            27.16,
            64.0,
            143.9142857142857
        ]
    ],
    "hex_colors": [
        "#173c8d",
        "#1c4190",
        "#1e4392",
        "#274c9b",
        "#1d4291",
        "#2d519f",
        "#193e8e",
        "#214695",
        "#1f4494",
        "#1b408f"
    ],
    "hsl_color_values": [
        [
            0.6138557637705849,
            0.8326241134751774,
            141.0
        ],
        [
            0.6140217561505797,
            0.8058475104658412,
            144.86451612903227
        ],
        [
            0.6139827100924808,
            0.7950894355728192,
            146.85211267605635
        ],
        [
            0.6143578643578644,
            0.7439613526570048,
            155.25
        ],
        [
            0.6140223106437402,
            0.8005005261212069,
            145.9045643153527
        ],
        [
            0.6147660818713451,
            0.7147335423197492,
            159.5
        ],
        [
            0.6140427176959505,
            0.8187537091988131,
            142.79661016949152
        ],
        [
            0.6142448395667279,
            0.7770366841353025,
            149.92857142857142
        ],
        [
            0.6139433551198258,
            0.7892515475520541,
            148.08333333333334
        ],
        [
            0.6140775907073871,
            0.8112765535040699,
            143.9142857142857
        ]
    ]
}