{
    "rgb_colors": [
        [
            42.00473933649289,
            62.99526066350711,
            151.88151658767774
        ],
        [
            40.84571428571429,
            61.73714285714286,
            151.16571428571427
        ],
        [
            43.28846153846154,
            64.27884615384616,
            154.56730769230768
        ],
        [
            43.0,
            63.976,
            153.0
        ],
        [
            41.02521008403362,
            62.0,
            153.00840336134453
        ],
        [
            44.06818181818182,
            64.1590909090909,
            152.86363636363637
        ],
        [
            44.68571428571428,
            65.34285714285714,
            155.4
        ],
        [
            42.00709219858156,
            63.0,
            153.82269503546098
        ],
        [
            43.04347826086956,
            63.43478260869565,
            151.94202898550725
        ],
        [
            49.0,
            70.0,
            160.0
        ]
    ],
    "hex_colors": [
        "#2a3e97",
        "#283d97",
        "#2b409a",
        "#2b3f99",
        "#293e99",
        "#2c4098",
        "#2c419b",
        "#2a3f99",
        "#2b3f97",
        "#3146a0"
    ],
    "hsl_color_values": [
        [
            0.6348271796641362,
            0.7234374512434861,
            151.88151658767774
        ],
        [
            0.6351048033426568,
            0.7297951160505027,
            151.16571428571427
        ],
        [
            0.6352285492093666,
            0.7199377916018662,
            154.56730769230768
        ],
        [
            0.6348848484848485,
            0.7189542483660131,
            153.0
        ],
        [
            0.6354494972234729,
            0.7318760984182776,
            153.00840336134453
        ],
        [
            0.6358888656778775,
            0.7117157300029736,
            152.86363636363637
        ],
        [
            0.6355698924731182,
            0.7124471410185697,
            155.4
        ],
        [
            0.6353757029895556,
            0.7269122596708009,
            153.82269503546098
        ],
        [
            0.6354582557004703,
            0.7167111789393361,
            151.94202898550725
        ],
        [
            0.6351351351351351,
            0.69375,
            160.0
        ]
    ]
}