{
    "rgb_colors": [
        [
            158.2122905027933,
            163.15642458100558,
            177.75418994413408
        ],
        [
            152.66666666666666,
            157.4920634920635,
            172.73015873015873
        ],
        [
            172.92857142857142,
            177.92857142857142,
            192.21428571428572
        ],
        [
            161.3732394366197,
            166.3450704225352,
            180.64084507042253
        ],
        [
            147.873786407767,
            152.68932038834953,
            168.2233009708738
        ],
        [
            155.31277533039648,
            160.20264317180616,
            175.11013215859032
        ],
        [
            164.32051282051282,
            169.2948717948718,
            183.34615384615384
        ],
        [
            150.58510638297872,
            155.2659574468085,
            170.98936170212767
        ],
        [
            167.9512195121951,
            172.9512195121951,
            186.6829268292683
        ],
        [
            143.55,
            148.15,
            164.35
        ]
    ],
    "hex_colors": [
        "#9ea3b1",
        "#989dac",
        "#acb1c0",
        "#a1a6b4",
        "#9398a8",
        "#9ba0af",
        "#a4a9b7",
        "#969baa",
        "#a7acba",
        "#8f94a4"
    ],
    "hsl_color_values": [
        [
            0.6244997141223557,
            0.10993777107297752,
            177.75418994413408
        ],
        [
            0.6265822784810126,
            0.1161551185443853,
            172.73015873015873
        ],
        [
            0.6234567901234569,
            0.10033444816053522,
            192.21428571428572
        ],
        [
            0.6236598440545809,
            0.10666250828427741,
            180.64084507042253
        ],
        [
            0.6272264631043257,
            0.12096727650487676,
            168.2233009708738
        ],
        [
            0.6255006675567424,
            0.11305660377358495,
            175.11013215859032
        ],
        [
            0.6230907457322551,
            0.10376896720509053,
            183.34615384615384
        ],
        [
            0.6284323948557526,
            0.11933055434579734,
            170.98936170212767
        ],
        [
            0.6221788194444445,
            0.10033969166448924,
            186.6829268292683
        ],
        [
            0.6298076923076924,
            0.1265591724977182,
            164.35
        ]
    ]
}