{
    "rgb_colors": [
        [
            87.75,
            95.75,
            124.25
        ],
        [
            92.76142131979695,
            100.76142131979695,
            128.98477157360406
        ],
        [
            90.45086705202313,
            98.45086705202313,
            126.56647398843931
        ],
        [
            88.875,
            96.875,
            125.40277777777777
        ],
        [
            97.56521739130434,
            105.56521739130434,
            133.56521739130434
        ],
        [
            84.41758241758242,
            92.41758241758242,
            120.96703296703296
        ],
        [
            86.84070796460178,
            94.84070796460178,
            123.15929203539822
        ],
        [
            81.96875,
            89.96875,
            118.65625
        ],
        [
            85.74117647058823,
            93.74117647058823,
            122.25882352941177
        ],
        [
            95.47826086956522,
            103.47826086956522,
            131.47826086956522
        ]
    ],
    "hex_colors": [
        "#575f7c",
        "#5c6480",
        "#5a627e",
        "#58607d",
        "#616985",
        "#545c78",
        "#565e7b",
        "#515976",
        "#555d7a",
        "#5f6783"
    ],
    "hsl_color_values": [
        [
            0.6301369863013698,
            0.2937625754527163,
            124.25
        ],
        [
            0.6298579970104634,
            0.2808343171979536,
            128.98477157360406
        ],
        [
            0.6297481860862142,
            0.2853489221775667,
            126.56647398843931
        ],
        [
            0.6301647655259822,
            0.29128364159929115,
            125.40277777777777
        ],
        [
            0.6296296296296297,
            0.26953125,
            133.56521739130434
        ],
        [
            0.6301864101022249,
            0.3021438953488371,
            120.96703296703296
        ],
        [
            0.6299545159194282,
            0.294891140331968,
            123.15929203539822
        ],
        [
            0.6303236797274275,
            0.3091914669475902,
            118.65625
        ],
        [
            0.6301546391752577,
            0.2986913010007699,
            122.25882352941177
        ],
        [
            0.6296296296296297,
            0.2738095238095238,
            131.47826086956522
        ]
    ]
}