{
    "rgb_colors": [
        [
            211.79787234042553,
            216.90425531914894,
            112.87234042553192
        ],
        [
            216.46236559139786,
            222.46236559139786,
            115.49462365591398
        ],
        [
            206.33333333333334,
            212.16666666666666,
            105.5
        ],
        [
            213.89473684210526,
            219.94736842105263,
            112.0
        ],
        [
            211.98305084745763,
            218.01694915254237,
            111.01694915254237
        ],
        [
            208.8,
            214.8,
            108.13333333333334
        ],
        [
            215.04093567251462,
            221.05263157894737,
            114.01169590643275
        ],
        [
            213.95897435897436,
            219.92820512820512,
            113.13846153846154
        ],
        [
            210.6315789473684,
            216.5,
            110.09210526315789
        ],
        [
            212.9831223628692,
            218.9704641350211,
            111.9789029535865
        ]
    ],
    "hex_colors": [
        "#d3d870",
        "#d8de73",
        "#ced469",
        "#d5db70",
        "#d3da6f",
        "#d0d66c",
        "#d7dd72",
        "#d5db71",
        "#d2d86e",
        "#d4da6f"
    ],
    "hsl_color_values": [
        [
            0.1748474622490371,
            0.4796213644612291,
            216.90425531914894
        ],
        [
            0.17601527945315643,
            0.4808352264488375,
            222.46236559139786
        ],
        [
            0.17578125,
            0.5027494108405341,
            212.16666666666666
        ],
        [
            0.1760117016089712,
            0.490787269681742,
            219.94736842105263
        ],
        [
            0.17606526215745286,
            0.49078753012516524,
            218.01694915254237
        ],
        [
            0.17604166666666665,
            0.4965859714463066,
            214.8
        ],
        [
            0.17602709790209792,
            0.48423280423280424,
            221.05263157894737
        ],
        [
            0.17598284031246,
            0.48556638530056423,
            219.92820512820512
        ],
        [
            0.1758583735212893,
            0.4914914306551599,
            216.5
        ],
        [
            0.1759934797754729,
            0.48861183906274086,
            218.9704641350211
        ]
    ]
}