{
    "rgb_colors": [
        [
            80.58904109589041,
            89.5068493150685,
            127.5068493150685
        ],
        [
            85.32338308457712,
            93.67661691542288,
            131.6766169154229
        ],
        [
            88.39784946236558,
            95.76344086021506,
            133.76344086021504
        ],
        [
            84.0,
            93.0,
            131.0
        ],
        [
            90.125,
            97.625,
            135.625
        ],
        [
            82.1086956521739,
            90.8913043478261,
            128.8913043478261
        ],
        [
            86.35779816513761,
            95.35779816513761,
            133.3577981651376
        ],
        [
            87.0,
            94.0,
            132.0
        ],
        [
            83.1878453038674,
            91.8121546961326,
            129.8121546961326
        ],
        [
            85.0,
            92.0,
            130.0
        ]
    ],
    "hex_colors": [
        "#50597f",
        "#555d83",
        "#585f85",
        "#545d83",
        "#5a6187",
        "#525a80",
        "#565f85",
        "#575e84",
        "#535b81",
        "#555c82"
    ],
    "hsl_color_values": [
        [
            0.6349878345498783,
            0.36796304254404816,
            127.5068493150685
        ],
        [
            0.6366319630782441,
            0.3520232742660672,
            131.6766169154229
        ],
        [
            0.6396065418345579,
            0.33914790996784566,
            133.76344086021504
        ],
        [
            0.6347517730496454,
            0.35877862595419846,
            131.0
        ],
        [
            0.6391941391941391,
            0.33548387096774196,
            135.625
        ],
        [
            0.6353779429987608,
            0.36296171361106433,
            128.8913043478261
        ],
        [
            0.6347517730496454,
            0.3524353329664282,
            133.3577981651376
        ],
        [
            0.6407407407407407,
            0.3409090909090909,
            132.0
        ],
        [
            0.635837579492041,
            0.3591675178753831,
            129.8121546961326
        ],
        [
            0.6407407407407407,
            0.34615384615384615,
            130.0
        ]
    ]
}