{
    "rgb_colors": [
        [
            36.89133247089262,
            67.33247089262613,
            134.4928848641656
        ],
        [
            0.0,
            0.0,
            2.3076923076923066
        ],
        [
            0.0,
            4.166666666666671,
            72.33333333333334
        ],
        [
            23.03448275862069,
            45.3448275862069,
            92.10344827586206
        ],
        [
            31.65853658536585,
            58.329268292682926,
            117.10975609756098
        ],
        [
            234.29166666666666,
            231.875,
            112.41666666666667
        ],
        [
            158.33333333333331,
            160.41666666666666,
            122.83333333333333
        ],
        [
            251.2941176470588,
            249.7058823529412,
            154.76470588235293
        ],
        [
            187.0,
            188.0,
            143.33333333333334
        ],
        [
            23.63157894736842,
            37.65789473684211,
            61.789473684210535
        ]
    ],
    "hex_colors": [
        "#244386",
        "#000002",
        "#000448",
        "#172d5c",
        "#1f3a75",
        "#eae770",
        "#9ea07a",
        "#fbf99a",
        "#bbbc8f",
        "#17253d"
    ],
    "hsl_color_values": [
        [
            0.6146846751318824,
            0.7257004895972606,
            134.4928848641656
        ],
        [
            0.6666666666666666,
            1.0,
            2.3076923076923066
        ],
        [
            0.6570660522273425,
            1.0,
            72.33333333333334
        ],
        [
            0.6128307538691962,
            0.749906402096593,
            92.10344827586206
        ],
        [
            0.6146472575044003,
            0.729667812142039,
            117.10975609756098
        ],
        [
            0.16336182336182337,
            0.5201849546505424,
            234.29166666666666
        ],
        [
            0.17590539541759057,
            0.23428571428571426,
            160.41666666666666
        ],
        [
            0.16392443631931752,
            0.3841292134831461,
            251.2941176470588
        ],
        [
            0.17039800995024876,
            0.23758865248226946,
            188.0
        ],
        [
            0.6054022988505747,
            0.6175468483816013,
            61.789473684210535
        ]
    ]
}