{
    "rgb_colors": [
        [
            41.298507462686565,
            58.62686567164179,
            153.70149253731344
        ],
        [
            61.5,
            78.5,
            169.0
        ],
        [
            73.0,
            91.0,
            182.0
        ],
        [
            43.35820895522388,
            60.3681592039801,
            156.6318407960199
        ],
        [
            41.96174863387978,
            60.90710382513661,
            156.86338797814207
        ],
        [
            45.12820512820513,
            62.97435897435898,
            158.89743589743588
        ],
        [
            51.0,
            68.0,
            162.0
        ],
        [
            43.82236842105263,
            61.46052631578947,
            157.79605263157896
        ],
        [
            43.0,
            59.944,
            154.928
        ],
        [
            41.23243243243243,
            59.62162162162162,
            155.85945945945946
        ]
    ],
    "hex_colors": [
        "#293a99",
        "#3d4ea9",
        "#495bb6",
        "#2b3c9c",
        "#293c9c",
        "#2d3e9e",
        "#3344a2",
        "#2b3d9d",
        "#2b3b9a",
        "#293b9b"
    ],
    "hsl_color_values": [
        [
            0.6409728677023857,
            0.7313070499126044,
            153.70149253731344
        ],
        [
            0.6403100775193798,
            0.636094674556213,
            169.0
        ],
        [
            0.6391437308868501,
            0.5989010989010989,
            182.0
        ],
        [
            0.6416388498477396,
            0.7231839405393387,
            156.6318407960199
        ],
        [
            0.6391861257747976,
            0.7324949487911935,
            156.86338797814207
        ],
        [
            0.6405228758169934,
            0.7159916088429884,
            158.89743589743588
        ],
        [
            0.6411411411411412,
            0.6851851851851852,
            162.0
        ],
        [
            0.6408739321172939,
            0.7222847613091515,
            157.79605263157896
        ],
        [
            0.641436161341815,
            0.7224517195084168,
            154.928
        ],
        [
            0.6399289509258387,
            0.7354512034403828,
            155.85945945945946
        ]
    ]
}