{
    "rgb_colors": [
        [
            43.035714285714285,
            73.96428571428571,
            145.87142857142857
        ],
        [
            45.84313725490196,
            76.3529411764706,
            148.2941176470588
        ],
        [
            28.333333333333336,
            60.0,
            135.0
        ],
        [
            42.0787037037037,
            72.93055555555556,
            144.8564814814815
        ],
        [
            53.666666666666664,
            83.83333333333333,
            154.0
        ],
        [
            44.47272727272727,
            74.4090909090909,
            146.3909090909091
        ],
        [
            76.0,
            103.6,
            172.0
        ],
        [
            39.55670103092783,
            69.26804123711341,
            141.50515463917526
        ],
        [
            40.79182156133829,
            71.42007434944237,
            143.4460966542751
        ],
        [
            43.51968503937008,
            71.56692913385827,
            144.01574803149606
        ]
    ],
    "hex_colors": [
        "#2b4991",
        "#2d4c94",
        "#1c3c87",
        "#2a4890",
        "#35539a",
        "#2c4a92",
        "#4c67ac",
        "#27458d",
        "#28478f",
        "#2b4790"
    ],
    "hsl_color_values": [
        [
            0.6165404829709894,
            0.7049750269317403,
            145.87142857142857
        ],
        [
            0.6170334928229665,
            0.6908634139891577,
            148.2941176470588
        ],
        [
            0.6171875,
            0.7901234567901234,
            135.0
        ],
        [
            0.6166366366366366,
            0.7095145258717122,
            144.8564814814815
        ],
        [
            0.6165559246954596,
            0.6515151515151516,
            154.0
        ],
        [
            0.6177117711771177,
            0.6962056759610011,
            146.3909090909091
        ],
        [
            0.61875,
            0.5581395348837209,
            172.0
        ],
        [
            0.6180941787170932,
            0.7204575258633251,
            141.50515463917526
        ],
        [
            0.6169394751454575,
            0.7156296161919818,
            143.4460966542751
        ],
        [
            0.6201520018804357,
            0.6978130125751777,
            144.01574803149606
        ]
    ]
}