{
    "rgb_colors": [
        [
            106.0,
            120.0,
            202.0
        ],
        [
            24.37184115523466,
            42.335740072202164,
            132.27436823104694
        ],
        [
            24.081967213114755,
            42.01092896174863,
            134.01092896174865
        ],
        [
            84.0,
            97.0,
            177.5
        ],
        [
            0.0,
            5.0,
            119.5
        ],
        [
            23.164948453608247,
            40.96907216494846,
            132.8659793814433
        ],
        [
            64.0,
            78.0,
            160.0
        ],
        [
            25.509025270758123,
            43.411552346570396,
            135.09386281588448
        ],
        [
            22.743016759776538,
            40.70391061452514,
            130.84357541899442
        ],
        [
            1.5999999999999979,
            26.4,
            125.6
        ]
    ],
    "hex_colors": [
        "#6a78ca",
        "#182a84",
        "#182a86",
        "#5461b1",
        "#000577",
        "#172884",
        "#404ea0",
        "#192b87",
        "#162882",
        "#011a7d"
    ],
    "hsl_color_values": [
        [
            0.6423611111111112,
            0.4752475247524752,
            202.0
        ],
        [
            0.6389195579198591,
            0.8157478165938864,
            132.27436823104694
        ],
        [
            0.6394840184918228,
            0.8202984831185778,
            134.01092896174865
        ],
        [
            0.64349376114082,
            0.5267605633802817,
            177.5
        ],
        [
            0.6596931659693167,
            1.0,
            119.5
        ],
        [
            0.6396172038968769,
            0.8256517690875232,
            132.8659793814433
        ],
        [
            0.6423611111111112,
            0.6,
            160.0
        ],
        [
            0.639438862351068,
            0.8111755431442239,
            135.09386281588448
        ],
        [
            0.638975021533161,
            0.8261816318688356,
            130.84357541899442
        ],
        [
            0.6333333333333333,
            0.9872611464968153,
            125.6
        ]
    ]
}