{
    "rgb_colors": [
        [
            80.0,
            92.0,
            131.0
        ],
        [
            78.45283018867924,
            90.45283018867924,
            129.45283018867926
        ],
        [
            86.0,
            98.0,
            137.0
        ],
        [
            83.0,
            95.0,
            134.0
        ],
        [
            90.55555555555556,
            102.55555555555556,
            141.55555555555554
        ],
        [
            85.0,
            97.0,
            136.0
        ],
        [
            82.0,
            94.0,
            133.0
        ],
        [
            84.0,
            96.0,
            135.0
        ],
        [
            81.0,
            93.0,
            132.0
        ],
        [
            87.54098360655738,
            99.54098360655738,
            138.54098360655738
        ]
    ],
    "hex_colors": [
        "#505c83",
        "#4e5a81",
        "#566289",
        "#535f86",
        "#5a668d",
        "#556188",
        "#525e85",
        "#546087",
        "#515d84",
        "#57638a"
    ],
    "hsl_color_values": [
        [
            0.6274509803921569,
            0.3893129770992366,
            131.0
        ],
        [
            0.6274509803921569,
            0.39396589418452127,
            129.45283018867926
        ],
        [
            0.6274509803921569,
            0.3722627737226277,
            137.0
        ],
        [
            0.6274509803921569,
            0.3805970149253731,
            134.0
        ],
        [
            0.6274509803921569,
            0.36028257456828877,
            141.55555555555554
        ],
        [
            0.6274509803921569,
            0.375,
            136.0
        ],
        [
            0.6274509803921569,
            0.38345864661654133,
            133.0
        ],
        [
            0.6274509803921569,
            0.37777777777777777,
            135.0
        ],
        [
            0.6274509803921569,
            0.38636363636363635,
            132.0
        ],
        [
            0.6274509803921569,
            0.3681221157259496,
            138.54098360655738
        ]
    ]
}