{
    "rgb_colors": [
        [
            51.375,
            77.1875,
            137.6875
        ],
        [
            46.06694560669456,
            71.09623430962343,
            134.8284518828452
        ],
        [
            43.61904761904762,
            71.53246753246754,
            133.92207792207793
        ],
        [
            44.92134831460674,
            69.90449438202248,
            133.67415730337078
        ],
        [
            54.4,
            76.73333333333333,
            129.13333333333333
        ],
        [
            62.666666666666664,
            84.5,
            135.83333333333334
        ],
        [
            75.0,
            103.0,
            163.0
        ],
        [
            47.346666666666664,
            72.30666666666667,
            135.92
        ],
        [
            45.345454545454544,
            73.2909090909091,
            136.01818181818183
        ],
        [
            42.045112781954884,
            69.81203007518798,
            131.86466165413535
        ]
    ],
    "hex_colors": [
        "#334d89",
        "#2e4786",
        "#2b4785",
        "#2c4585",
        "#364c81",
        "#3e5487",
        "#4b67a3",
        "#2f4887",
        "#2d4988",
        "#2a4583"
    ],
    "hsl_color_values": [
        [
            0.6168235578083515,
            0.6268724466636405,
            137.6875
        ],
        [
            0.6196694007102228,
            0.6583291956305859,
            134.8284518828452
        ],
        [
            0.6151486097794822,
            0.6742953193690199,
            133.92207792207793
        ],
        [
            0.6197514453306326,
            0.6639488946793308,
            133.67415730337078
        ],
        [
            0.6168599464763603,
            0.5787299948373773,
            129.13333333333333
        ],
        [
            0.616932422171602,
            0.5386503067484664,
            135.83333333333334
        ],
        [
            0.6136363636363636,
            0.5398773006134969,
            163.0
        ],
        [
            0.6196999347684279,
            0.6516578379438885,
            135.92
        ],
        [
            0.6152997794265089,
            0.6666221093436707,
            136.01818181818183
        ],
        [
            0.6151431441486691,
            0.6811495039343141,
            131.86466165413535
        ]
    ]
}