{
    "rgb_colors": [
        [
            22.956692913385826,
            53.645669291338585,
            132.32677165354332
        ],
        [
            10.666666666666668,
            43.66666666666667,
            125.33333333333333
        ],
        [
            81.0,
            102.0,
            172.0
        ],
        [
            24.684782608695652,
            55.16847826086956,
            133.03804347826087
        ],
        [
            25.296875,
            54.90625,
            135.50520833333334
        ],
        [
            26.24516129032258,
            56.47096774193548,
            134.2516129032258
        ],
        [
            28.195121951219512,
            57.53658536585366,
            137.6341463414634
        ],
        [
            91.0,
            113.0,
            183.0
        ],
        [
            64.0,
            86.0,
            157.0
        ],
        [
            26.880794701986755,
            56.05298013245033,
            136.6887417218543
        ]
    ],
    "hex_colors": [
        "#163584",
        "#0a2b7d",
        "#5166ac",
        "#183785",
        "#193687",
        "#1a3886",
        "#1c3989",
        "#5b71b7",
        "#40569d",
        "#1a3888"
    ],
    "hsl_color_values": [
        [
            0.6199004079673626,
            0.8265151289756331,
            132.32677165354332
        ],
        [
            0.6187015503875969,
            0.9148936170212766,
            125.33333333333333
        ],
        [
            0.6282051282051282,
            0.5290697674418605,
            172.0
        ],
        [
            0.6197772984902442,
            0.8144532047877773,
            133.03804347826087
        ],
        [
            0.6218887838689352,
            0.8133143713725641,
            135.50520833333334
        ],
        [
            0.6200246898831212,
            0.8045076649526647,
            134.2516129032258
        ],
        [
            0.6219820221380283,
            0.7951444267233742,
            137.6341463414634
        ],
        [
            0.6268115942028986,
            0.5027322404371585,
            183.0
        ],
        [
            0.6272401433691757,
            0.5923566878980892,
            157.0
        ],
        [
            0.6223890798705346,
            0.803343023255814,
            136.6887417218543
        ]
    ]
}