{
    "rgb_colors": [
        [
            39.8,
            74.6,
            150.9
        ],
        [
            24.977443609022558,
            63.330827067669176,
            140.8922305764411
        ],
        [
            60.800000000000004,
            93.2,
            163.2
        ],
        [
            6.416666666666668,
            52.583333333333336,
            133.33333333333334
        ],
        [
            76.0,
            106.0,
            174.5
        ],
        [
            27.220338983050848,
            64.39194915254237,
            142.37923728813558
        ],
        [
            0.0,
            0.0,
            124.5
        ],
        [
            105.66666666666666,
            134.33333333333331,
            192.0
        ],
        [
            29.372881355932204,
            66.11016949152543,
            144.4322033898305
        ],
        [
            136.0,
            161.0,
            199.0
        ]
    ],
    "hex_colors": [
        "#274a96",
        "#183f8c",
        "#3c5da3",
        "#063485",
        "#4c6aae",
        "#1b408e",
        "#00007c",
        "#6986c0",
        "#1d4290",
        "#88a1c7"
    ],
    "hsl_color_values": [
        [
            0.6144614461446145,
            0.7362491716368457,
            150.9
        ],
        [
            0.6115207207207206,
            0.8227195104596556,
            140.8922305764411
        ],
        [
            0.6139322916666666,
            0.6274509803921567,
            163.2
        ],
        [
            0.6060407091267236,
            0.9518749999999999,
            133.33333333333334
        ],
        [
            0.6159052453468696,
            0.5644699140401146,
            174.5
        ],
        [
            0.6128691012786313,
            0.8088180587176167,
            142.37923728813558
        ],
        [
            0.6666666666666666,
            1.0,
            124.5
        ],
        [
            0.6113256113256114,
            0.44965277777777785,
            192.0
        ],
        [
            0.6134516707176352,
            0.7966320483482955,
            144.4322033898305
        ],
        [
            0.6005291005291005,
            0.3165829145728643,
            199.0
        ]
    ]
}