{
    "rgb_colors": [
        [
            75.72,
            86.72,
            115.72
        ],
        [
            82.0,
            93.0,
            122.0
        ],
        [
            81.0,
            92.0,
            121.0
        ],
        [
            78.0,
            89.0,
            118.0
        ],
        [
            80.0,
            91.0,
            120.0
        ],
        [
            85.34210526315789,
            96.34210526315789,
            125.34210526315789
        ],
        [
            79.0,
            90.0,
            119.0
        ],
        [
            84.0,
            95.0,
            124.0
        ],
        [
            77.0,
            88.0,
            117.0
        ],
        [
            83.0,
            94.0,
            123.0
        ]
    ],
    "hex_colors": [
        "#4b5673",
        "#525d7a",
        "#515c79",
        "#4e5976",
        "#505b78",
        "#55607d",
        "#4f5a77",
        "#545f7c",
        "#4d5875",
        "#535e7b"
    ],
    "hsl_color_values": [
        [
            0.6208333333333332,
            0.3456619426201175,
            115.72
        ],
        [
            0.6208333333333332,
            0.32786885245901637,
            122.0
        ],
        [
            0.6208333333333332,
            0.3305785123966942,
            121.0
        ],
        [
            0.6208333333333332,
            0.3389830508474576,
            118.0
        ],
        [
            0.6208333333333332,
            0.3333333333333333,
            120.0
        ],
        [
            0.6208333333333332,
            0.3191266008817972,
            125.34210526315789
        ],
        [
            0.6208333333333332,
            0.33613445378151263,
            119.0
        ],
        [
            0.6208333333333332,
            0.3225806451612903,
            124.0
        ],
        [
            0.6208333333333332,
            0.3418803418803419,
            117.0
        ],
        [
            0.6208333333333332,
            0.3252032520325203,
            123.0
        ]
    ]
}