{
    "rgb_colors": [
        [
            91.78034682080924,
            102.71676300578035,
            141.42196531791907
        ],
        [
            94.45876288659794,
            105.4639175257732,
            144.46391752577318
        ],
        [
            84.95,
            96.85,
            135.85
        ],
        [
            87.88333333333334,
            99.41666666666667,
            138.38333333333333
        ],
        [
            96.4407894736842,
            106.99342105263158,
            145.18421052631578
        ],
        [
            94.92391304347827,
            104.90217391304348,
            142.41304347826087
        ],
        [
            89.96511627906976,
            101.37209302325581,
            140.1046511627907
        ],
        [
            92.90983606557377,
            104.05737704918033,
            143.05737704918033
        ],
        [
            100.46875,
            111.03125,
            149.6875
        ],
        [
            97.94623655913979,
            108.46236559139786,
            147.06451612903226
        ]
    ],
    "hex_colors": [
        "#5b668d",
        "#5e6990",
        "#546087",
        "#57638a",
        "#606a91",
        "#5e688e",
        "#59658c",
        "#5c688f",
        "#646f95",
        "#616c93"
    ],
    "hsl_color_values": [
        [
            0.6299487657196088,
            0.35101773890296745,
            141.42196531791907
        ],
        [
            0.6299865993196577,
            0.3461428673374723,
            144.46391752577318
        ],
        [
            0.6277013752455796,
            0.374677953625322,
            135.85
        ],
        [
            0.6286028602860286,
            0.3649283391545224,
            138.38333333333333
        ],
        [
            0.6305844243487649,
            0.33573500090628966,
            145.18421052631578
        ],
        [
            0.6316472114137484,
            0.3334605403755152,
            142.41304347826087
        ],
        [
            0.6287492269635128,
            0.3578720225744876,
            140.1046511627907
        ],
        [
            0.6296175220660346,
            0.35054145419125654,
            143.05737704918033
        ],
        [
            0.6308994708994708,
            0.3288100208768267,
            149.6875
        ],
        [
            0.6309836544074723,
            0.33399137237698323,
            147.06451612903226
        ]
    ]
}