{
    "rgb_colors": [
        [
            234.70238095238096,
            225.9404761904762,
            192.79761904761904
        ],
        [
            232.4,
            226.25,
            192.98333333333332
        ],
        [
            234.96850393700788,
            228.85826771653544,
            195.79133858267716
        ],
        [
            232.125,
            224.25,
            190.375
        ],
        [
            233.80898876404495,
            227.5,
            194.41573033707866
        ],
        [
            237.69014084507043,
            228.9718309859155,
            195.95774647887325
        ],
        [
            239.15384615384616,
            230.46153846153845,
            197.69230769230768
        ],
        [
            236.48322147651007,
            227.5771812080537,
            194.4295302013423
        ],
        [
            236.9189189189189,
            230.77027027027026,
            197.8108108108108
        ],
        [
            227.5,
            219.5,
            183.5
        ]
    ],
    "hex_colors": [
        "#eae1c0",
        "#e8e2c0",
        "#eae4c3",
        "#e8e0be",
        "#e9e3c2",
        "#ede4c3",
        "#efe6c5",
        "#ece3c2",
        "#ece6c5",
        "#e3dbb7"
    ],
    "hsl_color_values": [
        [
            0.13181818181818186,
            0.17854425564291157,
            234.70238095238096
        ],
        [
            0.14066243833685693,
            0.1696069994262766,
            232.4
        ],
        [
            0.14067262921649415,
            0.16673368854931142,
            234.96850393700788
        ],
        [
            0.13522954091816367,
            0.17985998922994076,
            232.125
        ],
        [
            0.13997432972047916,
            0.1684847902349945,
            233.80898876404495
        ],
        [
            0.13184835189560126,
            0.17557478075373312,
            237.69014084507043
        ],
        [
            0.13172541743970312,
            0.17336764232872315,
            239.15384615384616
        ],
        [
            0.13137035854878182,
            0.17782949256442274,
            236.48322147651007
        ],
        [
            0.14046302695231513,
            0.16506958704083957,
            236.9189189189189
        ],
        [
            0.13636363636363635,
            0.1934065934065934,
            227.5
        ]
    ]
}