{
    "rgb_colors": [
        [
            64.25443786982248,
            72.25443786982248,
            101.74556213017752
        ],
        [
            63.214285714285715,
            71.21428571428571,
            100.78571428571429
        ],
        [
            60.924324324324324,
            68.92432432432432,
            98.26486486486486
        ],
        [
            65.22689075630252,
            73.22689075630252,
            102.77310924369748
        ],
        [
            70.4375,
            78.4375,
            107.9375
        ],
        [
            66.39583333333333,
            74.39583333333333,
            104.25694444444444
        ],
        [
            58.84905660377358,
            66.84905660377359,
            95.90566037735849
        ],
        [
            62.0,
            70.0,
            100.0
        ],
        [
            63.0,
            71.0,
            99.0
        ],
        [
            68.26666666666667,
            76.26666666666667,
            105.76666666666667
        ]
    ],
    "hex_colors": [
        "#404865",
        "#3f4764",
        "#3c4462",
        "#414966",
        "#464e6b",
        "#424a68",
        "#3a425f",
        "#3e4664",
        "#3f4763",
        "#444c69"
    ],
    "hsl_color_values": [
        [
            0.6311026936026937,
            0.36847920907240483,
            101.74556213017752
        ],
        [
            0.6311787072243346,
            0.37278525868178597,
            100.78571428571429
        ],
        [
            0.6309592742713762,
            0.37999889982947355,
            98.26486486486486
        ],
        [
            0.631154879140555,
            0.36533115290269824,
            102.77310924369748
        ],
        [
            0.6311111111111112,
            0.3474232773595831,
            107.9375
        ],
        [
            0.6314502323306432,
            0.36315193498967563,
            104.25694444444444
        ],
        [
            0.6306856754921927,
            0.38638599252409994,
            95.90566037735849
        ],
        [
            0.6315789473684211,
            0.38,
            100.0
        ],
        [
            0.6296296296296297,
            0.36363636363636365,
            99.0
        ],
        [
            0.6311111111111112,
            0.35455404979514654,
            105.76666666666667
        ]
    ]
}