{
    "rgb_colors": [
        [
            116.8019801980198,
            200.69306930693068,
            79.93069306930693
        ],
        [
            118.33980582524272,
            201.3640776699029,
            83.29611650485437
        ],
        [
            127.8,
            210.6,
            93.4
        ],
        [
            116.40796019900498,
            199.33333333333334,
            81.65671641791045
        ],
        [
            120.17105263157895,
            203.06578947368422,
            85.03947368421052
        ],
        [
            114.05263157894737,
            197.21052631578948,
            79.04385964912281
        ],
        [
            121.86440677966101,
            205.74576271186442,
            84.54237288135593
        ],
        [
            136.75,
            219.0,
            105.5
        ],
        [
            119.28378378378379,
            203.1216216216216,
            81.8963963963964
        ],
        [
            124.80555555555556,
            208.13888888888889,
            81.80555555555556
        ]
    ],
    "hex_colors": [
        "#74c84f",
        "#76c953",
        "#7fd25d",
        "#74c751",
        "#78cb55",
        "#72c54f",
        "#79cd54",
        "#88db69",
        "#77cb51",
        "#7cd051"
    ],
    "hsl_color_values": [
        [
            0.2824465032385013,
            0.6017266896891958,
            200.69306930693068
        ],
        [
            0.28386508784913517,
            0.5863407343120947,
            201.3640776699029
        ],
        [
            0.2844141069397042,
            0.5565052231718898,
            210.6
        ],
        [
            0.2841147705012754,
            0.5903509209803824,
            199.33333333333334
        ],
        [
            0.28372352285395763,
            0.5812220566318927,
            203.06578947368422
        ],
        [
            0.2839556578328755,
            0.5991904634818966,
            197.21052631578948
        ],
        [
            0.2820118398359204,
            0.589093006013675,
            205.74576271186442
        ],
        [
            0.28744493392070486,
            0.5182648401826484,
            219.0
        ],
        [
            0.2819312326595323,
            0.5968110349721686,
            203.1216216216216
        ],
        [
            0.27660510114335973,
            0.6069665020685974,
            208.13888888888889
        ]
    ]
}