{
    "rgb_colors": [
        [
            39.03076923076923,
            70.82307692307693,
            134.77307692307693
        ],
        [
            43.032786885245905,
            73.32786885245902,
            137.0
        ],
        [
            40.02884615384615,
            72.79807692307692,
            133.89423076923077
        ],
        [
            42.022222222222226,
            72.03333333333333,
            135.9111111111111
        ],
        [
            42.648648648648646,
            72.5945945945946,
            134.24324324324326
        ],
        [
            39.94285714285714,
            70.57142857142857,
            132.05714285714285
        ],
        [
            47.285714285714285,
            77.28571428571429,
            137.57142857142858
        ],
        [
            41.09756097560975,
            70.97560975609755,
            134.8780487804878
        ],
        [
            40.281976744186046,
            72.2296511627907,
            136.15406976744185
        ],
        [
            52.5,
            82.25,
            142.5
        ]
    ],
    "hex_colors": [
        "#274686",
        "#2b4989",
        "#284885",
        "#2a4887",
        "#2a4886",
        "#274684",
        "#2f4d89",
        "#294686",
        "#284888",
        "#34528e"
    ],
    "hsl_color_values": [
        [
            0.6113231296616184,
            0.7103963927970092,
            134.77307692307693
        ],
        [
            0.6129332402884392,
            0.6858920665310517,
            137.0
        ],
        [
            0.608481868469576,
            0.7010412926391382,
            133.89423076923077
        ],
        [
            0.6133925049309665,
            0.6908109875735774,
            135.9111111111111
        ],
        [
            0.6121766499459035,
            0.6823032011274411,
            134.24324324324326
        ],
        [
            0.6112489660876758,
            0.6975335352661185,
            132.05714285714285
        ],
        [
            0.6112869198312235,
            0.6562824506749741,
            137.57142857142858
        ],
        [
            0.6135674035543998,
            0.6952983725135624,
            134.8780487804878
        ],
        [
            0.611127956337174,
            0.7041441595319939,
            136.15406976744185
        ],
        [
            0.611574074074074,
            0.631578947368421,
            142.5
        ]
    ]
}