{
    "rgb_colors": [
        [
            69.0,
            84.0,
            122.0
        ],
        [
            70.0,
            82.0,
            121.0
        ],
        [
            73.27083333333333,
            85.27083333333333,
            124.27083333333333
        ],
        [
            66.44604316546763,
            81.33812949640287,
            119.37410071942446
        ],
        [
            68.0,
            83.0,
            121.0
        ],
        [
            71.0,
            86.0,
            124.0
        ],
        [
            68.68478260869566,
            80.68478260869566,
            119.68478260869566
        ],
        [
            71.51923076923077,
            83.51923076923077,
            122.51923076923077
        ],
        [
            72.42647058823529,
            87.29411764705883,
            125.33823529411765
        ],
        [
            70.0,
            85.0,
            123.0
        ]
    ],
    "hex_colors": [
        "#45547a",
        "#465279",
        "#49557c",
        "#425177",
        "#445379",
        "#47567c",
        "#445077",
        "#47537a",
        "#48577d",
        "#46557b"
    ],
    "hsl_color_values": [
        [
            0.619496855345912,
            0.4344262295081967,
            122.0
        ],
        [
            0.6274509803921569,
            0.4214876033057851,
            121.0
        ],
        [
            0.6274509803921569,
            0.4103939647946354,
            124.27083333333333
        ],
        [
            0.6197725522178424,
            0.44337973844392214,
            119.37410071942446
        ],
        [
            0.619496855345912,
            0.4380165289256198,
            121.0
        ],
        [
            0.619496855345912,
            0.4274193548387097,
            124.0
        ],
        [
            0.6274509803921569,
            0.4261193352102443,
            119.68478260869566
        ],
        [
            0.6274509803921569,
            0.41626118348767854,
            122.51923076923077
        ],
        [
            0.6198350935705021,
            0.4221518244749502,
            125.33823529411765
        ],
        [
            0.619496855345912,
            0.43089430894308944,
            123.0
        ]
    ]
}