{
    "rgb_colors": [
        [
            98.0,
            107.0,
            145.0
        ],
        [
            99.0,
            108.0,
            146.0
        ],
        [
            100.0,
            109.0,
            147.0
        ],
        [
            97.0,
            106.0,
            144.0
        ],
        [
            95.0,
            104.0,
            142.0
        ],
        [
            94.0,
            103.0,
            141.0
        ],
        [
            93.0,
            102.0,
            140.0
        ],
        [
            96.0,
            105.0,
            143.0
        ],
        [
            91.60714285714286,
            100.60714285714286,
            138.60714285714286
        ],
        [
            101.13793103448276,
            110.13793103448276,
            148.13793103448276
        ]
    ],
    "hex_colors": [
        "#626b91",
        "#636c92",
        "#646d93",
        "#616a90",
        "#5f688e",
        "#5e678d",
        "#5d668c",
        "#60698f",
        "#5b648a",
        "#656e94"
    ],
    "hsl_color_values": [
        [
            0.6347517730496454,
            0.32413793103448274,
            145.0
        ],
        [
            0.6347517730496454,
            0.3219178082191781,
            146.0
        ],
        [
            0.6347517730496454,
            0.3197278911564626,
            147.0
        ],
        [
            0.6347517730496454,
            0.3263888888888889,
            144.0
        ],
        [
            0.6347517730496454,
            0.33098591549295775,
            142.0
        ],
        [
            0.6347517730496454,
            0.3333333333333333,
            141.0
        ],
        [
            0.6347517730496454,
            0.3357142857142857,
            140.0
        ],
        [
            0.6347517730496454,
            0.32867132867132864,
            143.0
        ],
        [
            0.6347517730496454,
            0.33908786395258955,
            138.60714285714286
        ],
        [
            0.6347517730496454,
            0.31727188081936686,
            148.13793103448276
        ]
    ]
}