{
    "rgb_colors": [
        [
            69.57591623036649,
            77.57591623036649,
            109.15706806282722
        ],
        [
            64.49350649350649,
            72.49350649350649,
            103.59740259740259
        ],
        [
            71.55319148936171,
            79.55319148936171,
            111.44680851063829
        ],
        [
            66.31891891891892,
            74.31891891891892,
            105.0
        ],
        [
            62.567567567567565,
            70.56756756756756,
            100.83783783783784
        ],
        [
            60.0,
            68.0,
            98.44444444444444
        ],
        [
            73.82926829268293,
            81.82926829268293,
            113.63414634146342
        ],
        [
            67.975,
            75.975,
            107.415
        ],
        [
            71.4390243902439,
            79.4390243902439,
            109.4390243902439
        ],
        [
            68.0,
            76.0,
            106.0
        ]
    ],
    "hex_colors": [
        "#454d6d",
        "#404867",
        "#474f6f",
        "#424a69",
        "#3e4664",
        "#3c4462",
        "#495171",
        "#434b6b",
        "#474f6d",
        "#444c6a"
    ],
    "hsl_color_values": [
        [
            0.6329805996472663,
            0.3626073192958895,
            109.15706806282722
        ],
        [
            0.6325694675080261,
            0.3774601980694497,
            103.59740259740259
        ],
        [
            0.6332444444444444,
            0.3579610538373424,
            111.44680851063829
        ],
        [
            0.6321967579653438,
            0.3683912483912483,
            105.0
        ],
        [
            0.6318267419962336,
            0.379522916108282,
            100.83783783783784
        ],
        [
            0.6319845857418112,
            0.39051918735891644,
            98.44444444444444
        ],
        [
            0.6331699346405228,
            0.3502897617514488,
            113.63414634146342
        ],
        [
            0.6328600405679513,
            0.36717404459339953,
            107.415
        ],
        [
            0.6315789473684211,
            0.34722531758413194,
            109.4390243902439
        ],
        [
            0.6315789473684211,
            0.3584905660377358,
            106.0
        ]
    ]
}