{
    "rgb_colors": [
        [
            25.010893246187365,
            46.00435729847494,
            137.0
        ],
        [
            24.057471264367816,
            45.01724137931034,
            135.98850574712642
        ],
        [
            26.005347593582886,
            47.0,
            138.0
        ],
        [
            25.0,
            46.0,
            136.0
        ],
        [
            25.03846153846154,
            44.0,
            136.0
        ],
        [
            26.0,
            47.0,
            137.0
        ],
        [
            27.0,
            46.0,
            137.93333333333334
        ],
        [
            23.363636363636363,
            44.0,
            135.0
        ],
        [
            27.05,
            47.95,
            138.7
        ],
        [
            26.025641025641026,
            45.0,
            136.94871794871796
        ]
    ],
    "hex_colors": [
        "#192e89",
        "#182d87",
        "#1a2f8a",
        "#192e88",
        "#192c88",
        "#1a2f89",
        "#1b2e89",
        "#172c87",
        "#1b2f8a",
        "#1a2d88"
    ],
    "hsl_color_values": [
        [
            0.635423354019545,
            0.8174387354292894,
            137.0
        ],
        [
            0.6354573149859656,
            0.8230918772715746,
            135.98850574712642
        ],
        [
            0.6354231326298366,
            0.8115554522204139,
            138.0
        ],
        [
            0.6351351351351351,
            0.8161764705882353,
            136.0
        ],
        [
            0.6381860196418255,
            0.815893665158371,
            136.0
        ],
        [
            0.6351351351351351,
            0.8102189781021898,
            137.0
        ],
        [
            0.6381209935897436,
            0.8042532624456259,
            137.93333333333334
        ],
        [
            0.63585776330076,
            0.826936026936027,
            135.0
        ],
        [
            0.6354679802955664,
            0.8049747656813266,
            138.7
        ],
        [
            0.6381568808753274,
            0.8099606815203145,
            136.94871794871796
        ]
    ]
}