{
    "rgb_colors": [
        [
            42.58333333333333,
            73.33333333333333,
            152.33333333333334
        ],
        [
            32.25714285714286,
            64.20714285714286,
            143.5
        ],
        [
            29.196202531645568,
            61.04746835443038,
            140.5126582278481
        ],
        [
            31.086776859504134,
            62.67768595041322,
            142.1900826446281
        ],
        [
            24.875,
            56.65,
            136.25
        ],
        [
            48.0,
            78.4,
            155.8
        ],
        [
            34.18055555555556,
            65.65277777777777,
            145.15277777777777
        ],
        [
            65.0,
            96.0,
            170.0
        ],
        [
            27.502890173410407,
            59.23699421965318,
            138.64161849710982
        ],
        [
            37.434782608695656,
            68.3913043478261,
            147.91304347826087
        ]
    ],
    "hex_colors": [
        "#2a4998",
        "#20408f",
        "#1d3d8c",
        "#1f3e8e",
        "#183888",
        "#304e9b",
        "#224191",
        "#4160aa",
        "#1b3b8a",
        "#254493"
    ],
    "hsl_color_values": [
        [
            0.619969627942293,
            0.7204595185995624,
            152.33333333333334
        ],
        [
            0.6187984247249689,
            0.7752115480338476,
            143.5
        ],
        [
            0.6189779015995756,
            0.7922165668213144,
            140.5126582278481
        ],
        [
            0.619276974002306,
            0.78137169427492,
            142.1900826446281
        ],
        [
            0.6191170968948746,
            0.8174311926605504,
            136.25
        ],
        [
            0.6196660482374767,
            0.6919127086007703,
            155.8
        ],
        [
            0.6193992490613267,
            0.7645201416132428,
            145.15277777777777
        ],
        [
            0.6174603174603175,
            0.6176470588235294,
            170.0
        ],
        [
            0.6190773391584751,
            0.8016260162601626,
            138.64161849710982
        ],
        [
            0.6199658926931654,
            0.7469135802469136,
            147.91304347826087
        ]
    ]
}