{
    "rgb_colors": [
        [
            63.854304635761586,
            91.02649006622516,
            200.35761589403972
        ],
        [
            63.4,
            90.3,
            197.175
        ],
        [
            68.61290322580645,
            95.96774193548387,
            206.48387096774195
        ],
        [
            60.69655172413793,
            87.76551724137931,
            195.5241379310345
        ],
        [
            62.01075268817204,
            88.91397849462365,
            195.91397849462365
        ],
        [
            58.255102040816325,
            85.10204081632654,
            190.46938775510205
        ],
        [
            65.93137254901961,
            93.07843137254902,
            203.0
        ],
        [
            59.77514792899408,
            86.66863905325444,
            193.28994082840237
        ],
        [
            62.13157894736842,
            89.03508771929825,
            198.50877192982455
        ],
        [
            56.292682926829265,
            82.95121951219512,
            186.8292682926829
        ]
    ],
    "hex_colors": [
        "#3f5bc8",
        "#3f5ac5",
        "#445fce",
        "#3c57c3",
        "#3e58c3",
        "#3a55be",
        "#415dcb",
        "#3b56c1",
        "#3e59c6",
        "#3852ba"
    ],
    "hsl_color_values": [
        [
            0.633490199883563,
            0.6812983407152773,
            200.35761589403972
        ],
        [
            0.6331526817417306,
            0.6784582223912767,
            197.175
        ],
        [
            0.6335985025737014,
            0.667708170598344,
            206.48387096774195
        ],
        [
            0.6332054560954816,
            0.6895700328030758,
            195.5241379310345
        ],
        [
            0.6331807596563076,
            0.6834796926454446,
            195.91397849462365
        ],
        [
            0.6328239561626919,
            0.6941497910639666,
            190.46938775510205
        ],
        [
            0.63365758291014,
            0.6752149135516275,
            203.0
        ],
        [
            0.6330954913431425,
            0.6907487907916489,
            193.28994082840237
        ],
        [
            0.6337878690422589,
            0.6870083959346002,
            198.50877192982455
        ],
        [
            0.6326295465869457,
            0.6986945169712794,
            186.8292682926829
        ]
    ]
}