{
    "rgb_colors": [
        [
            122.375,
            207.8641304347826,
            86.48913043478261
        ],
        [
            123.6140350877193,
            209.64912280701753,
            85.84210526315789
        ],
        [
            119.38271604938272,
            202.7037037037037,
            84.50617283950618
        ],
        [
            128.06060606060606,
            215.0909090909091,
            90.86363636363636
        ],
        [
            120.72115384615384,
            206.23076923076923,
            84.90384615384616
        ],
        [
            117.37777777777778,
            201.24444444444444,
            82.13333333333333
        ],
        [
            124.7,
            210.575,
            88.16666666666667
        ],
        [
            130.34782608695653,
            217.7826086956522,
            93.65217391304348
        ],
        [
            119.03571428571429,
            204.6875,
            83.08928571428571
        ],
        [
            126.3125,
            212.734375,
            89.265625
        ]
    ],
    "hex_colors": [
        "#7acf56",
        "#7bd155",
        "#77ca54",
        "#80d75a",
        "#78ce54",
        "#75c952",
        "#7cd258",
        "#82d95d",
        "#77cc53",
        "#7ed459"
    ],
    "hsl_color_values": [
        [
            0.2840564784549023,
            0.5839150783067952,
            207.8641304347826
        ],
        [
            0.28248547541448205,
            0.5905439330543933,
            209.64912280701753
        ],
        [
            0.2841550031334865,
            0.5831049393994762,
            202.7037037037037
        ],
        [
            0.2834288734398504,
            0.5775570583262891,
            215.0909090909091
        ],
        [
            0.28413113541501556,
            0.5883066020141737,
            206.23076923076923
        ],
        [
            0.2840174129353234,
            0.5918727915194346,
            201.24444444444444
        ],
        [
            0.2835908956815758,
            0.581305156515889,
            210.575
        ],
        [
            0.2840630472854641,
            0.5699740467159113,
            217.7826086956522
        ],
        [
            0.2840639302934626,
            0.5940676117775354,
            204.6875
        ],
        [
            0.283324896650637,
            0.5803892765332354,
            212.734375
        ]
    ]
}