{
    "rgb_colors": [
        [
            127.75583864118896,
            208.44585987261146,
            79.7452229299363
        ],
        [
            9.372340425531917,
            46.93617021276596,
            102.27659574468085
        ],
        [
            16.67685589519651,
            52.956331877729255,
            126.08733624454149
        ],
        [
            161.19354838709677,
            231.09677419354838,
            127.93548387096774
        ],
        [
            96.0,
            149.33333333333334,
            115.88888888888889
        ],
        [
            136.125,
            194.875,
            130.25
        ],
        [
            12.555555555555557,
            48.15079365079366,
            117.33333333333333
        ],
        [
            25.130434782608695,
            67.21739130434783,
            112.08695652173913
        ],
        [
            54.15384615384615,
            103.6923076923077,
            104.84615384615384
        ],
        [
            141.25,
            219.65,
            91.15
        ]
    ],
    "hex_colors": [
        "#7fd04f",
        "#092e66",
        "#10347e",
        "#a1e77f",
        "#609573",
        "#88c282",
        "#0c3075",
        "#194370",
        "#366768",
        "#8ddb5b"
    ],
    "hsl_color_values": [
        [
            0.27115983151319195,
            0.6174295667053719,
            208.44585987261146
        ],
        [
            0.599278598419787,
            0.9083628042438111,
            102.27659574468085
        ],
        [
            0.6114015831836626,
            0.8677356791577198,
            126.08733624454149
        ],
        [
            0.27960183447988324,
            0.44639865996649913,
            231.09677419354838
        ],
        [
            0.39548611111111115,
            0.3571428571428572,
            149.33333333333334
        ],
        [
            0.3181818181818182,
            0.33162283515073765,
            194.875
        ],
        [
            0.6100464576074333,
            0.8929924242424242,
            117.33333333333333
        ],
        [
            0.586,
            0.7757951900698217,
            112.08695652173913
        ],
        [
            0.503793626707132,
            0.483492296404989,
            104.84615384615384
        ],
        [
            0.2683527885862516,
            0.585021625312998,
            219.65
        ]
    ]
}