{
    "rgb_colors": [
        [
            91.09638554216868,
            103.0,
            142.0
        ],
        [
            93.11965811965813,
            105.0,
            144.0
        ],
        [
            86.61764705882354,
            98.41176470588235,
            137.41176470588235
        ],
        [
            99.33333333333333,
            110.88888888888889,
            149.88888888888889
        ],
        [
            95.16923076923077,
            107.0,
            146.0
        ],
        [
            92.15131578947368,
            104.0,
            143.0
        ],
        [
            90.10071942446044,
            101.9568345323741,
            140.9568345323741
        ],
        [
            88.63703703703703,
            100.57037037037037,
            139.57037037037037
        ],
        [
            96.81481481481481,
            108.45679012345678,
            147.45679012345678
        ],
        [
            94.17592592592592,
            106.0,
            145.0
        ]
    ],
    "hex_colors": [
        "#5b678e",
        "#5d6990",
        "#566289",
        "#636e95",
        "#5f6b92",
        "#5c688f",
        "#5a658c",
        "#58648b",
        "#606c93",
        "#5e6a91"
    ],
    "hsl_color_values": [
        [
            0.6276923076923078,
            0.35847615815374173,
            142.0
        ],
        [
            0.6277507139257518,
            0.35333570750237414,
            144.0
        ],
        [
            0.6279675738274465,
            0.36964897260273966,
            137.41176470588235
        ],
        [
            0.6285714285714286,
            0.3372868791697554,
            149.88888888888889
        ],
        [
            0.6278753026634383,
            0.34815595363540575,
            146.0
        ],
        [
            0.6278302497088886,
            0.3555852042694148,
            143.0
        ],
        [
            0.62781157165087,
            0.3607921196345633,
            140.9568345323741
        ],
        [
            0.6276178010471204,
            0.36492941301348053,
            139.57037037037037
        ],
        [
            0.6283520234032179,
            0.34343603482920293,
            147.45679012345678
        ],
        [
            0.627892147932228,
            0.3505108556832695,
            145.0
        ]
    ]
}