{
    "rgb_colors": [
        [
            89.0,
            88.0919540229885,
            109.816091954023
        ],
        [
            81.44117647058823,
            80.76470588235294,
            101.58823529411765
        ],
        [
            79.5952380952381,
            79.5,
            96.88095238095238
        ],
        [
            83.77272727272727,
            83.77272727272727,
            101.74242424242425
        ],
        [
            84.57594936708861,
            83.66455696202532,
            105.39873417721519
        ],
        [
            90.55,
            89.71,
            111.19
        ],
        [
            88.0,
            87.10434782608695,
            108.79130434782608
        ],
        [
            86.55363321799308,
            85.65051903114187,
            107.32525951557093
        ],
        [
            93.02380952380952,
            92.02380952380952,
            114.02380952380952
        ],
        [
            83.0,
            82.0,
            104.0
        ]
    ],
    "hex_colors": [
        "#59586d",
        "#515065",
        "#4f4f60",
        "#535365",
        "#545369",
        "#5a596f",
        "#58576c",
        "#56556b",
        "#5d5c72",
        "#535268"
    ],
    "hsl_color_values": [
        [
            0.6736331569664903,
            0.19782290140255396,
            109.816091954023
        ],
        [
            0.672080979284369,
            0.20497973364215405,
            101.58823529411765
        ],
        [
            0.6675799086757991,
            0.17940525927746373,
            96.88095238095238
        ],
        [
            0.6666666666666666,
            0.17661950856291897,
            101.74242424242425
        ],
        [
            0.6736556008542031,
            0.2062090914549931,
            105.39873417721519
        ],
        [
            0.6731843575418995,
            0.1931828401834698,
            111.19
        ],
        [
            0.6735498529804865,
            0.1993445767724403,
            108.79130434782608
        ],
        [
            0.6736111111111112,
            0.20195376728890607,
            107.32525951557093
        ],
        [
            0.6742424242424242,
            0.19294215911463772,
            114.02380952380952
        ],
        [
            0.6742424242424242,
            0.21153846153846154,
            104.0
        ]
    ]
}