{
    "rgb_colors": [
        [
            63.13725490196079,
            70.84313725490196,
            106.07843137254902
        ],
        [
            76.16666666666667,
            86.16666666666667,
            122.16666666666667
        ],
        [
            67.17154811715481,
            77.17154811715481,
            113.17154811715481
        ],
        [
            69.0,
            76.0,
            111.0
        ],
        [
            61.42857142857143,
            68.42857142857143,
            103.42857142857143
        ],
        [
            69.54362416107382,
            79.54362416107382,
            115.54362416107382
        ],
        [
            71.0,
            78.0,
            113.0
        ],
        [
            66.76470588235294,
            74.68627450980392,
            109.99346405228758
        ],
        [
            64.98019801980197,
            72.87128712871286,
            108.16831683168317
        ],
        [
            72.05128205128204,
            81.9551282051282,
            117.92307692307692
        ]
    ],
    "hex_colors": [
        "#3f466a",
        "#4c567a",
        "#434d71",
        "#454c6f",
        "#3d4467",
        "#454f73",
        "#474e71",
        "#424a6d",
        "#40486c",
        "#485175"
    ],
    "hsl_color_values": [
        [
            0.6367579908675799,
            0.40480591497227353,
            106.07843137254902
        ],
        [
            0.6304347826086957,
            0.3765347885402455,
            122.16666666666667
        ],
        [
            0.6304347826086957,
            0.4064625850340136,
            113.17154811715481
        ],
        [
            0.6388888888888888,
            0.3783783783783784,
            111.0
        ],
        [
            0.6388888888888888,
            0.40607734806629836,
            103.42857142857143
        ],
        [
            0.6304347826086957,
            0.39811802973977695,
            115.54362416107382
        ],
        [
            0.6388888888888888,
            0.37168141592920356,
            113.0
        ],
        [
            0.6361253905856264,
            0.39301206251114146,
            109.99346405228758
        ],
        [
            0.6362142747974935,
            0.3992677345537758,
            108.16831683168317
        ],
        [
            0.6306828768399478,
            0.3889976081756904,
            117.92307692307692
        ]
    ]
}