{
    "rgb_colors": [
        [
            79.74509803921569,
            88.74509803921569,
            128.7450980392157
        ],
        [
            89.05882352941177,
            98.05882352941177,
            138.05882352941177
        ],
        [
            81.0,
            90.0,
            130.0
        ],
        [
            83.0,
            92.0,
            132.0
        ],
        [
            82.0,
            91.0,
            131.0
        ],
        [
            86.0,
            95.0,
            135.0
        ],
        [
            87.2991452991453,
            96.2991452991453,
            136.2991452991453
        ],
        [
            84.0,
            93.0,
            133.0
        ],
        [
            92.16666666666667,
            101.16666666666667,
            141.16666666666666
        ],
        [
            85.0,
            94.0,
            134.0
        ]
    ],
    "hex_colors": [
        "#4f5880",
        "#59628a",
        "#515a82",
        "#535c84",
        "#525b83",
        "#565f87",
        "#576088",
        "#545d85",
        "#5c658d",
        "#555e86"
    ],
    "hsl_color_values": [
        [
            0.6360544217687075,
            0.3805970149253731,
            128.7450980392157
        ],
        [
            0.6360544217687075,
            0.35492117596932254,
            138.05882352941177
        ],
        [
            0.6360544217687075,
            0.3769230769230769,
            130.0
        ],
        [
            0.6360544217687075,
            0.3712121212121212,
            132.0
        ],
        [
            0.6360544217687075,
            0.37404580152671757,
            131.0
        ],
        [
            0.6360544217687075,
            0.362962962962963,
            135.0
        ],
        [
            0.6360544217687075,
            0.3595033548629836,
            136.2991452991453
        ],
        [
            0.6360544217687075,
            0.3684210526315789,
            133.0
        ],
        [
            0.6360544217687075,
            0.3471074380165288,
            141.16666666666666
        ],
        [
            0.6360544217687075,
            0.3656716417910448,
            134.0
        ]
    ]
}