{
    "rgb_colors": [
        [
            72.08852459016393,
            86.87868852459016,
            124.5016393442623
        ],
        [
            77.11363636363636,
            91.79545454545455,
            128.4318181818182
        ],
        [
            76.61797752808988,
            88.80898876404494,
            125.21348314606742
        ],
        [
            69.04901960784314,
            84.04901960784314,
            121.91176470588235
        ],
        [
            70.13157894736842,
            85.1140350877193,
            122.86842105263158
        ],
        [
            65.5,
            80.5,
            118.43333333333334
        ],
        [
            67.64545454545454,
            82.64545454545454,
            120.64545454545454
        ],
        [
            74.6413043478261,
            89.6413043478261,
            126.66304347826087
        ],
        [
            81.82,
            94.14,
            130.6
        ],
        [
            79.93181818181819,
            91.38636363636364,
            128.1590909090909
        ]
    ],
    "hex_colors": [
        "#48567c",
        "#4d5b80",
        "#4c587d",
        "#455479",
        "#46557a",
        "#415076",
        "#435278",
        "#4a597e",
        "#515e82",
        "#4f5b80"
    ],
    "hsl_color_values": [
        [
            0.6196359314400101,
            0.420983330260975,
            124.5016393442623
        ],
        [
            0.6189843519338648,
            0.3995752964077155,
            128.4318181818182
        ],
        [
            0.6248554913294798,
            0.3881012203876526,
            125.21348314606742
        ],
        [
            0.6193743818001978,
            0.43361479694410937,
            121.91176470588235
        ],
        [
            0.6193169217121314,
            0.4292139644463482,
            122.86842105263158
        ],
        [
            0.6194374475230898,
            0.4469462426118773,
            118.43333333333334
        ],
        [
            0.619496855345912,
            0.439303745007912,
            120.64545454545454
        ],
        [
            0.6186098342387519,
            0.4107096884922337,
            126.66304347826087
        ],
        [
            0.6245729123957906,
            0.3735068912710567,
            130.6
        ],
        [
            0.6270813697769401,
            0.37630785600283734,
            128.1590909090909
        ]
    ]
}