{
    "rgb_colors": [
        [
            30.09387755102041,
            65.99591836734695,
            143.86122448979592
        ],
        [
            29.146067415730336,
            64.98314606741573,
            142.92134831460675
        ],
        [
            31.03076923076923,
            66.95384615384616,
            143.43076923076924
        ],
        [
            27.9,
            63.8125,
            141.5875
        ],
        [
            30.096774193548388,
            65.24193548387096,
            141.51612903225808
        ],
        [
            36.25,
            71.75,
            149.25
        ],
        [
            44.83333333333333,
            79.83333333333333,
            155.66666666666666
        ],
        [
            32.22727272727273,
            65.26363636363637,
            142.61818181818182
        ],
        [
            31.511904761904763,
            66.95238095238095,
            144.875
        ],
        [
            32.65909090909091,
            68.36363636363636,
            146.1590909090909
        ]
    ],
    "hex_colors": [
        "#1e418f",
        "#1d408e",
        "#1f428f",
        "#1b3f8d",
        "#1e418d",
        "#244795",
        "#2c4f9b",
        "#20418e",
        "#1f4290",
        "#204492"
    ],
    "hsl_color_values": [
        [
            0.6140709647328957,
            0.7908131419168132,
            143.86122448979592
        ],
        [
            0.6141697939298177,
            0.7960691823899372,
            142.92134831460675
        ],
        [
            0.613399945250479,
            0.7836533304730237,
            143.43076923076924
        ],
        [
            0.6140186915887851,
            0.8029487066301757,
            141.5875
        ],
        [
            0.6140947693495464,
            0.7873261910189195,
            141.51612903225808
        ],
        [
            0.6143067846607669,
            0.7571189279731994,
            149.25
        ],
        [
            0.6140350877192983,
            0.7119914346895075,
            155.66666666666666
        ],
        [
            0.616788822092289,
            0.7740311065782765,
            142.61818181818182
        ],
        [
            0.6145620022753128,
            0.7824890094087679,
            144.875
        ],
        [
            0.6142370845014017,
            0.7765510807028456,
            146.1590909090909
        ]
    ]
}