{
    "rgb_colors": [
        [
            82.22047244094489,
            92.1732283464567,
            124.74803149606299
        ],
        [
            7.3125,
            13.75,
            39.9375
        ],
        [
            118.58064516129033,
            121.90322580645162,
            145.23655913978496
        ],
        [
            57.113402061855666,
            66.62886597938144,
            101.61855670103093
        ],
        [
            72.94736842105263,
            83.16267942583733,
            118.377990430622
        ],
        [
            29.28,
            36.6,
            63.76
        ],
        [
            104.58095238095238,
            110.0,
            136.64761904761906
        ],
        [
            64.62886597938144,
            74.66494845360825,
            110.55670103092784
        ],
        [
            93.975,
            101.19166666666666,
            131.30833333333334
        ],
        [
            0.7368421052631646,
            1.94736842105263,
            19.94736842105263
        ]
    ],
    "hex_colors": [
        "#525c7c",
        "#070d27",
        "#767991",
        "#394265",
        "#485376",
        "#1d243f",
        "#686e88",
        "#404a6e",
        "#5d6583",
        "#000113"
    ],
    "hsl_color_values": [
        [
            0.6276615441584892,
            0.34090765637821113,
            124.74803149606299
        ],
        [
            0.6337803320561942,
            0.8169014084507042,
            39.9375
        ],
        [
            0.645892160817534,
            0.18353446361146072,
            145.23655913978496
        ],
        [
            0.6310323527140761,
            0.43796286902708736,
            101.61855670103093
        ],
        [
            0.6291908021765842,
            0.38377591851582393,
            118.377990430622
        ],
        [
            0.6312838360402165,
            0.5407779171894604,
            63.76
        ],
        [
            0.6385011385011384,
            0.23466685252299976,
            136.64761904761906
        ],
        [
            0.630246913580247,
            0.41542334949645654,
            110.55670103092784
        ],
        [
            0.6344494047619048,
            0.2843180808529543,
            131.30833333333334
        ],
        [
            0.6561643835616439,
            0.9630606860158308,
            19.94736842105263
        ]
    ]
}