{
    "rgb_colors": [
        [
            32.0,
            66.0,
            189.0
        ],
        [
            64.92178770949721,
            94.27932960893855,
            205.48603351955308
        ],
        [
            60.266666666666666,
            88.25555555555556,
            198.0888888888889
        ],
        [
            63.92619926199262,
            92.69372693726937,
            203.55719557195573
        ],
        [
            67.29032258064517,
            96.35483870967742,
            207.25806451612902
        ],
        [
            82.8,
            110.1,
            216.7
        ],
        [
            61.77914110429448,
            89.84049079754601,
            200.3680981595092
        ],
        [
            57.375,
            85.5625,
            195.8125
        ],
        [
            62.797814207650276,
            91.3224043715847,
            202.12568306010928
        ],
        [
            121.5,
            146.5,
            218.5
        ]
    ],
    "hex_colors": [
        "#2042bd",
        "#405ecd",
        "#3c58c6",
        "#3f5ccb",
        "#4360cf",
        "#526ed8",
        "#3d59c8",
        "#3955c3",
        "#3e5bca",
        "#7992da"
    ],
    "hsl_color_values": [
        [
            0.6305732484076433,
            0.8306878306878307,
            189.0
        ],
        [
            0.6318575043387252,
            0.6840574193899189,
            205.48603351955308
        ],
        [
            0.6328200580457916,
            0.695759479470496,
            198.0888888888889
        ],
        [
            0.6323291050035236,
            0.6859546080777319,
            203.55719557195573
        ],
        [
            0.6320580778981332,
            0.6753307392996107,
            207.25806451612902
        ],
        [
            0.6326860841423949,
            0.6179049377018919,
            216.7
        ],
        [
            0.6329201711671831,
            0.6916717697489284,
            200.3680981595092
        ],
        [
            0.6327313769751693,
            0.7069901053303543,
            195.8125
        ],
        [
            0.6325450052947406,
            0.689313039011598,
            202.12568306010928
        ],
        [
            0.6237113402061856,
            0.4439359267734554,
            218.5
        ]
    ]
}