{
    "rgb_colors": [
        [
            88.53125,
            97.75,
            127.34375
        ],
        [
            79.9327731092437,
            90.3529411764706,
            119.54621848739495
        ],
        [
            86.44516129032257,
            95.81935483870967,
            125.36129032258064
        ],
        [
            77.94545454545454,
            88.34545454545454,
            117.54545454545455
        ],
        [
            83.43165467625899,
            94.43165467625899,
            123.43165467625899
        ],
        [
            82.64601769911505,
            90.64601769911505,
            120.64601769911505
        ],
        [
            86.0,
            94.0,
            124.0
        ],
        [
            85.0,
            93.0,
            123.0
        ],
        [
            84.0,
            92.0,
            122.0
        ],
        [
            81.51677852348993,
            92.51677852348993,
            121.51677852348993
        ]
    ],
    "hex_colors": [
        "#58617f",
        "#4f5a77",
        "#565f7d",
        "#4d5875",
        "#535e7b",
        "#525a78",
        "#565e7c",
        "#555d7b",
        "#545c7a",
        "#515c79"
    ],
    "hsl_color_values": [
        [
            0.6270799785292539,
            0.3047852760736196,
            127.34375
        ],
        [
            0.6228256257955027,
            0.33136510614368053,
            119.54621848739495
        ],
        [
            0.6265196728558798,
            0.31043178426226137,
            125.36129032258064
        ],
        [
            0.6228956228956228,
            0.33689095127610214,
            117.54545454545455
        ],
        [
            0.6208333333333332,
            0.32406597890074024,
            123.43165467625899
        ],
        [
            0.6315789473684211,
            0.31497102618645934,
            120.64601769911505
        ],
        [
            0.6315789473684211,
            0.3064516129032258,
            124.0
        ],
        [
            0.6315789473684211,
            0.3089430894308943,
            123.0
        ],
        [
            0.6315789473684211,
            0.3114754098360656,
            122.0
        ],
        [
            0.6208333333333332,
            0.3291726499502927,
            121.51677852348993
        ]
    ]
}