{
    "rgb_colors": [
        [
            73.91525423728814,
            77.08474576271186,
            101.0
        ],
        [
            76.87719298245614,
            80.12280701754386,
            104.0
        ],
        [
            70.89010989010988,
            74.1098901098901,
            98.0
        ],
        [
            68.66666666666667,
            71.93333333333334,
            95.8
        ],
        [
            75.88793103448276,
            79.11206896551724,
            103.0
        ],
        [
            74.87662337662337,
            78.12337662337663,
            102.0
        ],
        [
            72.9010989010989,
            76.0989010989011,
            100.0
        ],
        [
            71.89873417721519,
            75.10126582278481,
            99.0
        ],
        [
            78.38709677419355,
            81.70967741935483,
            105.54838709677419
        ],
        [
            69.83720930232558,
            73.16279069767442,
            97.0
        ]
    ],
    "hex_colors": [
        "#494d65",
        "#4c5068",
        "#464a62",
        "#44475f",
        "#4b4f67",
        "#4a4e66",
        "#484c64",
        "#474b63",
        "#4e5169",
        "#454961"
    ],
    "hsl_color_values": [
        [
            0.6471631205673759,
            0.2681657996308105,
            101.0
        ],
        [
            0.6467227253126347,
            0.26079622132253716,
            104.0
        ],
        [
            0.6468720443183353,
            0.27663153173357263,
            98.0
        ],
        [
            0.6466011466011466,
            0.2832289491997216,
            95.8
        ],
        [
            0.6468468468468469,
            0.2632239705390023,
            103.0
        ],
        [
            0.6467161439629718,
            0.2659154570919277,
            102.0
        ],
        [
            0.6469991889699919,
            0.27098901098901096,
            100.0
        ],
        [
            0.6469718200217968,
            0.2737501598261092,
            99.0
        ],
        [
            0.6462787015043547,
            0.25733496332518335,
            105.54838709677419
        ],
        [
            0.6462614155251142,
            0.28002877007911775,
            97.0
        ]
    ]
}