{
    "rgb_colors": [
        [
            228.32222222222222,
            226.7111111111111,
            113.38888888888889
        ],
        [
            229.70238095238096,
            228.42857142857142,
            114.86904761904762
        ],
        [
            234.3111111111111,
            235.2888888888889,
            118.4
        ],
        [
            230.80152671755727,
            230.34351145038167,
            116.51908396946565
        ],
        [
            232.4090909090909,
            233.00757575757575,
            116.97727272727273
        ],
        [
            227.17460317460316,
            226.015873015873,
            110.85714285714286
        ],
        [
            233.3984375,
            233.4765625,
            119.578125
        ],
        [
            235.625,
            235.64423076923077,
            121.5
        ],
        [
            230.72727272727272,
            231.0681818181818,
            114.47727272727273
        ],
        [
            229.19130434782608,
            228.8608695652174,
            112.6
        ]
    ],
    "hex_colors": [
        "#e4e271",
        "#e5e472",
        "#eaeb76",
        "#e6e674",
        "#e8e974",
        "#e3e26e",
        "#e9e977",
        "#ebeb79",
        "#e6e772",
        "#e5e470"
    ],
    "hsl_color_values": [
        [
            0.16433036865171435,
            0.5033821597158012,
            228.32222222222222
        ],
        [
            0.16481788651599968,
            0.4999222596527598,
            229.70238095238096
        ],
        [
            0.16806083650190118,
            0.4967888175292784,
            235.2888888888889
        ],
        [
            0.1659987086144323,
            0.4951546221266744,
            230.80152671755727
        ],
        [
            0.16752633411682769,
            0.49796794225704716,
            233.00757575757575
        ],
        [
            0.16500636826783116,
            0.5120178870877585,
            227.17460317460316
        ],
        [
            0.16678098635022978,
            0.48783670737828344,
            233.4765625
        ],
        [
            0.16669474630050826,
            0.4843922144693353,
            235.64423076923077
        ],
        [
            0.16715399610136453,
            0.5045736205370316,
            231.0681818181818
        ],
        [
            0.16619431185361974,
            0.508707364267557,
            229.19130434782608
        ]
    ]
}