{
    "rgb_colors": [
        [
            65.03571428571429,
            80.03571428571429,
            117.96428571428571
        ],
        [
            74.76666666666667,
            89.76666666666667,
            127.76666666666667
        ],
        [
            72.29452054794521,
            87.29452054794521,
            125.29452054794521
        ],
        [
            70.0,
            85.0,
            123.0
        ],
        [
            63.68421052631579,
            78.6842105263158,
            116.47368421052632
        ],
        [
            71.0,
            86.0,
            124.0
        ],
        [
            68.0,
            83.0,
            121.0
        ],
        [
            67.0,
            82.0,
            120.0
        ],
        [
            66.01449275362319,
            81.01449275362319,
            118.98550724637681
        ],
        [
            69.0,
            84.0,
            122.0
        ]
    ],
    "hex_colors": [
        "#415075",
        "#4a597f",
        "#48577d",
        "#46557b",
        "#3f4e74",
        "#47567c",
        "#445379",
        "#435278",
        "#425176",
        "#45547a"
    ],
    "hsl_color_values": [
        [
            0.6194331983805669,
            0.44868301544050854,
            117.96428571428571
        ],
        [
            0.619496855345912,
            0.41481867988520743,
            127.76666666666667
        ],
        [
            0.619496855345912,
            0.42300333460886674,
            125.29452054794521
        ],
        [
            0.619496855345912,
            0.43089430894308944,
            123.0
        ],
        [
            0.6193087404453307,
            0.45323090826931767,
            116.47368421052632
        ],
        [
            0.619496855345912,
            0.4274193548387097,
            124.0
        ],
        [
            0.619496855345912,
            0.4380165289256198,
            121.0
        ],
        [
            0.619496855345912,
            0.44166666666666665,
            120.0
        ],
        [
            0.6194710442316461,
            0.4451887941534714,
            118.98550724637681
        ],
        [
            0.619496855345912,
            0.4344262295081967,
            122.0
        ]
    ]
}