{
    "rgb_colors": [
        [
            61.4,
            79.4,
            151.2
        ],
        [
            43.26315789473684,
            61.26315789473684,
            132.89473684210526
        ],
        [
            47.516666666666666,
            68.45,
            139.36666666666667
        ],
        [
            48.00751879699248,
            66.0,
            137.91729323308272
        ],
        [
            46.05988023952096,
            64.07185628742515,
            135.76047904191617
        ],
        [
            46.03333333333333,
            66.8,
            137.8
        ],
        [
            47.08839779005525,
            65.03314917127072,
            136.86187845303868
        ],
        [
            49.01111111111111,
            67.07777777777778,
            138.9111111111111
        ],
        [
            50.60919540229885,
            68.9080459770115,
            140.72413793103448
        ],
        [
            44.65079365079365,
            62.75396825396825,
            134.47222222222223
        ]
    ],
    "hex_colors": [
        "#3d4f97",
        "#2b3d84",
        "#2f448b",
        "#304289",
        "#2e4087",
        "#2e4289",
        "#2f4188",
        "#31438a",
        "#32448c",
        "#2c3e86"
    ],
    "hsl_color_values": [
        [
            0.6332590942835932,
            0.5939153439153438,
            151.2
        ],
        [
            0.6331963202192209,
            0.6744554455445544,
            132.89473684210526
        ],
        [
            0.6286820298796347,
            0.6590528581679025,
            139.36666666666667
        ],
        [
            0.6333138205943022,
            0.6519108106634683,
            137.91729323308272
        ],
        [
            0.6331998219848688,
            0.6607268877911079,
            135.76047904191617
        ],
        [
            0.628950236106066,
            0.6659409772617321,
            137.8
        ],
        [
            0.6333517960079594,
            0.6559421927983208,
            136.86187845303868
        ],
        [
            0.6331726609813373,
            0.6471764517677171,
            138.9111111111111
        ],
        [
            0.6328231292517007,
            0.6403659233847913,
            140.72413793103448
        ],
        [
            0.6330756203519622,
            0.6679552630802373,
            134.47222222222223
        ]
    ]
}