{
    "rgb_colors": [
        [
            25.642241379310345,
            57.422413793103445,
            136.94396551724137
        ],
        [
            24.210526315789473,
            57.1140350877193,
            135.90350877192984
        ],
        [
            22.308823529411764,
            54.60294117647059,
            133.85294117647058
        ],
        [
            41.33333333333333,
            72.66666666666667,
            151.66666666666666
        ],
        [
            27.88679245283019,
            59.367924528301884,
            138.89622641509433
        ],
        [
            25.068376068376068,
            55.99145299145299,
            135.9059829059829
        ],
        [
            23.390243902439025,
            55.646341463414636,
            134.9329268292683
        ],
        [
            26.753086419753085,
            58.29012345679013,
            137.89506172839506
        ],
        [
            35.0,
            67.0,
            146.0
        ],
        [
            29.431372549019606,
            61.07843137254902,
            140.58823529411765
        ]
    ],
    "hex_colors": [
        "#193988",
        "#183987",
        "#163685",
        "#294897",
        "#1b3b8a",
        "#193787",
        "#173786",
        "#1a3a89",
        "#234392",
        "#1d3d8c"
    ],
    "hsl_color_values": [
        [
            0.6190780471432628,
            0.8127537691605552,
            136.94396551724137
        ],
        [
            0.6175685227361973,
            0.82185503130446,
            135.90350877192984
        ],
        [
            0.6184135354867063,
            0.8333333333333333,
            133.85294117647058
        ],
        [
            0.6193353474320241,
            0.7274725274725274,
            151.66666666666666
        ],
        [
            0.6194017166652502,
            0.7992257012837057,
            138.89622641509433
        ],
        [
            0.620167592021386,
            0.8155461920633923,
            135.9059829059829
        ],
        [
            0.6184697243025564,
            0.8266528085317909,
            134.9329268292683
        ],
        [
            0.6193742478941034,
            0.8059895250458838,
            137.89506172839506
        ],
        [
            0.6186186186186187,
            0.7602739726027398,
            146.0
        ],
        [
            0.6192156170988415,
            0.7906555090655508,
            140.58823529411765
        ]
    ]
}