{
    "rgb_colors": [
        [
            125.91891891891892,
            191.54054054054055,
            122.48648648648648
        ],
        [
            19.310679611650485,
            41.25242718446602,
            107.2621359223301
        ],
        [
            88.25,
            126.75,
            108.75
        ],
        [
            20.264705882352942,
            45.64705882352941,
            68.91176470588235
        ],
        [
            51.714285714285715,
            90.0,
            87.14285714285714
        ],
        [
            10.824675324675319,
            29.07142857142857,
            76.84740259740259
        ],
        [
            25.111111111111114,
            50.51690821256039,
            130.44927536231884
        ],
        [
            134.60384615384618,
            206.62692307692308,
            129.27307692307693
        ],
        [
            0.1904761904761969,
            25.80952380952381,
            57.523809523809526
        ],
        [
            164.76923076923077,
            221.12820512820514,
            166.87179487179486
        ]
    ],
    "hex_colors": [
        "#7dbf7a",
        "#13296b",
        "#587e6c",
        "#142d44",
        "#335a57",
        "#0a1d4c",
        "#193282",
        "#86ce81",
        "#001939",
        "#a4dda6"
    ],
    "hsl_color_values": [
        [
            0.32504892367906063,
            0.3605192606180331,
            191.54054054054055
        ],
        [
            0.6250873900724878,
            0.819967414916727,
            107.2621359223301
        ],
        [
            0.42207792207792205,
            0.3037475345167653,
            126.75
        ],
        [
            0.5797057638049173,
            0.7059325650874946,
            68.91176470588235
        ],
        [
            0.48756218905472637,
            0.4253968253968254,
            90.0
        ],
        [
            0.6206048684534055,
            0.8591406481051166,
            76.84740259740259
        ],
        [
            0.6264694641901705,
            0.8075028700514757,
            130.44927536231884
        ],
        [
            0.32184765314240255,
            0.3743647972004542,
            206.62692307692308
        ],
        [
            0.5921926910299004,
            0.9966887417218542,
            57.523809523809526
        ],
        [
            0.33955110706703057,
            0.25487012987012986,
            221.12820512820514
        ]
    ]
}