{
    "rgb_colors": [
        [
            59.0,
            62.05714285714286,
            86.02857142857142
        ],
        [
            66.93589743589743,
            70.3974358974359,
            94.16666666666667
        ],
        [
            77.06060606060606,
            81.4090909090909,
            104.73484848484848
        ],
        [
            75.22826086956522,
            79.25,
            102.73913043478261
        ],
        [
            68.95652173913044,
            73.05217391304348,
            96.50434782608696
        ],
        [
            70.45348837209302,
            74.54651162790698,
            98.0
        ],
        [
            71.85781990521328,
            76.2132701421801,
            99.53554502369668
        ],
        [
            63.513513513513516,
            66.64864864864865,
            90.58108108108108
        ],
        [
            73.55294117647058,
            78.17647058823529,
            101.36470588235294
        ],
        [
            79.90322580645162,
            84.51612903225806,
            107.70967741935483
        ]
    ],
    "hex_colors": [
        "#3b3e56",
        "#42465e",
        "#4d5168",
        "#4b4f66",
        "#444960",
        "#464a62",
        "#474c63",
        "#3f425a",
        "#494e65",
        "#4f546b"
    ],
    "hsl_color_values": [
        [
            0.647815362931642,
            0.3141813351046164,
            86.02857142857142
        ],
        [
            0.6454802259887006,
            0.28917631041524855,
            94.16666666666667
        ],
        [
            0.6404781458162242,
            0.26423146473779385,
            104.73484848484848
        ],
        [
            0.6423021203740288,
            0.2677740160812526,
            102.73913043478261
        ],
        [
            0.6418876262626263,
            0.2854568390701027,
            96.50434782608696
        ],
        [
            0.6419023497959757,
            0.2810868533459896,
            98.0
        ],
        [
            0.640439497716895,
            0.27806875535663267,
            99.53554502369668
        ],
        [
            0.6473622898984855,
            0.29882142324332384,
            90.58108108108108
        ],
        [
            0.6389593908629442,
            0.2743732590529248,
            101.36470588235294
        ],
        [
            0.6390177880897139,
            0.25816112608565434,
            107.70967741935483
        ]
    ]
}