{
    "rgb_colors": [
        [
            44.122727272727275,
            67.0,
            133.94545454545454
        ],
        [
            46.0,
            69.0,
            135.93157894736842
        ],
        [
            42.03703703703704,
            64.96296296296296,
            131.96296296296296
        ],
        [
            48.0,
            71.0,
            137.9056603773585
        ],
        [
            43.11340206185567,
            66.0,
            132.91752577319588
        ],
        [
            45.092369477911646,
            68.0,
            134.9156626506024
        ],
        [
            49.0,
            71.18181818181819,
            137.9090909090909
        ],
        [
            47.04761904761905,
            69.0,
            135.9047619047619
        ],
        [
            49.25,
            72.08333333333333,
            139.08333333333334
        ],
        [
            47.09722222222222,
            70.0,
            136.89583333333334
        ]
    ],
    "hex_colors": [
        "#2c4385",
        "#2e4587",
        "#2a4083",
        "#304789",
        "#2b4284",
        "#2d4486",
        "#314789",
        "#2f4587",
        "#31488b",
        "#2f4688"
    ],
    "hsl_color_values": [
        [
            0.6242177352698075,
            0.6705918284240532,
            133.94545454545454
        ],
        [
            0.6240416691051677,
            0.6615944554148759,
            135.93157894736842
        ],
        [
            0.624176276771005,
            0.6814482177939938,
            131.96296296296296
        ],
        [
            0.6240293809024134,
            0.6519359693528526,
            137.9056603773585
        ],
        [
            0.6241916350973864,
            0.6756379430698828,
            132.91752577319588
        ],
        [
            0.6241616739694179,
            0.6657736500565578,
            134.9156626506024
        ],
        [
            0.6250852079072938,
            0.6446934739617667,
            137.9090909090909
        ],
        [
            0.6254912468738835,
            0.6538192011212333,
            135.9047619047619
        ],
        [
            0.62430426716141,
            0.6458957459556621,
            139.08333333333334
        ],
        [
            0.6241589977573274,
            0.6559630700552934,
            136.89583333333334
        ]
    ]
}