{
    "rgb_colors": [
        [
            56.62162162162162,
            67.62162162162163,
            104.5081081081081
        ],
        [
            53.11464968152866,
            64.11464968152866,
            100.59235668789809
        ],
        [
            54.91139240506329,
            65.9113924050633,
            102.48101265822785
        ],
        [
            48.31111111111111,
            59.31111111111111,
            95.8
        ],
        [
            60.035294117647055,
            71.03529411764706,
            107.92941176470589
        ],
        [
            58.5,
            69.5,
            106.34756097560975
        ],
        [
            45.0,
            56.0,
            92.57142857142857
        ],
        [
            64.45,
            75.45,
            112.35
        ],
        [
            50.85263157894737,
            61.85263157894737,
            98.13684210526316
        ],
        [
            61.833333333333336,
            72.83333333333333,
            109.76851851851852
        ]
    ],
    "hex_colors": [
        "#384368",
        "#354064",
        "#364166",
        "#303b5f",
        "#3c476b",
        "#3a456a",
        "#2d385c",
        "#404b70",
        "#323d62",
        "#3d486d"
    ],
    "hsl_color_values": [
        [
            0.6283816834104677,
            0.45820833764352953,
            104.5081081081081
        ],
        [
            0.6280520525892138,
            0.4719812575191541,
            100.59235668789809
        ],
        [
            0.62812666311868,
            0.46417984189723327,
            102.48101265822785
        ],
        [
            0.6280611449071908,
            0.4957086522848527,
            95.8
        ],
        [
            0.6283877835093753,
            0.4437540876389798,
            107.92941176470589
        ],
        [
            0.6283505373603501,
            0.44991686256521984,
            106.34756097560975
        ],
        [
            0.6281281281281282,
            0.5138888888888888,
            92.57142857142857
        ],
        [
            0.6283924843423799,
            0.42634623943035155,
            112.35
        ],
        [
            0.6278940338379341,
            0.481819156923737,
            98.13684210526316
        ],
        [
            0.6284205781984419,
            0.4366933783213834,
            109.76851851851852
        ]
    ]
}