{
    "rgb_colors": [
        [
            78.63333333333334,
            88.63333333333334,
            120.63333333333333
        ],
        [
            74.0,
            84.0,
            116.0
        ],
        [
            73.6917808219178,
            84.6917808219178,
            113.6917808219178
        ],
        [
            77.0,
            88.0,
            117.0
        ],
        [
            79.48076923076923,
            90.48076923076923,
            119.48076923076923
        ],
        [
            75.98206278026906,
            85.98206278026906,
            117.98206278026906
        ],
        [
            76.0,
            87.0,
            116.0
        ],
        [
            78.0,
            89.0,
            118.0
        ],
        [
            72.29310344827586,
            82.62068965517241,
            113.63793103448276
        ],
        [
            75.0,
            86.0,
            115.0
        ]
    ],
    "hex_colors": [
        "#4e5878",
        "#4a5474",
        "#495471",
        "#4d5875",
        "#4f5a77",
        "#4b5575",
        "#4c5774",
        "#4e5976",
        "#485271",
        "#4b5673"
    ],
    "hsl_color_values": [
        [
            0.626984126984127,
            0.3481624758220502,
            120.63333333333333
        ],
        [
            0.626984126984127,
            0.3620689655172414,
            116.0
        ],
        [
            0.6208333333333332,
            0.35182842339899995,
            113.6917808219178
        ],
        [
            0.6208333333333332,
            0.3418803418803419,
            117.0
        ],
        [
            0.6208333333333332,
            0.3347819089006921,
            119.48076923076923
        ],
        [
            0.626984126984127,
            0.35598631698973776,
            117.98206278026906
        ],
        [
            0.6208333333333332,
            0.3448275862068966,
            116.0
        ],
        [
            0.6208333333333332,
            0.3389830508474576,
            118.0
        ],
        [
            0.6250347511815401,
            0.36382946442118047,
            113.63793103448276
        ],
        [
            0.6208333333333332,
            0.34782608695652173,
            115.0
        ]
    ]
}