{
    "rgb_colors": [
        [
            31.833333333333332,
            67.83333333333333,
            139.5
        ],
        [
            10.125,
            53.5,
            126.875
        ],
        [
            24.307692307692307,
            62.32388663967611,
            134.08097165991902
        ],
        [
            26.5,
            64.28260869565217,
            135.69565217391303
        ],
        [
            18.819444444444443,
            58.791666666666664,
            128.68055555555554
        ],
        [
            23.007326007326007,
            61.201465201465204,
            132.6886446886447
        ],
        [
            41.5,
            73.0,
            140.0
        ],
        [
            20.738805970149254,
            61.11194029850746,
            130.19402985074626
        ],
        [
            21.885964912280702,
            59.75,
            131.64912280701753
        ],
        [
            52.875,
            86.0,
            154.375
        ]
    ],
    "hex_colors": [
        "#1f438b",
        "#0a357e",
        "#183e86",
        "#1a4087",
        "#123a80",
        "#173d84",
        "#29498c",
        "#143d82",
        "#153b83",
        "#34569a"
    ],
    "hsl_color_values": [
        [
            0.6109391124871001,
            0.7718040621266428,
            139.5
        ],
        [
            0.6047466095645967,
            0.9201970443349754,
            126.875
        ],
        [
            0.6089474072434905,
            0.8187088592306299,
            134.08097165991902
        ],
        [
            0.6089986064105116,
            0.8047100288369112,
            135.69565217391303
        ],
        [
            0.6060261272650654,
            0.8537506745817594,
            128.68055555555554
        ],
        [
            0.6086286165937503,
            0.8266066696113074,
            132.6886446886447
        ],
        [
            0.6133671742808798,
            0.7035714285714286,
            140.0
        ],
        [
            0.6051907911183837,
            0.8407084718560128,
            130.19402985074626
        ],
        [
            0.6091731266149871,
            0.8337553304904052,
            131.64912280701753
        ],
        [
            0.6122742200328407,
            0.6574898785425102,
            154.375
        ]
    ]
}