{
    "rgb_colors": [
        [
            56.23809523809524,
            79.21164021164022,
            184.83597883597884
        ],
        [
            79.47619047619048,
            105.0952380952381,
            216.66666666666666
        ],
        [
            59.93854748603352,
            83.04469273743017,
            189.5977653631285
        ],
        [
            64.11904761904762,
            89.02380952380952,
            198.6904761904762
        ],
        [
            52.43835616438356,
            75.46575342465754,
            180.83561643835617
        ],
        [
            57.52156862745098,
            80.54117647058824,
            186.65098039215687
        ],
        [
            54.63917525773196,
            77.64432989690722,
            183.26288659793815
        ],
        [
            74.2258064516129,
            99.93548387096774,
            211.80645161290323
        ],
        [
            69.5,
            95.1,
            206.43333333333334
        ],
        [
            86.5,
            112.2,
            223.5
        ]
    ],
    "hex_colors": [
        "#384fb8",
        "#4f69d8",
        "#3b53bd",
        "#4059c6",
        "#344bb4",
        "#3950ba",
        "#364db7",
        "#4a63d3",
        "#455fce",
        "#5670df"
    ],
    "hsl_color_values": [
        [
            0.636892271823356,
            0.6957405393026851,
            184.83597883597884
        ],
        [
            0.6355432141617494,
            0.6331868131868131,
            216.66666666666666
        ],
        [
            0.6369655449753687,
            0.6838646944428075,
            189.5977653631285
        ],
        [
            0.6358221278603445,
            0.6772917914919113,
            198.6904761904762
        ],
        [
            0.6367758455137095,
            0.7100219680327249,
            180.83561643835617
        ],
        [
            0.636955377389051,
            0.6918228422556517,
            186.65098039215687
        ],
        [
            0.6368572917084118,
            0.7018535707253959,
            183.26288659793815
        ],
        [
            0.6355216881594372,
            0.6495583307950046,
            211.80645161290323
        ],
        [
            0.6355079519636483,
            0.6633295656386242,
            206.43333333333334
        ],
        [
            0.6354014598540146,
            0.6129753914988815,
            223.5
        ]
    ]
}