{
    "rgb_colors": [
        [
            47.80952380952381,
            75.33333333333333,
            180.57142857142858
        ],
        [
            62.979166666666664,
            89.4375,
            193.35416666666666
        ],
        [
            56.56880733944954,
            83.38532110091744,
            187.39908256880733
        ],
        [
            95.0,
            120.25,
            217.5
        ],
        [
            76.3,
            102.0,
            204.3
        ],
        [
            54.64066852367688,
            81.48467966573816,
            185.44289693593313
        ],
        [
            59.03448275862069,
            85.68103448275862,
            189.6206896551724
        ],
        [
            52.678391959798994,
            79.57286432160804,
            183.55778894472363
        ],
        [
            113.0,
            136.0,
            226.0
        ],
        [
            67.97297297297297,
            94.27027027027027,
            197.8918918918919
        ]
    ],
    "hex_colors": [
        "#2f4bb4",
        "#3e59c1",
        "#3853bb",
        "#5f78d9",
        "#4c66cc",
        "#3651b9",
        "#3b55bd",
        "#344fb7",
        "#7188e2",
        "#435ec5"
    ],
    "hsl_color_values": [
        [
            0.6321138211382115,
            0.7352320675105485,
            180.57142857142858
        ],
        [
            0.6328432939171194,
            0.6742807887081134,
            193.35416666666666
        ],
        [
            0.6325047041361337,
            0.6981372237045015,
            187.39908256880733
        ],
        [
            0.632312925170068,
            0.5632183908045977,
            217.5
        ],
        [
            0.633203125,
            0.6265296133137542,
            204.3
        ],
        [
            0.632462342234905,
            0.7053504371075795,
            185.44289693593313
        ],
        [
            0.6326577766041721,
            0.6886706673940716,
            189.6206896551724
        ],
        [
            0.6324182504639406,
            0.713014673674989,
            183.55778894472363
        ],
        [
            0.6327433628318584,
            0.5,
            226.0
        ],
        [
            0.6329311420844602,
            0.656514613493581,
            197.8918918918919
        ]
    ]
}