{
    "rgb_colors": [
        [
            58.75714285714286,
            69.71428571428571,
            103.84285714285714
        ],
        [
            71.73529411764706,
            83.55882352941177,
            119.63235294117646
        ],
        [
            63.93788819875776,
            75.03105590062111,
            110.95031055900621
        ],
        [
            54.86538461538461,
            65.51923076923077,
            99.66346153846153
        ],
        [
            66.14423076923077,
            77.73076923076923,
            113.73076923076923
        ],
        [
            51.7962962962963,
            62.16666666666667,
            95.35185185185185
        ],
        [
            61.63057324840764,
            72.62420382165605,
            108.1656050955414
        ],
        [
            59.642201834862384,
            70.57798165137615,
            106.26605504587155
        ],
        [
            56.86842105263158,
            67.69736842105263,
            102.30263157894737
        ],
        [
            68.54545454545455,
            80.32231404958678,
            116.35537190082644
        ]
    ],
    "hex_colors": [
        "#3a4567",
        "#475377",
        "#3f4b6e",
        "#364163",
        "#424d71",
        "#333e5f",
        "#3d486c",
        "#3b466a",
        "#384366",
        "#445074"
    ],
    "hsl_color_values": [
        [
            0.6261618081960288,
            0.4341725134131242,
            103.84285714285714
        ],
        [
            0.6255245113089756,
            0.4003687768899815,
            119.63235294117646
        ],
        [
            0.6273395869115251,
            0.4237250181940324,
            110.95031055900621
        ],
        [
            0.6270301209129284,
            0.44949348769898695,
            99.66346153846153
        ],
        [
            0.6260860779955547,
            0.41841393304024344,
            113.73076923076923
        ],
        [
            0.626984126984127,
            0.4567877257719945,
            95.35185185185185
        ],
        [
            0.6272926361894333,
            0.43022023318808145,
            108.1656050955414
        ],
        [
            0.627574445756264,
            0.4387464387464387,
            106.26605504587155
        ],
        [
            0.6269427550921903,
            0.4441157556270096,
            102.30263157894737
        ],
        [
            0.6256122154998559,
            0.4108956602031394,
            116.35537190082644
        ]
    ]
}