{
    "rgb_colors": [
        [
            135.25,
            135.5,
            148.5
        ],
        [
            84.9920424403183,
            88.60212201591511,
            120.6790450928382
        ],
        [
            193.28571428571428,
            191.85714285714283,
            200.85714285714283
        ],
        [
            55.87096774193549,
            58.903225806451616,
            80.70967741935485
        ],
        [
            250.8,
            248.85000000000002,
            251.85
        ],
        [
            76.70796460176992,
            80.64601769911505,
            108.47787610619469
        ],
        [
            31.81818181818182,
            33.45454545454545,
            53.27272727272727
        ],
        [
            3.8636363636363598,
            4.954545454545453,
            23.045454545454547
        ],
        [
            81.4798927613941,
            85.04825737265415,
            116.93565683646112
        ],
        [
            67.6,
            71.41818181818182,
            94.38181818181818
        ]
    ],
    "hex_colors": [
        "#878794",
        "#545878",
        "#c1bfc8",
        "#373a50",
        "#faf8fb",
        "#4c506c",
        "#1f2135",
        "#030417",
        "#515574",
        "#43475e"
    ],
    "hsl_color_values": [
        [
            0.6635220125786163,
            0.08922558922558922,
            148.5
        ],
        [
            0.6498067489222535,
            0.2957183049059258,
            120.6790450928382
        ],
        [
            0.6931216931216935,
            0.044807965860597446,
            200.85714285714283
        ],
        [
            0.6463203463203463,
            0.3077537969624301,
            80.70967741935485
        ],
        [
            0.7750000000000004,
            0.011911852293031454,
            251.85
        ],
        [
            0.6460074280408542,
            0.2928699624734866,
            108.47787610619469
        ],
        [
            0.653954802259887,
            0.40273037542662116,
            53.27272727272727
        ],
        [
            0.6571879936808847,
            0.8323471400394479,
            23.045454545454547
        ],
        [
            0.6498928796471329,
            0.3032074649792512,
            116.93565683646112
        ],
        [
            0.6429056347589951,
            0.2837603544596417,
            94.38181818181818
        ]
    ]
}