{
    "rgb_colors": [
        [
            46.21875,
            72.21875,
            146.3125
        ],
        [
            131.35537190082644,
            197.7520661157025,
            121.3801652892562
        ],
        [
            165.8125,
            181.96875,
            179.3125
        ],
        [
            217.21875,
            254.53125,
            196.0
        ],
        [
            0.0,
            0.0,
            105.0625
        ],
        [
            137.03333333333333,
            211.03333333333333,
            112.76666666666667
        ],
        [
            135.34957020057305,
            203.33810888252148,
            124.29799426934098
        ],
        [
            33.59375,
            63.78125,
            147.3125
        ],
        [
            140.00806451612902,
            209.50806451612902,
            129.67741935483872
        ],
        [
            127.73109243697479,
            193.0,
            117.21008403361344
        ]
    ],
    "hex_colors": [
        "#2e4892",
        "#83c579",
        "#a5b5b3",
        "#d9fec4",
        "#000069",
        "#89d370",
        "#87cb7c",
        "#213f93",
        "#8cd181",
        "#7fc175"
    ],
    "hsl_color_values": [
        [
            0.6233739202830679,
            0.6841093549765057,
            146.3125
        ],
        [
            0.3115644050066732,
            0.38620026746907393,
            197.7520661157025
        ],
        [
            0.47259832366215343,
            0.08878584921861583,
            181.96875
        ],
        [
            0.27291332977398114,
            0.2299570288520565,
            254.53125
        ],
        [
            0.6666666666666666,
            1.0,
            105.0625
        ],
        [
            0.29217548620533695,
            0.46564523771915967,
            211.03333333333333
        ],
        [
            0.3100296054619056,
            0.388712745719721,
            203.33810888252148
        ],
        [
            0.6224237427864798,
            0.7719558761137039,
            147.3125
        ],
        [
            0.3117654981984712,
            0.3810385311212902,
            209.50806451612902
        ],
        [
            0.3101969915363861,
            0.39269386511081117,
            193.0
        ]
    ]
}