{
    "rgb_colors": [
        [
            50.40298507462687,
            73.41791044776119,
            143.34328358208955
        ],
        [
            50.00909090909091,
            71.99090909090908,
            144.88181818181818
        ],
        [
            52.431924882629104,
            74.51643192488262,
            147.1737089201878
        ],
        [
            51.03191489361702,
            73.04255319148936,
            145.87234042553192
        ],
        [
            48.60769230769231,
            70.62307692307692,
            143.52307692307693
        ],
        [
            47.50515463917526,
            70.25773195876289,
            140.7319587628866
        ],
        [
            53.58620689655172,
            76.46551724137932,
            146.8448275862069
        ],
        [
            56.31666666666666,
            78.63333333333333,
            150.65
        ],
        [
            49.014084507042256,
            71.95774647887323,
            141.95774647887325
        ],
        [
            54.45161290322581,
            76.55645161290323,
            149.25806451612902
        ]
    ],
    "hex_colors": [
        "#32498f",
        "#324790",
        "#344a93",
        "#334991",
        "#30468f",
        "#2f468c",
        "#354c92",
        "#384e96",
        "#31478d",
        "#364c95"
    ],
    "hsl_color_values": [
        [
            0.6253947861463519,
            0.6483756768013328,
            143.34328358208955
        ],
        [
            0.6280503385716111,
            0.6548283867729184,
            144.88181818181818
        ],
        [
            0.6278163197885696,
            0.6437412275105271,
            147.1737089201878
        ],
        [
            0.627986539540101,
            0.6501604434072344,
            145.87234042553192
        ],
        [
            0.6280087527352297,
            0.6613249008468218,
            143.52307692307693
        ],
        [
            0.6259906373253714,
            0.6624423119185407,
            140.7319587628866
        ],
        [
            0.6257780242805201,
            0.6350827756252202,
            146.8448275862069
        ],
        [
            0.6272379269729093,
            0.6261754618873769,
            150.65
        ],
        [
            0.6255240693034297,
            0.6547276515527334,
            141.95774647887325
        ],
        [
            0.6278070772371555,
            0.635184784957856,
            149.25806451612902
        ]
    ]
}