{
    "rgb_colors": [
        [
            60.12765957446808,
            67.2872340425532,
            101.82978723404256
        ],
        [
            58.908396946564885,
            69.16030534351145,
            104.37404580152672
        ],
        [
            70.6,
            79.48,
            115.0
        ],
        [
            56.873684210526314,
            66.81052631578947,
            101.69473684210526
        ],
        [
            61.0126582278481,
            71.24683544303798,
            106.78481012658227
        ],
        [
            65.3840579710145,
            74.80434782608695,
            110.41304347826087
        ],
        [
            67.96774193548387,
            77.06451612903226,
            112.5
        ],
        [
            64.31292517006803,
            72.91156462585035,
            107.70748299319727
        ],
        [
            55.416666666666664,
            63.80555555555556,
            97.97222222222223
        ],
        [
            63.05072463768116,
            70.14492753623189,
            104.94927536231884
        ]
    ],
    "hex_colors": [
        "#3c4365",
        "#3a4568",
        "#464f73",
        "#384265",
        "#3d476a",
        "#414a6e",
        "#434d70",
        "#40486b",
        "#373f61",
        "#3f4668"
    ],
    "hsl_color_values": [
        [
            0.6380527210884354,
            0.40952778938570833,
            101.82978723404256
        ],
        [
            0.6290855160062682,
            0.4356030132377679,
            104.37404580152672
        ],
        [
            0.6333333333333333,
            0.3860869565217392,
            115.0
        ],
        [
            0.6297166118678565,
            0.44074112410723526,
            101.69473684210526
        ],
        [
            0.629401733038348,
            0.42863916548127073,
            106.78481012658227
        ],
        [
            0.6317991631799164,
            0.4078230622826015,
            110.41304347826087
        ],
        [
            0.6326210310274055,
            0.39584229390681,
            112.5
        ],
        [
            0.6336416366201599,
            0.40289269247773635,
            107.70748299319727
        ],
        [
            0.6338120104438643,
            0.4343634817125036,
            97.97222222222223
        ],
        [
            0.638446904185403,
            0.3992266795553408,
            104.94927536231884
        ]
    ]
}