{
    "rgb_colors": [
        [
            72.0,
            87.0,
            125.0
        ],
        [
            73.0,
            88.0,
            126.0
        ],
        [
            66.62015503875969,
            81.62015503875969,
            119.62015503875969
        ],
        [
            69.0,
            84.0,
            122.0
        ],
        [
            71.0,
            86.0,
            124.0
        ],
        [
            68.0,
            83.0,
            121.0
        ],
        [
            70.0,
            85.0,
            123.0
        ],
        [
            75.5,
            90.5,
            128.5
        ],
        [
            64.47619047619048,
            79.47619047619048,
            117.47619047619048
        ],
        [
            74.0,
            89.0,
            127.0
        ]
    ],
    "hex_colors": [
        "#48577d",
        "#49587e",
        "#425177",
        "#45547a",
        "#47567c",
        "#445379",
        "#46557b",
        "#4b5a80",
        "#404f75",
        "#4a597f"
    ],
    "hsl_color_values": [
        [
            0.619496855345912,
            0.424,
            125.0
        ],
        [
            0.619496855345912,
            0.42063492063492064,
            126.0
        ],
        [
            0.619496855345912,
            0.4430691465232324,
            119.62015503875969
        ],
        [
            0.619496855345912,
            0.4344262295081967,
            122.0
        ],
        [
            0.619496855345912,
            0.4274193548387097,
            124.0
        ],
        [
            0.619496855345912,
            0.4380165289256198,
            121.0
        ],
        [
            0.619496855345912,
            0.43089430894308944,
            123.0
        ],
        [
            0.619496855345912,
            0.41245136186770426,
            128.5
        ],
        [
            0.619496855345912,
            0.4511552492906364,
            117.47619047619048
        ],
        [
            0.619496855345912,
            0.41732283464566927,
            127.0
        ]
    ]
}