{
    "rgb_colors": [
        [
            0.39130434782609314,
            50.0,
            113.47826086956522
        ],
        [
            96.22222222222223,
            150.0,
            120.88888888888889
        ],
        [
            119.99411764705883,
            201.3970588235294,
            92.6735294117647
        ],
        [
            173.62962962962962,
            240.8148148148148,
            147.1851851851852
        ],
        [
            57.42857142857143,
            111.71428571428572,
            109.71428571428571
        ],
        [
            129.23762376237624,
            210.83168316831683,
            99.41584158415841
        ],
        [
            24.452868852459012,
            64.9405737704918,
            136.9405737704918
        ],
        [
            159.83333333333331,
            233.91666666666666,
            123.41666666666667
        ],
        [
            136.45454545454544,
            193.1818181818182,
            137.54545454545456
        ],
        [
            3.5,
            75.0,
            104.83333333333333
        ]
    ],
    "hex_colors": [
        "#003271",
        "#609678",
        "#77c95c",
        "#adf093",
        "#396f6d",
        "#81d263",
        "#184088",
        "#9fe97b",
        "#88c189",
        "#034b68"
    ],
    "hsl_color_values": [
        [
            0.5935537613738306,
            0.996551724137931,
            113.47826086956522
        ],
        [
            0.4097796143250689,
            0.35851851851851846,
            150.0
        ],
        [
            0.29145250590632826,
            0.5398466593647316,
            201.3970588235294
        ],
        [
            0.2862605485232068,
            0.38880344509381726,
            240.8148148148148
        ],
        [
            0.49385964912280694,
            0.48593350383631717,
            111.71428571428572
        ],
        [
            0.2887230071980805,
            0.5284587207664131,
            210.83168316831683
        ],
        [
            0.6066783255000546,
            0.8214344501473956,
            136.9405737704918
        ],
        [
            0.2784062342885873,
            0.47239045244032773,
            233.91666666666666
        ],
        [
            0.3365384615384616,
            0.2936470588235295,
            193.1818181818182
        ],
        [
            0.5490679824561404,
            0.9666136724960255,
            104.83333333333333
        ]
    ]
}