{
    "rgb_colors": [
        [
            87.0,
            94.0,
            131.0
        ],
        [
            83.0,
            90.0,
            127.0
        ],
        [
            82.0,
            89.0,
            126.0
        ],
        [
            85.0,
            92.0,
            129.0
        ],
        [
            86.0,
            93.0,
            130.0
        ],
        [
            88.0,
            95.0,
            132.0
        ],
        [
            84.0,
            91.0,
            128.0
        ],
        [
            89.6969696969697,
            96.6969696969697,
            133.6969696969697
        ],
        [
            80.6969696969697,
            87.6969696969697,
            124.6969696969697
        ],
        [
            92.625,
            99.625,
            136.625
        ]
    ],
    "hex_colors": [
        "#575e83",
        "#535a7f",
        "#52597e",
        "#555c81",
        "#565d82",
        "#585f84",
        "#545b80",
        "#596085",
        "#50577c",
        "#5c6388"
    ],
    "hsl_color_values": [
        [
            0.6401515151515151,
            0.33587786259541985,
            131.0
        ],
        [
            0.6401515151515151,
            0.3464566929133858,
            127.0
        ],
        [
            0.6401515151515151,
            0.3492063492063492,
            126.0
        ],
        [
            0.6401515151515151,
            0.34108527131782945,
            129.0
        ],
        [
            0.6401515151515151,
            0.3384615384615385,
            130.0
        ],
        [
            0.6401515151515151,
            0.3333333333333333,
            132.0
        ],
        [
            0.6401515151515151,
            0.34375,
            128.0
        ],
        [
            0.6401515151515151,
            0.32910244786944687,
            133.6969696969697
        ],
        [
            0.6401515151515151,
            0.3528554070473876,
            124.6969696969697
        ],
        [
            0.6401515151515151,
            0.3220494053064959,
            136.625
        ]
    ]
}