{
    "rgb_colors": [
        [
            71.46666666666667,
            81.46666666666667,
            115.46666666666667
        ],
        [
            74.36206896551724,
            84.36206896551724,
            118.36206896551724
        ],
        [
            68.0,
            78.0,
            112.0
        ],
        [
            73.0,
            83.0,
            117.0
        ],
        [
            67.0,
            77.0,
            111.0
        ],
        [
            70.0,
            80.0,
            114.0
        ],
        [
            76.34782608695652,
            86.34782608695652,
            120.34782608695652
        ],
        [
            62.57142857142857,
            72.57142857142857,
            106.57142857142857
        ],
        [
            69.0,
            79.0,
            113.0
        ],
        [
            65.32758620689656,
            75.32758620689656,
            109.32758620689656
        ]
    ],
    "hex_colors": [
        "#475173",
        "#4a5476",
        "#444e70",
        "#495375",
        "#434d6f",
        "#465072",
        "#4c5678",
        "#3e486a",
        "#454f71",
        "#414b6d"
    ],
    "hsl_color_values": [
        [
            0.6287878787878788,
            0.3810623556581986,
            115.46666666666667
        ],
        [
            0.6287878787878788,
            0.37174071376547707,
            118.36206896551724
        ],
        [
            0.6287878787878788,
            0.39285714285714285,
            112.0
        ],
        [
            0.6287878787878788,
            0.37606837606837606,
            117.0
        ],
        [
            0.6287878787878788,
            0.3963963963963964,
            111.0
        ],
        [
            0.6287878787878788,
            0.38596491228070173,
            114.0
        ],
        [
            0.6287878787878788,
            0.36560693641618497,
            120.34782608695652
        ],
        [
            0.6287878787878788,
            0.4128686327077748,
            106.57142857142857
        ],
        [
            0.6287878787878788,
            0.3893805309734513,
            113.0
        ],
        [
            0.6287878787878788,
            0.4024601797823687,
            109.32758620689656
        ]
    ]
}