{
    "rgb_colors": [
        [
            91.21978021978022,
            99.21978021978022,
            128.05494505494505
        ],
        [
            80.46153846153847,
            88.46153846153847,
            117.93846153846154
        ],
        [
            87.0,
            95.0,
            125.0
        ],
        [
            82.91411042944786,
            90.91411042944786,
            120.19018404907976
        ],
        [
            88.42727272727272,
            96.42727272727272,
            126.42727272727272
        ],
        [
            85.34177215189874,
            93.34177215189874,
            122.65822784810126
        ],
        [
            84.37037037037037,
            92.37037037037037,
            121.62962962962963
        ],
        [
            88.9578947368421,
            96.9578947368421,
            124.9578947368421
        ],
        [
            86.39416058394161,
            94.39416058394161,
            123.60583941605839
        ],
        [
            94.61538461538461,
            102.61538461538461,
            130.76923076923077
        ]
    ],
    "hex_colors": [
        "#5b6380",
        "#505875",
        "#575f7d",
        "#525a78",
        "#58607e",
        "#555d7a",
        "#545c79",
        "#58607c",
        "#565e7b",
        "#5e6682"
    ],
    "hsl_color_values": [
        [
            0.6304693715194909,
            0.2876512486055093,
            128.05494505494505
        ],
        [
            0.6310892172961138,
            0.31776676232715884,
            117.93846153846154
        ],
        [
            0.6315789473684211,
            0.304,
            125.0
        ],
        [
            0.630897520298442,
            0.31014241233219336,
            120.19018404907976
        ],
        [
            0.6315789473684211,
            0.30056805925073704,
            126.42727272727272
        ],
        [
            0.6309362279511533,
            0.30423116615067075,
            122.65822784810126
        ],
        [
            0.630881378396289,
            0.3063337393422656,
            121.62962962962963
        ],
        [
            0.6296296296296297,
            0.2880970432145565,
            124.9578947368421
        ],
        [
            0.6308356218124755,
            0.3010511397189086,
            123.60583941605839
        ],
        [
            0.6297872340425532,
            0.27647058823529413,
            130.76923076923077
        ]
    ]
}