{
    "rgb_colors": [
        [
            175.48888888888888,
            239.48888888888888,
            54.9
        ],
        [
            171.48591549295776,
            236.48591549295776,
            49.485915492957744
        ],
        [
            170.0,
            234.79761904761904,
            48.17857142857143
        ],
        [
            168.59459459459458,
            232.59459459459458,
            48.513513513513516
        ],
        [
            165.32608695652175,
            229.32608695652175,
            43.91304347826087
        ],
        [
            174.20792079207922,
            238.59405940594058,
            52.92079207920792
        ],
        [
            170.55963302752295,
            234.55963302752295,
            50.42201834862385
        ],
        [
            168.11888111888112,
            232.11888111888112,
            46.41958041958042
        ],
        [
            172.6532663316583,
            236.96984924623115,
            51.88442211055276
        ],
        [
            177.97222222222223,
            241.97222222222223,
            57.5
        ]
    ],
    "hex_colors": [
        "#afef36",
        "#abec31",
        "#aaea30",
        "#a8e830",
        "#a5e52b",
        "#aeee34",
        "#aaea32",
        "#a8e82e",
        "#acec33",
        "#b1f139"
    ],
    "hsl_color_values": [
        [
            0.2244527378157668,
            0.7707618075531224,
            239.48888888888888
        ],
        [
            0.22459893048128343,
            0.7907447663857539,
            236.48591549295776
        ],
        [
            0.22453644637237388,
            0.7948080920752421,
            234.79761904761904
        ],
        [
            0.22461214701708024,
            0.791424587497095,
            232.59459459459458
        ],
        [
            0.22419588072067845,
            0.8085126552279837,
            229.32608695652175
        ],
        [
            0.22446186387955702,
            0.7781973607768279,
            238.59405940594058
        ],
        [
            0.2245943567003803,
            0.7850353971916925,
            234.55963302752295
        ],
        [
            0.22410719889537437,
            0.8000180761003826,
            232.11888111888112
        ],
        [
            0.22458279032725162,
            0.7810505333248511,
            236.96984924623115
        ],
        [
            0.22448928374240826,
            0.7623694179772701,
            241.97222222222223
        ]
    ]
}