{
    "rgb_colors": [
        [
            146.3793103448276,
            151.00862068965517,
            170.33620689655172
        ],
        [
            152.39655172413794,
            156.74137931034483,
            175.98275862068965
        ],
        [
            141.49748743718592,
            146.58793969849245,
            166.23618090452263
        ],
        [
            134.22608695652173,
            139.64347826086956,
            159.63478260869564
        ],
        [
            136.78504672897196,
            141.99065420560748,
            161.94392523364485
        ],
        [
            127.56,
            132.72,
            153.4
        ],
        [
            144.22857142857143,
            148.94285714285715,
            168.28571428571428
        ],
        [
            148.73333333333335,
            153.28571428571428,
            172.7047619047619
        ],
        [
            131.2173913043478,
            136.54347826086956,
            156.8913043478261
        ],
        [
            138.79646017699116,
            144.05309734513276,
            163.89380530973452
        ]
    ],
    "hex_colors": [
        "#9297aa",
        "#989caf",
        "#8d92a6",
        "#868b9f",
        "#888da1",
        "#7f8499",
        "#9094a8",
        "#9499ac",
        "#83889c",
        "#8a90a3"
    ],
    "hsl_color_values": [
        [
            0.6344608372316181,
            0.14064476947213922,
            170.33620689655172
        ],
        [
            0.6359649122807017,
            0.13402566865876356,
            175.98275862068965
        ],
        [
            0.6323718599769789,
            0.14881654121701288,
            166.23618090452263
        ],
        [
            0.6311316449920147,
            0.15916766532301999,
            159.63478260869564
        ],
        [
            0.6321817731550272,
            0.1553554939981532,
            161.94392523364485
        ],
        [
            0.6333849329205367,
            0.1684485006518905,
            153.4
        ],
        [
            0.6340063341250989,
            0.14295415959252966,
            168.28571428571428
        ],
        [
            0.6350152297708914,
            0.1388000441160251,
            172.7047619047619
        ],
        [
            0.6320914479254869,
            0.1636414022447001,
            156.8913043478261
        ],
        [
            0.6317583450869769,
            0.15313174946004315,
            163.89380530973452
        ]
    ]
}