{
    "rgb_colors": [
        [
            25.2,
            48.8,
            143.0
        ],
        [
            39.99354838709677,
            60.983870967741936,
            149.80645161290323
        ],
        [
            140.0,
            161.0,
            225.0
        ],
        [
            91.33333333333333,
            112.66666666666666,
            185.66666666666666
        ],
        [
            110.0,
            134.0,
            208.0
        ],
        [
            34.77777777777778,
            56.22222222222222,
            145.88888888888889
        ],
        [
            48.90909090909091,
            69.72727272727273,
            157.63636363636363
        ],
        [
            41.59286775631501,
            62.58098068350669,
            151.4888558692422
        ],
        [
            62.0,
            82.66666666666666,
            167.77777777777777
        ],
        [
            72.0,
            92.0,
            179.5
        ]
    ],
    "hex_colors": [
        "#19308f",
        "#273c95",
        "#8ca1e1",
        "#5b70b9",
        "#6e86d0",
        "#223891",
        "#30459d",
        "#293e97",
        "#3e52a7",
        "#485cb3"
    ],
    "hsl_color_values": [
        [
            0.633276740237691,
            0.8237762237762237,
            143.0
        ],
        [
            0.6348089614789574,
            0.7330318690783807,
            149.80645161290323
        ],
        [
            0.6254901960784314,
            0.37777777777777777,
            225.0
        ],
        [
            0.6289752650176679,
            0.5080789946140036,
            185.66666666666666
        ],
        [
            0.6258503401360543,
            0.47115384615384615,
            208.0
        ],
        [
            0.6345000000000001,
            0.7616146230007617,
            145.88888888888889
        ],
        [
            0.6347547380156074,
            0.6897347174163783,
            157.63636363636363
        ],
        [
            0.6348363980530016,
            0.7254394224733208,
            151.4888558692422
        ],
        [
            0.6341036414565826,
            0.6304635761589403,
            167.77777777777777
        ],
        [
            0.6356589147286821,
            0.5988857938718662,
            179.5
        ]
    ]
}