{
    "rgb_colors": [
        [
            44.18487394957983,
            82.85714285714286,
            168.43697478991598
        ],
        [
            56.23076923076923,
            92.23076923076923,
            176.30769230769232
        ],
        [
            39.492248062015506,
            78.05038759689923,
            163.96511627906978
        ],
        [
            37.45569620253165,
            75.9367088607595,
            161.9493670886076
        ],
        [
            42.411764705882355,
            80.36134453781513,
            168.2436974789916
        ],
        [
            40.646808510638294,
            78.61276595744681,
            166.50212765957446
        ],
        [
            31.799999999999997,
            70.9,
            156.9
        ],
        [
            41.532967032967036,
            80.38461538461539,
            165.2912087912088
        ],
        [
            71.33333333333333,
            107.33333333333333,
            189.5
        ],
        [
            81.0,
            116.66666666666666,
            197.66666666666666
        ]
    ],
    "hex_colors": [
        "#2c52a8",
        "#385cb0",
        "#274ea3",
        "#254ba1",
        "#2a50a8",
        "#284ea6",
        "#1f469c",
        "#2950a5",
        "#476bbd",
        "#5174c5"
    ],
    "hsl_color_values": [
        [
            0.6147932729158212,
            0.7376771103572141,
            168.43697478991598
        ],
        [
            0.6166986974161862,
            0.6810645724258291,
            176.30769230769232
        ],
        [
            0.61503809345872,
            0.759142377609153,
            163.96511627906978
        ],
        [
            0.6151499745805795,
            0.7687197123651712,
            161.9493670886076
        ],
        [
            0.6164017630559636,
            0.7479146895759453,
            168.2436974789916
        ],
        [
            0.616389414840862,
            0.7558781435289307,
            166.50212765957446
        ],
        [
            0.6145750066613376,
            0.7973231357552581,
            156.9
        ],
        [
            0.6143446989877464,
            0.7487285177675098,
            165.2912087912088
        ],
        [
            0.615890926187118,
            0.623570800351803,
            189.5
        ],
        [
            0.6157142857142857,
            0.5902192242833052,
            197.66666666666666
        ]
    ]
}