{
    "rgb_colors": [
        [
            45.51162790697674,
            83.5906976744186,
            167.32558139534885
        ],
        [
            91.5,
            122.5,
            198.5
        ],
        [
            44.570621468926554,
            80.96610169491525,
            163.9322033898305
        ],
        [
            64.0,
            99.4,
            180.2
        ],
        [
            47.868852459016395,
            86.27868852459017,
            170.19672131147541
        ],
        [
            41.18604651162791,
            78.19186046511628,
            160.7093023255814
        ],
        [
            20.5,
            67.0,
            154.5
        ],
        [
            42.47641509433962,
            80.08962264150944,
            162.9245283018868
        ],
        [
            43.25568181818182,
            82.13068181818181,
            165.52272727272728
        ],
        [
            105.5,
            138.0,
            209.5
        ]
    ],
    "hex_colors": [
        "#2d53a7",
        "#5b7ac6",
        "#2c50a3",
        "#4063b4",
        "#2f56aa",
        "#294ea0",
        "#14439a",
        "#2a50a2",
        "#2b52a5",
        "#698ad1"
    ],
    "hsl_color_values": [
        [
            0.6145666284841543,
            0.7280055594162613,
            167.32558139534885
        ],
        [
            0.6183800623052959,
            0.5390428211586902,
            198.5
        ],
        [
            0.6158470204004355,
            0.7281155224703612,
            163.9322033898305
        ],
        [
            0.6158921399885254,
            0.6448390677025527,
            180.2
        ],
        [
            0.6143348521397302,
            0.7187439799653246,
            170.19672131147541
        ],
        [
            0.6150646950092421,
            0.743723319586137,
            160.7093023255814
        ],
        [
            0.6088308457711443,
            0.8673139158576052,
            154.5
        ],
        [
            0.6146204555838392,
            0.7392877822814129,
            162.9245283018868
        ],
        [
            0.6136747370540762,
            0.7386722504462447,
            165.52272727272728
        ],
        [
            0.6145833333333334,
            0.4964200477326969,
            209.5
        ]
    ]
}