{
    "rgb_colors": [
        [
            38.9375,
            66.75,
            131.625
        ],
        [
            42.077922077922075,
            67.00649350649351,
            133.0
        ],
        [
            40.10655737704918,
            65.00819672131148,
            130.99180327868854
        ],
        [
            43.026595744680854,
            68.01063829787235,
            133.90425531914894
        ],
        [
            40.984063745019924,
            66.00398406374502,
            131.9760956175299
        ],
        [
            38.93333333333334,
            64.06666666666666,
            130.0
        ],
        [
            40.7,
            68.7,
            133.4
        ],
        [
            43.945205479452056,
            69.04109589041096,
            134.8082191780822
        ],
        [
            45.111111111111114,
            70.11111111111111,
            135.77777777777777
        ],
        [
            42.0,
            66.6875,
            132.0
        ]
    ],
    "hex_colors": [
        "#264283",
        "#2a4385",
        "#284182",
        "#2b4485",
        "#284283",
        "#264082",
        "#284485",
        "#2b4586",
        "#2d4687",
        "#2a4284"
    ],
    "hsl_color_values": [
        [
            0.6166554281861093,
            0.7041785375118709,
            131.625
        ],
        [
            0.6209708136932819,
            0.6836246460306612,
            133.0
        ],
        [
            0.6210016835016835,
            0.6938239159001315,
            130.99180327868854
        ],
        [
            0.6208467466588625,
            0.6786764121712878,
            133.90425531914894
        ],
        [
            0.6208386239911263,
            0.6894584314435791,
            131.9760956175299
        ],
        [
            0.6206686188384577,
            0.7005128205128205,
            130.0
        ],
        [
            0.6163250629270047,
            0.6949025487256372,
            133.4
        ],
        [
            0.620634202723755,
            0.6740168682044507,
            134.8082191780822
        ],
        [
            0.6207107843137255,
            0.6677577741407529,
            135.77777777777777
        ],
        [
            0.6209490740740741,
            0.6818181818181818,
            132.0
        ]
    ]
}