{
    "rgb_colors": [
        [
            32.666666666666664,
            55.666666666666664,
            125.33333333333333
        ],
        [
            28.072847682119207,
            51.0,
            119.98675496688742
        ],
        [
            30.16,
            53.12,
            122.52
        ],
        [
            28.076923076923077,
            50.989010989010985,
            121.0
        ],
        [
            29.037974683544302,
            52.0126582278481,
            120.9620253164557
        ],
        [
            27.122549019607842,
            49.995098039215684,
            120.0
        ],
        [
            26.0,
            48.982142857142854,
            119.0
        ],
        [
            27.05,
            49.92,
            118.98
        ],
        [
            29.035714285714285,
            51.99107142857143,
            122.0
        ],
        [
            25.904761904761905,
            48.714285714285715,
            117.95238095238095
        ]
    ],
    "hex_colors": [
        "#20377d",
        "#1c3377",
        "#1e357a",
        "#1c3279",
        "#1d3478",
        "#1b3178",
        "#1a3077",
        "#1b3176",
        "#1d337a",
        "#193075"
    ],
    "hsl_color_values": [
        [
            0.6252997601918465,
            0.7393617021276595,
            125.33333333333333
        ],
        [
            0.6250930662631794,
            0.7660337785627553,
            119.98675496688742
        ],
        [
            0.6252345892882922,
            0.7538361083904669,
            122.52
        ],
        [
            0.6255715862503942,
            0.7679593134138588,
            121.0
        ],
        [
            0.6250114752593409,
            0.7599413980745081,
            120.9620253164557
        ],
        [
            0.6256223500642143,
            0.7739787581699347,
            120.0
        ],
        [
            0.6254800307219662,
            0.7815126050420168,
            119.0
        ],
        [
            0.6252039595344283,
            0.7726508656917129,
            118.98
        ],
        [
            0.6255122294788066,
            0.7620023419203747,
            122.0
        ],
        [
            0.6253664424900846,
            0.7803794913201453,
            117.95238095238095
        ]
    ]
}