{
    "rgb_colors": [
        [
            137.60000000000002,
            143.60000000000002,
            152.0
        ],
        [
            251.0,
            253.83333333333331,
            255.0
        ],
        [
            68.01123595505618,
            75.02247191011236,
            101.88014981273409
        ],
        [
            71.43820224719101,
            78.42696629213484,
            105.35955056179775
        ],
        [
            30.631578947368425,
            37.94736842105263,
            50.0
        ],
        [
            61.417910447761194,
            68.48258706467662,
            94.90049751243781
        ],
        [
            49.120000000000005,
            56.599999999999994,
            72.92
        ],
        [
            65.15358361774744,
            72.16382252559727,
            98.81569965870307
        ],
        [
            223.5,
            228.5,
            235.0
        ],
        [
            77.34615384615384,
            84.26923076923077,
            111.11538461538461
        ]
    ],
    "hex_colors": [
        "#898f98",
        "#fbfdff",
        "#444b65",
        "#474e69",
        "#1e2532",
        "#3d445e",
        "#313848",
        "#414862",
        "#dfe4eb",
        "#4d546f"
    ],
    "hsl_color_values": [
        [
            0.5972222222222222,
            0.09473684210526301,
            152.0
        ],
        [
            0.5486111111111119,
            0.01568627450980392,
            255.0
        ],
        [
            0.6321648420509418,
            0.3324387912653482,
            101.88014981273409
        ],
        [
            0.6323285856243789,
            0.32195798229710987,
            105.35955056179775
        ],
        [
            0.603713768115942,
            0.38736842105263153,
            50.0
        ],
        [
            0.6315007429420505,
            0.3528178243774574,
            94.90049751243781
        ],
        [
            0.6142857142857143,
            0.326385079539221,
            72.92
        ],
        [
            0.6319578221636419,
            0.3406555451939349,
            98.81569965870307
        ],
        [
            0.5942028985507246,
            0.04893617021276596,
            235.0
        ],
        [
            0.6324981017463932,
            0.3039113880235376,
            111.11538461538461
        ]
    ]
}