{
    "rgb_colors": [
        [
            84.0,
            96.0,
            135.0
        ],
        [
            83.0,
            95.0,
            134.0
        ],
        [
            86.0,
            98.0,
            137.0
        ],
        [
            80.0,
            92.0,
            131.0
        ],
        [
            78.06349206349206,
            90.06349206349206,
            129.06349206349208
        ],
        [
            88.7,
            100.7,
            139.7
        ],
        [
            81.0,
            93.0,
            132.0
        ],
        [
            82.0,
            94.0,
            133.0
        ],
        [
            87.0,
            99.0,
            138.0
        ],
        [
            85.0,
            97.0,
            136.0
        ]
    ],
    "hex_colors": [
        "#546087",
        "#535f86",
        "#566289",
        "#505c83",
        "#4e5a81",
        "#58648b",
        "#515d84",
        "#525e85",
        "#57638a",
        "#556188"
    ],
    "hsl_color_values": [
        [
            0.6274509803921569,
            0.37777777777777777,
            135.0
        ],
        [
            0.6274509803921569,
            0.3805970149253731,
            134.0
        ],
        [
            0.6274509803921569,
            0.3722627737226277,
            137.0
        ],
        [
            0.6274509803921569,
            0.3893129770992366,
            131.0
        ],
        [
            0.6274509803921569,
            0.3951543475587259,
            129.06349206349208
        ],
        [
            0.6274509803921569,
            0.3650680028632784,
            139.7
        ],
        [
            0.6274509803921569,
            0.38636363636363635,
            132.0
        ],
        [
            0.6274509803921569,
            0.38345864661654133,
            133.0
        ],
        [
            0.6274509803921569,
            0.3695652173913043,
            138.0
        ],
        [
            0.6274509803921569,
            0.375,
            136.0
        ]
    ]
}