{
    "rgb_colors": [
        [
            93.52,
            99.52,
            134.52
        ],
        [
            96.83510638297872,
            102.74468085106383,
            138.0159574468085
        ],
        [
            99.46428571428571,
            105.14285714285714,
            141.10714285714286
        ],
        [
            90.59420289855072,
            95.59420289855072,
            133.59420289855072
        ],
        [
            90.63414634146342,
            96.63414634146342,
            131.6341463414634
        ],
        [
            95.0,
            101.0,
            136.0
        ],
        [
            94.83653846153847,
            99.83653846153847,
            137.83653846153845
        ],
        [
            92.0,
            98.0,
            133.0
        ],
        [
            92.5,
            97.5,
            135.5
        ],
        [
            88.49122807017544,
            93.96491228070175,
            130.5438596491228
        ]
    ],
    "hex_colors": [
        "#5d6386",
        "#60668a",
        "#63698d",
        "#5a5f85",
        "#5a6083",
        "#5f6588",
        "#5e6389",
        "#5c6285",
        "#5c6187",
        "#585d82"
    ],
    "hsl_color_values": [
        [
            0.6422764227642276,
            0.304787392209337,
            134.52
        ],
        [
            0.6427495048652373,
            0.29837746174894975,
            138.0159574468085
        ],
        [
            0.6439393939393939,
            0.29511516071880545,
            141.10714285714286
        ],
        [
            0.6472868217054263,
            0.3218702538511608,
            133.59420289855072
        ],
        [
            0.6422764227642276,
            0.3114693348156382,
            131.6341463414634
        ],
        [
            0.6422764227642276,
            0.3014705882352941,
            136.0
        ],
        [
            0.6472868217054263,
            0.3119637251482385,
            137.83653846153845
        ],
        [
            0.6422764227642276,
            0.3082706766917293,
            133.0
        ],
        [
            0.6472868217054263,
            0.3173431734317343,
            135.5
        ],
        [
            0.6449728827701294,
            0.3221341217578282,
            130.5438596491228
        ]
    ]
}