{
    "rgb_colors": [
        [
            63.0,
            74.0,
            110.0
        ],
        [
            64.0,
            75.0,
            111.0
        ],
        [
            66.0,
            77.0,
            113.0
        ],
        [
            68.0,
            79.0,
            115.0
        ],
        [
            65.0,
            76.0,
            112.0
        ],
        [
            67.0,
            78.0,
            114.0
        ],
        [
            69.0,
            80.0,
            116.0
        ],
        [
            62.0,
            73.0,
            109.0
        ],
        [
            70.2,
            81.2,
            117.2
        ],
        [
            60.714285714285715,
            71.71428571428571,
            107.71428571428571
        ]
    ],
    "hex_colors": [
        "#3f4a6e",
        "#404b6f",
        "#424d71",
        "#444f73",
        "#414c70",
        "#434e72",
        "#455074",
        "#3e496d",
        "#465175",
        "#3c476b"
    ],
    "hsl_color_values": [
        [
            0.6276595744680851,
            0.42727272727272725,
            110.0
        ],
        [
            0.6276595744680851,
            0.42342342342342343,
            111.0
        ],
        [
            0.6276595744680851,
            0.415929203539823,
            113.0
        ],
        [
            0.6276595744680851,
            0.40869565217391307,
            115.0
        ],
        [
            0.6276595744680851,
            0.41964285714285715,
            112.0
        ],
        [
            0.6276595744680851,
            0.41228070175438597,
            114.0
        ],
        [
            0.6276595744680851,
            0.4051724137931034,
            116.0
        ],
        [
            0.6276595744680851,
            0.43119266055045874,
            109.0
        ],
        [
            0.6276595744680851,
            0.4010238907849829,
            117.2
        ],
        [
            0.6276595744680851,
            0.43633952254641906,
            107.71428571428571
        ]
    ]
}