{
    "rgb_colors": [
        [
            26.9375,
            51.5625,
            117.09375
        ],
        [
            29.246376811594203,
            53.95652173913044,
            121.79710144927536
        ],
        [
            28.162790697674417,
            53.11162790697674,
            120.77674418604651
        ],
        [
            29.011764705882353,
            52.0,
            120.96470588235294
        ],
        [
            27.125,
            49.97222222222222,
            118.97222222222223
        ],
        [
            26.18348623853211,
            50.87155963302752,
            118.88990825688073
        ],
        [
            18.0,
            40.0,
            103.0
        ],
        [
            28.010362694300518,
            51.15544041450777,
            119.97927461139896
        ],
        [
            27.1125,
            52.12083333333333,
            119.84166666666667
        ],
        [
            25.0,
            48.75,
            109.125
        ]
    ],
    "hex_colors": [
        "#1a3375",
        "#1d3579",
        "#1c3578",
        "#1d3478",
        "#1b3176",
        "#1a3276",
        "#122867",
        "#1c3377",
        "#1b3477",
        "#19306d"
    ],
    "hsl_color_values": [
        [
            0.6211438474870018,
            0.7699492927675474,
            117.09375
        ],
        [
            0.622168284789644,
            0.7598762494050452,
            121.79710144927536
        ],
        [
            0.6217691174501138,
            0.7668194246543689,
            120.77674418604651
        ],
        [
            0.625,
            0.7601633923361214,
            120.96470588235294
        ],
        [
            0.6252079237864812,
            0.7720056035489143,
            118.97222222222223
        ],
        [
            0.622282698334158,
            0.7797669573269542,
            118.88990825688073
        ],
        [
            0.6235294117647059,
            0.8252427184466019,
            103.0
        ],
        [
            0.6247230046948357,
            0.7665399896355156,
            119.97927461139896
        ],
        [
            0.6217179660001498,
            0.7737639941589598,
            119.84166666666667
        ],
        [
            0.6196136701337296,
            0.7709049255441008,
            109.125
        ]
    ]
}