{
    "rgb_colors": [
        [
            30.0,
            47.60621761658031,
            139.85492227979276
        ],
        [
            28.88888888888889,
            46.93719806763285,
            138.9903381642512
        ],
        [
            35.0,
            52.16216216216216,
            144.64864864864865
        ],
        [
            26.71698113207547,
            44.820754716981135,
            136.8679245283019
        ],
        [
            27.93717277486911,
            46.00523560209424,
            137.9895287958115
        ],
        [
            72.0,
            88.0,
            177.0
        ],
        [
            32.45925925925926,
            49.68888888888889,
            142.3111111111111
        ],
        [
            61.0,
            76.57142857142857,
            164.28571428571428
        ],
        [
            49.0,
            66.0,
            151.0
        ],
        [
            31.06896551724138,
            48.358620689655176,
            140.8206896551724
        ]
    ],
    "hex_colors": [
        "#1e2f8b",
        "#1c2e8a",
        "#233490",
        "#1a2c88",
        "#1b2e89",
        "#4858b1",
        "#20318e",
        "#3d4ca4",
        "#314297",
        "#1f308c"
    ],
    "hsl_color_values": [
        [
            0.6399553501242021,
            0.7854919976289271,
            139.85492227979276
        ],
        [
            0.6393459406490867,
            0.7921518195405095,
            138.9903381642512
        ],
        [
            0.6405800673732643,
            0.758034379671151,
            144.64864864864865
        ],
        [
            0.6392742948498343,
            0.80479735318445,
            136.8679245283019
        ],
        [
            0.6393038376149699,
            0.7975413568067992,
            137.9895287958115
        ],
        [
            0.6412698412698412,
            0.5932203389830508,
            177.0
        ],
        [
            0.6405259608900876,
            0.771913387466167,
            142.3111111111111
        ],
        [
            0.6415398801290917,
            0.628695652173913,
            164.28571428571428
        ],
        [
            0.6388888888888888,
            0.6754966887417219,
            151.0
        ],
        [
            0.6404109589041096,
            0.7793721533865517,
            140.8206896551724
        ]
    ]
}