{
    "rgb_colors": [
        [
            25.0,
            48.0,
            116.92767295597484
        ],
        [
            37.0,
            60.0,
            129.0
        ],
        [
            31.0,
            53.5,
            122.5
        ],
        [
            26.0,
            48.0,
            117.0
        ],
        [
            23.0,
            46.0,
            115.0
        ],
        [
            24.072727272727274,
            47.0,
            115.98181818181818
        ],
        [
            22.5,
            45.0,
            114.0
        ],
        [
            26.04485488126649,
            48.99736147757256,
            117.95250659630607
        ],
        [
            28.09090909090909,
            51.09090909090909,
            119.9090909090909
        ],
        [
            27.045454545454547,
            50.0,
            118.94155844155844
        ]
    ],
    "hex_colors": [
        "#193074",
        "#253c81",
        "#1f357a",
        "#1a3075",
        "#172e73",
        "#182f73",
        "#162d72",
        "#1a3075",
        "#1c3377",
        "#1b3276"
    ],
    "hsl_color_values": [
        [
            0.6249672174141097,
            0.7861926149046607,
            116.92767295597484
        ],
        [
            0.625,
            0.7131782945736435,
            129.0
        ],
        [
            0.6256830601092895,
            0.746938775510204,
            122.5
        ],
        [
            0.6263736263736264,
            0.7777777777777778,
            117.0
        ],
        [
            0.625,
            0.8,
            115.0
        ],
        [
            0.6250906693043192,
            0.7924439567330303,
            115.98181818181818
        ],
        [
            0.6256830601092895,
            0.8026315789473685,
            114.0
        ],
        [
            0.625044258796735,
            0.7791920186113099,
            117.95250659630607
        ],
        [
            0.624917491749175,
            0.7657316148597422,
            119.9090909090909
        ],
        [
            0.625035330695308,
            0.7726156029917562,
            118.94155844155844
        ]
    ]
}