{
    "rgb_colors": [
        [
            103.0,
            103.376,
            133.624
        ],
        [
            95.29411764705883,
            95.70588235294117,
            125.88235294117646
        ],
        [
            99.0,
            99.44166666666666,
            129.55833333333334
        ],
        [
            102.0,
            102.40845070422536,
            132.59154929577466
        ],
        [
            105.46666666666667,
            105.93333333333334,
            136.0
        ],
        [
            101.0,
            101.44366197183099,
            131.55633802816902
        ],
        [
            107.6842105263158,
            107.84210526315789,
            138.52631578947367
        ],
        [
            100.0,
            100.5031055900621,
            130.49689440993788
        ],
        [
            104.0,
            104.3452380952381,
            134.6547619047619
        ],
        [
            97.72131147540983,
            98.15573770491804,
            128.28688524590163
        ]
    ],
    "hex_colors": [
        "#676785",
        "#5f5f7d",
        "#636381",
        "#666684",
        "#696988",
        "#656583",
        "#6b6b8a",
        "#646482",
        "#686886",
        "#616280"
    ],
    "hsl_color_values": [
        [
            0.6646203413444792,
            0.22918038675687,
            133.624
        ],
        [
            0.664423076923077,
            0.24299065420560742,
            125.88235294117646
        ],
        [
            0.6642577947459323,
            0.23586544027786713,
            129.55833333333334
        ],
        [
            0.6644413750767342,
            0.23072020395156154,
            132.59154929577466
        ],
        [
            0.6641193595342066,
            0.2245098039215686,
            136.0
        ],
        [
            0.6642467542444495,
            0.23226807986724485,
            131.55633802816902
        ],
        [
            0.6658134243458477,
            0.22264437689969593,
            138.52631578947367
        ],
        [
            0.6639171758316361,
            0.23369823893384098,
            130.49689440993788
        ],
        [
            0.6647896440129449,
            0.22765449562372908,
            134.6547619047619
        ],
        [
            0.6642978457137749,
            0.2382595361318765,
            128.28688524590163
        ]
    ]
}