{
    "rgb_colors": [
        [
            155.55555555555554,
            226.69444444444443,
            129.80555555555554
        ],
        [
            5.338289962825279,
            34.35687732342008,
            65.85130111524164
        ],
        [
            57.18181818181819,
            112.72727272727272,
            76.0
        ],
        [
            3.105990783410139,
            31.43778801843318,
            56.433179723502306
        ],
        [
            129.78571428571428,
            218.23214285714286,
            91.63392857142857
        ],
        [
            17.869565217391305,
            55.08695652173913,
            116.15652173913043
        ],
        [
            10.367088607594937,
            42.41772151898734,
            84.9113924050633
        ],
        [
            111.83333333333333,
            169.25,
            109.0
        ],
        [
            13.6953125,
            48.8125,
            102.796875
        ],
        [
            9.2,
            48.44444444444444,
            47.77777777777778
        ]
    ],
    "hex_colors": [
        "#9be281",
        "#052241",
        "#39704c",
        "#031f38",
        "#81da5b",
        "#113774",
        "#0a2a54",
        "#6fa96d",
        "#0d3066",
        "#09302f"
    ],
    "hsl_color_values": [
        [
            0.2890386085626911,
            0.4273986031123637,
            226.69444444444443
        ],
        [
            0.586742843101118,
            0.9189341763576832,
            65.85130111524164
        ],
        [
            0.38979814511729405,
            0.4927419354838709,
            112.72727272727272
        ],
        [
            0.5781195990321466,
            0.9449616201208558,
            56.433179723502306
        ],
        [
            0.2831064720126008,
            0.5801080108010801,
            218.23214285714286
        ],
        [
            0.6035565778996727,
            0.8461596047312471,
            116.15652173913043
        ],
        [
            0.5950076413652573,
            0.877906976744186,
            84.9113924050633
        ],
        [
            0.32549562010142924,
            0.3559822747415066,
            169.25
        ],
        [
            0.6009791027327195,
            0.8667730658154735,
            102.796875
        ],
        [
            0.49716874292185737,
            0.810091743119266,
            48.44444444444444
        ]
    ]
}