{
    "rgb_colors": [
        [
            228.55555555555554,
            233.0,
            178.11111111111111
        ],
        [
            245.67307692307693,
            246.84134615384616,
            152.59615384615384
        ],
        [
            43.111111111111114,
            70.69444444444444,
            142.40277777777777
        ],
        [
            0.7083333333333428,
            9.833333333333343,
            105.83333333333334
        ],
        [
            253.12,
            254.2,
            178.88
        ],
        [
            88.0,
            99.0,
            111.0
        ],
        [
            242.2639751552795,
            243.29192546583852,
            148.05900621118013
        ],
        [
            46.38432835820896,
            74.34328358208955,
            147.5
        ],
        [
            133.42857142857144,
            141.42857142857144,
            130.71428571428572
        ],
        [
            185.27272727272728,
            192.1818181818182,
            157.63636363636363
        ]
    ],
    "hex_colors": [
        "#e4e9b2",
        "#f5f698",
        "#2b468e",
        "#000969",
        "#fdfeb2",
        "#58636f",
        "#f2f394",
        "#2e4a93",
        "#858d82",
        "#b9c09d"
    ],
    "hsl_color_values": [
        [
            0.18016194331983812,
            0.23557463042441582,
            233.0
        ],
        [
            0.16873267697121186,
            0.3818047250842374,
            246.84134615384616
        ],
        [
            0.6203664848230521,
            0.6972593387301277,
            142.40277777777777
        ],
        [
            0.6521997621878716,
            0.9933070866141731,
            105.83333333333334
        ],
        [
            0.1690564701717118,
            0.29630212431156566,
            254.2
        ],
        [
            0.5869565217391304,
            0.2072072072072072,
            111.0
        ],
        [
            0.1684656774824719,
            0.39143477150880773,
            243.29192546583852
        ],
        [
            0.6205825553218446,
            0.6855299772324817,
            147.5
        ],
        [
            0.29111111111111104,
            0.0757575757575758,
            141.42857142857144
        ],
        [
            0.19999999999999996,
            0.17975402081362354,
            192.1818181818182
        ]
    ]
}