{
    "rgb_colors": [
        [
            35.0,
            62.0,
            157.16666666666666
        ],
        [
            39.09433962264151,
            66.0251572327044,
            161.39622641509433
        ],
        [
            35.98974358974359,
            63.0,
            157.9897435897436
        ],
        [
            40.94117647058823,
            67.82352941176471,
            163.11764705882354
        ],
        [
            33.787234042553195,
            60.808510638297875,
            156.0212765957447
        ],
        [
            37.98461538461538,
            64.9025641025641,
            160.03076923076924
        ],
        [
            35.91428571428571,
            62.91428571428571,
            159.14285714285714
        ],
        [
            60.0,
            85.0,
            178.0
        ],
        [
            37.020161290322584,
            63.99193548387097,
            159.04435483870967
        ],
        [
            48.0,
            73.0,
            165.0
        ]
    ],
    "hex_colors": [
        "#233e9d",
        "#2742a1",
        "#233f9d",
        "#2843a3",
        "#213c9c",
        "#2540a0",
        "#233e9f",
        "#3c55b2",
        "#253f9f",
        "#3049a5"
    ],
    "hsl_color_values": [
        [
            0.629831741700773,
            0.777306468716861,
            157.16666666666666
        ],
        [
            0.6299667455175015,
            0.7577741407528641,
            161.39622641509433
        ],
        [
            0.629767409275606,
            0.7722020254479356,
            157.9897435897436
        ],
        [
            0.6299951853635051,
            0.7490082942661378,
            163.11764705882354
        ],
        [
            0.6298230345227734,
            0.7834447020319105,
            156.0212765957447
        ],
        [
            0.629907419079233,
            0.7626417996539128,
            160.03076923076924
        ],
        [
            0.6301491614498801,
            0.774326750448833,
            159.14285714285714
        ],
        [
            0.6313559322033898,
            0.6629213483146067,
            178.0
        ],
        [
            0.6298272861454409,
            0.7672337296858758,
            159.04435483870967
        ],
        [
            0.631054131054131,
            0.7090909090909091,
            165.0
        ]
    ]
}