{
    "rgb_colors": [
        [
            65.02564102564102,
            86.91794871794872,
            161.3128205128205
        ],
        [
            59.5,
            81.41666666666667,
            156.13888888888889
        ],
        [
            61.625,
            83.59375,
            157.80208333333334
        ],
        [
            69.78787878787878,
            91.77272727272727,
            165.46969696969697
        ],
        [
            66.66666666666667,
            88.64242424242424,
            162.3151515151515
        ],
        [
            65.13793103448276,
            87.13793103448276,
            159.93103448275863
        ],
        [
            63.385245901639344,
            85.24590163934427,
            159.18852459016392
        ],
        [
            67.765625,
            89.75,
            163.25
        ],
        [
            71.45833333333333,
            93.47916666666667,
            166.54166666666666
        ],
        [
            68.7909090909091,
            90.76363636363637,
            164.2
        ]
    ],
    "hex_colors": [
        "#4156a1",
        "#3b519c",
        "#3d539d",
        "#455ba5",
        "#4258a2",
        "#41579f",
        "#3f559f",
        "#4359a3",
        "#475da6",
        "#445aa4"
    ],
    "hsl_color_values": [
        [
            0.6287725465132793,
            0.5968972533062055,
            161.3128205128205
        ],
        [
            0.628868448787966,
            0.6189290161892902,
            156.13888888888889
        ],
        [
            0.6285967002418861,
            0.6094791735428081,
            157.80208333333334
        ],
        [
            0.6283716020058062,
            0.5782437505722919,
            165.46969696969697
        ],
        [
            0.6283740970726144,
            0.5892763796579792,
            162.3151515151515
        ],
        [
            0.6279859342791317,
            0.5927123760241484,
            159.93103448275863
        ],
        [
            0.6286362080766598,
            0.6018227691673962,
            159.18852459016392
        ],
        [
            0.6282932416953035,
            0.5848966309341501,
            163.25
        ],
        [
            0.6280674846625768,
            0.5709281961471103,
            166.54166666666666
        ],
        [
            0.6282833095124664,
            0.5810541468275938,
            164.2
        ]
    ]
}