{
    "rgb_colors": [
        [
            28.0,
            54.99568034557235,
            123.0
        ],
        [
            29.033112582781456,
            56.0,
            123.99668874172185
        ],
        [
            29.0,
            55.205882352941174,
            122.97058823529412
        ],
        [
            30.09090909090909,
            54.95454545454545,
            122.95454545454545
        ],
        [
            32.0,
            59.0,
            127.0
        ],
        [
            28.153846153846153,
            54.38461538461539,
            121.92307692307692
        ],
        [
            31.0,
            56.0,
            124.0
        ],
        [
            26.0,
            53.0,
            121.0
        ],
        [
            27.0,
            54.0,
            122.0
        ],
        [
            30.055555555555557,
            57.05555555555556,
            125.05555555555556
        ]
    ],
    "hex_colors": [
        "#1c367b",
        "#1d387b",
        "#1d377a",
        "#1e367a",
        "#203b7f",
        "#1c3679",
        "#1f387c",
        "#1a3579",
        "#1b367a",
        "#1e397d"
    ],
    "hsl_color_values": [
        [
            0.6193058239551362,
            0.7723577235772358,
            123.0
        ],
        [
            0.6193381917082186,
            0.7658557427831335,
            123.99668874172185
        ],
        [
            0.6201877934272301,
            0.7641712508969146,
            122.97058823529412
        ],
        [
            0.6220427475934084,
            0.755268022181146,
            122.95454545454545
        ],
        [
            0.6192982456140351,
            0.7480314960629921,
            127.0
        ],
        [
            0.620043751709051,
            0.7690851735015773,
            121.92307692307692
        ],
        [
            0.6218637992831542,
            0.75,
            124.0
        ],
        [
            0.6192982456140351,
            0.7851239669421488,
            121.0
        ],
        [
            0.6192982456140351,
            0.7786885245901639,
            122.0
        ],
        [
            0.6192982456140351,
            0.7596623722789871,
            125.05555555555556
        ]
    ]
}