{
    "rgb_colors": [
        [
            48.06060606060606,
            70.96969696969697,
            149.95454545454547
        ],
        [
            52.33684210526316,
            75.23157894736842,
            154.02105263157895
        ],
        [
            62.0,
            86.85714285714286,
            164.5
        ],
        [
            76.0,
            103.5,
            182.0
        ],
        [
            57.49122807017544,
            80.66666666666667,
            159.21052631578948
        ],
        [
            53.535714285714285,
            76.51785714285714,
            155.39880952380952
        ],
        [
            50.18235294117647,
            73.15882352941176,
            152.78235294117647
        ],
        [
            51.20754716981132,
            74.01886792452831,
            151.88679245283018
        ],
        [
            55.018181818181816,
            77.86818181818182,
            156.9318181818182
        ],
        [
            67.46153846153847,
            93.53846153846155,
            171.76923076923077
        ]
    ],
    "hex_colors": [
        "#304695",
        "#344b9a",
        "#3e56a4",
        "#4c67b6",
        "#39509f",
        "#354c9b",
        "#324998",
        "#334a97",
        "#374d9c",
        "#435dab"
    ],
    "hsl_color_values": [
        [
            0.6291945477075589,
            0.6794988380317268,
            149.95454545454547
        ],
        [
            0.6291407867494824,
            0.660196828868234,
            154.02105263157895
        ],
        [
            0.6262485481997677,
            0.6231003039513677,
            164.5
        ],
        [
            0.6234276729559749,
            0.5824175824175825,
            182.0
        ],
        [
            0.6286938024606186,
            0.6388980716253444,
            159.21052631578948
        ],
        [
            0.6290636747891467,
            0.6554946949094113,
            155.39880952380952
        ],
        [
            0.629342965256278,
            0.6715435259692758,
            152.78235294117647
        ],
        [
            0.6289042978510745,
            0.6628571428571428,
            151.88679245283018
        ],
        [
            0.6292984255831587,
            0.6494134685010862,
            156.9318181818182
        ],
        [
            0.625,
            0.6072548141513658,
            171.76923076923077
        ]
    ]
}