{
    "rgb_colors": [
        [
            79.0,
            91.0,
            130.0
        ],
        [
            76.0,
            88.0,
            127.0
        ],
        [
            78.0,
            90.0,
            129.0
        ],
        [
            83.55,
            95.55,
            134.55
        ],
        [
            82.0,
            94.0,
            133.0
        ],
        [
            81.0,
            93.0,
            132.0
        ],
        [
            72.85714285714286,
            84.85714285714286,
            123.85714285714286
        ],
        [
            74.81481481481481,
            86.81481481481481,
            125.81481481481481
        ],
        [
            80.0,
            92.0,
            131.0
        ],
        [
            77.0,
            89.0,
            128.0
        ]
    ],
    "hex_colors": [
        "#4f5b82",
        "#4c587f",
        "#4e5a81",
        "#535f86",
        "#525e85",
        "#515d84",
        "#48547b",
        "#4a567d",
        "#505c83",
        "#4d5980"
    ],
    "hsl_color_values": [
        [
            0.6274509803921569,
            0.3923076923076923,
            130.0
        ],
        [
            0.6274509803921569,
            0.4015748031496063,
            127.0
        ],
        [
            0.6274509803921569,
            0.3953488372093023,
            129.0
        ],
        [
            0.6274509803921569,
            0.3790412486064661,
            134.55
        ],
        [
            0.6274509803921569,
            0.38345864661654133,
            133.0
        ],
        [
            0.6274509803921569,
            0.38636363636363635,
            132.0
        ],
        [
            0.6274509803921569,
            0.4117647058823529,
            123.85714285714286
        ],
        [
            0.6274509803921569,
            0.4053576685310568,
            125.81481481481481
        ],
        [
            0.6274509803921569,
            0.3893129770992366,
            131.0
        ],
        [
            0.6274509803921569,
            0.3984375,
            128.0
        ]
    ]
}