{
    "rgb_colors": [
        [
            77.0,
            88.0,
            117.0
        ],
        [
            79.84615384615384,
            89.84615384615384,
            121.84615384615384
        ],
        [
            73.42028985507247,
            83.73913043478261,
            114.78260869565217
        ],
        [
            82.38571428571429,
            92.78571428571429,
            123.58571428571429
        ],
        [
            77.0,
            87.0,
            119.0
        ],
        [
            75.61607142857143,
            85.61607142857143,
            117.61607142857143
        ],
        [
            78.0,
            88.0,
            120.0
        ],
        [
            78.52127659574468,
            89.52127659574468,
            118.52127659574468
        ],
        [
            75.73863636363636,
            86.73863636363636,
            115.73863636363636
        ],
        [
            80.3883495145631,
            91.3883495145631,
            120.3883495145631
        ]
    ],
    "hex_colors": [
        "#4d5875",
        "#4f5979",
        "#495372",
        "#525c7b",
        "#4d5777",
        "#4b5575",
        "#4e5878",
        "#4e5976",
        "#4b5673",
        "#505b78"
    ],
    "hsl_color_values": [
        [
            0.6208333333333332,
            0.3418803418803419,
            117.0
        ],
        [
            0.626984126984127,
            0.3446969696969697,
            121.84615384615384
        ],
        [
            0.6250875963559915,
            0.3603535353535353,
            114.78260869565217
        ],
        [
            0.6245954692556634,
            0.3333718645243325,
            123.58571428571429
        ],
        [
            0.626984126984127,
            0.35294117647058826,
            119.0
        ],
        [
            0.626984126984127,
            0.3570940560236848,
            117.61607142857143
        ],
        [
            0.626984126984127,
            0.35,
            120.0
        ],
        [
            0.6208333333333332,
            0.3374921461269186,
            118.52127659574468
        ],
        [
            0.6208333333333332,
            0.34560628375061364,
            115.73863636363636
        ],
        [
            0.6208333333333332,
            0.33225806451612905,
            120.3883495145631
        ]
    ]
}