{
    "rgb_colors": [
        [
            142.61818181818182,
            217.62727272727273,
            140.24545454545455
        ],
        [
            164.0,
            227.5,
            162.5
        ],
        [
            154.525,
            229.675,
            150.45
        ],
        [
            137.92,
            212.36,
            134.92
        ],
        [
            146.46703296703296,
            221.71978021978023,
            143.5989010989011
        ],
        [
            152.0979020979021,
            227.28671328671328,
            148.34965034965035
        ],
        [
            140.7377049180328,
            215.5737704918033,
            138.0655737704918
        ],
        [
            144.56521739130434,
            219.72826086956522,
            142.05434782608697
        ],
        [
            149.976,
            225.072,
            146.848
        ],
        [
            148.5,
            223.76315789473685,
            144.98026315789474
        ]
    ],
    "hex_colors": [
        "#8ed98c",
        "#a4e3a2",
        "#9ae596",
        "#89d486",
        "#92dd8f",
        "#98e394",
        "#8cd78a",
        "#90db8e",
        "#95e192",
        "#94df90"
    ],
    "hsl_color_values": [
        [
            0.32822290100250623,
            0.35557040812063995,
            217.62727272727273
        ],
        [
            0.3294871794871795,
            0.2857142857142857,
            227.5
        ],
        [
            0.3247607026401598,
            0.34494394252748456,
            229.675
        ],
        [
            0.3268767217630854,
            0.36466377848935777,
            212.36
        ],
        [
            0.3272143292539973,
            0.3523405942556935,
            221.71978021978023
        ],
        [
            0.3254193243562485,
            0.34730170451049164,
            227.28671328671328
        ],
        [
            0.3275874224478285,
            0.3595437262357415,
            215.5737704918033
        ],
        [
            0.32794570389028826,
            0.3534998763294583,
            219.72826086956522
        ],
        [
            0.3266687120747256,
            0.34755100590033405,
            225.072
        ],
        [
            0.3258872651356994,
            0.35208161825238155,
            223.76315789473685
        ]
    ]
}