{
    "rgb_colors": [
        [
            31.037037037037038,
            67.03703703703704,
            140.7037037037037
        ],
        [
            30.054794520547944,
            65.98630136986301,
            139.87671232876713
        ],
        [
            27.0,
            63.0,
            138.88
        ],
        [
            28.125,
            64.0,
            139.0
        ],
        [
            28.107142857142858,
            64.0,
            140.00892857142858
        ],
        [
            30.050847457627118,
            66.01694915254237,
            141.91525423728814
        ],
        [
            29.08974358974359,
            64.99358974358974,
            140.89102564102564
        ],
        [
            29.096885813148788,
            65.0,
            138.94809688581316
        ],
        [
            28.093406593406595,
            63.93956043956044,
            137.8846153846154
        ],
        [
            32.5,
            68.5,
            142.5
        ]
    ],
    "hex_colors": [
        "#1f438c",
        "#1e418b",
        "#1b3f8a",
        "#1c408b",
        "#1c408c",
        "#1e428d",
        "#1d408c",
        "#1d418a",
        "#1c3f89",
        "#20448e"
    ],
    "hsl_color_values": [
        [
            0.6119554204660588,
            0.7794156356936036,
            140.7037037037037
        ],
        [
            0.6121367094923288,
            0.7851336793653902,
            139.87671232876713
        ],
        [
            0.6130377785722798,
            0.8055875576036866,
            138.88
        ],
        [
            0.612739571589628,
            0.7976618705035972,
            139.0
        ],
        [
            0.6132077980797361,
            0.7992474969708564,
            140.00892857142858
        ],
        [
            0.6130808080808081,
            0.788247939806521,
            141.91525423728814
        ],
        [
            0.6131433595168473,
            0.7935301879066381,
            140.89102564102564
        ],
        [
            0.6121943280729938,
            0.7905916923996414,
            138.94809688581316
        ],
        [
            0.612251025923331,
            0.7962542339111377,
            137.8846153846154
        ],
        [
            0.6121212121212122,
            0.7719298245614035,
            142.5
        ]
    ]
}