{
    "rgb_colors": [
        [
            86.0,
            98.0,
            137.0
        ],
        [
            88.0,
            100.0,
            139.0
        ],
        [
            84.0,
            96.0,
            135.0
        ],
        [
            89.0,
            101.0,
            140.0
        ],
        [
            79.61764705882354,
            91.61764705882354,
            130.61764705882354
        ],
        [
            81.6470588235294,
            93.6470588235294,
            132.64705882352942
        ],
        [
            87.0,
            99.0,
            138.0
        ],
        [
            85.0,
            97.0,
            136.0
        ],
        [
            83.0,
            95.0,
            134.0
        ],
        [
            90.61538461538461,
            102.61538461538461,
            141.6153846153846
        ]
    ],
    "hex_colors": [
        "#566289",
        "#58648b",
        "#546087",
        "#59658c",
        "#4f5b82",
        "#515d84",
        "#57638a",
        "#556188",
        "#535f86",
        "#5a668d"
    ],
    "hsl_color_values": [
        [
            0.6274509803921569,
            0.3722627737226277,
            137.0
        ],
        [
            0.6274509803921569,
            0.3669064748201439,
            139.0
        ],
        [
            0.6274509803921569,
            0.37777777777777777,
            135.0
        ],
        [
            0.6274509803921569,
            0.36428571428571427,
            140.0
        ],
        [
            0.6274509803921569,
            0.3904526007655933,
            130.61764705882354
        ],
        [
            0.6274509803921569,
            0.384478935698448,
            132.64705882352942
        ],
        [
            0.6274509803921569,
            0.3695652173913043,
            138.0
        ],
        [
            0.6274509803921569,
            0.375,
            136.0
        ],
        [
            0.6274509803921569,
            0.3805970149253731,
            134.0
        ],
        [
            0.6274509803921569,
            0.3601303639326453,
            141.6153846153846
        ]
    ]
}