{
    "rgb_colors": [
        [
            66.0,
            87.0,
            173.0
        ],
        [
            31.080906148867314,
            56.0,
            147.86084142394822
        ],
        [
            37.666666666666664,
            62.416666666666664,
            154.0
        ],
        [
            33.56923076923077,
            58.53846153846154,
            150.3923076923077
        ],
        [
            42.6,
            66.4,
            156.4
        ],
        [
            22.88888888888889,
            49.888888888888886,
            143.44444444444446
        ],
        [
            52.0,
            74.66666666666666,
            163.0
        ],
        [
            32.07641196013289,
            57.06312292358804,
            148.8671096345515
        ],
        [
            79.0,
            100.5,
            185.5
        ],
        [
            29.844621513944222,
            54.721115537848604,
            146.69322709163347
        ]
    ],
    "hex_colors": [
        "#4257ad",
        "#1f3893",
        "#253e9a",
        "#213a96",
        "#2a429c",
        "#16318f",
        "#344aa3",
        "#203994",
        "#4f64b9",
        "#1d3692"
    ],
    "hsl_color_values": [
        [
            0.6339563862928349,
            0.6184971098265896,
            173.0
        ],
        [
            0.6311024894924021,
            0.7897962310402942,
            147.86084142394822
        ],
        [
            0.6312082139446037,
            0.7554112554112554,
            154.0
        ],
        [
            0.631044094730142,
            0.7767889110531431,
            150.3923076923077
        ],
        [
            0.6318101933216168,
            0.7276214833759591,
            156.4
        ],
        [
            0.6293394777265745,
            0.8404337722695585,
            143.44444444444446
        ],
        [
            0.6326326326326326,
            0.6809815950920245,
            163.0
        ],
        [
            0.6310092734823917,
            0.7845298935481712,
            148.8671096345515
        ],
        [
            0.63302034428795,
            0.5741239892183289,
            185.5
        ],
        [
            0.631184152204303,
            0.7965507876154264,
            146.69322709163347
        ]
    ]
}