{
    "rgb_colors": [
        [
            50.504615384615384,
            85.47076923076924,
            169.42153846153846
        ],
        [
            49.21134020618557,
            84.13917525773196,
            168.01546391752578
        ],
        [
            53.57333333333333,
            88.52,
            172.56
        ],
        [
            45.333333333333336,
            80.04166666666667,
            163.66666666666666
        ],
        [
            48.02608695652174,
            82.96521739130435,
            166.84347826086957
        ],
        [
            46.99,
            81.71,
            165.48
        ],
        [
            52.07258064516129,
            86.87096774193549,
            170.91935483870967
        ],
        [
            51.07142857142857,
            83.14285714285714,
            167.14285714285714
        ],
        [
            67.5,
            102.0,
            185.5
        ],
        [
            49.03921568627451,
            83.80392156862744,
            166.90196078431373
        ]
    ],
    "hex_colors": [
        "#3255a9",
        "#3154a8",
        "#3558ac",
        "#2d50a3",
        "#3052a6",
        "#2e51a5",
        "#3456aa",
        "#3353a7",
        "#4366b9",
        "#3153a6"
    ],
    "hsl_color_values": [
        [
            0.6176602497757537,
            0.701899676728052,
            169.42153846153846
        ],
        [
            0.6176674765706353,
            0.7071023163061819,
            168.01546391752578
        ],
        [
            0.6177162707306141,
            0.6895379384948231,
            172.56
        ],
        [
            0.6177816901408452,
            0.7230142566191445,
            163.66666666666666
        ],
        [
            0.6176571038251367,
            0.7121488507843853,
            166.84347826086957
        ],
        [
            0.6178299153233747,
            0.7160381919265167,
            165.48
        ],
        [
            0.6178665942864897,
            0.695338303293385,
            170.91935483870967
        ],
        [
            0.6206153846153847,
            0.6944444444444444,
            167.14285714285714
        ],
        [
            0.6179378531073446,
            0.6361185983827493,
            185.5
        ],
        [
            0.6175067931015361,
            0.7061795112781956,
            166.90196078431373
        ]
    ]
}