{
    "rgb_colors": [
        [
            90.57777777777778,
            120.36666666666666,
            232.38888888888889
        ],
        [
            92.88028169014085,
            122.63380281690141,
            234.75352112676057
        ],
        [
            83.66666666666667,
            113.33333333333333,
            225.5252525252525
        ],
        [
            88.20284697508897,
            118.03914590747331,
            230.14590747330962
        ],
        [
            80.66666666666667,
            110.54545454545455,
            222.84848484848484
        ],
        [
            121.0,
            149.0,
            233.0
        ],
        [
            109.33333333333333,
            137.16666666666666,
            245.25
        ],
        [
            97.5,
            127.0,
            238.08333333333334
        ],
        [
            143.0,
            174.0,
            243.0
        ],
        [
            85.7378640776699,
            115.52427184466019,
            227.68446601941747
        ]
    ],
    "hex_colors": [
        "#5a78e8",
        "#5c7aea",
        "#5371e1",
        "#5876e6",
        "#506ede",
        "#7995e9",
        "#6d89f5",
        "#617fee",
        "#8faef3",
        "#5573e3"
    ],
    "hsl_color_values": [
        [
            0.6316566115594556,
            0.6102318909873297,
            232.38888888888889
        ],
        [
            0.6317134915119627,
            0.6043497825108745,
            234.75352112676057
        ],
        [
            0.6318119244279883,
            0.6290141980561652,
            225.5252525252525
        ],
        [
            0.631633488776346,
            0.6167524856581775,
            230.14590747330962
        ],
        [
            0.6316425120772946,
            0.6380201251019854,
            222.84848484848484
        ],
        [
            0.625,
            0.48068669527896996,
            233.0
        ],
        [
            0.6325362763131004,
            0.5541963982330955,
            245.25
        ],
        [
            0.6316933412369097,
            0.5904795239761989,
            238.08333333333334
        ],
        [
            0.6149999999999999,
            0.411522633744856,
            243.0
        ],
        [
            0.631692942557824,
            0.6234356011342559,
            227.68446601941747
        ]
    ]
}