{
    "rgb_colors": [
        [
            24.19298245614035,
            55.14035087719298,
            125.10526315789474
        ],
        [
            22.22222222222222,
            52.02777777777778,
            121.02777777777777
        ],
        [
            21.101321585903083,
            51.986784140969164,
            122.00440528634361
        ],
        [
            23.066985645933013,
            53.985645933014354,
            123.91866028708134
        ],
        [
            24.25,
            53.075,
            121.45
        ],
        [
            23.13888888888889,
            52.833333333333336,
            122.80555555555556
        ],
        [
            20.153846153846153,
            50.97435897435898,
            120.8974358974359
        ],
        [
            23.178571428571427,
            52.357142857142854,
            119.96428571428571
        ],
        [
            22.0,
            51.0,
            119.15384615384616
        ],
        [
            22.0,
            52.985250737463126,
            122.96755162241888
        ]
    ],
    "hex_colors": [
        "#18377d",
        "#163479",
        "#15337a",
        "#17357b",
        "#183579",
        "#17347a",
        "#143278",
        "#173477",
        "#163377",
        "#16347a"
    ],
    "hsl_color_values": [
        [
            0.615554010199351,
            0.806618987519282,
            125.10526315789474
        ],
        [
            0.6163902164745573,
            0.8163874225384439,
            121.02777777777777
        ],
        [
            0.6156516044531761,
            0.8270445928868027,
            122.00440528634361
        ],
        [
            0.6155707372615997,
            0.8138538167496815,
            123.91866028708134
        ],
        [
            0.6172410836762688,
            0.8003293536434747,
            121.45
        ],
        [
            0.6170104050538834,
            0.8115810902510745,
            122.80555555555556
        ],
        [
            0.61567828964113,
            0.8332979851537646,
            120.8974358974359
        ],
        [
            0.616420664206642,
            0.8067877344447753,
            119.96428571428571
        ],
        [
            0.6169173924518342,
            0.81536475145255,
            119.15384615384616
        ],
        [
            0.6155194577538857,
            0.8210910137696109,
            122.96755162241888
        ]
    ]
}