{
    "rgb_colors": [
        [
            27.03370786516854,
            62.95505617977528,
            138.87640449438203
        ],
        [
            28.99462365591398,
            65.44086021505376,
            141.1290322580645
        ],
        [
            29.0,
            65.3953488372093,
            139.17441860465115
        ],
        [
            27.86231884057971,
            64.23913043478261,
            137.8985507246377
        ],
        [
            26.408163265306122,
            63.142857142857146,
            136.85714285714286
        ],
        [
            55.5,
            90.5,
            161.5
        ],
        [
            28.11255411255411,
            64.0,
            139.87012987012986
        ],
        [
            27.307692307692307,
            65.1025641025641,
            139.76923076923077
        ],
        [
            26.064102564102566,
            63.794871794871796,
            138.67948717948718
        ],
        [
            38.0,
            72.0,
            144.0
        ]
    ],
    "hex_colors": [
        "#1b3e8a",
        "#1c418d",
        "#1d418b",
        "#1b4089",
        "#1a3f88",
        "#375aa1",
        "#1c408b",
        "#1b418b",
        "#1a3f8a",
        "#264890"
    ],
    "hsl_color_values": [
        [
            0.6131370973143125,
            0.8053398058252428,
            138.87640449438203
        ],
        [
            0.6124962043119017,
            0.7945523809523809,
            141.1290322580645
        ],
        [
            0.6116094986807389,
            0.7916283732976857,
            139.17441860465115
        ],
        [
            0.6115684337613874,
            0.7979506043089858,
            137.8985507246377
        ],
        [
            0.6112342941611234,
            0.8070384730092455,
            136.85714285714286
        ],
        [
            0.6116352201257862,
            0.6563467492260062,
            161.5
        ],
        [
            0.6131468856523087,
            0.7990095945527701,
            139.87012987012986
        ],
        [
            0.6106551147590819,
            0.8046230049532196,
            139.76923076923077
        ],
        [
            0.6108265027322405,
            0.8120550984561339,
            138.67948717948718
        ],
        [
            0.6132075471698113,
            0.7361111111111112,
            144.0
        ]
    ]
}