{
    "rgb_colors": [
        [
            133.3469387755102,
            138.3469387755102,
            160.20408163265307
        ],
        [
            127.44444444444444,
            132.75555555555556,
            154.76296296296297
        ],
        [
            124.74752475247524,
            130.4009900990099,
            152.75742574257427
        ],
        [
            110.57142857142857,
            118.0,
            140.1904761904762
        ],
        [
            121.984375,
            127.640625,
            150.046875
        ],
        [
            142.33333333333334,
            147.33333333333334,
            168.33333333333334
        ],
        [
            118.84210526315789,
            125.23684210526316,
            147.5438596491228
        ],
        [
            115.64885496183206,
            122.36641221374046,
            144.6259541984733
        ],
        [
            137.1304347826087,
            142.26086956521738,
            163.3913043478261
        ],
        [
            129.99056603773585,
            135.21698113207546,
            157.4811320754717
        ]
    ],
    "hex_colors": [
        "#858aa0",
        "#7f849a",
        "#7c8298",
        "#6e768c",
        "#797f96",
        "#8e93a8",
        "#767d93",
        "#737a90",
        "#898ea3",
        "#81879d"
    ],
    "hsl_color_values": [
        [
            0.6356382978723404,
            0.16764331210191083,
            160.20408163265307
        ],
        [
            0.6342642805495299,
            0.1765184511558896,
            154.76296296296297
        ],
        [
            0.6330269824437375,
            0.1833619600090742,
            152.75742574257427
        ],
        [
            0.62486602357985,
            0.21127717391304357,
            140.1904761904762
        ],
        [
            0.6330734966592427,
            0.18702488805581588,
            150.046875
        ],
        [
            0.6346153846153846,
            0.15445544554455445,
            168.33333333333334
        ],
        [
            0.6295334148329257,
            0.19453032104637333,
            147.5438596491228
        ],
        [
            0.6280295047418335,
            0.20035891481051418,
            144.6259541984733
        ],
        [
            0.6341059602649007,
            0.16072378924960093,
            163.3913043478261
        ],
        [
            0.6349805536490506,
            0.17456418858204037,
            157.4811320754717
        ]
    ]
}