{
    "rgb_colors": [
        [
            78.32727272727273,
            105.32727272727273,
            218.5090909090909
        ],
        [
            85.52083333333333,
            113.48958333333333,
            224.40625
        ],
        [
            80.43119266055047,
            107.59633027522936,
            220.39449541284404
        ],
        [
            85.05263157894737,
            112.0,
            225.06578947368422
        ],
        [
            86.67333333333333,
            114.02,
            226.20666666666668
        ],
        [
            90.82857142857142,
            118.68571428571428,
            229.94285714285715
        ],
        [
            81.79230769230769,
            108.99230769230769,
            221.9923076923077
        ],
        [
            83.00769230769231,
            110.23076923076923,
            222.9
        ],
        [
            84.01342281879195,
            111.36912751677852,
            223.6510067114094
        ],
        [
            88.34042553191489,
            115.86170212765957,
            227.70212765957447
        ]
    ],
    "hex_colors": [
        "#4e69da",
        "#5571e0",
        "#506bdc",
        "#5570e1",
        "#5672e2",
        "#5a76e5",
        "#516cdd",
        "#536ede",
        "#546fdf",
        "#5873e3"
    ],
    "hsl_color_values": [
        [
            0.6345654993514915,
            0.6415376934598104,
            218.5090909090909
        ],
        [
            0.6331033275831895,
            0.6189017314208792,
            224.40625
        ],
        [
            0.6343187379828702,
            0.635058069350206,
            220.39449541284404
        ],
        [
            0.6345894809385083,
            0.6220988015200234,
            225.06578947368422
        ],
        [
            0.6340022296544036,
            0.6168400577642864,
            226.20666666666668
        ],
        [
            0.6332922571369891,
            0.6049950298210736,
            229.94285714285715
        ],
        [
            0.6343319067998099,
            0.6315534148792404,
            221.9923076923077
        ],
        [
            0.6342332930092746,
            0.6276012009524795,
            222.9
        ],
        [
            0.6340158287673429,
            0.6243548193494178,
            223.6510067114094
        ],
        [
            0.6337531806615776,
            0.6120351336198842,
            227.70212765957447
        ]
    ]
}