{
    "rgb_colors": [
        [
            51.38775510204081,
            64.6938775510204,
            163.9795918367347
        ],
        [
            47.97122302158273,
            62.992805755395686,
            162.0359712230216
        ],
        [
            70.0,
            84.16666666666666,
            182.16666666666666
        ],
        [
            53.666666666666664,
            67.28571428571429,
            166.4920634920635
        ],
        [
            91.0,
            105.0,
            196.0
        ],
        [
            60.857142857142854,
            75.71428571428571,
            173.71428571428572
        ],
        [
            50.23783783783784,
            63.74594594594595,
            162.9081081081081
        ],
        [
            51.98936170212766,
            65.83510638297872,
            165.35106382978722
        ],
        [
            45.22857142857143,
            60.77142857142857,
            159.74285714285713
        ],
        [
            48.28387096774193,
            64.25806451612904,
            164.8
        ]
    ],
    "hex_colors": [
        "#3340a3",
        "#2f3ea2",
        "#4654b6",
        "#3543a6",
        "#5b69c4",
        "#3c4bad",
        "#323fa2",
        "#3341a5",
        "#2d3c9f",
        "#3040a4"
    ],
    "hsl_color_values": [
        [
            0.6469699716029242,
            0.6866210329807094,
            163.9795918367347
        ],
        [
            0.6447177546515294,
            0.7039470763219821,
            162.0359712230216
        ],
        [
            0.6456166419019317,
            0.6157365050320219,
            182.16666666666666
        ],
        [
            0.6465484899643594,
            0.6776623128992278,
            166.4920634920635
        ],
        [
            0.6444444444444445,
            0.5357142857142857,
            196.0
        ],
        [
            0.6447257383966245,
            0.649671052631579,
            173.71428571428572
        ],
        [
            0.6466848973325657,
            0.6916185546486163,
            162.9081081081081
        ],
        [
            0.6463103728728729,
            0.6855819339895772,
            165.35106382978722
        ],
        [
            0.6440452428476381,
            0.7168663924163835,
            159.74285714285713
        ],
        [
            0.6438169066076043,
            0.7070153460695271,
            164.8
        ]
    ]
}