{
    "rgb_colors": [
        [
            102.42941176470588,
            109.42941176470588,
            136.4294117647059
        ],
        [
            99.0,
            106.0,
            133.0
        ],
        [
            104.4424778761062,
            111.4424778761062,
            138.44247787610618
        ],
        [
            97.0,
            104.0,
            131.0
        ],
        [
            100.48130841121495,
            107.48130841121495,
            134.48130841121494
        ],
        [
            92.3,
            99.3,
            126.3
        ],
        [
            95.2621359223301,
            102.2621359223301,
            129.2621359223301
        ],
        [
            98.0,
            105.0,
            132.0
        ],
        [
            110.1923076923077,
            117.1923076923077,
            144.19230769230768
        ],
        [
            106.80898876404494,
            113.80898876404494,
            140.80898876404495
        ]
    ],
    "hex_colors": [
        "#666d88",
        "#636a85",
        "#686f8a",
        "#616883",
        "#646b86",
        "#5c637e",
        "#5f6681",
        "#626984",
        "#6e7590",
        "#6a718c"
    ],
    "hsl_color_values": [
        [
            0.6323529411764706,
            0.24921312464967887,
            136.4294117647059
        ],
        [
            0.6323529411764706,
            0.2556390977443609,
            133.0
        ],
        [
            0.6323529411764706,
            0.24558936333418555,
            138.44247787610618
        ],
        [
            0.6323529411764706,
            0.2595419847328244,
            131.0
        ],
        [
            0.6323529411764706,
            0.2528232391674484,
            134.48130841121494
        ],
        [
            0.6323529411764706,
            0.26920031670625494,
            126.3
        ],
        [
            0.6323529411764706,
            0.263031395523509,
            129.2621359223301
        ],
        [
            0.6323529411764706,
            0.25757575757575757,
            132.0
        ],
        [
            0.6323529411764706,
            0.23579621232328613,
            144.19230769230768
        ],
        [
            0.6323529411764706,
            0.24146185764443034,
            140.80898876404495
        ]
    ]
}