{
    "rgb_colors": [
        [
            19.0,
            46.464285714285715,
            115.03571428571429
        ],
        [
            19.088709677419356,
            48.03225806451613,
            115.35483870967742
        ],
        [
            18.0,
            46.994219653179194,
            114.72254335260115
        ],
        [
            17.125,
            46.01190476190476,
            113.80357142857143
        ],
        [
            19.082758620689656,
            46.00689655172414,
            113.81379310344828
        ],
        [
            16.192307692307693,
            44.96153846153846,
            112.86538461538461
        ],
        [
            20.244897959183675,
            46.87755102040816,
            114.86734693877551
        ],
        [
            20.38235294117647,
            48.76470588235294,
            116.3529411764706
        ],
        [
            17.02,
            43.94,
            112.14
        ],
        [
            18.177966101694917,
            44.96610169491525,
            113.03389830508475
        ]
    ],
    "hex_colors": [
        "#132e73",
        "#133073",
        "#122e72",
        "#112e71",
        "#132e71",
        "#102c70",
        "#142e72",
        "#143074",
        "#112b70",
        "#122c71"
    ],
    "hsl_color_values": [
        [
            0.6190033469691335,
            0.834833902514747,
            115.03571428571429
        ],
        [
            0.6165563653625981,
            0.8345218120805369,
            115.35483870967742
        ],
        [
            0.6167055120619933,
            0.8430997128029425,
            114.72254335260115
        ],
        [
            0.6168677913229077,
            0.8495214184842304,
            113.80357142857143
        ],
        [
            0.619297223840031,
            0.8323335151184633,
            113.81379310344828
        ],
        [
            0.6170678336980306,
            0.8565343329357642,
            112.86538461538461
        ],
        [
            0.6197562816779899,
            0.8237541085546771,
            114.86734693877551
        ],
        [
            0.6173766472571254,
            0.8248230535894843,
            116.3529411764706
        ],
        [
            0.6194981777403981,
            0.8482254324950954,
            112.14
        ],
        [
            0.619598558622949,
            0.8391812865497076,
            113.03389830508475
        ]
    ]
}