{
    "rgb_colors": [
        [
            88.0,
            97.0,
            123.0
        ],
        [
            85.54629629629629,
            94.54629629629629,
            120.54629629629629
        ],
        [
            90.5050505050505,
            99.5050505050505,
            125.5050505050505
        ],
        [
            83.02597402597402,
            92.02597402597402,
            118.02597402597402
        ],
        [
            100.92857142857143,
            109.92857142857143,
            135.92857142857142
        ],
        [
            87.0,
            96.0,
            122.0
        ],
        [
            92.50955414012739,
            101.50955414012739,
            127.50955414012739
        ],
        [
            94.79878048780488,
            103.79878048780488,
            129.7987804878049
        ],
        [
            89.0,
            98.0,
            124.0
        ],
        [
            97.8082191780822,
            106.8082191780822,
            132.8082191780822
        ]
    ],
    "hex_colors": [
        "#58617b",
        "#555e78",
        "#5a637d",
        "#535c76",
        "#646d87",
        "#57607a",
        "#5c657f",
        "#5e6781",
        "#59627c",
        "#616a84"
    ],
    "hsl_color_values": [
        [
            0.6238095238095238,
            0.2845528455284553,
            123.0
        ],
        [
            0.6238095238095238,
            0.2903448805591827,
            120.54629629629629
        ],
        [
            0.6238095238095238,
            0.27887323943661974,
            125.5050505050505
        ],
        [
            0.6238095238095238,
            0.2965448943661972,
            118.02597402597402
        ],
        [
            0.6238095238095238,
            0.257488176563321,
            135.92857142857142
        ],
        [
            0.6238095238095238,
            0.28688524590163933,
            122.0
        ],
        [
            0.6238095238095238,
            0.2744892352265348,
            127.50955414012739
        ],
        [
            0.6238095238095238,
            0.26964814205853344,
            129.7987804878049
        ],
        [
            0.6238095238095238,
            0.28225806451612906,
            124.0
        ],
        [
            0.6238095238095238,
            0.2635379061371841,
            132.8082191780822
        ]
    ]
}