{
    "rgb_colors": [
        [
            34.11538461538461,
            70.07692307692308,
            143.96153846153845
        ],
        [
            30.0,
            66.0,
            141.625
        ],
        [
            32.014792899408285,
            67.98520710059172,
            142.0147928994083
        ],
        [
            31.0,
            67.0,
            140.95622895622895
        ],
        [
            32.0,
            67.0,
            141.0
        ],
        [
            29.15,
            65.0,
            139.0
        ],
        [
            30.0,
            66.0,
            139.9699248120301
        ],
        [
            31.0,
            66.0,
            140.0
        ],
        [
            33.0377358490566,
            68.98113207547169,
            142.9245283018868
        ],
        [
            32.0,
            68.0,
            141.0
        ]
    ],
    "hex_colors": [
        "#22468f",
        "#1e428d",
        "#20438e",
        "#1f438c",
        "#20438d",
        "#1d418b",
        "#1e428b",
        "#1f428c",
        "#21448e",
        "#20448d"
    ],
    "hsl_color_values": [
        [
            0.6121031746031745,
            0.7630243120491584,
            143.96153846153845
        ],
        [
            0.6129152668906309,
            0.7881729920564872,
            141.625
        ],
        [
            0.612166039089116,
            0.7745671965167392,
            142.0147928994083
        ],
        [
            0.6120994988312868,
            0.7800735715650678,
            140.95622895622895
        ],
        [
            0.6131498470948012,
            0.7730496453900709,
            141.0
        ],
        [
            0.6122743134577454,
            0.7902877697841726,
            139.0
        ],
        [
            0.6121062947262864,
            0.785668242372153,
            139.9699248120301
        ],
        [
            0.6131498470948012,
            0.7785714285714286,
            140.0
        ],
        [
            0.61215086996337,
            0.7688448844884489,
            142.9245283018868
        ],
        [
            0.6116207951070337,
            0.7730496453900709,
            141.0
        ]
    ]
}