{
    "rgb_colors": [
        [
            128.80612244897958,
            202.96938775510205,
            82.94897959183673
        ],
        [
            125.02941176470588,
            199.00980392156862,
            78.8921568627451
        ],
        [
            132.33333333333334,
            206.88888888888889,
            86.55555555555556
        ],
        [
            126.0,
            199.89690721649484,
            79.94845360824742
        ],
        [
            123.92105263157895,
            197.78947368421052,
            77.73684210526316
        ],
        [
            127.48275862068965,
            203.45977011494253,
            81.36781609195403
        ],
        [
            139.5,
            213.5,
            93.5
        ],
        [
            129.7741935483871,
            204.5,
            83.80645161290323
        ],
        [
            126.89338235294117,
            200.99264705882354,
            80.86029411764706
        ],
        [
            127.94375,
            201.96875,
            81.8375
        ]
    ],
    "hex_colors": [
        "#80ca52",
        "#7dc74e",
        "#84ce56",
        "#7ec74f",
        "#7bc54d",
        "#7fcb51",
        "#8bd55d",
        "#81cc53",
        "#7ec850",
        "#7fc951"
    ],
    "hsl_color_values": [
        [
            0.26965368701468,
            0.591322708762757,
            202.96938775510205
        ],
        [
            0.26931657416476223,
            0.6035765308635893,
            199.00980392156862
        ],
        [
            0.26992920898738076,
            0.5816326530612245,
            206.88888888888889
        ],
        [
            0.26934536599341063,
            0.6000515729757607,
            199.89690721649484
        ],
        [
            0.26921671781382434,
            0.6069717935071847,
            197.78947368421052
        ],
        [
            0.27038222556957264,
            0.6000790915767471,
            203.45977011494253
        ],
        [
            0.26944444444444443,
            0.5620608899297423,
            213.5
        ],
        [
            0.26985611831261974,
            0.5901885006703999,
            204.5
        ],
        [
            0.2694689272452768,
            0.5976952624839948,
            200.99264705882354
        ],
        [
            0.2693668383538838,
            0.5948011759244932,
            201.96875
        ]
    ]
}