{
    "rgb_colors": [
        [
            58.586666666666666,
            80.54666666666667,
            157.4
        ],
        [
            72.7,
            93.8,
            167.9
        ],
        [
            66.18617021276596,
            88.18617021276596,
            163.44148936170214
        ],
        [
            60.82446808510638,
            82.77659574468085,
            159.22340425531914
        ],
        [
            64.72108843537416,
            86.71428571428571,
            162.20408163265307
        ],
        [
            68.48484848484848,
            90.48484848484848,
            165.37878787878788
        ],
        [
            63.42918454935622,
            85.37339055793991,
            160.89699570815452
        ],
        [
            84.5,
            103.5,
            172.0
        ],
        [
            144.0,
            162.0,
            222.0
        ],
        [
            62.09649122807018,
            83.93859649122807,
            160.80701754385964
        ]
    ],
    "hex_colors": [
        "#3a509d",
        "#485da7",
        "#4258a3",
        "#3c529f",
        "#4056a2",
        "#445aa5",
        "#3f55a0",
        "#5467ac",
        "#90a2de",
        "#3e53a0"
    ],
    "hsl_color_values": [
        [
            0.6296271308415419,
            0.6277848369335027,
            157.4
        ],
        [
            0.6297268907563026,
            0.5670041691483025,
            167.9
        ],
        [
            0.628965215488952,
            0.5950467015979432,
            163.44148936170214
        ],
        [
            0.6294844766383769,
            0.6179929177523885,
            159.22340425531914
        ],
        [
            0.6290648988136777,
            0.600989766817648,
            162.20408163265307
        ],
        [
            0.6288246025540788,
            0.5858909757214842,
            165.37878787878788
        ],
        [
            0.6291428152062234,
            0.6057776947904719,
            160.89699570815452
        ],
        [
            0.6304761904761905,
            0.5087209302325582,
            172.0
        ],
        [
            0.6282051282051282,
            0.35135135135135137,
            222.0
        ],
        [
            0.6297876121923043,
            0.6138446432467816,
            160.80701754385964
        ]
    ]
}