{
    "rgb_colors": [
        [
            66.02673796791444,
            73.02673796791444,
            108.02673796791444
        ],
        [
            68.74418604651163,
            75.74418604651163,
            110.74418604651163
        ],
        [
            61.193548387096776,
            68.58064516129032,
            103.5
        ],
        [
            70.68,
            79.45,
            114.08
        ],
        [
            59.62162162162162,
            66.78378378378379,
            101.72972972972973
        ],
        [
            67.3875,
            77.3875,
            111.8625
        ],
        [
            62.46666666666667,
            72.46666666666667,
            106.73333333333333
        ],
        [
            57.27272727272727,
            64.27272727272727,
            99.27272727272727
        ],
        [
            63.229166666666664,
            70.54166666666667,
            105.4375
        ],
        [
            64.97810218978103,
            74.97810218978103,
            109.28467153284672
        ]
    ],
    "hex_colors": [
        "#42496c",
        "#444b6e",
        "#3d4467",
        "#464f72",
        "#3b4265",
        "#434d6f",
        "#3e486a",
        "#394063",
        "#3f4669",
        "#404a6d"
    ],
    "hsl_color_values": [
        [
            0.6388888888888888,
            0.3887926340280184,
            108.02673796791444
        ],
        [
            0.6388888888888888,
            0.379252414951701,
            110.74418604651163
        ],
        [
            0.6375651289871649,
            0.4087579865980988,
            103.5
        ],
        [
            0.6329877112135177,
            0.38043478260869557,
            114.08
        ],
        [
            0.6383183568677792,
            0.41392136025504783,
            101.72972972972973
        ],
        [
            0.6291924302042347,
            0.3975863224941334,
            111.8625
        ],
        [
            0.6290160642570282,
            0.4147407870081199,
            106.73333333333333
        ],
        [
            0.638888888888889,
            0.423076923076923,
            99.27272727272727
        ],
        [
            0.6377920368542284,
            0.4003161430547323,
            105.4375
        ],
        [
            0.629049972542559,
            0.4054234571199572,
            109.28467153284672
        ]
    ]
}