{
    "rgb_colors": [
        [
            51.16814159292036,
            81.36283185840708,
            156.4867256637168
        ],
        [
            46.0655737704918,
            76.73770491803279,
            150.88524590163934
        ],
        [
            43.0,
            74.0,
            148.08333333333334
        ],
        [
            47.196850393700785,
            77.8740157480315,
            152.04724409448818
        ],
        [
            64.33333333333333,
            95.0,
            169.33333333333334
        ],
        [
            52.80357142857143,
            83.08928571428571,
            158.05357142857142
        ],
        [
            49.04347826086956,
            79.62608695652175,
            154.16521739130434
        ],
        [
            48.09230769230769,
            78.7897435897436,
            153.08205128205128
        ],
        [
            57.13333333333333,
            87.6,
            161.66666666666666
        ],
        [
            50.05339805825243,
            80.38349514563107,
            155.15533980582524
        ]
    ],
    "hex_colors": [
        "#33519c",
        "#2e4c96",
        "#2b4a94",
        "#2f4d98",
        "#405fa9",
        "#34539e",
        "#314f9a",
        "#304e99",
        "#3957a1",
        "#32509b"
    ],
    "hsl_color_values": [
        [
            0.6188835672072375,
            0.6730192840581348,
            156.4867256637168
        ],
        [
            0.6178969867584193,
            0.6946979574098219,
            150.88524590163934
        ],
        [
            0.6174993391488237,
            0.7096229600450197,
            148.08333333333334
        ],
        [
            0.6179032742565335,
            0.6895908855515277,
            152.04724409448818
        ],
        [
            0.617989417989418,
            0.6200787401574803,
            169.33333333333334
        ],
        [
            0.618708290917317,
            0.6659134561066545,
            158.05357142857142
        ],
        [
            0.61817906085422,
            0.6818771504314964,
            154.16521739130434
        ],
        [
            0.617935817906511,
            0.6858396703628019,
            153.08205128205128
        ],
        [
            0.6180909863945577,
            0.64659793814433,
            161.66666666666666
        ],
        [
            0.61857035086909,
            0.6773981603153745,
            155.15533980582524
        ]
    ]
}