{
    "rgb_colors": [
        [
            68.4,
            78.4,
            110.4
        ],
        [
            76.0,
            86.0,
            118.0
        ],
        [
            72.0,
            82.0,
            114.0
        ],
        [
            80.85714285714286,
            90.85714285714286,
            122.85714285714286
        ],
        [
            77.64197530864197,
            87.64197530864197,
            119.64197530864197
        ],
        [
            74.45365853658537,
            84.45365853658537,
            116.45365853658537
        ],
        [
            70.0,
            80.0,
            112.0
        ],
        [
            71.0,
            81.0,
            113.0
        ],
        [
            64.96428571428571,
            74.96428571428571,
            106.96428571428571
        ],
        [
            73.0,
            83.0,
            115.0
        ]
    ],
    "hex_colors": [
        "#444e6e",
        "#4c5676",
        "#485272",
        "#505a7a",
        "#4d5777",
        "#4a5474",
        "#465070",
        "#475171",
        "#404a6a",
        "#495373"
    ],
    "hsl_color_values": [
        [
            0.626984126984127,
            0.3804347826086956,
            110.4
        ],
        [
            0.626984126984127,
            0.3559322033898305,
            118.0
        ],
        [
            0.626984126984127,
            0.3684210526315789,
            114.0
        ],
        [
            0.626984126984127,
            0.34186046511627904,
            122.85714285714286
        ],
        [
            0.626984126984127,
            0.3510473635331751,
            119.64197530864197
        ],
        [
            0.626984126984127,
            0.3606584844803753,
            116.45365853658537
        ],
        [
            0.626984126984127,
            0.375,
            112.0
        ],
        [
            0.626984126984127,
            0.37168141592920356,
            113.0
        ],
        [
            0.626984126984127,
            0.3926544240400668,
            106.96428571428571
        ],
        [
            0.626984126984127,
            0.3652173913043478,
            115.0
        ]
    ]
}