{
    "rgb_colors": [
        [
            0.0,
            0.0,
            11.636363636363626
        ],
        [
            38.9869918699187,
            65.89918699186993,
            160.29756097560977
        ],
        [
            79.16666666666666,
            98.83333333333333,
            175.66666666666666
        ],
        [
            29.627906976744185,
            50.04651162790698,
            130.04651162790697
        ],
        [
            247.0909090909091,
            237.8181818181818,
            196.0
        ],
        [
            35.80935251798561,
            62.276978417266186,
            155.42805755395685
        ],
        [
            104.0,
            127.0,
            204.0
        ],
        [
            199.85714285714286,
            200.0,
            181.14285714285714
        ],
        [
            21.319148936170212,
            33.4468085106383,
            89.04255319148936
        ],
        [
            157.4,
            157.2,
            155.0
        ]
    ],
    "hex_colors": [
        "#00000b",
        "#2641a0",
        "#4f62af",
        "#1d3282",
        "#f7edc4",
        "#233e9b",
        "#687fcc",
        "#c7c8b5",
        "#152159",
        "#9d9d9b"
    ],
    "hsl_color_values": [
        [
            0.6666666666666666,
            1.0,
            11.636363636363626
        ],
        [
            0.6296924286697227,
            0.7567836239513912,
            160.29756097560977
        ],
        [
            0.6327000575705238,
            0.5493358633776091,
            175.66666666666666
        ],
        [
            0.6327775204570018,
            0.7721745350500715,
            130.04651162790697
        ],
        [
            0.13641755634638195,
            0.20676968359087566,
            247.0909090909091
        ],
        [
            0.6297888975762315,
            0.7696081834802935,
            155.42805755395685
        ],
        [
            0.6283333333333333,
            0.49019607843137253,
            204.0
        ],
        [
            0.1679292929292929,
            0.0942857142857143,
            200.0
        ],
        [
            0.6368206094879044,
            0.760573476702509,
            89.04255319148936
        ],
        [
            0.15277777777777662,
            0.015247776365946668,
            157.4
        ]
    ]
}