{
    "rgb_colors": [
        [
            131.27450980392157,
            207.47058823529412,
            80.94771241830065
        ],
        [
            134.06796116504853,
            211.27184466019418,
            82.6504854368932
        ],
        [
            138.42168674698794,
            218.3012048192771,
            86.4578313253012
        ],
        [
            128.93396226415095,
            205.04716981132074,
            78.93396226415095
        ],
        [
            127.52173913043478,
            203.6086956521739,
            77.33333333333333
        ],
        [
            133.48076923076923,
            213.3846153846154,
            81.57692307692308
        ],
        [
            135.54444444444445,
            215.2,
            83.66666666666667
        ],
        [
            132.38970588235293,
            209.44117647058823,
            80.99264705882354
        ],
        [
            131.36666666666667,
            211.16666666666666,
            79.56666666666666
        ],
        [
            130.025,
            206.20833333333334,
            79.725
        ]
    ],
    "hex_colors": [
        "#83cf50",
        "#86d352",
        "#8ada56",
        "#80cd4e",
        "#7fcb4d",
        "#85d551",
        "#87d753",
        "#84d150",
        "#83d34f",
        "#82ce4f"
    ],
    "hsl_color_values": [
        [
            0.2670386059165892,
            0.6098352392653499,
            207.47058823529412
        ],
        [
            0.26670692431562,
            0.608795551675015,
            211.27184466019418
        ],
        [
            0.26764446069024334,
            0.6039516529609802,
            218.3012048192771
        ],
        [
            0.2672551366447237,
            0.6150448585231193,
            205.04716981132074
        ],
        [
            0.2670913194842955,
            0.6201864901416471,
            203.6086956521739
        ],
        [
            0.26770255811691474,
            0.6177000720980534,
            213.3846153846154
        ],
        [
            0.2675986934729966,
            0.6112143742255265,
            215.2
        ],
        [
            0.2666437689621615,
            0.6132916725179047,
            209.44117647058823
        ],
        [
            0.2677304964539007,
            0.6232044198895028,
            211.16666666666666
        ],
        [
            0.2670531910220934,
            0.6133764396847848,
            206.20833333333334
        ]
    ]
}