{
    "rgb_colors": [
        [
            95.0,
            131.0,
            209.33333333333331
        ],
        [
            46.29220779220779,
            84.6038961038961,
            171.3961038961039
        ],
        [
            63.44444444444444,
            100.88888888888889,
            187.44444444444446
        ],
        [
            52.188059701492534,
            90.22686567164179,
            177.72537313432835
        ],
        [
            76.66666666666666,
            113.0,
            198.0
        ],
        [
            18.0,
            69.0,
            163.0
        ],
        [
            0.0,
            45.0,
            150.0
        ],
        [
            49.21206225680934,
            87.41828793774319,
            174.55058365758754
        ],
        [
            112.0,
            149.0,
            226.0
        ],
        [
            124.5,
            158.0,
            213.0
        ]
    ],
    "hex_colors": [
        "#5f83d1",
        "#2e54ab",
        "#3f64bb",
        "#345ab1",
        "#4c71c6",
        "#1245a3",
        "#002d96",
        "#3157ae",
        "#7095e2",
        "#7c9ed5"
    ],
    "hsl_color_values": [
        [
            0.6141885325558795,
            0.5461783439490445,
            209.33333333333331
        ],
        [
            0.6156268382989031,
            0.7299109679863611,
            171.3961038961039
        ],
        [
            0.6163381123058542,
            0.6615293420272673,
            187.44444444444446
        ],
        [
            0.6161653390401458,
            0.70635560482381,
            177.72537313432835
        ],
        [
            0.6167582417582418,
            0.6127946127946129,
            198.0
        ],
        [
            0.6080459770114942,
            0.8895705521472392,
            163.0
        ],
        [
            0.6166666666666667,
            1.0,
            150.0
        ],
        [
            0.6158626184858645,
            0.7180641781562433,
            174.55058365758754
        ],
        [
            0.6125730994152047,
            0.504424778761062,
            226.0
        ],
        [
            0.603578154425612,
            0.4154929577464789,
            213.0
        ]
    ]
}