{
    "rgb_colors": [
        [
            30.03448275862069,
            55.0,
            145.0
        ],
        [
            28.98901098901099,
            53.9010989010989,
            142.7032967032967
        ],
        [
            30.137931034482758,
            56.06896551724138,
            142.90804597701148
        ],
        [
            29.119631901840492,
            54.0,
            144.0
        ],
        [
            30.01818181818182,
            55.03636363636364,
            144.0
        ],
        [
            27.95959595959596,
            52.93939393939394,
            142.93939393939394
        ],
        [
            31.0,
            55.0,
            146.0
        ],
        [
            32.0,
            57.0,
            146.75
        ],
        [
            31.016666666666666,
            56.0,
            146.0
        ],
        [
            31.03125,
            56.375,
            144.6875
        ]
    ],
    "hex_colors": [
        "#1e3791",
        "#1c358e",
        "#1e388e",
        "#1d3690",
        "#1e3790",
        "#1b348e",
        "#1f3792",
        "#203992",
        "#1f3892",
        "#1f3890"
    ],
    "hsl_color_values": [
        [
            0.6304739052189562,
            0.7928656361474434,
            145.0
        ],
        [
            0.6301539750032212,
            0.796858154936085,
            142.7032967032967
        ],
        [
            0.6283423368328066,
            0.7891096276039572,
            142.90804597701148
        ],
        [
            0.6305706122666952,
            0.7977803340149966,
            144.0
        ],
        [
            0.6300845429893126,
            0.791540404040404,
            144.0
        ],
        [
            0.6304577000790653,
            0.8043954490848704,
            142.93939393939394
        ],
        [
            0.6318840579710145,
            0.7876712328767124,
            146.0
        ],
        [
            0.6303558460421206,
            0.7819420783645656,
            146.75
        ],
        [
            0.6304536889404262,
            0.7875570776255708,
            146.0
        ],
        [
            0.629502337091009,
            0.7855291576673866,
            144.6875
        ]
    ]
}