{
    "rgb_colors": [
        [
            48.22222222222222,
            73.2063492063492,
            137.03174603174602
        ],
        [
            46.05150214592275,
            71.04721030042919,
            134.84978540772534
        ],
        [
            45.06089743589744,
            70.04166666666667,
            133.84615384615384
        ],
        [
            64.0,
            88.5,
            147.5
        ],
        [
            35.5,
            61.5,
            127.0
        ],
        [
            47.04132231404959,
            72.0,
            135.9090909090909
        ],
        [
            87.0,
            112.0,
            170.0
        ],
        [
            53.5,
            78.5,
            142.0
        ],
        [
            43.04109589041096,
            67.93150684931507,
            131.94520547945206
        ],
        [
            44.08372093023256,
            69.02325581395348,
            132.93953488372094
        ]
    ],
    "hex_colors": [
        "#304989",
        "#2e4786",
        "#2d4685",
        "#405893",
        "#233d7f",
        "#2f4887",
        "#5770aa",
        "#354e8e",
        "#2b4383",
        "#2c4584"
    ],
    "hsl_color_values": [
        [
            0.619779565087876,
            0.6480945210239777,
            137.03174603174602
        ],
        [
            0.6197518930240052,
            0.6584977721196691,
            134.84978540772534
        ],
        [
            0.6197730527177118,
            0.663338122605364,
            133.84615384615384
        ],
        [
            0.6177644710578841,
            0.5661016949152542,
            147.5
        ],
        [
            0.6193078324225865,
            0.7204724409448819,
            127.0
        ],
        [
            0.6198580241173005,
            0.6538765582243844,
            135.9090909090909
        ],
        [
            0.6164658634538153,
            0.48823529411764705,
            170.0
        ],
        [
            0.6195856873822976,
            0.6232394366197183,
            142.0
        ],
        [
            0.6200051361068311,
            0.6737956810631229,
            131.94520547945206
        ],
        [
            0.6198876326074818,
            0.6683926947029599,
            132.93953488372094
        ]
    ]
}