{
    "rgb_colors": [
        [
            93.22900763358778,
            96.27480916030534,
            129.6412213740458
        ],
        [
            96.0,
            99.0,
            133.0
        ],
        [
            102.46875,
            104.71875,
            136.90625
        ],
        [
            88.43478260869566,
            91.43478260869566,
            125.43478260869566
        ],
        [
            96.53164556962025,
            99.51898734177215,
            131.0253164556962
        ],
        [
            90.05660377358491,
            93.05660377358491,
            126.9622641509434
        ],
        [
            99.56701030927834,
            102.14432989690721,
            134.42268041237114
        ],
        [
            91.50943396226415,
            94.50943396226415,
            128.46226415094338
        ],
        [
            97.38297872340425,
            100.38297872340425,
            134.38297872340425
        ],
        [
            94.46464646464646,
            97.46464646464646,
            131.46464646464648
        ]
    ],
    "hex_colors": [
        "#5d6081",
        "#606385",
        "#666888",
        "#585b7d",
        "#606383",
        "#5a5d7e",
        "#636686",
        "#5b5e80",
        "#616486",
        "#5e6183"
    ],
    "hsl_color_values": [
        [
            0.6527253668763103,
            0.28086910439851626,
            129.6412213740458
        ],
        [
            0.6531531531531533,
            0.2781954887218045,
            133.0
        ],
        [
            0.6557773744706594,
            0.2515407441223465,
            136.90625
        ],
        [
            0.6531531531531533,
            0.2949740034662045,
            125.43478260869566
        ],
        [
            0.6522324159021408,
            0.26325958844556085,
            131.0253164556962
        ],
        [
            0.653118609406953,
            0.2906821221578243,
            126.9622641509434
        ],
        [
            0.6543428965789214,
            0.25929902599892635,
            134.42268041237114
        ],
        [
            0.6531359033273764,
            0.2876551369611514,
            128.46226415094338
        ],
        [
            0.6531531531531533,
            0.2753324889170361,
            134.38297872340425
        ],
        [
            0.6531531531531533,
            0.2814444871302344,
            131.46464646464648
        ]
    ]
}