{
    "rgb_colors": [
        [
            33.08571428571429,
            68.62857142857143,
            151.0
        ],
        [
            34.05511811023622,
            71.0,
            153.0
        ],
        [
            31.272727272727273,
            67.27272727272727,
            149.22727272727272
        ],
        [
            32.0,
            69.0,
            150.929889298893
        ],
        [
            29.88888888888889,
            66.88888888888889,
            148.84444444444443
        ],
        [
            33.0,
            69.99598393574297,
            151.91967871485943
        ],
        [
            34.0,
            71.0,
            152.0
        ],
        [
            35.24528301886792,
            71.98113207547169,
            154.0
        ],
        [
            34.333333333333336,
            69.66666666666667,
            152.26666666666668
        ],
        [
            31.15625,
            68.0,
            150.0
        ]
    ],
    "hex_colors": [
        "#214497",
        "#224799",
        "#1f4395",
        "#204596",
        "#1d4294",
        "#214597",
        "#224798",
        "#23479a",
        "#224598",
        "#1f4496"
    ],
    "hsl_color_values": [
        [
            0.6164283983523141,
            0.7808893093661305,
            151.0
        ],
        [
            0.6148991570678318,
            0.7774175286912666,
            153.0
        ],
        [
            0.6157996146435453,
            0.7904355772159609,
            149.22727272727272
        ],
        [
            0.6148153893887681,
            0.7879810278226004,
            150.929889298893
        ],
        [
            0.6148265769973223,
            0.7991937891908032,
            148.84444444444443
        ],
        [
            0.6148165659158197,
            0.7827799513587819,
            151.91967871485943
        ],
        [
            0.614406779661017,
            0.7763157894736842,
            152.0
        ],
        [
            0.6151096282173499,
            0.771134525851507,
            154.0
        ],
        [
            0.6167326172979085,
            0.7745183887915936,
            152.26666666666668
        ],
        [
            0.6149969322464721,
            0.7922916666666666,
            150.0
        ]
    ]
}