{
    "rgb_colors": [
        [
            51.01648351648352,
            75.0,
            139.0
        ],
        [
            50.95454545454545,
            75.0,
            138.0
        ],
        [
            47.08,
            71.0,
            134.98
        ],
        [
            49.035555555555554,
            72.98222222222222,
            136.9688888888889
        ],
        [
            48.02173913043478,
            72.0,
            135.97101449275362
        ],
        [
            53.23809523809524,
            76.9047619047619,
            141.0
        ],
        [
            46.25,
            70.0,
            133.75
        ],
        [
            50.04225352112676,
            73.97183098591549,
            137.95070422535213
        ],
        [
            52.10989010989011,
            75.91208791208791,
            139.9010989010989
        ],
        [
            52.0,
            74.0,
            139.0
        ]
    ],
    "hex_colors": [
        "#334b8b",
        "#324b8a",
        "#2f4786",
        "#314888",
        "#304887",
        "#354c8d",
        "#2e4685",
        "#324989",
        "#344b8b",
        "#344a8b"
    ],
    "hsl_color_values": [
        [
            0.6212348300339308,
            0.6329749387303344,
            139.0
        ],
        [
            0.6206266318537859,
            0.630764163372859,
            138.0
        ],
        [
            0.6213120970800152,
            0.6512075863090828,
            134.98
        ],
        [
            0.6212787465251454,
            0.6419949380232332,
            136.9688888888889
        ],
        [
            0.6212271017000357,
            0.6468237049669581,
            135.97101449275362
        ],
        [
            0.6217218303490686,
            0.6224248564674096,
            141.0
        ],
        [
            0.6214285714285714,
            0.6542056074766355,
            133.75
        ],
        [
            0.6212982990200006,
            0.6372453928225025,
            137.95070422535213
        ],
        [
            0.6214795343597447,
            0.6275233681564685,
            139.9010989010989
        ],
        [
            0.6245210727969348,
            0.6258992805755396,
            139.0
        ]
    ]
}