{
    "rgb_colors": [
        [
            87.0,
            115.84615384615384,
            231.6153846153846
        ],
        [
            73.19565217391305,
            101.04347826086956,
            217.19565217391303
        ],
        [
            76.36434108527132,
            105.1046511627907,
            221.73643410852713
        ],
        [
            82.61666666666666,
            111.78333333333333,
            227.88333333333333
        ],
        [
            71.7008547008547,
            99.23931623931624,
            215.0854700854701
        ],
        [
            78.49404761904762,
            107.44642857142857,
            223.9345238095238
        ],
        [
            80.59615384615384,
            109.66346153846153,
            225.84615384615384
        ],
        [
            98.0,
            125.66666666666666,
            239.66666666666666
        ],
        [
            69.50666666666666,
            96.62666666666667,
            212.08
        ],
        [
            74.13432835820896,
            102.78358208955224,
            219.3507462686567
        ]
    ],
    "hex_colors": [
        "#5773e7",
        "#4965d9",
        "#4c69dd",
        "#526fe3",
        "#4763d7",
        "#4e6bdf",
        "#506de1",
        "#627def",
        "#4560d4",
        "#4a66db"
    ],
    "hsl_color_values": [
        [
            0.6334219858156028,
            0.6243772832945865,
            231.6153846153846
        ],
        [
            0.63443538647343,
            0.6629966970273247,
            217.19565217391303
        ],
        [
            0.6337163831564728,
            0.6556076073276464,
            221.73643410852713
        ],
        [
            0.6332033042680129,
            0.6374606889490235,
            227.88333333333333
        ],
        [
            0.634656652360515,
            0.6666401748460162,
            215.0854700854701
        ],
        [
            0.6334888543286677,
            0.649477685335318,
            223.9345238095238
        ],
        [
            0.6333134736749194,
            0.6431369209809265,
            225.84615384615384
        ],
        [
            0.6341176470588236,
            0.5910987482614742,
            239.66666666666666
        ],
        [
            0.6349636834065899,
            0.6722620394819565,
            212.08
        ],
        [
            0.6337855662332768,
            0.6620283741026775,
            219.3507462686567
        ]
    ]
}