{
    "rgb_colors": [
        [
            76.12903225806451,
            86.12903225806451,
            122.12903225806451
        ],
        [
            62.891891891891895,
            72.75675675675676,
            110.29729729729729
        ],
        [
            63.53658536585366,
            74.51219512195122,
            111.48780487804878
        ],
        [
            70.29113924050633,
            79.64556962025317,
            117.16455696202532
        ],
        [
            71.8360655737705,
            81.60655737704919,
            118.06557377049181
        ],
        [
            65.0,
            74.13333333333334,
            111.86666666666666
        ],
        [
            60.60919540229885,
            71.11494252873564,
            108.27586206896552
        ],
        [
            66.59813084112149,
            76.4766355140187,
            113.92523364485982
        ],
        [
            65.53435114503817,
            75.54198473282443,
            112.92366412213741
        ],
        [
            68.09844559585493,
            77.9119170984456,
            115.34196891191709
        ]
    ],
    "hex_colors": [
        "#4c567a",
        "#3e486e",
        "#3f4a6f",
        "#464f75",
        "#475176",
        "#414a6f",
        "#3c476c",
        "#424c71",
        "#414b70",
        "#444d73"
    ],
    "hsl_color_values": [
        [
            0.6304347826086957,
            0.37665081880612783,
            122.12903225806451
        ],
        [
            0.6319840364880274,
            0.4297966184758637,
            110.29729729729729
        ],
        [
            0.6285181417429637,
            0.43010282213957557,
            111.48780487804878
        ],
        [
            0.633405347015933,
            0.40006482281763184,
            117.16455696202532
        ],
        [
            0.6314420803782506,
            0.3915579005831713,
            118.06557377049181
        ],
        [
            0.6341868183973447,
            0.4189511323003575,
            111.86666666666666
        ],
        [
            0.6299332851056989,
            0.4402335456475584,
            108.27586206896552
        ],
        [
            0.6318786203264876,
            0.4154224774405251,
            113.92523364485982
        ],
        [
            0.6314701460481099,
            0.419657946325965,
            112.92366412213741
        ],
        [
            0.6320465014257511,
            0.4095952562777952,
            115.34196891191709
        ]
    ]
}