{
    "rgb_colors": [
        [
            87.51219512195122,
            88.51219512195122,
            113.51219512195122
        ],
        [
            83.45493562231759,
            84.45493562231759,
            109.45493562231759
        ],
        [
            80.0,
            81.0,
            106.0
        ],
        [
            85.34920634920636,
            86.34920634920636,
            111.34920634920636
        ],
        [
            81.0,
            82.0,
            107.0
        ],
        [
            78.0,
            79.0,
            104.0
        ],
        [
            74.29166666666667,
            75.29166666666667,
            100.29166666666667
        ],
        [
            76.62068965517241,
            77.62068965517241,
            102.62068965517241
        ],
        [
            82.0,
            83.0,
            108.0
        ],
        [
            79.0,
            80.0,
            105.0
        ]
    ],
    "hex_colors": [
        "#575871",
        "#53546d",
        "#50516a",
        "#55566f",
        "#51526b",
        "#4e4f68",
        "#4a4b64",
        "#4c4d66",
        "#52536c",
        "#4f5069"
    ],
    "hsl_color_values": [
        [
            0.6602564102564102,
            0.22905027932960892,
            113.51219512195122
        ],
        [
            0.6602564102564102,
            0.23754068148845234,
            109.45493562231759
        ],
        [
            0.6602564102564102,
            0.24528301886792453,
            106.0
        ],
        [
            0.6602564102564102,
            0.23349964362081252,
            111.34920634920636
        ],
        [
            0.6602564102564102,
            0.24299065420560748,
            107.0
        ],
        [
            0.6602564102564102,
            0.25,
            104.0
        ],
        [
            0.6602564102564102,
            0.25924387203988364,
            100.29166666666667
        ],
        [
            0.6602564102564102,
            0.25336021505376344,
            102.62068965517241
        ],
        [
            0.6602564102564102,
            0.24074074074074073,
            108.0
        ],
        [
            0.6602564102564102,
            0.24761904761904763,
            105.0
        ]
    ]
}