{
    "rgb_colors": [
        [
            37.37037037037038,
            77.74074074074076,
            158.22222222222223
        ],
        [
            247.0,
            239.85714285714286,
            188.8095238095238
        ],
        [
            235.85582822085888,
            227.78527607361963,
            172.54601226993864
        ],
        [
            81.54545454545453,
            112.0909090909091,
            160.0909090909091
        ],
        [
            228.99408284023667,
            219.8836291913215,
            169.74358974358975
        ],
        [
            219.3846153846154,
            226.69230769230768,
            217.46153846153845
        ],
        [
            252.3235294117647,
            252.8235294117647,
            218.05882352941177
        ],
        [
            133.33333333333334,
            153.55555555555554,
            175.33333333333334
        ],
        [
            188.5,
            199.25,
            199.125
        ],
        [
            55.83823529411765,
            81.79411764705883,
            178.9558823529412
        ]
    ],
    "hex_colors": [
        "#254d9e",
        "#f7efbc",
        "#ebe3ac",
        "#5170a0",
        "#e4dba9",
        "#dbe2d9",
        "#fcfcda",
        "#8599af",
        "#bcc7c7",
        "#3751b2"
    ],
    "hsl_color_values": [
        [
            0.6109919297170293,
            0.763810861423221,
            158.22222222222223
        ],
        [
            0.14620840152755046,
            0.23558897243107774,
            247.0
        ],
        [
            0.14542048225850737,
            0.2684259126793169,
            235.85582822085888
        ],
        [
            0.6018518518518517,
            0.49063032367972753,
            160.0909090909091
        ],
        [
            0.14103972481136262,
            0.2587424633936261,
            228.99408284023667
        ],
        [
            0.2986111111111109,
            0.04071937563624023,
            226.69230769230768
        ],
        [
            0.16906373378454598,
            0.13750581665891107,
            252.8235294117647
        ],
        [
            0.5864197530864198,
            0.23954372623574144,
            175.33333333333334
        ],
        [
            0.49806201550387597,
            0.053952321204516936,
            199.25
        ],
        [
            0.6315297021818761,
            0.6879776481222779,
            178.9558823529412
        ]
    ]
}