{
    "rgb_colors": [
        [
            41.040485829959515,
            64.02834008097166,
            158.8744939271255
        ],
        [
            48.0,
            71.0,
            166.0
        ],
        [
            44.13333333333333,
            67.0,
            161.8
        ],
        [
            43.06666666666667,
            66.0,
            160.88888888888889
        ],
        [
            39.00469483568075,
            62.014084507042256,
            156.93896713615024
        ],
        [
            37.04347826086956,
            60.04347826086956,
            154.8695652173913
        ],
        [
            39.99612403100775,
            63.01937984496124,
            157.8953488372093
        ],
        [
            42.059701492537314,
            65.0,
            159.83582089552237
        ],
        [
            38.06172839506173,
            61.04938271604938,
            155.8148148148148
        ],
        [
            45.333333333333336,
            68.0,
            163.0
        ]
    ],
    "hex_colors": [
        "#29409e",
        "#3047a6",
        "#2c43a1",
        "#2b42a0",
        "#273e9c",
        "#253c9a",
        "#273f9d",
        "#2a419f",
        "#263d9b",
        "#2d44a3"
    ],
    "hsl_color_values": [
        [
            0.6341522075244804,
            0.7416798328321695,
            158.8744939271255
        ],
        [
            0.634180790960452,
            0.7108433734939759,
            166.0
        ],
        [
            0.6342776203966006,
            0.727235269880511,
            161.8
        ],
        [
            0.6342260782094806,
            0.7323204419889503,
            160.88888888888889
        ],
        [
            0.6341494161358812,
            0.7514658370228551,
            156.93896713615024
        ],
        [
            0.6341328413284133,
            0.7608085345311623,
            154.8695652173913
        ],
        [
            0.634120148157889,
            0.7466921962834769,
            157.8953488372093
        ],
        [
            0.634203523000887,
            0.736856849379027,
            159.83582089552237
        ],
        [
            0.6341301460823373,
            0.755724586007448,
            155.8148148148148
        ],
        [
            0.6345609065155807,
            0.721881390593047,
            163.0
        ]
    ]
}