{
    "rgb_colors": [
        [
            38.0,
            67.5,
            174.5
        ],
        [
            53.2,
            80.10526315789474,
            184.36491228070176
        ],
        [
            49.346666666666664,
            75.91333333333333,
            178.85333333333332
        ],
        [
            66.4,
            92.9,
            195.9
        ],
        [
            95.0,
            118.0,
            194.0
        ],
        [
            178.0,
            202.0,
            238.0
        ],
        [
            51.243512974051896,
            78.15369261477046,
            182.01596806387226
        ],
        [
            55.91549295774648,
            82.7605633802817,
            187.04225352112675
        ],
        [
            20.0,
            57.0,
            174.0
        ],
        [
            49.0,
            72.0,
            157.0
        ]
    ],
    "hex_colors": [
        "#2643ae",
        "#3550b8",
        "#314bb2",
        "#425cc3",
        "#5f76c2",
        "#b2caee",
        "#334eb6",
        "#3752bb",
        "#1439ae",
        "#31489d"
    ],
    "hsl_color_values": [
        [
            0.6306471306471306,
            0.7822349570200573,
            174.5
        ],
        [
            0.632479089757994,
            0.7114418392204628,
            184.36491228070176
        ],
        [
            0.6324770925563677,
            0.7240942299090503,
            178.85333333333332
        ],
        [
            0.6325611325611326,
            0.6610515569167943,
            195.9
        ],
        [
            0.6279461279461279,
            0.5103092783505154,
            194.0
        ],
        [
            0.6,
            0.25210084033613445,
            238.0
        ],
        [
            0.6323702245218797,
            0.7184669371641628,
            182.01596806387226
        ],
        [
            0.632545649838883,
            0.7010542168674699,
            187.04225352112675
        ],
        [
            0.6266233766233765,
            0.8850574712643678,
            174.0
        ],
        [
            0.6311728395061729,
            0.6878980891719745,
            157.0
        ]
    ]
}