{
    "rgb_colors": [
        [
            245.9193548387097,
            241.1693548387097,
            218.94354838709677
        ],
        [
            195.45454545454544,
            199.45454545454544,
            204.54545454545453
        ],
        [
            101.71428571428572,
            111.57142857142858,
            149.0
        ],
        [
            151.71428571428572,
            157.42857142857142,
            174.42857142857144
        ],
        [
            254.0,
            254.1111111111111,
            234.37037037037038
        ],
        [
            242.09638554216866,
            237.6867469879518,
            215.16867469879517
        ],
        [
            0.0,
            1.0,
            130.23529411764707
        ],
        [
            9.461538461538453,
            41.46153846153845,
            143.23076923076923
        ],
        [
            52.578947368421055,
            77.89035087719299,
            177.5438596491228
        ],
        [
            54.05999999999999,
            80.82666666666667,
            183.94
        ]
    ],
    "hex_colors": [
        "#f5f1da",
        "#c3c7cc",
        "#656f95",
        "#979dae",
        "#fefeea",
        "#f2edd7",
        "#000182",
        "#09298f",
        "#344db1",
        "#3650b7"
    ],
    "hsl_color_values": [
        [
            0.13731938216243153,
            0.10969371023807971,
            245.9193548387097
        ],
        [
            0.5933333333333334,
            0.04444444444444446,
            204.54545454545453
        ],
        [
            0.6319234642497481,
            0.31735378715244483,
            149.0
        ],
        [
            0.6247379454926626,
            0.13022113022113024,
            174.42857142857144
        ],
        [
            0.1676047529706064,
            0.07768546859058433,
            254.1111111111111
        ],
        [
            0.13937360178970926,
            0.11122723200955507,
            242.09638554216866
        ],
        [
            0.6653869316470943,
            1.0,
            130.23529411764707
        ],
        [
            0.6267970097757333,
            0.9339419978517723,
            143.23076923076923
        ],
        [
            0.6329086527212316,
            0.7038537549407115,
            177.5438596491228
        ],
        [
            0.6323187215549396,
            0.7060998151571164,
            183.94
        ]
    ]
}