{
    "rgb_colors": [
        [
            27.0,
            50.0,
            140.0
        ],
        [
            26.0,
            51.0,
            141.0
        ],
        [
            24.0,
            49.0,
            138.96226415094338
        ],
        [
            25.0,
            50.0,
            140.0
        ],
        [
            26.0,
            50.01831501831502,
            139.981684981685
        ],
        [
            25.0,
            49.041666666666664,
            138.975
        ],
        [
            27.906976744186046,
            52.0,
            141.90697674418604
        ],
        [
            23.35,
            47.95,
            137.9
        ],
        [
            27.056410256410256,
            51.0051282051282,
            140.94871794871796
        ],
        [
            26.0,
            49.0,
            139.0
        ]
    ],
    "hex_colors": [
        "#1b328c",
        "#1a338d",
        "#18318a",
        "#19328c",
        "#1a328b",
        "#19318a",
        "#1b348d",
        "#172f89",
        "#1b338c",
        "#1a318b"
    ],
    "hsl_color_values": [
        [
            0.6327433628318584,
            0.8071428571428572,
            140.0
        ],
        [
            0.6304347826086957,
            0.8156028368794326,
            141.0
        ],
        [
            0.6304228896547951,
            0.8272912423625255,
            138.96226415094338
        ],
        [
            0.6304347826086957,
            0.8214285714285714,
            140.0
        ],
        [
            0.6315465286927832,
            0.8142614156744734,
            139.981684981685
        ],
        [
            0.6315103214642588,
            0.8201115308508724,
            138.975
        ],
        [
            0.6314429484564124,
            0.8033431661750247,
            141.90697674418604
        ],
        [
            0.6308744361996217,
            0.8306744017403916,
            137.9
        ],
        [
            0.6316208143845587,
            0.8080407494997272,
            140.94871794871796
        ],
        [
            0.6327433628318584,
            0.8129496402877698,
            139.0
        ]
    ]
}