{
    "rgb_colors": [
        [
            34.68421052631579,
            61.73684210526316,
            156.8421052631579
        ],
        [
            35.98076923076923,
            63.0,
            158.16346153846155
        ],
        [
            40.025,
            66.95833333333333,
            161.96666666666667
        ],
        [
            38.028112449799195,
            64.97991967871486,
            159.99598393574297
        ],
        [
            39.06113537117904,
            65.9650655021834,
            160.96943231441048
        ],
        [
            51.0,
            77.5,
            172.5
        ],
        [
            41.394366197183096,
            68.36619718309859,
            163.25352112676057
        ],
        [
            45.22222222222222,
            71.77777777777777,
            166.44444444444446
        ],
        [
            37.03517587939699,
            64.0,
            159.01005025125627
        ],
        [
            25.0,
            55.0,
            153.0
        ]
    ],
    "hex_colors": [
        "#223d9c",
        "#233f9e",
        "#2842a1",
        "#26409f",
        "#2741a0",
        "#334dac",
        "#2944a3",
        "#2d47a6",
        "#25409f",
        "#193799"
    ],
    "hsl_color_values": [
        [
            0.629757288525061,
            0.7788590604026846,
            156.8421052631579
        ],
        [
            0.629810340757063,
            0.7725089671104627,
            158.16346153846155
        ],
        [
            0.6298548941889338,
            0.7528812512862728,
            161.96666666666667
        ],
        [
            0.6298375589946219,
            0.7623183312834158,
            159.99598393574297
        ],
        [
            0.6298850162983128,
            0.7573381802398134,
            160.96943231441048
        ],
        [
            0.630315500685871,
            0.7043478260869566,
            172.5
        ],
        [
            0.6297773154569271,
            0.7464412043827107,
            163.25352112676057
        ],
        [
            0.6301558203483043,
            0.7283044058744993,
            166.44444444444446
        ],
        [
            0.6298218871448386,
            0.7670890876339158,
            159.01005025125627
        ],
        [
            0.6276041666666666,
            0.8366013071895425,
            153.0
        ]
    ]
}