{
    "rgb_colors": [
        [
            109.26168224299066,
            110.5233644859813,
            144.50467289719626
        ],
        [
            113.70114942528735,
            114.5632183908046,
            145.73563218390805
        ],
        [
            104.94557823129252,
            106.1156462585034,
            140.60544217687075
        ],
        [
            110.23,
            110.83,
            141.14
        ],
        [
            101.24691358024691,
            102.55555555555556,
            136.08641975308643
        ],
        [
            112.1858407079646,
            112.82300884955752,
            143.2212389380531
        ],
        [
            107.7741935483871,
            109.05806451612904,
            141.3483870967742
        ],
        [
            115.96551724137932,
            116.58620689655173,
            148.0
        ],
        [
            106.78225806451613,
            107.62096774193549,
            138.5
        ],
        [
            103.27160493827161,
            104.79012345679013,
            137.66666666666666
        ]
    ],
    "hex_colors": [
        "#6d6e90",
        "#717291",
        "#686a8c",
        "#6e6e8d",
        "#656688",
        "#70708f",
        "#6b6d8d",
        "#737494",
        "#6a6b8a",
        "#676889"
    ],
    "hsl_color_values": [
        [
            0.6607000795544948,
            0.24388824214202556,
            144.50467289719626
        ],
        [
            0.6621815572299964,
            0.21981228803533406,
            145.73563218390805
        ],
        [
            0.6611980160244181,
            0.2536165271662877,
            140.60544217687075
        ],
        [
            0.6634314677019303,
            0.21900240895564677,
            141.14
        ],
        [
            0.6604063312071817,
            0.25601016057334675,
            136.08641975308643
        ],
        [
            0.6632449386940404,
            0.21669550173010377,
            143.2212389380531
        ],
        [
            0.6602933640789136,
            0.23752795654753747,
            141.3483870967742
        ],
        [
            0.6634373878722641,
            0.21644920782851812,
            148.0
        ],
        [
            0.6622595135180948,
            0.22900896704320486,
            138.5
        ],
        [
            0.6593084469968892,
            0.24984306340238535,
            137.66666666666666
        ]
    ]
}