{
    "rgb_colors": [
        [
            73.3780487804878,
            83.2560975609756,
            115.0548780487805
        ],
        [
            67.97628458498023,
            77.96837944664031,
            109.96047430830039
        ],
        [
            58.84782608695652,
            68.76086956521739,
            100.67391304347827
        ],
        [
            65.125,
            75.125,
            107.125
        ],
        [
            53.0,
            63.0,
            95.0
        ],
        [
            70.41880341880342,
            80.43589743589743,
            112.37606837606837
        ],
        [
            86.65217391304347,
            94.56521739130434,
            124.3913043478261
        ],
        [
            62.336,
            72.336,
            104.336
        ],
        [
            42.0,
            50.0,
            80.0
        ],
        [
            78.23728813559322,
            87.59322033898304,
            118.88135593220339
        ]
    ],
    "hex_colors": [
        "#495373",
        "#434d6d",
        "#3a4464",
        "#414b6b",
        "#353f5f",
        "#465070",
        "#565e7c",
        "#3e4868",
        "#2a3250",
        "#4e5776"
    ],
    "hsl_color_values": [
        [
            0.6271641063155329,
            0.36223435264189946,
            115.0548780487805
        ],
        [
            0.6270005648653738,
            0.3818116462976276,
            109.96047430830039
        ],
        [
            0.6271656271656272,
            0.41546102353703307,
            100.67391304347827
        ],
        [
            0.626984126984127,
            0.3920653442240373,
            107.125
        ],
        [
            0.626984126984127,
            0.4421052631578947,
            95.0
        ],
        [
            0.6268758063420927,
            0.37336477030727105,
            112.37606837606837
        ],
        [
            0.6317204301075269,
            0.3033904229290459,
            124.3913043478261
        ],
        [
            0.626984126984127,
            0.40254562183714154,
            104.336
        ],
        [
            0.6315789473684211,
            0.475,
            80.0
        ],
        [
            0.6283013622463164,
            0.3418876532648988,
            118.88135593220339
        ]
    ]
}