{
    "rgb_colors": [
        [
            0.0,
            41.0,
            144.0
        ],
        [
            52.108695652173914,
            89.8913043478261,
            179.47826086956522
        ],
        [
            67.55555555555556,
            100.11111111111111,
            182.66666666666666
        ],
        [
            46.267857142857146,
            84.24603174603175,
            174.1031746031746
        ],
        [
            32.708333333333336,
            75.0,
            166.45833333333334
        ],
        [
            137.5,
            153.5,
            211.0
        ],
        [
            77.45454545454545,
            111.81818181818181,
            193.36363636363637
        ],
        [
            48.701438848920866,
            86.67625899280576,
            176.36690647482015
        ],
        [
            100.5,
            133.75,
            201.25
        ],
        [
            43.50344827586207,
            81.59310344827585,
            171.4758620689655
        ]
    ],
    "hex_colors": [
        "#002990",
        "#3459b3",
        "#4364b6",
        "#2e54ae",
        "#204ba6",
        "#8999d3",
        "#4d6fc1",
        "#3056b0",
        "#6485c9",
        "#2b51ab"
    ],
    "hsl_color_values": [
        [
            0.6192129629629629,
            1.0,
            144.0
        ],
        [
            0.6172270580872731,
            0.7096656976744187,
            179.47826086956522
        ],
        [
            0.6195302445302445,
            0.6301703163017032,
            182.66666666666666
        ],
        [
            0.6171522140650949,
            0.7342503532844054,
            174.1031746031746
        ],
        [
            0.6139667705088265,
            0.8035043804755945,
            166.45833333333334
        ],
        [
            0.6303854875283447,
            0.34834123222748814,
            211.0
        ],
        [
            0.6172549019607843,
            0.5994358251057829,
            193.36363636363637
        ],
        [
            0.6170907178345684,
            0.723862941056496,
            176.36690647482015
        ],
        [
            0.6116625310173697,
            0.5006211180124224,
            201.25
        ],
        [
            0.617060070417475,
            0.7462998712998713,
            171.4758620689655
        ]
    ]
}