{
    "rgb_colors": [
        [
            68.57560975609756,
            90.55121951219512,
            163.85365853658536
        ],
        [
            67.0,
            89.02272727272727,
            163.9090909090909
        ],
        [
            66.26530612244898,
            88.22448979591837,
            162.12244897959184
        ],
        [
            101.0,
            120.5,
            190.5
        ],
        [
            72.03571428571429,
            93.17857142857143,
            165.94642857142858
        ],
        [
            69.9770642201835,
            91.88532110091744,
            165.03669724770643
        ],
        [
            88.0,
            106.0,
            177.0
        ],
        [
            72.34722222222223,
            94.03472222222223,
            167.00694444444446
        ],
        [
            70.91452991452991,
            92.92307692307692,
            166.07692307692307
        ],
        [
            73.74647887323944,
            95.36619718309859,
            168.25352112676057
        ]
    ],
    "hex_colors": [
        "#445aa3",
        "#4359a3",
        "#4258a2",
        "#6578be",
        "#485da5",
        "#455ba5",
        "#586ab1",
        "#485ea7",
        "#465ca6",
        "#495fa8"
    ],
    "hsl_color_values": [
        [
            0.6282254761417162,
            0.5814825841024114,
            163.85365853658536
        ],
        [
            0.6287914321450906,
            0.5912368275097061,
            163.9090909090909
        ],
        [
            0.6284862678305302,
            0.5912638469284995,
            162.12244897959184
        ],
        [
            0.6303538175046555,
            0.46981627296587924,
            190.5
        ],
        [
            0.6291436901819104,
            0.5659098245991606,
            165.94642857142858
        ],
        [
            0.6282552397497145,
            0.575990883317583,
            165.03669724770643
        ],
        [
            0.6329588014981273,
            0.5028248587570622,
            177.0
        ],
        [
            0.6284816472256866,
            0.5668011143914508,
            167.00694444444446
        ],
        [
            0.6281210705945752,
            0.573001904173743,
            166.07692307692307
        ],
        [
            0.6285394932935917,
            0.5616942909760589,
            168.25352112676057
        ]
    ]
}