{
    "rgb_colors": [
        [
            40.59183673469388,
            62.102040816326536,
            139.87755102040816
        ],
        [
            142.2,
            186.8,
            165.1
        ],
        [
            170.03225806451613,
            224.83870967741933,
            172.5483870967742
        ],
        [
            106.36363636363636,
            144.0909090909091,
            147.54545454545453
        ],
        [
            44.17241379310345,
            63.52155172413793,
            154.15086206896552
        ],
        [
            71.42857142857143,
            103.57142857142857,
            135.57142857142858
        ],
        [
            16.21052631578948,
            48.526315789473685,
            127.89473684210526
        ],
        [
            128.70037453183522,
            193.31460674157302,
            125.3932584269663
        ],
        [
            132.52597402597402,
            197.03896103896105,
            128.85064935064935
        ],
        [
            154.08333333333331,
            215.08333333333331,
            146.83333333333334
        ]
    ],
    "hex_colors": [
        "#283e8b",
        "#8ebaa5",
        "#aae0ac",
        "#6a9093",
        "#2c3f9a",
        "#476787",
        "#10307f",
        "#80c17d",
        "#84c580",
        "#9ad792"
    ],
    "hsl_color_values": [
        [
            0.6305584104145255,
            0.7098044937262912,
            139.87755102040816
        ],
        [
            0.41890881913303435,
            0.23875802997858683,
            186.8
        ],
        [
            0.34098489307435753,
            0.24375896700143465,
            224.83870967741933
        ],
        [
            0.513980868285504,
            0.27911275415896486,
            147.54545454545453
        ],
        [
            0.6373440459860213,
            0.7134468584850263,
            154.15086206896552
        ],
        [
            0.5831477357089829,
            0.47312961011591154,
            135.57142857142858
        ],
        [
            0.6184417216462457,
            0.8732510288065843,
            127.89473684210526
        ],
        [
            0.3252182703795607,
            0.35135135135135126,
            193.31460674157302
        ],
        [
            0.3243500618988668,
            0.3460651199578171,
            197.03896103896105
        ],
        [
            0.3156288156288157,
            0.31731886865555975,
            215.08333333333331
        ]
    ]
}