{
    "rgb_colors": [
        [
            239.2,
            241.8,
            153.0
        ],
        [
            218.26415094339623,
            223.93710691823898,
            117.9119496855346
        ],
        [
            224.69387755102042,
            229.51020408163265,
            127.40816326530611
        ],
        [
            222.01923076923077,
            226.98717948717947,
            123.05128205128206
        ],
        [
            230.58333333333334,
            234.5,
            139.5
        ],
        [
            219.50234741784038,
            224.6150234741784,
            120.34741784037558
        ],
        [
            223.34104046242774,
            228.3815028901734,
            124.42196531791907
        ],
        [
            212.0,
            217.5,
            112.83333333333333
        ],
        [
            220.9271523178808,
            225.9933774834437,
            121.90728476821192
        ],
        [
            216.46,
            222.12,
            116.2
        ]
    ],
    "hex_colors": [
        "#eff199",
        "#dadf75",
        "#e0e57f",
        "#dee27b",
        "#e6ea8b",
        "#dbe078",
        "#dfe47c",
        "#d4d970",
        "#dce179",
        "#d8de74"
    ],
    "hsl_color_values": [
        [
            0.17154654654654658,
            0.36724565756823824,
            241.8
        ],
        [
            0.1755842923241191,
            0.47345952929281576,
            223.93710691823898
        ],
        [
            0.1745286161636351,
            0.4448692868575494,
            229.51020408163265
        ],
        [
            0.17463303318120138,
            0.4578932504942106,
            226.98717948717947
        ],
        [
            0.17353801169590644,
            0.4051172707889126,
            234.5
        ],
        [
            0.17483902922238728,
            0.4642058399347867,
            224.6150234741784
        ],
        [
            0.17474747474747473,
            0.45520121488230825,
            228.3815028901734
        ],
        [
            0.17542462845010612,
            0.4812260536398468,
            217.5
        ],
        [
            0.17477890182604824,
            0.4605714285714286,
            225.9933774834437
        ],
        [
            0.1755727593152064,
            0.4768593553034396,
            222.12
        ]
    ]
}