{
    "rgb_colors": [
        [
            58.0,
            66.0,
            98.0
        ],
        [
            62.0,
            70.0,
            102.0
        ],
        [
            66.22916666666667,
            74.22916666666667,
            106.22916666666667
        ],
        [
            68.83333333333333,
            76.83333333333333,
            108.83333333333333
        ],
        [
            65.0,
            73.0,
            105.0
        ],
        [
            56.81578947368421,
            64.8157894736842,
            96.8157894736842
        ],
        [
            59.55656108597285,
            67.55656108597285,
            99.55656108597285
        ],
        [
            64.0,
            72.0,
            104.0
        ],
        [
            61.0,
            69.0,
            101.0
        ],
        [
            63.0,
            71.0,
            103.0
        ]
    ],
    "hex_colors": [
        "#3a4262",
        "#3e4666",
        "#424a6a",
        "#444c6c",
        "#414969",
        "#384060",
        "#3b4363",
        "#404868",
        "#3d4565",
        "#3f4767"
    ],
    "hsl_color_values": [
        [
            0.6333333333333333,
            0.40816326530612246,
            98.0
        ],
        [
            0.6333333333333333,
            0.39215686274509803,
            102.0
        ],
        [
            0.6333333333333333,
            0.37654442047460285,
            106.22916666666667
        ],
        [
            0.6333333333333333,
            0.3675344563552833,
            108.83333333333333
        ],
        [
            0.6333333333333333,
            0.38095238095238093,
            105.0
        ],
        [
            0.6333333333333333,
            0.4131557488447947,
            96.8157894736842
        ],
        [
            0.6333333333333333,
            0.4017816562130715,
            99.55656108597285
        ],
        [
            0.6333333333333333,
            0.38461538461538464,
            104.0
        ],
        [
            0.6333333333333333,
            0.39603960396039606,
            101.0
        ],
        [
            0.6333333333333333,
            0.3883495145631068,
            103.0
        ]
    ]
}