{
    "rgb_colors": [
        [
            228.83463035019457,
            234.52140077821014,
            148.74902723735408
        ],
        [
            149.42857142857142,
            166.0,
            147.0
        ],
        [
            13.434782608695656,
            49.04347826086956,
            103.21739130434783
        ],
        [
            105.44444444444446,
            125.33333333333334,
            127.55555555555556
        ],
        [
            44.1715976331361,
            67.89940828402366,
            142.39644970414201
        ],
        [
            224.9090909090909,
            232.36363636363637,
            187.36363636363637
        ],
        [
            41.78787878787878,
            63.69696969696969,
            125.77272727272728
        ],
        [
            190.22222222222223,
            201.66666666666666,
            169.22222222222223
        ],
        [
            248.375,
            252.22500000000002,
            183.575
        ],
        [
            63.0,
            87.85714285714286,
            108.0
        ]
    ],
    "hex_colors": [
        "#e4ea94",
        "#95a693",
        "#0d3167",
        "#697d7f",
        "#2c438e",
        "#e0e8bb",
        "#293f7d",
        "#bec9a9",
        "#f8fcb7",
        "#3f576c"
    ],
    "hsl_color_values": [
        [
            0.17771678726155105,
            0.36573367401114953,
            234.52140077821014
        ],
        [
            0.31203007518797005,
            0.1144578313253012,
            166.0
        ],
        [
            0.6005649717514124,
            0.8698399326032014,
            103.21739130434783
        ],
        [
            0.516750418760469,
            0.17334494773519155,
            127.55555555555556
        ],
        [
            0.6264056224899598,
            0.6897984624974028,
            142.39644970414201
        ],
        [
            0.1942760942760943,
            0.1936619718309859,
            232.36363636363637
        ],
        [
            0.6231884057971014,
            0.6677508733887484,
            125.77272727272728
        ],
        [
            0.22545662100456618,
            0.16088154269972443,
            201.66666666666666
        ],
        [
            0.1760135955328964,
            0.27217761918921607,
            252.22500000000002
        ],
        [
            0.5746031746031747,
            0.4166666666666667,
            108.0
        ]
    ]
}