{
    "rgb_colors": [
        [
            236.14285714285714,
            234.28571428571428,
            154.71428571428572
        ],
        [
            105.57142857142857,
            108.42857142857143,
            89.57142857142858
        ],
        [
            0.0,
            0.0,
            2.25
        ],
        [
            158.5,
            160.3,
            123.0
        ],
        [
            0.0,
            4.866666666666674,
            37.400000000000006
        ],
        [
            38.3012048192771,
            67.48644578313252,
            134.48343373493975
        ],
        [
            31.17741935483871,
            56.70967741935484,
            115.41935483870968
        ],
        [
            21.0,
            35.375,
            59.083333333333336
        ],
        [
            231.9044585987261,
            230.05095541401275,
            112.75796178343948
        ],
        [
            35.64705882352941,
            49.029411764705884,
            74.85294117647058
        ]
    ],
    "hex_colors": [
        "#ecea9a",
        "#696c59",
        "#000002",
        "#9ea07b",
        "#000425",
        "#264386",
        "#1f3873",
        "#15233b",
        "#e7e670",
        "#23314a"
    ],
    "hsl_color_values": [
        [
            0.16286549707602338,
            0.3448275862068965,
            236.14285714285714
        ],
        [
            0.19191919191919196,
            0.17391304347826078,
            108.42857142857143
        ],
        [
            0.6666666666666666,
            1.0,
            2.25
        ],
        [
            0.174709562109026,
            0.23268870867124147,
            160.3
        ],
        [
            0.6449792038027331,
            1.0,
            37.400000000000006
        ],
        [
            0.6160938437850675,
            0.7151975990234835,
            134.48343373493975
        ],
        [
            0.6161529133958772,
            0.7298770262716602,
            115.41935483870968
        ],
        [
            0.6037563822027717,
            0.6445698166431594,
            59.083333333333336
        ],
        [
            0.1640739156776792,
            0.5137740668516027,
            231.9044585987261
        ],
        [
            0.6097774443610903,
            0.5237721021611002,
            74.85294117647058
        ]
    ]
}