{
    "rgb_colors": [
        [
            49.18421052631579,
            80.10526315789474,
            164.48684210526315
        ],
        [
            54.87234042553192,
            85.7872340425532,
            170.3758865248227
        ],
        [
            56.18867924528302,
            87.58490566037736,
            172.03773584905662
        ],
        [
            55.25,
            86.1875,
            168.1875
        ],
        [
            49.973333333333336,
            80.92,
            162.89333333333335
        ],
        [
            53.73157894736842,
            84.61052631578947,
            168.93157894736842
        ],
        [
            52.625,
            83.60625,
            168.13125
        ],
        [
            51.78260869565217,
            82.55072463768116,
            166.9927536231884
        ],
        [
            50.71296296296296,
            81.57407407407408,
            165.99074074074073
        ],
        [
            52.507462686567166,
            83.41791044776119,
            165.28358208955223
        ]
    ],
    "hex_colors": [
        "#3150a4",
        "#3655aa",
        "#3857ac",
        "#3756a8",
        "#3150a2",
        "#3554a8",
        "#3453a8",
        "#3352a6",
        "#3251a5",
        "#3453a5"
    ],
    "hsl_color_values": [
        [
            0.6219711666476474,
            0.7009839212862972,
            164.48684210526315
        ],
        [
            0.6220578001555528,
            0.6779336469217,
            170.3758865248227
        ],
        [
            0.6214983713355049,
            0.6733932880017548,
            172.03773584905662
        ],
        [
            0.6210108836008117,
            0.6714975845410628,
            168.1875
        ],
        [
            0.6209902782697682,
            0.6932143734140952,
            162.89333333333335
        ],
        [
            0.6219922636452241,
            0.6819328909243855,
            168.93157894736842
        ],
        [
            0.6219630972349982,
            0.6870004832534107,
            168.13125
        ],
        [
            0.6221565297607815,
            0.6899110436103276,
            166.9927536231884
        ],
        [
            0.6220481927710844,
            0.6944831817928264,
            165.99074074074073
        ],
        [
            0.6209855302629257,
            0.6823189452772259,
            165.28358208955223
        ]
    ]
}