{
    "rgb_colors": [
        [
            32.95,
            56.95,
            126.5
        ],
        [
            32.0,
            56.96476964769648,
            125.01355013550136
        ],
        [
            32.0,
            55.81818181818182,
            124.0
        ],
        [
            33.03125,
            56.0,
            125.0
        ],
        [
            30.333333333333332,
            55.0,
            123.0
        ],
        [
            33.01829268292683,
            58.0,
            125.96036585365853
        ],
        [
            33.0,
            57.0,
            125.0
        ],
        [
            34.07142857142857,
            57.0,
            126.0
        ],
        [
            31.0,
            55.93617021276596,
            124.01063829787235
        ],
        [
            34.094339622641506,
            58.93396226415094,
            126.9622641509434
        ]
    ],
    "hex_colors": [
        "#20387e",
        "#20387d",
        "#20377c",
        "#21387d",
        "#1e377b",
        "#213a7d",
        "#21397d",
        "#22397e",
        "#1f377c",
        "#223a7e"
    ],
    "hsl_color_values": [
        [
            0.6239087831818991,
            0.7395256916996047,
            126.5
        ],
        [
            0.6219334537614358,
            0.7440277476696293,
            125.01355013550136
        ],
        [
            0.6235177865612648,
            0.7419354838709677,
            124.0
        ],
        [
            0.6250424736663268,
            0.73575,
            125.0
        ],
        [
            0.6223021582733813,
            0.7533875338753387,
            123.0
        ],
        [
            0.6218686785850965,
            0.7378676025656541,
            125.96036585365853
        ],
        [
            0.6231884057971014,
            0.736,
            125.0
        ],
        [
            0.625097125097125,
            0.7295918367346939,
            126.0
        ],
        [
            0.6219833009264555,
            0.7500214463412542,
            124.01063829787235
        ],
        [
            0.622087904645808,
            0.7314608411353842,
            126.9622641509434
        ]
    ]
}