{
    "rgb_colors": [
        [
            243.12380952380954,
            238.25904761904764,
            211.72380952380954
        ],
        [
            175.5,
            180.0,
            187.5
        ],
        [
            213.63636363636363,
            214.8181818181818,
            204.72727272727272
        ],
        [
            64.33333333333334,
            76.0,
            132.16666666666669
        ],
        [
            253.0,
            252.53125,
            229.59375
        ],
        [
            50.980198019801975,
            76.29207920792079,
            175.6361386138614
        ],
        [
            12.444444444444457,
            47.66666666666667,
            149.33333333333334
        ],
        [
            140.5,
            146.83333333333334,
            164.16666666666666
        ],
        [
            104.8,
            111.19999999999999,
            144.0
        ],
        [
            0.0,
            2.299999999999983,
            129.89999999999998
        ]
    ],
    "hex_colors": [
        "#f3eed3",
        "#afb4bb",
        "#d5d6cc",
        "#404c84",
        "#fdfce5",
        "#324caf",
        "#0c2f95",
        "#8c92a4",
        "#686f90",
        "#000281"
    ],
    "hsl_color_values": [
        [
            0.1408452128197351,
            0.12915230335318084,
            243.12380952380954
        ],
        [
            0.6041666666666666,
            0.064,
            187.5
        ],
        [
            0.1861861861861863,
            0.04697418535759629,
            214.8181818181818
        ],
        [
            0.6380016380016381,
            0.5132408575031526,
            132.16666666666669
        ],
        [
            0.16332888295505119,
            0.09251482213438735,
            253.0
        ],
        [
            0.6328243415870746,
            0.7097397015093648,
            175.6361386138614
        ],
        [
            0.6237824675324676,
            0.9166666666666666,
            149.33333333333334
        ],
        [
            0.6220657276995304,
            0.1441624365482233,
            164.16666666666666
        ],
        [
            0.6394557823129251,
            0.27222222222222225,
            144.0
        ],
        [
            0.6637156787272261,
            1.0,
            129.89999999999998
        ]
    ]
}