{
    "rgb_colors": [
        [
            127.02013422818791,
            196.90604026845637,
            123.83221476510067
        ],
        [
            125.62650602409639,
            195.5421686746988,
            122.40963855421687
        ],
        [
            131.90697674418604,
            202.86046511627907,
            127.25581395348837
        ],
        [
            127.95833333333333,
            198.3125,
            123.8125
        ],
        [
            128.05376344086022,
            198.01075268817203,
            125.00537634408602
        ],
        [
            129.0049504950495,
            199.0148514851485,
            125.7871287128713
        ],
        [
            133.55555555555554,
            204.22222222222223,
            129.11111111111111
        ],
        [
            131.0,
            202.06,
            125.98
        ],
        [
            129.68103448275863,
            200.68103448275863,
            124.55172413793103
        ],
        [
            130.18840579710144,
            200.2753623188406,
            126.60144927536231
        ]
    ],
    "hex_colors": [
        "#7fc47b",
        "#7dc37a",
        "#83ca7f",
        "#7fc67b",
        "#80c67d",
        "#81c77d",
        "#85cc81",
        "#83ca7d",
        "#81c87c",
        "#82c87e"
    ],
    "hsl_color_values": [
        [
            0.3260623316189077,
            0.3711101264528443,
            196.90604026845637
        ],
        [
            0.3260021965952773,
            0.3739987677141096,
            195.5421686746988
        ],
        [
            0.32308007792474114,
            0.37269288088960223,
            202.86046511627907
        ],
        [
            0.32405853840417603,
            0.3756697132051686,
            198.3125
        ],
        [
            0.3263740579816874,
            0.3686939994569644,
            198.01075268817203
        ],
        [
            0.32600955471426,
            0.36795104599388073,
            199.0148514851485
        ],
        [
            0.32347140039447736,
            0.367791077257889,
            204.22222222222223
        ],
        [
            0.3223361373992289,
            0.3765218252004355,
            202.06
        ],
        [
            0.3221039519873174,
            0.3793547832810688,
            200.68103448275863
        ],
        [
            0.3252188452837612,
            0.36786308705405607,
            200.2753623188406
        ]
    ]
}