{
    "rgb_colors": [
        [
            101.64736842105263,
            104.64736842105263,
            139.76315789473685
        ],
        [
            103.73790322580645,
            106.73790322580645,
            140.9798387096774
        ],
        [
            101.0,
            104.0,
            138.0
        ],
        [
            106.5625,
            109.5625,
            143.8125
        ],
        [
            99.665,
            102.665,
            137.905
        ],
        [
            110.0,
            113.0,
            147.10526315789474
        ],
        [
            94.88888888888889,
            97.88888888888889,
            133.0
        ],
        [
            96.53030303030303,
            99.53030303030303,
            135.4090909090909
        ],
        [
            98.0,
            101.0,
            137.0
        ],
        [
            98.62650602409639,
            101.62650602409639,
            135.6265060240964
        ]
    ],
    "hex_colors": [
        "#65688b",
        "#676a8c",
        "#65688a",
        "#6a6d8f",
        "#636689",
        "#6e7193",
        "#5e6185",
        "#606387",
        "#626589",
        "#626587"
    ],
    "hsl_color_values": [
        [
            0.6535487434410384,
            0.27271700244775,
            139.76315789473685
        ],
        [
            0.6532409412444059,
            0.26416497440151016,
            140.9798387096774
        ],
        [
            0.6531531531531533,
            0.26811594202898553,
            138.0
        ],
        [
            0.6532438478747203,
            0.2590178183398522,
            143.8125
        ],
        [
            0.6535913528591353,
            0.2772923389289728,
            137.905
        ],
        [
            0.6531914893617022,
            0.25223613595706623,
            147.10526315789474
        ],
        [
            0.6535471331389698,
            0.2865497076023392,
            133.0
        ],
        [
            0.653806183424266,
            0.28712095781582186,
            135.4090909090909
        ],
        [
            0.6538461538461539,
            0.2846715328467153,
            137.0
        ],
        [
            0.6531531531531533,
            0.27280803055876346,
            135.6265060240964
        ]
    ]
}