{
    "rgb_colors": [
        [
            52.5,
            78.75,
            137.25
        ],
        [
            37.67796610169491,
            65.57627118644068,
            126.79661016949153
        ],
        [
            43.725,
            71.2375,
            131.45
        ],
        [
            41.08802816901409,
            69.14084507042253,
            129.79929577464787
        ],
        [
            39.943127962085306,
            68.06161137440758,
            129.17535545023696
        ],
        [
            38.826771653543304,
            66.96850393700788,
            128.01574803149606
        ],
        [
            48.416666666666664,
            75.08333333333333,
            134.0
        ],
        [
            40.30952380952381,
            67.9047619047619,
            127.85714285714286
        ],
        [
            42.24293785310734,
            69.99435028248588,
            130.68361581920905
        ],
        [
            46.464285714285715,
            72.64285714285714,
            131.67857142857142
        ]
    ],
    "hex_colors": [
        "#344e89",
        "#25417e",
        "#2b4783",
        "#294581",
        "#274481",
        "#264280",
        "#304b86",
        "#28437f",
        "#2a4582",
        "#2e4883"
    ],
    "hsl_color_values": [
        [
            0.6150442477876106,
            0.6174863387978142,
            137.25
        ],
        [
            0.6144922023583111,
            0.7028472129394466,
            126.79661016949153
        ],
        [
            0.6143963142395744,
            0.6673640167364017,
            131.45
        ],
        [
            0.6139623190706782,
            0.683449529338361,
            129.79929577464787
        ],
        [
            0.6141473691664897,
            0.69078368065747,
            129.17535545023696
        ],
        [
            0.6140784556075453,
            0.6967031615204823,
            128.01574803149606
        ],
        [
            0.6147354754949692,
            0.638681592039801,
            134.0
        ],
        [
            0.6141328981959931,
            0.6847299813780261,
            127.85714285714286
        ],
        [
            0.6143690643498999,
            0.6767541394665167,
            130.68361581920905
        ],
        [
            0.6154652137468567,
            0.6471385950637374,
            131.67857142857142
        ]
    ]
}