{
    "rgb_colors": [
        [
            86.21551724137932,
            92.31896551724138,
            127.52586206896552
        ],
        [
            90.0,
            96.0,
            131.0
        ],
        [
            88.77222222222223,
            95.0,
            130.45555555555555
        ],
        [
            89.94791666666667,
            96.94791666666667,
            133.94791666666666
        ],
        [
            94.3030303030303,
            100.48484848484848,
            135.84848484848484
        ],
        [
            92.20833333333333,
            99.20833333333333,
            136.20833333333334
        ],
        [
            88.0,
            94.0,
            129.0
        ],
        [
            91.0,
            97.0,
            132.0
        ],
        [
            92.34821428571429,
            98.34821428571429,
            133.34821428571428
        ],
        [
            86.66233766233766,
            93.66233766233766,
            130.66233766233765
        ]
    ],
    "hex_colors": [
        "#565c7f",
        "#5a6083",
        "#585f82",
        "#596085",
        "#5e6487",
        "#5c6388",
        "#585e81",
        "#5b6184",
        "#5c6285",
        "#565d82"
    ],
    "hsl_color_values": [
        [
            0.6420422927100723,
            0.32393699722841884,
            127.52586206896552
        ],
        [
            0.6422764227642276,
            0.31297709923664124,
            131.0
        ],
        [
            0.6417655160158159,
            0.31952133549101436,
            130.45555555555555
        ],
        [
            0.6401515151515151,
            0.3284858853721128,
            133.94791666666666
        ],
        [
            0.6418672501823486,
            0.3058219942003123,
            135.84848484848484
        ],
        [
            0.6401515151515151,
            0.3230345671459163,
            136.20833333333334
        ],
        [
            0.6422764227642276,
            0.3178294573643411,
            129.0
        ],
        [
            0.6422764227642276,
            0.3106060606060606,
            132.0
        ],
        [
            0.6422764227642276,
            0.30746568463341134,
            133.34821428571428
        ],
        [
            0.6401515151515151,
            0.33674585031309007,
            130.66233766233765
        ]
    ]
}