{
    "rgb_colors": [
        [
            32.47572815533981,
            65.3883495145631,
            127.6116504854369
        ],
        [
            39.391304347826086,
            71.31884057971014,
            137.07246376811594
        ],
        [
            36.191489361702125,
            68.2127659574468,
            131.5531914893617
        ],
        [
            53.75,
            84.25,
            148.75
        ],
        [
            82.0,
            109.0,
            170.5
        ],
        [
            35.873065015479874,
            67.79566563467492,
            133.61300309597524
        ],
        [
            43.27272727272727,
            74.72727272727273,
            139.36363636363637
        ],
        [
            38.10344827586207,
            70.02586206896552,
            135.8793103448276
        ],
        [
            37.04716981132076,
            69.02830188679245,
            134.86320754716982
        ],
        [
            34.45238095238095,
            66.56349206349206,
            130.81746031746033
        ]
    ],
    "hex_colors": [
        "#20417f",
        "#274789",
        "#244483",
        "#355494",
        "#526daa",
        "#234385",
        "#2b4a8b",
        "#264687",
        "#254586",
        "#224282"
    ],
    "hsl_color_values": [
        [
            0.609007721876382,
            0.7455112598904443,
            127.6116504854369
        ],
        [
            0.612190900098912,
            0.7126242334531613,
            137.07246376811594
        ],
        [
            0.6107020675293767,
            0.7248908296943232,
            131.5531914893617
        ],
        [
            0.6131578947368421,
            0.6386554621848739,
            148.75
        ],
        [
            0.615819209039548,
            0.5190615835777126,
            170.5
        ],
        [
            0.6122320768662233,
            0.7315151655583103,
            133.61300309597524
        ],
        [
            0.6121097445600757,
            0.6894977168949772,
            139.36363636363637
        ],
        [
            0.6122523952271792,
            0.7195787336632408,
            135.8793103448276
        ],
        [
            0.6121746957933484,
            0.7252981707530342,
            134.86320754716982
        ],
        [
            0.611129413056608,
            0.7366377479827702,
            130.81746031746033
        ]
    ]
}