{
    "rgb_colors": [
        [
            97.22377622377623,
            104.41958041958041,
            131.6153846153846
        ],
        [
            92.95652173913044,
            100.54658385093168,
            128.13664596273293
        ],
        [
            95.08602150537635,
            102.5,
            129.91397849462365
        ],
        [
            83.14285714285714,
            91.14285714285714,
            119.14285714285714
        ],
        [
            102.5421686746988,
            109.83132530120481,
            137.12048192771084
        ],
        [
            88.17045454545455,
            96.0909090909091,
            124.01136363636364
        ],
        [
            98.15929203539822,
            105.66371681415929,
            133.16814159292036
        ],
        [
            100.25641025641026,
            107.4957264957265,
            134.73504273504273
        ],
        [
            90.85714285714286,
            98.53333333333333,
            126.2095238095238
        ],
        [
            105.14285714285714,
            112.5,
            139.85714285714286
        ]
    ],
    "hex_colors": [
        "#616883",
        "#5c6480",
        "#5f6681",
        "#535b77",
        "#666d89",
        "#58607c",
        "#626985",
        "#646b86",
        "#5a627e",
        "#69708b"
    ],
    "hsl_color_values": [
        [
            0.6317947675206724,
            0.26130386270655115,
            131.6153846153846
        ],
        [
            0.6307085687382298,
            0.27455162384876397,
            128.13664596273293
        ],
        [
            0.631187609344448,
            0.26808475417977146,
            129.91397849462365
        ],
        [
            0.6296296296296297,
            0.302158273381295,
            119.14285714285714
        ],
        [
            0.6315331010452963,
            0.25217467709340124,
            137.12048192771084
        ],
        [
            0.6298351299936589,
            0.2890131036378631,
            124.01136363636364
        ],
        [
            0.6309403437815976,
            0.26289207868155245,
            133.16814159292036
        ],
        [
            0.6316724508345728,
            0.2558995178888606,
            134.73504273504273
        ],
        [
            0.6304777298850576,
            0.28010866284334435,
            126.2095238095238
        ],
        [
            0.6313443072702332,
            0.24821246169560782,
            139.85714285714286
        ]
    ]
}