{
    "rgb_colors": [
        [
            39.1044776119403,
            77.58208955223881,
            162.5820895522388
        ],
        [
            60.92307692307692,
            97.38461538461539,
            181.15384615384616
        ],
        [
            46.24,
            84.0,
            169.12
        ],
        [
            50.82352941176471,
            87.94117647058823,
            173.0
        ],
        [
            42.708,
            81.6,
            166.548
        ],
        [
            44.811764705882354,
            80.74117647058823,
            166.71764705882353
        ],
        [
            40.55864197530864,
            79.51543209876543,
            164.3858024691358
        ],
        [
            42.63478260869565,
            79.0,
            164.73043478260868
        ],
        [
            36.75,
            74.78125,
            160.09375
        ],
        [
            78.0,
            113.0,
            196.75
        ]
    ],
    "hex_colors": [
        "#274da2",
        "#3c61b5",
        "#2e54a9",
        "#3257ad",
        "#2a51a6",
        "#2c50a6",
        "#284fa4",
        "#2a4fa4",
        "#244aa0",
        "#4e71c4"
    ],
    "hsl_color_values": [
        [
            0.6147306499053146,
            0.7594785642155513,
            162.5820895522388
        ],
        [
            0.6161228406909789,
            0.6636942675159236,
            181.15384615384616
        ],
        [
            0.6154513888888888,
            0.7265846736045412,
            169.12
        ],
        [
            0.6160327395281656,
            0.7062223733424006,
            173.0
        ],
        [
            0.6143249354005168,
            0.7435694214280568,
            166.548
        ],
        [
            0.6175448755066589,
            0.7312116293839531,
            166.71764705882353
        ],
        [
            0.6142323030907278,
            0.7532716246409193,
            164.3858024691358
        ],
        [
            0.6170263276594734,
            0.741184543918919,
            164.73043478260868
        ],
        [
            0.6152774258930833,
            0.7704470037087644,
            160.09375
        ],
        [
            0.6175438596491228,
            0.6035578144853876,
            196.75
        ]
    ]
}