{
    "rgb_colors": [
        [
            93.31578947368422,
            130.1578947368421,
            157.1578947368421
        ],
        [
            252.19230769230768,
            254.26923076923077,
            192.5769230769231
        ],
        [
            224.7,
            237.1,
            194.0
        ],
        [
            239.28662420382165,
            245.60509554140128,
            166.03821656050957
        ],
        [
            153.93333333333334,
            181.13333333333333,
            174.73333333333332
        ],
        [
            234.8577235772358,
            241.5609756097561,
            162.0040650406504
        ],
        [
            244.65697674418604,
            249.7325581395349,
            169.7325581395349
        ],
        [
            50.42528735632183,
            81.22988505747128,
            152.183908045977
        ],
        [
            194.66666666666666,
            213.0,
            187.77777777777777
        ],
        [
            230.48717948717947,
            235.33333333333334,
            146.3846153846154
        ]
    ],
    "hex_colors": [
        "#5d829d",
        "#fcfec0",
        "#e0edc2",
        "#eff5a6",
        "#99b5ae",
        "#eaf1a2",
        "#f4f9a9",
        "#325198",
        "#c2d5bb",
        "#e6eb92"
    ],
    "hsl_color_values": [
        [
            0.5704863973619126,
            0.4062290689886135,
            157.1578947368421
        ],
        [
            0.17227763923524528,
            0.24262592648615938,
            254.26923076923077
        ],
        [
            0.2146171693735499,
            0.18177983973007167,
            237.1
        ],
        [
            0.1799018038211122,
            0.3239626556016597,
            245.60509554140128
        ],
        [
            0.4607843137254901,
            0.1501656238498343,
            181.13333333333333
        ],
        [
            0.18070955325055774,
            0.32934504577275175,
            241.5609756097561
        ],
        [
            0.17724079457364347,
            0.3203426921823346,
            249.7325581395349
        ],
        [
            0.6162129598252947,
            0.6686555891238671,
            152.183908045977
        ],
        [
            0.2878120411160059,
            0.11841418883672408,
            213.0
        ],
        [
            0.17574709330258487,
            0.3779690564393114,
            235.33333333333334
        ]
    ]
}