{
    "rgb_colors": [
        [
            50.2046783625731,
            81.10526315789474,
            161.74269005847952
        ],
        [
            45.15436241610738,
            76.12751677852349,
            157.79194630872485
        ],
        [
            46.18787878787879,
            77.15151515151516,
            158.78181818181818
        ],
        [
            52.11764705882353,
            82.6470588235294,
            164.05882352941177
        ],
        [
            43.75806451612903,
            74.7258064516129,
            156.7741935483871
        ],
        [
            82.0,
            111.0,
            191.0
        ],
        [
            71.0,
            98.0,
            177.0
        ],
        [
            48.529761904761905,
            79.375,
            161.42261904761904
        ],
        [
            48.52542372881356,
            79.49152542372882,
            159.59322033898306
        ],
        [
            47.064516129032256,
            77.98064516129033,
            159.88387096774193
        ]
    ],
    "hex_colors": [
        "#3251a1",
        "#2d4c9d",
        "#2e4d9e",
        "#3452a4",
        "#2b4a9c",
        "#526fbf",
        "#4762b1",
        "#304fa1",
        "#304f9f",
        "#2f4d9f"
    ],
    "hsl_color_values": [
        [
            0.6204931928205667,
            0.689601561935064,
            161.74269005847952
        ],
        [
            0.6208365608055771,
            0.7138360767300413,
            157.79194630872485
        ],
        [
            0.6208328847741056,
            0.7091110347723195,
            158.78181818181818
        ],
        [
            0.6212121212121212,
            0.6823234134098243,
            164.05882352941177
        ],
        [
            0.6209980495694781,
            0.7208847736625515,
            156.7741935483871
        ],
        [
            0.6223241590214067,
            0.5706806282722513,
            191.0
        ],
        [
            0.6242138364779874,
            0.5988700564971752,
            177.0
        ],
        [
            0.6211290379275195,
            0.6993620708728198,
            161.42261904761904
        ],
        [
            0.6201993997660105,
            0.6959430756159728,
            159.59322033898306
        ],
        [
            0.6209946436400373,
            0.7056331208134936,
            159.88387096774193
        ]
    ]
}