{
    "rgb_colors": [
        [
            73.75555555555556,
            87.95555555555555,
            126.22222222222223
        ],
        [
            77.0,
            92.0,
            130.0
        ],
        [
            81.85067873303167,
            93.85067873303167,
            132.85067873303169
        ],
        [
            79.45985401459853,
            94.45985401459853,
            132.45985401459853
        ],
        [
            81.37735849056604,
            96.37735849056604,
            134.37735849056602
        ],
        [
            79.52713178294573,
            91.52713178294573,
            130.52713178294573
        ],
        [
            84.8061224489796,
            97.26530612244898,
            136.1122448979592
        ],
        [
            90.65,
            102.65,
            141.65
        ],
        [
            76.27388535031847,
            90.37579617834395,
            128.6751592356688
        ],
        [
            78.0,
            93.0,
            131.0
        ]
    ],
    "hex_colors": [
        "#49577e",
        "#4d5c82",
        "#515d84",
        "#4f5e84",
        "#516086",
        "#4f5b82",
        "#546188",
        "#5a668d",
        "#4c5a80",
        "#4e5d83"
    ],
    "hsl_color_values": [
        [
            0.6215586615840746,
            0.415669014084507,
            126.22222222222223
        ],
        [
            0.619496855345912,
            0.4076923076923077,
            130.0
        ],
        [
            0.6274509803921569,
            0.3838896457765668,
            132.85067873303169
        ],
        [
            0.619496855345912,
            0.4001212321595856,
            132.45985401459853
        ],
        [
            0.619496855345912,
            0.3944116821117663,
            134.37735849056602
        ],
        [
            0.6274509803921569,
            0.3907233638199311,
            130.52713178294573
        ],
        [
            0.6261933174224343,
            0.37693980058475146,
            136.1122448979592
        ],
        [
            0.6274509803921569,
            0.3600423579244617,
            141.65
        ],
        [
            0.621814351120295,
            0.40723690723690725,
            128.6751592356688
        ],
        [
            0.619496855345912,
            0.40458015267175573,
            131.0
        ]
    ]
}