{
    "rgb_colors": [
        [
            25.02158273381295,
            59.54676258992806,
            122.85611510791367
        ],
        [
            57.0,
            91.5,
            162.0
        ],
        [
            29.14179104477612,
            65.70149253731343,
            136.7462686567164
        ],
        [
            19.835164835164836,
            51.120879120879124,
            105.86813186813187
        ],
        [
            14.435483870967742,
            43.516129032258064,
            87.70967741935485
        ],
        [
            16.86138613861386,
            47.89108910891089,
            97.94059405940594
        ],
        [
            26.878612716763005,
            61.73988439306358,
            127.57803468208093
        ],
        [
            23.54022988505747,
            56.88505747126437,
            117.49425287356321
        ],
        [
            28.253246753246753,
            63.46103896103896,
            132.14935064935065
        ],
        [
            22.444444444444443,
            54.30864197530864,
            111.66666666666667
        ]
    ],
    "hex_colors": [
        "#193b7a",
        "#395ba2",
        "#1d4188",
        "#133369",
        "#0e2b57",
        "#102f61",
        "#1a3d7f",
        "#173875",
        "#1c3f84",
        "#16366f"
    ],
    "hsl_color_values": [
        [
            0.607851067480452,
            0.7963342507466182,
            122.85611510791367
        ],
        [
            0.611904761904762,
            0.6481481481481481,
            162.0
        ],
        [
            0.6100399935270592,
            0.7868915084042786,
            136.7462686567164
        ],
        [
            0.6060586707540341,
            0.8126427236869421,
            105.86813186813187
        ],
        [
            0.6005209479785751,
            0.8354174328797352,
            87.70967741935485
        ],
        [
            0.6028819147637074,
            0.8278406793368378,
            97.94059405940594
        ],
        [
            0.608968103629719,
            0.7893162974038331,
            127.57803468208093
        ],
        [
            0.6075157001875867,
            0.7996478184308354,
            117.49425287356321
        ],
        [
            0.6101875,
            0.7862021522283917,
            132.14935064935065
        ],
        [
            0.6071445044047784,
            0.7990049751243782,
            111.66666666666667
        ]
    ]
}