{
    "rgb_colors": [
        [
            38.95338345864661,
            64.38345864661655,
            133.25864661654134
        ],
        [
            158.0,
            231.75,
            80.25
        ],
        [
            0.0,
            2.5454545454545467,
            79.72727272727272
        ],
        [
            197.25,
            246.5,
            146.25
        ],
        [
            128.85714285714283,
            151.14285714285714,
            139.0
        ],
        [
            175.33333333333331,
            199.16666666666666,
            176.0
        ],
        [
            222.0,
            248.53333333333333,
            198.4
        ],
        [
            11.636363636363637,
            49.27272727272727,
            107.0909090909091
        ],
        [
            69.8,
            96.8,
            105.8
        ],
        [
            35.55438596491228,
            62.835087719298244,
            130.4842105263158
        ]
    ],
    "hex_colors": [
        "#264085",
        "#9ee750",
        "#00024f",
        "#c5f692",
        "#80978b",
        "#afc7b0",
        "#def8c6",
        "#0b316b",
        "#456069",
        "#233e82"
    ],
    "hsl_color_values": [
        [
            0.6217238318477296,
            0.7076858841982915,
            133.25864661654134
        ],
        [
            0.24779977997799776,
            0.6537216828478964,
            231.75
        ],
        [
            0.661345496009122,
            1.0,
            79.72727272727272
        ],
        [
            0.24854530340814632,
            0.4066937119675456,
            246.5
        ],
        [
            0.4091880341880343,
            0.14744801512287348,
            151.14285714285714
        ],
        [
            0.33799533799533815,
            0.11966527196652725,
            199.16666666666666
        ],
        [
            0.2548758865248227,
            0.20171673819742486,
            248.53333333333333
        ],
        [
            0.600952380952381,
            0.8913412563667232,
            107.0909090909091
        ],
        [
            0.5416666666666666,
            0.3402646502835539,
            105.8
        ],
        [
            0.6187704059631615,
            0.7275196299881682,
            130.4842105263158
        ]
    ]
}