{
    "rgb_colors": [
        [
            91.0,
            98.0,
            125.0
        ],
        [
            94.97247706422019,
            101.97247706422019,
            128.9724770642202
        ],
        [
            87.31972789115646,
            94.31972789115646,
            121.31972789115646
        ],
        [
            83.79591836734694,
            90.79591836734694,
            117.79591836734694
        ],
        [
            89.52287581699346,
            96.52287581699346,
            123.52287581699346
        ],
        [
            92.51298701298701,
            99.51298701298701,
            126.51298701298701
        ],
        [
            101.8,
            108.8,
            135.8
        ],
        [
            99.375,
            106.375,
            133.375
        ],
        [
            97.44554455445545,
            104.44554455445545,
            131.44554455445544
        ],
        [
            104.92307692307692,
            111.92307692307692,
            138.92307692307693
        ]
    ],
    "hex_colors": [
        "#5b627d",
        "#5e6580",
        "#575e79",
        "#535a75",
        "#59607b",
        "#5c637e",
        "#656c87",
        "#636a85",
        "#616883",
        "#686f8a"
    ],
    "hsl_color_values": [
        [
            0.6323529411764706,
            0.272,
            125.0
        ],
        [
            0.6323529411764706,
            0.2636221368615735,
            128.9724770642202
        ],
        [
            0.6323529411764706,
            0.2802512055624089,
            121.31972789115646
        ],
        [
            0.6323529411764706,
            0.28863478863478864,
            117.79591836734694
        ],
        [
            0.6323529411764706,
            0.2752526588708397,
            123.52287581699346
        ],
        [
            0.6323529411764706,
            0.2687471128676282,
            126.51298701298701
        ],
        [
            0.6323529411764706,
            0.2503681885125185,
            135.8
        ],
        [
            0.6323529411764706,
            0.2549203373945642,
            133.375
        ],
        [
            0.6323529411764706,
            0.2586622476649592,
            131.44554455445544
        ],
        [
            0.6323529411764706,
            0.24473975636766343,
            138.92307692307693
        ]
    ]
}