{
    "rgb_colors": [
        [
            84.26168224299066,
            90.60747663551402,
            125.58878504672897
        ],
        [
            85.54310344827586,
            92.24137931034483,
            127.93103448275862
        ],
        [
            82.64912280701755,
            89.34210526315789,
            124.32456140350877
        ],
        [
            78.89830508474576,
            85.61864406779661,
            121.63559322033899
        ],
        [
            81.0569105691057,
            87.52845528455285,
            122.4959349593496
        ],
        [
            86.98591549295774,
            93.85915492957747,
            130.32394366197184
        ],
        [
            83.44354838709677,
            90.44354838709677,
            127.44354838709677
        ],
        [
            82.0,
            89.0,
            126.0
        ],
        [
            80.49640287769785,
            87.49640287769785,
            124.49640287769785
        ],
        [
            76.75,
            83.46875,
            119.53125
        ]
    ],
    "hex_colors": [
        "#545a7d",
        "#555c7f",
        "#52597c",
        "#4e5579",
        "#51577a",
        "#565d82",
        "#535a7f",
        "#52597e",
        "#50577c",
        "#4c5377"
    ],
    "hsl_color_values": [
        [
            0.6410749283883613,
            0.32906682542044946,
            125.58878504672897
        ],
        [
            0.6403294691885296,
            0.33133423180592997,
            127.93103448275862
        ],
        [
            0.63990037185154,
            0.3352148451280603,
            124.32456140350877
        ],
        [
            0.6404587216603873,
            0.35135511739705994,
            121.63559322033899
        ],
        [
            0.6406382839578838,
            0.33828897590761264,
            122.4959349593496
        ],
        [
            0.6402339941501461,
            0.33254079757916355,
            130.32394366197184
        ],
        [
            0.6401515151515151,
            0.3452509017275201,
            127.44354838709677
        ],
        [
            0.6401515151515151,
            0.3492063492063492,
            126.0
        ],
        [
            0.6401515151515151,
            0.35342386593470093,
            124.49640287769785
        ],
        [
            0.640491843194546,
            0.3579084967320261,
            119.53125
        ]
    ]
}