{
    "rgb_colors": [
        [
            80.63829787234043,
            89.59574468085107,
            115.61702127659575
        ],
        [
            70.5,
            77.7,
            102.7
        ],
        [
            82.01075268817205,
            90.98924731182795,
            117.0
        ],
        [
            87.3953488372093,
            96.3953488372093,
            122.3953488372093
        ],
        [
            83.01,
            91.99,
            118.0
        ],
        [
            85.535,
            94.525,
            120.53
        ],
        [
            90.03488372093024,
            99.03488372093024,
            125.03488372093024
        ],
        [
            78.12371134020619,
            87.01030927835052,
            113.02061855670104
        ],
        [
            75.525,
            83.75,
            109.675
        ],
        [
            84.015625,
            92.984375,
            119.0
        ]
    ],
    "hex_colors": [
        "#505973",
        "#464d66",
        "#525a75",
        "#57607a",
        "#535b76",
        "#555e78",
        "#5a637d",
        "#4e5771",
        "#4b536d",
        "#545c77"
    ],
    "hsl_color_values": [
        [
            0.6239862124898621,
            0.30253956569746043,
            115.61702127659575
        ],
        [
            0.629399585921325,
            0.31353456669912366,
            102.7
        ],
        [
            0.6238987912313051,
            0.29905339582758933,
            117.0
        ],
        [
            0.6238095238095238,
            0.28595857875736275,
            122.3953488372093
        ],
        [
            0.6238925407259218,
            0.2965254237288135,
            118.0
        ],
        [
            0.6238510263370958,
            0.2903426532813408,
            120.53
        ],
        [
            0.6238095238095238,
            0.2799218822654143,
            125.03488372093024
        ],
        [
            0.6242245199409159,
            0.3087658487640245,
            113.02061855670104
        ],
        [
            0.6265251342118107,
            0.31137451561431495,
            109.675
        ],
        [
            0.6239392585975883,
            0.29398634453781514,
            119.0
        ]
    ]
}