{
    "rgb_colors": [
        [
            37.88461538461539,
            63.38461538461539,
            156.1153846153846
        ],
        [
            30.39,
            58.295,
            149.44
        ],
        [
            44.266666666666666,
            68.93333333333334,
            161.86666666666667
        ],
        [
            82.0,
            105.0,
            188.0
        ],
        [
            32.68115942028985,
            58.26086956521739,
            151.1195652173913
        ],
        [
            16.714285714285715,
            48.42857142857143,
            144.14285714285714
        ],
        [
            34.47222222222222,
            59.65,
            153.24444444444444
        ],
        [
            52.888888888888886,
            77.0,
            168.44444444444446
        ],
        [
            28.842105263157894,
            55.666666666666664,
            147.5
        ],
        [
            31.556701030927837,
            56.634020618556704,
            148.70618556701032
        ]
    ],
    "hex_colors": [
        "#253f9c",
        "#1e3a95",
        "#2c44a1",
        "#5269bc",
        "#203a97",
        "#103090",
        "#223b99",
        "#344da8",
        "#1c3793",
        "#1f3894"
    ],
    "hsl_color_values": [
        [
            0.6307200173498156,
            0.757329391475733,
            156.1153846153846
        ],
        [
            0.6276004479910401,
            0.7966407922912205,
            149.44
        ],
        [
            0.631708238851096,
            0.7265238879736409,
            161.86666666666667
        ],
        [
            0.630503144654088,
            0.5638297872340425,
            188.0
        ],
        [
            0.6306708678760439,
            0.783739720444029,
            151.1195652173913
        ],
        [
            0.625186846038864,
            0.88404360753221,
            144.14285714285714
        ],
        [
            0.6313360462759405,
            0.7750507540603248,
            153.24444444444444
        ],
        [
            0.6318910256410256,
            0.6860158311345647,
            168.44444444444446
        ],
        [
            0.6289889357088292,
            0.8044603033006245,
            147.5
        ],
        [
            0.6309895718748625,
            0.7877916045616832,
            148.70618556701032
        ]
    ]
}