{
    "rgb_colors": [
        [
            47.11450381679389,
            85.03053435114504,
            172.8854961832061
        ],
        [
            52.333333333333336,
            89.9047619047619,
            177.42857142857142
        ],
        [
            42.65909090909091,
            80.47727272727273,
            167.95454545454547
        ],
        [
            44.720238095238095,
            82.70833333333333,
            170.35714285714286
        ],
        [
            45.206896551724135,
            81.42758620689655,
            167.28275862068966
        ],
        [
            46.12337662337662,
            83.98701298701299,
            171.74025974025975
        ],
        [
            48.41414141414141,
            84.46464646464646,
            170.42424242424244
        ],
        [
            48.375,
            86.04166666666667,
            173.5625
        ],
        [
            49.50666666666667,
            87.30666666666667,
            175.04
        ],
        [
            47.0,
            82.95604395604396,
            168.95604395604394
        ]
    ],
    "hex_colors": [
        "#2f55ac",
        "#3459b1",
        "#2a50a7",
        "#2c52aa",
        "#2d51a7",
        "#2e53ab",
        "#3054aa",
        "#3056ad",
        "#3157af",
        "#2f52a8"
    ],
    "hsl_color_values": [
        [
            0.6164218661487416,
            0.7274814553161426,
            172.8854961832061
        ],
        [
            0.6166095673137927,
            0.7050456253354803,
            177.42857142857142
        ],
        [
            0.6163613277707237,
            0.7460081190798377,
            167.95454545454547
        ],
        [
            0.6162726425672368,
            0.7374912648497554,
            170.35714285714286
        ],
        [
            0.617215599871947,
            0.7297575857519789,
            167.28275862068966
        ],
        [
            0.6164297406737314,
            0.7314352692075015,
            171.74025974025975
        ],
        [
            0.6174214200954825,
            0.7159198672356567,
            170.42424242424244
        ],
        [
            0.6165196649470239,
            0.7212819589485056,
            173.5625
        ],
        [
            0.6164807930607187,
            0.7171694088970141,
            175.04
        ],
        [
            0.6175286838469395,
            0.721821138211382,
            168.95604395604394
        ]
    ]
}