{
    "rgb_colors": [
        [
            129.44324324324324,
            203.54594594594596,
            83.94594594594595
        ],
        [
            139.6,
            211.8,
            99.8
        ],
        [
            126.70722433460077,
            199.83269961977186,
            82.11406844106465
        ],
        [
            127.86821705426357,
            202.19379844961242,
            82.28682170542636
        ],
        [
            124.46153846153847,
            197.44230769230768,
            79.82692307692308
        ],
        [
            152.66666666666666,
            223.66666666666666,
            113.66666666666666
        ],
        [
            173.0,
            237.0,
            139.0
        ],
        [
            133.06896551724137,
            207.08620689655172,
            87.74137931034483
        ],
        [
            128.4607329842932,
            201.3979057591623,
            84.53926701570681
        ],
        [
            130.97810218978103,
            205.2189781021898,
            85.48905109489051
        ]
    ],
    "hex_colors": [
        "#81cb53",
        "#8bd363",
        "#7ec752",
        "#7fca52",
        "#7cc54f",
        "#98df71",
        "#aded8b",
        "#85cf57",
        "#80c954",
        "#82cd55"
    ],
    "hsl_color_values": [
        [
            0.26993130253999825,
            0.5875823241980029,
            203.54594594594596
        ],
        [
            0.2741071428571429,
            0.5288007554296507,
            211.8
        ],
        [
            0.270198105081826,
            0.5890859273917345,
            199.83269961977186
        ],
        [
            0.26997672614429796,
            0.5930299428746694,
            202.19379844961242
        ],
        [
            0.270083932853717,
            0.5956949449693192,
            197.44230769230768
        ],
        [
            0.27424242424242423,
            0.49180327868852464,
            223.66666666666666
        ],
        [
            0.2755102040816326,
            0.41350210970464135,
            237.0
        ],
        [
            0.27003274583453724,
            0.5763050537007742,
            207.08620689655172
        ],
        [
            0.2706914575866189,
            0.580237606259911,
            201.3979057591623
        ],
        [
            0.270011583246967,
            0.5834252178552375,
            205.2189781021898
        ]
    ]
}