{
    "rgb_colors": [
        [
            44.98142414860681,
            76.0,
            149.93498452012383
        ],
        [
            46.93333333333334,
            77.86666666666666,
            151.9777777777778
        ],
        [
            45.97687861271676,
            76.99421965317919,
            150.9364161849711
        ],
        [
            43.05797101449275,
            74.0,
            147.93478260869566
        ],
        [
            46.0,
            76.0,
            150.0
        ],
        [
            47.0,
            77.0,
            151.0
        ],
        [
            44.063604240282686,
            75.0035335689046,
            148.96113074204948
        ],
        [
            42.05,
            72.9,
            146.85
        ],
        [
            48.0,
            78.66666666666667,
            153.0
        ],
        [
            48.0,
            78.0,
            152.0
        ]
    ],
    "hex_colors": [
        "#2c4c95",
        "#2e4d97",
        "#2d4c96",
        "#2b4a93",
        "#2e4c96",
        "#2f4d97",
        "#2c4b94",
        "#2a4892",
        "#304e99",
        "#304e98"
    ],
    "hsl_color_values": [
        [
            0.6174090462143559,
            0.6999938053645544,
            149.93498452012383
        ],
        [
            0.6175869120654397,
            0.6911829214797485,
            151.9777777777778
        ],
        [
            0.6174138120938429,
            0.6953890931372549,
            150.9364161849711
        ],
        [
            0.6174946452014095,
            0.708939505265736,
            147.93478260869566
        ],
        [
            0.6185897435897436,
            0.6933333333333334,
            150.0
        ],
        [
            0.6185897435897436,
            0.6887417218543046,
            151.0
        ],
        [
            0.6175076916166993,
            0.7041939462947149,
            148.96113074204948
        ],
        [
            0.617604961832061,
            0.7136533878106912,
            146.85
        ],
        [
            0.617989417989418,
            0.6862745098039216,
            153.0
        ],
        [
            0.6185897435897436,
            0.6842105263157895,
            152.0
        ]
    ]
}