{
    "rgb_colors": [
        [
            67.14814814814815,
            73.97222222222223,
            102.5
        ],
        [
            68.58024691358025,
            74.58024691358025,
            105.58024691358025
        ],
        [
            73.42753623188406,
            79.42753623188406,
            110.42753623188406
        ],
        [
            74.30851063829788,
            81.30851063829788,
            109.30851063829788
        ],
        [
            72.49107142857143,
            79.49107142857143,
            107.49107142857143
        ],
        [
            70.0,
            76.0,
            107.0
        ],
        [
            76.02127659574468,
            82.53191489361703,
            112.0
        ],
        [
            71.0,
            77.0,
            108.0
        ],
        [
            72.0,
            78.0,
            109.0
        ],
        [
            70.0828402366864,
            77.0828402366864,
            105.0828402366864
        ]
    ],
    "hex_colors": [
        "#434966",
        "#444a69",
        "#494f6e",
        "#4a516d",
        "#484f6b",
        "#464c6b",
        "#4c5270",
        "#474d6c",
        "#484e6d",
        "#464d69"
    ],
    "hsl_color_values": [
        [
            0.6344944997380827,
            0.3448961156278229,
            102.5
        ],
        [
            0.6396396396396397,
            0.35044434050514495,
            105.58024691358025
        ],
        [
            0.6396396396396397,
            0.3350613557320034,
            110.42753623188406
        ],
        [
            0.6333333333333333,
            0.32019464720194646,
            109.30851063829788
        ],
        [
            0.6333333333333333,
            0.32560843923913946,
            107.49107142857143
        ],
        [
            0.6396396396396397,
            0.34579439252336447,
            107.0
        ],
        [
            0.6365069978316577,
            0.3212386018237082,
            112.0
        ],
        [
            0.6396396396396397,
            0.3425925925925926,
            108.0
        ],
        [
            0.6396396396396397,
            0.3394495412844037,
            109.0
        ],
        [
            0.6333333333333333,
            0.33307055577453687,
            105.0828402366864
        ]
    ]
}