{
    "rgb_colors": [
        [
            104.54166666666667,
            103.04166666666667,
            126.16666666666667
        ],
        [
            108.88333333333333,
            107.23333333333333,
            129.9
        ],
        [
            124.34351145038168,
            124.19083969465649,
            146.26717557251908
        ],
        [
            121.42276422764228,
            121.4390243902439,
            143.5040650406504
        ],
        [
            127.4020618556701,
            127.08247422680412,
            149.2164948453608
        ],
        [
            134.46428571428572,
            133.67857142857142,
            155.78571428571428
        ],
        [
            118.52352941176471,
            118.0764705882353,
            140.2058823529412
        ],
        [
            130.64814814814815,
            129.92592592592592,
            152.05555555555554
        ],
        [
            115.11351351351351,
            114.38918918918918,
            136.57297297297296
        ],
        [
            111.73684210526316,
            110.59868421052632,
            133.1513157894737
        ]
    ],
    "hex_colors": [
        "#68677e",
        "#6c6b81",
        "#7c7c92",
        "#79798f",
        "#7f7f95",
        "#86859b",
        "#76768c",
        "#828198",
        "#737288",
        "#6f6e85"
    ],
    "hsl_color_values": [
        [
            0.6774774774774776,
            0.1832892998678996,
            126.16666666666667
        ],
        [
            0.6787990196078431,
            0.17449319989735698,
            129.9
        ],
        [
            0.6678192715537113,
            0.15093157977141064,
            146.26717557251908
        ],
        [
            0.6665439371624938,
            0.15387230185258624,
            143.5040650406504
        ],
        [
            0.6690731252911039,
            0.14833494541937262,
            149.2164948453608
        ],
        [
            0.672590199246096,
            0.14190738193489227,
            155.78571428571428
        ],
        [
            0.6700336700336701,
            0.15783511642542486,
            140.2058823529412
        ],
        [
            0.6721059972105997,
            0.14553647545974907,
            152.05555555555554
        ],
        [
            0.6721085120207927,
            0.16243172643077652,
            136.57297297297296
        ],
        [
            0.6750777907429016,
            0.16937595731014388,
            133.1513157894737
        ]
    ]
}