{
    "rgb_colors": [
        [
            31.014084507042252,
            54.943661971830984,
            102.80281690140845
        ],
        [
            24.63157894736842,
            45.21052631578947,
            76.31578947368422
        ],
        [
            34.611570247933884,
            61.20661157024794,
            117.70247933884298
        ],
        [
            36.61682242990654,
            64.60280373831776,
            122.79906542056075
        ],
        [
            27.727272727272727,
            49.72727272727273,
            89.4090909090909
        ],
        [
            33.03947368421053,
            58.5,
            110.48684210526315
        ],
        [
            39.285714285714285,
            67.78125,
            126.73660714285714
        ],
        [
            23.00769230769231,
            42.88461538461539,
            70.1
        ],
        [
            29.92156862745098,
            52.588235294117645,
            95.27450980392157
        ],
        [
            26.36111111111111,
            47.333333333333336,
            83.05555555555556
        ]
    ],
    "hex_colors": [
        "#1f3666",
        "#182d4c",
        "#223d75",
        "#24407a",
        "#1b3159",
        "#213a6e",
        "#27437e",
        "#172a46",
        "#1d345f",
        "#1a2f53"
    ],
    "hsl_color_values": [
        [
            0.6111111111111112,
            0.6983148376489929,
            102.80281690140845
        ],
        [
            0.6003054989816702,
            0.6772413793103448,
            76.31578947368422
        ],
        [
            0.6133213977852927,
            0.7059401769414408,
            117.70247933884298
        ],
        [
            0.612544958340111,
            0.7018151375623121,
            122.79906542056075
        ],
        [
            0.6072218128224023,
            0.6898830706659889,
            89.4090909090909
        ],
        [
            0.6118756371049949,
            0.7009646302250804,
            110.48684210526315
        ],
        [
            0.6123589769768748,
            0.6900207826975238,
            126.73660714285714
        ],
        [
            0.5963192856365023,
            0.6717875562383407,
            70.1
        ],
        [
            0.6088608860886088,
            0.6859436097962543,
            95.27450980392157
        ],
        [
            0.6050138820839458,
            0.6826086956521739,
            83.05555555555556
        ]
    ]
}