{
    "rgb_colors": [
        [
            41.072784810126585,
            61.00949367088607,
            156.95886075949366
        ],
        [
            48.4,
            68.0,
            163.8
        ],
        [
            40.123456790123456,
            60.01234567901235,
            155.96296296296296
        ],
        [
            44.041666666666664,
            63.979166666666664,
            160.02083333333334
        ],
        [
            42.00392156862745,
            61.99607843137255,
            158.01568627450982
        ],
        [
            45.42424242424242,
            65.3030303030303,
            161.12121212121212
        ],
        [
            42.0,
            62.0,
            157.0
        ],
        [
            44.0,
            64.0,
            159.0
        ],
        [
            38.8,
            58.833333333333336,
            154.8
        ],
        [
            43.00714285714286,
            62.99285714285714,
            158.89285714285714
        ]
    ],
    "hex_colors": [
        "#293d9c",
        "#3044a3",
        "#283c9b",
        "#2c3fa0",
        "#2a3d9e",
        "#2d41a1",
        "#2a3e9d",
        "#2c409f",
        "#263a9a",
        "#2b3e9e"
    ],
    "hsl_color_values": [
        [
            0.6379938103040234,
            0.7383213371237323,
            156.95886075949366
        ],
        [
            0.638359329867129,
            0.7045177045177045,
            163.8
        ],
        [
            0.6380510852961029,
            0.742737275389852,
            155.96296296296296
        ],
        [
            0.6380156876833722,
            0.7247754198672048,
            160.02083333333334
        ],
        [
            0.6379452162841271,
            0.7341787859234626,
            158.01568627450982
        ],
        [
            0.6380303823991619,
            0.7180741019371827,
            161.12121212121212
        ],
        [
            0.6376811594202899,
            0.732484076433121,
            157.0
        ],
        [
            0.6376811594202899,
            0.7232704402515723,
            159.0
        ],
        [
            0.6378831417624521,
            0.7493540051679587,
            154.8
        ],
        [
            0.6379232412886259,
            0.7293324342548887,
            158.89285714285714
        ]
    ]
}