{
    "rgb_colors": [
        [
            42.43478260869565,
            80.18478260869566,
            164.6304347826087
        ],
        [
            55.05,
            90.4,
            172.5
        ],
        [
            63.875,
            99.375,
            179.875
        ],
        [
            35.05128205128205,
            72.17094017094017,
            156.60683760683762
        ],
        [
            39.87280701754386,
            78.20614035087719,
            162.94736842105263
        ],
        [
            28.333333333333336,
            66.6,
            151.33333333333334
        ],
        [
            46.94285714285714,
            83.85714285714286,
            167.42857142857142
        ],
        [
            38.19463087248322,
            76.49664429530202,
            161.1510067114094
        ],
        [
            78.9,
            114.6,
            195.0
        ],
        [
            36.711442786069654,
            74.57213930348259,
            159.1592039800995
        ]
    ],
    "hex_colors": [
        "#2a50a4",
        "#375aac",
        "#3f63b3",
        "#23489c",
        "#274ea2",
        "#1c4297",
        "#2e53a7",
        "#264ca1",
        "#4e72c3",
        "#244a9f"
    ],
    "hsl_color_values": [
        [
            0.6151782007946393,
            0.7422421761521193,
            164.6304347826087
        ],
        [
            0.6165034766567333,
            0.6808695652173913,
            172.5
        ],
        [
            0.6156609195402298,
            0.6448922863099374,
            179.875
        ],
        [
            0.6157713401771904,
            0.7761829394749769,
            156.60683760683762
        ],
        [
            0.6147559483506172,
            0.755302540913006,
            162.94736842105263
        ],
        [
            0.6148148148148148,
            0.8127753303964758,
            151.33333333333334
        ],
        [
            0.6156035096039839,
            0.7196245733788396,
            167.42857142857142
        ],
        [
            0.6147485057722224,
            0.7629885679778439,
            161.1510067114094
        ],
        [
            0.61541774332472,
            0.5953846153846154,
            195.0
        ],
        [
            0.6151335391949727,
            0.7693413772623551,
            159.1592039800995
        ]
    ]
}