{
    "rgb_colors": [
        [
            65.0,
            76.0,
            113.0
        ],
        [
            61.0,
            72.0,
            109.0
        ],
        [
            62.0,
            73.0,
            110.0
        ],
        [
            59.36619718309859,
            70.36619718309859,
            107.36619718309859
        ],
        [
            63.0,
            74.0,
            111.0
        ],
        [
            64.0,
            75.0,
            112.0
        ],
        [
            68.0,
            79.0,
            116.0
        ],
        [
            67.0,
            78.0,
            115.0
        ],
        [
            69.31428571428572,
            80.31428571428572,
            117.31428571428572
        ],
        [
            66.0,
            77.0,
            114.0
        ]
    ],
    "hex_colors": [
        "#414c71",
        "#3d486d",
        "#3e496e",
        "#3b466b",
        "#3f4a6f",
        "#404b70",
        "#444f74",
        "#434e73",
        "#455075",
        "#424d72"
    ],
    "hsl_color_values": [
        [
            0.6284722222222222,
            0.4247787610619469,
            113.0
        ],
        [
            0.6284722222222222,
            0.44036697247706424,
            109.0
        ],
        [
            0.6284722222222222,
            0.43636363636363634,
            110.0
        ],
        [
            0.6284722222222222,
            0.4470680834317198,
            107.36619718309859
        ],
        [
            0.6284722222222222,
            0.43243243243243246,
            111.0
        ],
        [
            0.6284722222222222,
            0.42857142857142855,
            112.0
        ],
        [
            0.6284722222222222,
            0.41379310344827586,
            116.0
        ],
        [
            0.6284722222222222,
            0.41739130434782606,
            115.0
        ],
        [
            0.6284722222222222,
            0.40915733073550903,
            117.31428571428572
        ],
        [
            0.6284722222222222,
            0.42105263157894735,
            114.0
        ]
    ]
}