{
    "rgb_colors": [
        [
            68.0,
            80.9940119760479,
            117.0119760479042
        ],
        [
            72.24285714285715,
            85.24285714285715,
            121.24285714285715
        ],
        [
            71.0,
            83.9873417721519,
            120.0253164556962
        ],
        [
            69.0,
            81.98,
            118.04
        ],
        [
            74.38888888888889,
            87.38888888888889,
            123.38888888888889
        ],
        [
            65.0,
            77.9620253164557,
            114.07594936708861
        ],
        [
            67.0,
            79.98591549295774,
            116.02816901408451
        ],
        [
            70.0,
            82.99242424242425,
            119.01515151515152
        ],
        [
            63.397260273972606,
            76.3972602739726,
            112.3972602739726
        ],
        [
            66.0,
            78.99122807017544,
            115.01754385964912
        ]
    ],
    "hex_colors": [
        "#445075",
        "#485579",
        "#475378",
        "#455176",
        "#4a577b",
        "#414d72",
        "#434f74",
        "#465277",
        "#3f4c70",
        "#424e73"
    ],
    "hsl_color_values": [
        [
            0.6224801466096519,
            0.4188629036385037,
            117.0119760479042
        ],
        [
            0.6224489795918368,
            0.4041475197360669,
            121.24285714285715
        ],
        [
            0.6225148463723212,
            0.4084581311959502,
            120.0253164556962
        ],
        [
            0.6225530179445351,
            0.415452389020671,
            118.04
        ],
        [
            0.6224489795918368,
            0.3971184151283206,
            123.38888888888889
        ],
        [
            0.622646376063967,
            0.4302041722148247,
            114.07594936708861
        ],
        [
            0.6225222637173227,
            0.4225540179655256,
            116.02816901408451
        ],
        [
            0.6224884080370942,
            0.41183959261616804,
            119.01515151515152
        ],
        [
            0.6224489795918368,
            0.4359536867763559,
            112.3972602739726
        ],
        [
            0.6224946313528991,
            0.4261744966442953,
            115.01754385964912
        ]
    ]
}