{
    "rgb_colors": [
        [
            131.0,
            208.0,
            76.0
        ],
        [
            128.17482517482517,
            204.7902097902098,
            73.28671328671328
        ],
        [
            131.6727272727273,
            207.4909090909091,
            77.0909090909091
        ],
        [
            127.0,
            203.55102040816325,
            72.12244897959184
        ],
        [
            130.94366197183098,
            206.3943661971831,
            76.09859154929578
        ],
        [
            132.14545454545456,
            208.92727272727274,
            77.2909090909091
        ],
        [
            133.41176470588235,
            210.23529411764707,
            78.47058823529412
        ],
        [
            129.93023255813952,
            205.0,
            75.09302325581395
        ],
        [
            129.00456621004565,
            205.9543378995434,
            74.18721461187215
        ],
        [
            129.98540145985402,
            206.94160583941607,
            75.14963503649635
        ]
    ],
    "hex_colors": [
        "#83d04c",
        "#80cc49",
        "#83cf4d",
        "#7fcb48",
        "#82ce4c",
        "#84d04d",
        "#85d24e",
        "#81cd4b",
        "#81cd4a",
        "#81ce4b"
    ],
    "hsl_color_values": [
        [
            0.2638888888888889,
            0.6346153846153846,
            208.0
        ],
        [
            0.2637685012851192,
            0.6421376131125149,
            204.7902097902098
        ],
        [
            0.26357129577988475,
            0.6284612688398178,
            207.4909090909091
        ],
        [
            0.2637422360248447,
            0.64567876478845,
            203.55102040816325
        ],
        [
            0.26317875544986125,
            0.6312952094991129,
            206.3943661971831
        ],
        [
            0.2638812154696133,
            0.6300583065007397,
            208.92727272727274
        ],
        [
            0.2638392857142857,
            0.6267487409065473,
            210.23529411764707
        ],
        [
            0.2629788757608306,
            0.6336925694838345,
            205.0
        ],
        [
            0.2639971815041989,
            0.6397880454061724,
            205.9543378995434
        ],
        [
            0.2639869661137419,
            0.6368558428274135,
            206.94160583941607
        ]
    ]
}