{
    "rgb_colors": [
        [
            3.5999999999999943,
            41.400000000000006,
            82.7
        ],
        [
            132.17801047120417,
            204.97905759162305,
            71.30890052356021
        ],
        [
            191.0,
            220.0625,
            172.3125
        ],
        [
            35.31901840490798,
            69.65644171779141,
            124.0
        ],
        [
            139.64497041420117,
            215.31952662721892,
            79.09467455621302
        ],
        [
            197.625,
            248.84375,
            137.65625
        ],
        [
            144.36290322580646,
            220.48387096774195,
            83.58064516129032
        ],
        [
            208.0,
            235.625,
            184.625
        ],
        [
            136.05985915492957,
            211.56338028169014,
            74.59154929577466
        ],
        [
            0.0,
            3.10526315789474,
            72.84210526315789
        ]
    ],
    "hex_colors": [
        "#032952",
        "#84cc47",
        "#bfdcac",
        "#23457c",
        "#8bd74f",
        "#c5f889",
        "#90dc53",
        "#d0ebb8",
        "#88d34a",
        "#000348"
    ],
    "hsl_color_values": [
        [
            0.5870206489675516,
            0.9564691656590085,
            82.7
        ],
        [
            0.25743866933009546,
            0.6521161656151823,
            204.97905759162305
        ],
        [
            0.26810645724258286,
            0.21698381141721101,
            220.0625
        ],
        [
            0.6021330566124755,
            0.7151692064120324,
            124.0
        ],
        [
            0.259252019807141,
            0.6326637170573525,
            215.31952662721892
        ],
        [
            0.24344200861907442,
            0.4468165264347608,
            248.84375
        ],
        [
            0.25933671065032987,
            0.6209217264081932,
            220.48387096774195
        ],
        [
            0.2569444444444444,
            0.21644562334217507,
            235.625
        ],
        [
            0.2585389888603256,
            0.6474269356234604,
            211.56338028169014
        ],
        [
            0.6595616570327553,
            1.0,
            72.84210526315789
        ]
    ]
}