{
    "rgb_colors": [
        [
            76.0,
            88.0,
            127.0
        ],
        [
            75.0,
            87.0,
            126.0
        ],
        [
            70.08333333333333,
            82.08333333333333,
            121.08333333333333
        ],
        [
            72.71428571428571,
            84.71428571428571,
            123.71428571428571
        ],
        [
            79.37912087912088,
            91.37912087912088,
            130.37912087912088
        ],
        [
            78.0,
            90.0,
            129.0
        ],
        [
            77.0,
            89.0,
            128.0
        ],
        [
            74.0,
            86.0,
            125.0
        ],
        [
            81.0,
            93.0,
            132.0
        ],
        [
            82.57142857142857,
            94.57142857142857,
            133.57142857142858
        ]
    ],
    "hex_colors": [
        "#4c587f",
        "#4b577e",
        "#465279",
        "#48547b",
        "#4f5b82",
        "#4e5a81",
        "#4d5980",
        "#4a567d",
        "#515d84",
        "#525e85"
    ],
    "hsl_color_values": [
        [
            0.6274509803921569,
            0.4015748031496063,
            127.0
        ],
        [
            0.6274509803921569,
            0.40476190476190477,
            126.0
        ],
        [
            0.6274509803921569,
            0.4211975223675155,
            121.08333333333333
        ],
        [
            0.6274509803921569,
            0.4122401847575058,
            123.71428571428571
        ],
        [
            0.6274509803921569,
            0.39116692654557716,
            130.37912087912088
        ],
        [
            0.6274509803921569,
            0.3953488372093023,
            129.0
        ],
        [
            0.6274509803921569,
            0.3984375,
            128.0
        ],
        [
            0.6274509803921569,
            0.408,
            125.0
        ],
        [
            0.6274509803921569,
            0.38636363636363635,
            132.0
        ],
        [
            0.6274509803921569,
            0.3818181818181819,
            133.57142857142858
        ]
    ]
}