{
    "rgb_colors": [
        [
            74.0,
            84.0,
            118.0
        ],
        [
            76.0,
            86.0,
            120.0
        ],
        [
            72.0,
            82.0,
            116.0
        ],
        [
            68.84615384615384,
            78.84615384615384,
            112.84615384615384
        ],
        [
            71.0,
            81.0,
            115.0
        ],
        [
            75.0,
            85.0,
            119.0
        ],
        [
            77.41176470588235,
            87.41176470588235,
            121.41176470588235
        ],
        [
            70.0,
            80.0,
            114.0
        ],
        [
            73.0,
            83.0,
            117.0
        ],
        [
            67.0,
            77.0,
            111.0
        ]
    ],
    "hex_colors": [
        "#4a5476",
        "#4c5678",
        "#485274",
        "#444e70",
        "#475173",
        "#4b5577",
        "#4d5779",
        "#465072",
        "#495375",
        "#434d6f"
    ],
    "hsl_color_values": [
        [
            0.6287878787878788,
            0.3728813559322034,
            118.0
        ],
        [
            0.6287878787878788,
            0.36666666666666664,
            120.0
        ],
        [
            0.6287878787878788,
            0.3793103448275862,
            116.0
        ],
        [
            0.6287878787878788,
            0.3899113837764145,
            112.84615384615384
        ],
        [
            0.6287878787878788,
            0.3826086956521739,
            115.0
        ],
        [
            0.6287878787878788,
            0.3697478991596639,
            119.0
        ],
        [
            0.6287878787878788,
            0.36240310077519383,
            121.41176470588235
        ],
        [
            0.6287878787878788,
            0.38596491228070173,
            114.0
        ],
        [
            0.6287878787878788,
            0.37606837606837606,
            117.0
        ],
        [
            0.6287878787878788,
            0.3963963963963964,
            111.0
        ]
    ]
}