{
    "rgb_colors": [
        [
            32.333333333333336,
            64.0,
            181.66666666666666
        ],
        [
            52.97674418604651,
            79.9700996677741,
            184.5249169435216
        ],
        [
            66.66666666666667,
            92.16666666666667,
            196.16666666666666
        ],
        [
            56.504901960784316,
            83.41176470588235,
            189.26960784313727
        ],
        [
            162.0,
            178.0,
            251.0
        ],
        [
            90.0,
            115.0,
            208.5
        ],
        [
            132.5,
            153.5,
            236.0
        ],
        [
            111.0,
            131.0,
            224.0
        ],
        [
            51.13716814159292,
            78.1283185840708,
            182.08849557522123
        ],
        [
            54.487272727272725,
            81.44727272727273,
            186.67636363636365
        ]
    ],
    "hex_colors": [
        "#2040b5",
        "#344fb8",
        "#425cc4",
        "#3853bd",
        "#a2b2fb",
        "#5a73d0",
        "#8499ec",
        "#6f83e0",
        "#334eb6",
        "#3651ba"
    ],
    "hsl_color_values": [
        [
            0.6313244047619048,
            0.8220183486238531,
            181.66666666666666
        ],
        [
            0.6324670842172609,
            0.7129019480753304,
            184.5249169435216
        ],
        [
            0.6338481338481339,
            0.6601529311809686,
            196.16666666666666
        ],
        [
            0.6328890365775611,
            0.7014581336924711,
            189.26960784313727
        ],
        [
            0.6367041198501872,
            0.3545816733067729,
            251.0
        ],
        [
            0.6315049226441632,
            0.5683453237410072,
            208.5
        ],
        [
            0.6328502415458938,
            0.4385593220338983,
            236.0
        ],
        [
            0.6371681415929203,
            0.5044642857142857,
            224.0
        ],
        [
            0.6323140170073773,
            0.7191631026438569,
            182.08849557522123
        ],
        [
            0.6326749559859155,
            0.7081190587501948,
            186.67636363636365
        ]
    ]
}