{
    "rgb_colors": [
        [
            129.0,
            206.0,
            74.8989898989899
        ],
        [
            127.98387096774194,
            204.83064516129033,
            76.01612903225806
        ],
        [
            133.2967032967033,
            210.24175824175825,
            78.76923076923077
        ],
        [
            125.44,
            201.2,
            72.8
        ],
        [
            144.0,
            219.5,
            90.5
        ],
        [
            131.025,
            207.95,
            76.625
        ],
        [
            129.42537313432837,
            206.3955223880597,
            77.3955223880597
        ],
        [
            131.85034013605443,
            208.71428571428572,
            77.82312925170068
        ],
        [
            130.05185185185186,
            206.9925925925926,
            75.66666666666667
        ],
        [
            127.14965986394557,
            203.85034013605443,
            74.40136054421768
        ]
    ],
    "hex_colors": [
        "#81ce4a",
        "#7fcc4c",
        "#85d24e",
        "#7dc948",
        "#90db5a",
        "#83cf4c",
        "#81ce4d",
        "#83d04d",
        "#82ce4b",
        "#7fcb4a"
    ],
    "hsl_color_values": [
        [
            0.2645555641163931,
            0.6364126703932529,
            206.0
        ],
        [
            0.2660948684237985,
            0.6288830268908224,
            204.83064516129033
        ],
        [
            0.2642092945503176,
            0.6253397449299603,
            210.24175824175825
        ],
        [
            0.26500519210799584,
            0.6381709741550695,
            201.2
        ],
        [
            0.2642118863049096,
            0.5876993166287016,
            219.5
        ],
        [
            0.26429341963322545,
            0.6315220004808848,
            207.95
        ],
        [
            0.2661113039453893,
            0.6250135589543334,
            206.3955223880597
        ],
        [
            0.264539265110961,
            0.6271307975620092,
            208.71428571428572
        ],
        [
            0.2643127079925545,
            0.6344474663612939,
            206.9925925925926
        ],
        [
            0.26541944750994095,
            0.635019688980845,
            203.85034013605443
        ]
    ]
}