{
    "rgb_colors": [
        [
            173.4,
            196.2,
            173.10000000000002
        ],
        [
            35.63793103448276,
            64.44827586206895,
            124.75862068965517
        ],
        [
            222.875,
            250.125,
            194.0
        ],
        [
            176.0,
            240.23076923076923,
            106.53846153846155
        ],
        [
            120.71428571428571,
            147.0,
            137.57142857142856
        ],
        [
            129.18156028368793,
            204.43120567375885,
            78.68936170212766
        ],
        [
            205.92857142857144,
            246.21428571428572,
            165.28571428571428
        ],
        [
            139.45,
            217.3625,
            77.925
        ],
        [
            78.33333333333334,
            105.16666666666667,
            112.66666666666666
        ],
        [
            0.0,
            7.407407407407419,
            88.96296296296296
        ]
    ],
    "hex_colors": [
        "#adc4ad",
        "#23407c",
        "#defac2",
        "#b0f06a",
        "#789389",
        "#81cc4e",
        "#cdf6a5",
        "#8bd94d",
        "#4e6970",
        "#000758"
    ],
    "hsl_color_values": [
        [
            0.3311688311688313,
            0.1177370030581038,
            196.2
        ],
        [
            0.6127877732636874,
            0.7143449419568823,
            124.75862068965517
        ],
        [
            0.24758723088344467,
            0.22438780609695153,
            250.125
        ],
        [
            0.24673954737245873,
            0.5565161703490233,
            240.23076923076923
        ],
        [
            0.4402173913043477,
            0.1788143828960156,
            147.0
        ],
        [
            0.26640758956772853,
            0.6150814576337043,
            204.43120567375885
        ],
        [
            0.24963224477787582,
            0.32869161589788226,
            246.21428571428572
        ],
        [
            0.2597938144329897,
            0.6414974984185404,
            217.3625
        ],
        [
            0.5364077669902912,
            0.3047337278106507,
            112.66666666666666
        ],
        [
            0.6527893422148209,
            1.0,
            88.96296296296296
        ]
    ]
}