{
    "rgb_colors": [
        [
            26.0,
            44.875,
            135.95833333333334
        ],
        [
            24.079646017699115,
            44.982300884955755,
            135.8849557522124
        ],
        [
            26.019417475728154,
            46.99029126213592,
            137.74757281553397
        ],
        [
            26.006968641114984,
            45.0,
            137.0
        ],
        [
            25.044897959183672,
            45.98367346938775,
            136.9142857142857
        ],
        [
            19.0,
            39.0,
            133.0
        ],
        [
            27.09027777777778,
            46.125,
            137.81944444444446
        ],
        [
            34.0,
            52.0,
            142.0
        ],
        [
            24.923076923076923,
            43.94230769230769,
            135.91346153846155
        ],
        [
            48.0,
            66.5,
            153.0
        ]
    ],
    "hex_colors": [
        "#1a2c87",
        "#182c87",
        "#1a2e89",
        "#1a2d89",
        "#192d88",
        "#132785",
        "#1b2e89",
        "#22348e",
        "#182b87",
        "#304299"
    ],
    "hsl_color_values": [
        [
            0.6380573449538968,
            0.8087649402390439,
            135.95833333333334
        ],
        [
            0.6355073610891245,
            0.8227938782155649,
            135.8849557522124
        ],
        [
            0.6353840806395551,
            0.8111079785734424,
            137.74757281553397
        ],
        [
            0.6381468110709988,
            0.8101681121086498,
            137.0
        ],
        [
            0.6354713952130765,
            0.817076079179585,
            136.9142857142857
        ],
        [
            0.6374269005847953,
            0.8571428571428571,
            133.0
        ],
        [
            0.6380160970001044,
            0.8034364607477578,
            137.81944444444446
        ],
        [
            0.6388888888888888,
            0.7605633802816901,
            142.0
        ],
        [
            0.6381067891073955,
            0.8166253979483552,
            135.91346153846155
        ],
        [
            0.6373015873015873,
            0.6862745098039216,
            153.0
        ]
    ]
}