{
    "rgb_colors": [
        [
            84.0,
            91.0,
            128.0
        ],
        [
            87.0,
            94.0,
            131.0
        ],
        [
            85.0,
            92.0,
            129.0
        ],
        [
            88.0,
            95.0,
            132.0
        ],
        [
            89.0,
            96.0,
            133.0
        ],
        [
            83.0,
            90.0,
            127.0
        ],
        [
            86.0,
            93.0,
            130.0
        ],
        [
            90.17647058823529,
            97.17647058823529,
            134.1764705882353
        ],
        [
            80.44444444444444,
            87.44444444444444,
            124.44444444444444
        ],
        [
            82.0,
            89.0,
            126.0
        ]
    ],
    "hex_colors": [
        "#545b80",
        "#575e83",
        "#555c81",
        "#585f84",
        "#596085",
        "#535a7f",
        "#565d82",
        "#5a6186",
        "#50577c",
        "#52597e"
    ],
    "hsl_color_values": [
        [
            0.6401515151515151,
            0.34375,
            128.0
        ],
        [
            0.6401515151515151,
            0.33587786259541985,
            131.0
        ],
        [
            0.6401515151515151,
            0.34108527131782945,
            129.0
        ],
        [
            0.6401515151515151,
            0.3333333333333333,
            132.0
        ],
        [
            0.6401515151515151,
            0.3308270676691729,
            133.0
        ],
        [
            0.6401515151515151,
            0.3464566929133858,
            127.0
        ],
        [
            0.6401515151515151,
            0.3384615384615385,
            130.0
        ],
        [
            0.6401515151515151,
            0.3279263480929418,
            134.1764705882353
        ],
        [
            0.6401515151515151,
            0.3535714285714286,
            124.44444444444444
        ],
        [
            0.6401515151515151,
            0.3492063492063492,
            126.0
        ]
    ]
}