{
    "rgb_colors": [
        [
            71.34228187919463,
            75.33333333333333,
            103.03355704697987
        ],
        [
            6.526315789473685,
            1.6315789473684248,
            1.8947368421052744
        ],
        [
            48.470588235294116,
            45.94117647058823,
            56.11764705882353
        ],
        [
            25.666666666666664,
            21.266666666666666,
            24.799999999999997
        ],
        [
            95.3103448275862,
            97.20689655172414,
            117.72413793103448
        ],
        [
            66.28571428571429,
            65.85714285714286,
            79.85714285714286
        ],
        [
            67.68561872909699,
            71.89966555183946,
            99.34782608695652
        ],
        [
            35.64705882352941,
            33.1764705882353,
            42.294117647058826
        ],
        [
            75.47826086956522,
            79.8,
            106.56521739130434
        ],
        [
            84.5576923076923,
            87.23076923076923,
            109.57692307692308
        ]
    ],
    "hex_colors": [
        "#474b67",
        "#060101",
        "#302d38",
        "#191518",
        "#5f6175",
        "#42414f",
        "#434763",
        "#23212a",
        "#4b4f6a",
        "#54576d"
    ],
    "hsl_color_values": [
        [
            0.6456774436444069,
            0.3075820739968734,
            103.03355704697987
        ],
        [
            0.9910394265232972,
            0.7499999999999994,
            6.526315789473685
        ],
        [
            0.708092485549133,
            0.1813417190775682,
            56.11764705882353
        ],
        [
            0.8661616161616161,
            0.1714285714285714,
            25.666666666666664
        ],
        [
            0.6525641025641025,
            0.19039250146455766,
            117.72413793103448
        ],
        [
            0.6717687074829932,
            0.17531305903398925,
            79.85714285714286
        ],
        [
            0.6444843491426359,
            0.3187005554620434,
            99.34782608695652
        ],
        [
            0.7118279569892473,
            0.21557719054242,
            42.294117647058826
        ],
        [
            0.6434965034965036,
            0.2917176662586699,
            106.56521739130434
        ],
        [
            0.6488598513963618,
            0.22832572832572837,
            109.57692307692308
        ]
    ]
}