{
    "rgb_colors": [
        [
            72.0,
            83.0,
            120.0
        ],
        [
            67.0,
            78.0,
            115.0
        ],
        [
            63.29268292682927,
            74.29268292682927,
            111.29268292682927
        ],
        [
            70.0,
            81.0,
            118.0
        ],
        [
            69.0,
            80.0,
            117.0
        ],
        [
            68.0,
            79.0,
            116.0
        ],
        [
            66.0,
            77.0,
            114.0
        ],
        [
            65.0,
            76.0,
            113.0
        ],
        [
            71.0,
            82.0,
            119.0
        ],
        [
            73.35,
            84.35,
            121.35
        ]
    ],
    "hex_colors": [
        "#485378",
        "#434e73",
        "#3f4a6f",
        "#465176",
        "#455075",
        "#444f74",
        "#424d72",
        "#414c71",
        "#475277",
        "#495479"
    ],
    "hsl_color_values": [
        [
            0.6284722222222222,
            0.4,
            120.0
        ],
        [
            0.6284722222222222,
            0.41739130434782606,
            115.0
        ],
        [
            0.6284722222222222,
            0.43129520052596976,
            111.29268292682927
        ],
        [
            0.6284722222222222,
            0.4067796610169492,
            118.0
        ],
        [
            0.6284722222222222,
            0.41025641025641024,
            117.0
        ],
        [
            0.6284722222222222,
            0.41379310344827586,
            116.0
        ],
        [
            0.6284722222222222,
            0.42105263157894735,
            114.0
        ],
        [
            0.6284722222222222,
            0.4247787610619469,
            113.0
        ],
        [
            0.6284722222222222,
            0.40336134453781514,
            119.0
        ],
        [
            0.6284722222222222,
            0.39555006180469715,
            121.35
        ]
    ]
}