{
    "rgb_colors": [
        [
            67.24285714285715,
            80.02857142857142,
            160.34285714285716
        ],
        [
            62.64238410596027,
            75.88079470198676,
            155.86092715231788
        ],
        [
            77.0,
            90.0,
            169.5
        ],
        [
            70.875,
            83.625,
            163.875
        ],
        [
            67.0,
            80.0,
            159.0
        ],
        [
            62.985074626865675,
            78.08208955223881,
            158.58955223880596
        ],
        [
            65.95569620253164,
            78.91772151898734,
            159.0379746835443
        ],
        [
            64.9758064516129,
            78.0,
            158.0241935483871
        ],
        [
            63.973094170403584,
            77.03139013452915,
            156.9372197309417
        ],
        [
            60.111111111111114,
            73.11111111111111,
            153.11111111111111
        ]
    ],
    "hex_colors": [
        "#4350a0",
        "#3e4b9b",
        "#4d5aa9",
        "#4653a3",
        "#43509f",
        "#3e4e9e",
        "#414e9f",
        "#404e9e",
        "#3f4d9c",
        "#3c4999"
    ],
    "hsl_color_values": [
        [
            0.6437778118766304,
            0.5806307911617962,
            160.34285714285716
        ],
        [
            0.6429975371791229,
            0.5980879541108987,
            155.86092715231788
        ],
        [
            0.6432432432432432,
            0.5457227138643068,
            169.5
        ],
        [
            0.6438172043010754,
            0.5675057208237986,
            163.875
        ],
        [
            0.6431159420289855,
            0.5786163522012578,
            159.0
        ],
        [
            0.6403481383186325,
            0.6028422191896852,
            158.58955223880596
        ],
        [
            0.643457763876612,
            0.5852833492518307,
            159.0379746835443
        ],
        [
            0.6433379557404518,
            0.5888236795100792,
            158.0241935483871
        ],
        [
            0.6432556718601772,
            0.592365059862274,
            156.9372197309417
        ],
        [
            0.6433691756272402,
            0.6074020319303338,
            153.11111111111111
        ]
    ]
}