{
    "rgb_colors": [
        [
            2.0,
            4.857142857142861,
            15.76190476190476
        ],
        [
            67.43466666666667,
            72.19733333333333,
            94.49066666666667
        ],
        [
            56.285714285714285,
            58.910714285714285,
            75.33928571428572
        ],
        [
            252.23076923076925,
            254.53846153846155,
            250.92307692307693
        ],
        [
            113.33333333333333,
            116.66666666666666,
            119.66666666666666
        ],
        [
            72.85355648535565,
            77.6276150627615,
            99.8786610878661
        ],
        [
            171.16666666666666,
            174.0,
            177.83333333333331
        ],
        [
            38.3,
            34.96666666666667,
            36.300000000000004
        ],
        [
            224.66666666666666,
            229.0,
            227.33333333333331
        ],
        [
            49.30769230769231,
            49.17948717948718,
            56.61538461538461
        ]
    ],
    "hex_colors": [
        "#02040f",
        "#43485e",
        "#383a4b",
        "#fcfefa",
        "#717477",
        "#484d63",
        "#abaeb1",
        "#262224",
        "#e0e5e3",
        "#313138"
    ],
    "hsl_color_values": [
        [
            0.6320645905420991,
            0.8731117824773413,
            15.76190476190476
        ],
        [
            0.6373283395755306,
            0.28633515832251505,
            94.49066666666667
        ],
        [
            0.6437050921587004,
            0.2529035316425694,
            75.33928571428572
        ],
        [
            0.2730496453900703,
            0.014203686914475664,
            254.53846153846155
        ],
        [
            0.5789473684210527,
            0.05292479108635094,
            119.66666666666666
        ],
        [
            0.6372245445631419,
            0.2705793640819404,
            99.8786610878661
        ],
        [
            0.5958333333333329,
            0.03748828491096527,
            177.83333333333331
        ],
        [
            0.9333333333333331,
            0.08703220191470833,
            38.3
        ],
        [
            0.4358974358974353,
            0.018922852983988398,
            229.0
        ],
        [
            0.6695402298850573,
            0.13134057971014484,
            56.61538461538461
        ]
    ]
}