{
    "rgb_colors": [
        [
            31.875,
            55.604166666666664,
            144.0
        ],
        [
            35.919642857142854,
            57.13392857142857,
            148.05357142857142
        ],
        [
            36.0,
            57.0,
            146.05847953216374
        ],
        [
            58.0,
            80.0,
            166.0
        ],
        [
            34.74311926605505,
            55.77064220183486,
            145.12844036697248
        ],
        [
            34.28440366972477,
            58.211009174311926,
            146.13761467889907
        ],
        [
            32.984375,
            56.8984375,
            145.21875
        ],
        [
            34.43333333333333,
            56.7,
            147.23333333333332
        ],
        [
            37.53164556962025,
            58.65822784810126,
            148.83544303797467
        ],
        [
            37.02040816326531,
            58.08843537414966,
            147.01360544217687
        ]
    ],
    "hex_colors": [
        "#1f3790",
        "#233994",
        "#243992",
        "#3a50a6",
        "#223791",
        "#223a92",
        "#203891",
        "#223893",
        "#253a94",
        "#253a93"
    ],
    "hsl_color_values": [
        [
            0.6313947726991205,
            0.7786458333333334,
            144.0
        ],
        [
            0.6351354938025852,
            0.7573875286455192,
            148.05357142857142
        ],
        [
            0.6348653914275593,
            0.7535233824471492,
            146.05847953216374
        ],
        [
            0.632716049382716,
            0.6506024096385542,
            166.0
        ],
        [
            0.6349179964539008,
            0.7606043365573045,
            145.12844036697248
        ],
        [
            0.6310148731408574,
            0.765396446732375,
            146.13761467889907
        ],
        [
            0.6311545779386515,
            0.7728642134710566,
            145.21875
        ],
        [
            0.6337667454688732,
            0.7661308580484492,
            147.23333333333332
        ],
        [
            0.6350316539671709,
            0.7478312638203776,
            148.83544303797467
        ],
        [
            0.6347434390912651,
            0.748183795289436,
            147.01360544217687
        ]
    ]
}