{
    "rgb_colors": [
        [
            35.05084745762712,
            67.0042372881356,
            133.92796610169492
        ],
        [
            39.4054054054054,
            71.27027027027027,
            138.13513513513513
        ],
        [
            36.066265060240966,
            68.00301204819277,
            134.90361445783134
        ],
        [
            38.04255319148936,
            70.0,
            136.79787234042553
        ],
        [
            61.0,
            91.0,
            157.0
        ],
        [
            53.0,
            84.0,
            149.0
        ],
        [
            32.45454545454545,
            64.72727272727273,
            131.9090909090909
        ],
        [
            34.125,
            66.0,
            132.91666666666666
        ],
        [
            45.0,
            76.5,
            143.0
        ],
        [
            37.02671755725191,
            69.0,
            135.89312977099237
        ]
    ],
    "hex_colors": [
        "#234385",
        "#27478a",
        "#244486",
        "#264688",
        "#3d5b9d",
        "#355495",
        "#204083",
        "#224284",
        "#2d4c8f",
        "#254587"
    ],
    "hsl_color_values": [
        [
            0.6128062281265624,
            0.7382858227607808,
            133.92796610169492
        ],
        [
            0.6128752623414545,
            0.7147329289767169,
            138.13513513513513
        ],
        [
            0.6128126206294061,
            0.7326516031079754,
            134.90361445783134
        ],
        [
            0.6127329527092534,
            0.7219068356792908,
            136.79787234042553
        ],
        [
            0.6145833333333334,
            0.6114649681528662,
            157.0
        ],
        [
            0.6128472222222222,
            0.6442953020134228,
            149.0
        ],
        [
            0.6125837903717245,
            0.7539627842866988,
            131.9090909090909
        ],
        [
            0.6128918880922255,
            0.7432601880877743,
            132.91666666666666
        ],
        [
            0.6130952380952381,
            0.6853146853146853,
            143.0
        ],
        [
            0.6127668609813535,
            0.7275306145376924,
            135.89312977099237
        ]
    ]
}