{
    "rgb_colors": [
        [
            22.014492753623188,
            59.91304347826087,
            132.0144927536232
        ],
        [
            25.0,
            62.25252525252525,
            134.0
        ],
        [
            23.0,
            60.99590163934426,
            132.95491803278688
        ],
        [
            26.0,
            63.12987012987013,
            134.88311688311688
        ],
        [
            24.071428571428573,
            61.0,
            132.97619047619048
        ],
        [
            24.0,
            61.99270072992701,
            134.02919708029196
        ],
        [
            26.73076923076923,
            64.01923076923077,
            136.0
        ],
        [
            27.77777777777778,
            65.11111111111111,
            137.0
        ],
        [
            24.056603773584907,
            62.0,
            133.0
        ],
        [
            25.0,
            63.0,
            135.02857142857144
        ]
    ],
    "hex_colors": [
        "#163b84",
        "#193e86",
        "#173c84",
        "#1a3f86",
        "#183d84",
        "#183d86",
        "#1a4088",
        "#1b4189",
        "#183e85",
        "#193f87"
    ],
    "hsl_color_values": [
        [
            0.6092446201141853,
            0.8332418487210451,
            132.0144927536232
        ],
        [
            0.6097056188799308,
            0.8134328358208955,
            134.0
        ],
        [
            0.609073514977574,
            0.8270090317807712,
            132.95491803278688
        ],
        [
            0.6098322201017812,
            0.8072405160793376,
            134.88311688311688
        ],
        [
            0.610151581402128,
            0.8189794091316025,
            132.97619047619048
        ],
        [
            0.60911724381938,
            0.8209345387212722,
            134.02919708029196
        ],
        [
            0.6097911533497594,
            0.8034502262443439,
            136.0
        ],
        [
            0.6096982027806036,
            0.7972424979724251,
            137.0
        ],
        [
            0.6086190971019513,
            0.8191232798978578,
            133.0
        ],
        [
            0.6091058599497966,
            0.8148539991536183,
            135.02857142857144
        ]
    ]
}