{
    "rgb_colors": [
        [
            222.98850574712642,
            220.0632183908046,
            106.91954022988506
        ],
        [
            223.0126582278481,
            220.0379746835443,
            108.0506329113924
        ],
        [
            224.88372093023256,
            222.04651162790697,
            108.91279069767442
        ],
        [
            226.0204081632653,
            223.19727891156464,
            110.29251700680273
        ],
        [
            228.58333333333334,
            225.75,
            112.16666666666667
        ],
        [
            223.95833333333334,
            220.72916666666666,
            109.04166666666667
        ],
        [
            221.98,
            218.96,
            106.13
        ],
        [
            220.83333333333334,
            217.85714285714286,
            105.02380952380952
        ],
        [
            224.01388888888889,
            221.09259259259258,
            107.92592592592592
        ],
        [
            224.97058823529412,
            221.6764705882353,
            110.08823529411765
        ]
    ],
    "hex_colors": [
        "#dedc6a",
        "#dfdc6c",
        "#e0de6c",
        "#e2df6e",
        "#e4e170",
        "#dfdc6d",
        "#ddda6a",
        "#dcd969",
        "#e0dd6b",
        "#e0dd6e"
    ],
    "hsl_color_values": [
        [
            0.16246616491714533,
            0.5205154639175258,
            222.98850574712642
        ],
        [
            0.16235410702488437,
            0.5154955159495971,
            223.0126582278481
        ],
        [
            0.16258919469928643,
            0.5156928645294726,
            224.88372093023256
        ],
        [
            0.16260090916216005,
            0.5120240782543265,
            226.0204081632653
        ],
        [
            0.16261035552374134,
            0.5092963908129785,
            228.58333333333334
        ],
        [
            0.16198332124728063,
            0.5131162790697674,
            223.95833333333334
        ],
        [
            0.16232196806214935,
            0.5218938643121002,
            221.98
        ],
        [
            0.16238349780701752,
            0.5244204851752022,
            220.83333333333334
        ],
        [
            0.16247258225324027,
            0.5182177031020728,
            224.01388888888889
        ],
        [
            0.16188769414575868,
            0.5106549875800758,
            224.97058823529412
        ]
    ]
}