{
    "rgb_colors": [
        [
            68.73333333333333,
            95.13333333333333,
            199.2
        ],
        [
            59.37577639751553,
            86.33540372670808,
            191.2111801242236
        ],
        [
            53.51851851851852,
            80.85185185185185,
            185.40740740740742
        ],
        [
            57.84132841328413,
            84.76752767527675,
            189.38007380073802
        ],
        [
            97.0,
            121.66666666666666,
            222.33333333333334
        ],
        [
            61.1030303030303,
            88.06666666666666,
            193.1090909090909
        ],
        [
            124.0,
            149.0,
            244.0
        ],
        [
            63.19047619047619,
            90.16666666666667,
            195.8095238095238
        ],
        [
            80.2,
            106.5,
            209.5
        ],
        [
            56.43452380952381,
            83.4047619047619,
            187.64285714285714
        ]
    ],
    "hex_colors": [
        "#445fc7",
        "#3b56bf",
        "#3550b9",
        "#3954bd",
        "#6179de",
        "#3d58c1",
        "#7c95f4",
        "#3f5ac3",
        "#506ad1",
        "#3853bb"
    ],
    "hsl_color_values": [
        [
            0.6329415772440811,
            0.6549531459170013,
            199.2
        ],
        [
            0.6325842343721781,
            0.6894753938606465,
            191.2111801242236
        ],
        [
            0.6321258073574838,
            0.7113463843387935,
            185.40740740740742
        ],
        [
            0.632549723679412,
            0.6945754257433461,
            189.38007380073802
        ],
        [
            0.6338652482269503,
            0.5637181409295352,
            222.33333333333334
        ],
        [
            0.6326232343173714,
            0.6835828390295955,
            193.1090909090909
        ],
        [
            0.6319444444444445,
            0.4918032786885246,
            244.0
        ],
        [
            0.6327648114901256,
            0.6772859922178988,
            195.8095238095238
        ],
        [
            0.6327661768497035,
            0.617183770883055,
            209.5
        ],
        [
            0.6324078694672535,
            0.6992450196675548,
            187.64285714285714
        ]
    ]
}