{
    "rgb_colors": [
        [
            74.24615384615385,
            78.16923076923077,
            101.70769230769231
        ],
        [
            69.869918699187,
            73.99186991869918,
            97.4308943089431
        ],
        [
            71.48648648648648,
            75.51351351351352,
            99.0
        ],
        [
            68.34693877551021,
            72.65306122448979,
            96.0
        ],
        [
            66.07692307692308,
            70.15384615384616,
            93.61538461538461
        ],
        [
            64.05194805194805,
            68.24675324675324,
            91.64935064935065
        ],
        [
            72.46969696969697,
            76.53030303030303,
            100.0
        ],
        [
            61.8125,
            66.4375,
            89.625
        ],
        [
            67.0,
            72.0,
            95.0
        ],
        [
            68.0,
            71.0,
            95.0
        ]
    ],
    "hex_colors": [
        "#4a4e65",
        "#454961",
        "#474b63",
        "#444860",
        "#42465d",
        "#40445b",
        "#484c64",
        "#3d4259",
        "#43485f",
        "#44475f"
    ],
    "hsl_color_values": [
        [
            0.6428571428571429,
            0.27000453789139317,
            101.70769230769231
        ],
        [
            0.6417404129793511,
            0.28287716955941256,
            97.4308943089431
        ],
        [
            0.6422724296005239,
            0.2779142779142779,
            99.0
        ],
        [
            0.6407134071340713,
            0.2880527210884353,
            96.0
        ],
        [
            0.6419925512104282,
            0.29416598192276083,
            93.61538461538461
        ],
        [
            0.6413333333333333,
            0.30111945585943045,
            91.64935064935065
        ],
        [
            0.6420840212804989,
            0.2753030303030303,
            100.0
        ],
        [
            0.6389513108614232,
            0.3103207810320781,
            89.625
        ],
        [
            0.6369047619047619,
            0.29473684210526313,
            95.0
        ],
        [
            0.6481481481481483,
            0.28421052631578947,
            95.0
        ]
    ]
}