{
    "rgb_colors": [
        [
            57.434782608695656,
            65.43478260869566,
            93.43478260869566
        ],
        [
            66.4041095890411,
            74.4041095890411,
            102.4041095890411
        ],
        [
            59.707142857142856,
            67.70714285714286,
            95.70714285714286
        ],
        [
            64.0,
            72.0,
            100.0
        ],
        [
            62.0,
            70.0,
            98.0
        ],
        [
            69.47826086956522,
            77.47826086956522,
            105.47826086956522
        ],
        [
            65.0,
            73.0,
            101.0
        ],
        [
            63.0,
            71.0,
            99.0
        ],
        [
            61.0,
            69.0,
            97.0
        ],
        [
            68.0,
            76.0,
            104.0
        ]
    ],
    "hex_colors": [
        "#39415d",
        "#424a66",
        "#3b435f",
        "#404864",
        "#3e4662",
        "#454d69",
        "#414965",
        "#3f4763",
        "#3d4561",
        "#444c68"
    ],
    "hsl_color_values": [
        [
            0.6296296296296297,
            0.38529548627268495,
            93.43478260869566
        ],
        [
            0.6296296296296297,
            0.35154839141194566,
            102.4041095890411
        ],
        [
            0.6296296296296297,
            0.3761474736920666,
            95.70714285714286
        ],
        [
            0.6296296296296297,
            0.36,
            100.0
        ],
        [
            0.6296296296296297,
            0.3673469387755102,
            98.0
        ],
        [
            0.6296296296296297,
            0.3413025556471558,
            105.47826086956522
        ],
        [
            0.6296296296296297,
            0.3564356435643564,
            101.0
        ],
        [
            0.6296296296296297,
            0.36363636363636365,
            99.0
        ],
        [
            0.6296296296296297,
            0.3711340206185567,
            97.0
        ],
        [
            0.6296296296296297,
            0.34615384615384615,
            104.0
        ]
    ]
}