{
    "rgb_colors": [
        [
            32.62777777777778,
            57.455555555555556,
            144.19444444444446
        ],
        [
            30.402298850574713,
            54.85057471264368,
            137.02298850574712
        ],
        [
            33.45333333333333,
            58.64888888888889,
            145.7288888888889
        ],
        [
            27.6,
            49.64,
            125.56
        ],
        [
            29.45614035087719,
            52.1578947368421,
            131.28070175438597
        ],
        [
            35.50819672131148,
            60.68852459016394,
            149.91803278688525
        ],
        [
            31.83448275862069,
            56.49655172413793,
            141.53103448275863
        ],
        [
            47.666666666666664,
            73.33333333333333,
            159.33333333333334
        ],
        [
            33.75675675675676,
            58.75675675675676,
            148.66216216216216
        ],
        [
            34.30538922155689,
            60.10778443113772,
            147.04790419161677
        ]
    ],
    "hex_colors": [
        "#203990",
        "#1e3689",
        "#213a91",
        "#1b317d",
        "#1d3483",
        "#233c95",
        "#1f388d",
        "#2f499f",
        "#213a94",
        "#223c93"
    ],
    "hsl_color_values": [
        [
            0.629577067357169,
            0.7737237526488152,
            144.19444444444446
        ],
        [
            0.6284497628288056,
            0.7781226407180606,
            137.02298850574712
        ],
        [
            0.6292652996595677,
            0.7704413065357284,
            145.7288888888889
        ],
        [
            0.6291683680413774,
            0.7801847722204525,
            125.56
        ],
        [
            0.629508385021824,
            0.775624749432046,
            131.28070175438597
        ],
        [
            0.6299851936762669,
            0.7631492618917441,
            149.91803278688525
        ],
        [
            0.6291965296114674,
            0.775070655881493,
            141.53103448275863
        ],
        [
            0.6283582089552239,
            0.7008368200836821,
            159.33333333333334
        ],
        [
            0.6304049551138814,
            0.7729297336605763,
            148.66216216216216
        ],
        [
            0.6285231215919552,
            0.7667060308669627,
            147.04790419161677
        ]
    ]
}