{
    "rgb_colors": [
        [
            62.87959866220736,
            89.84615384615384,
            196.17391304347825
        ],
        [
            66.4551282051282,
            93.35897435897436,
            200.51923076923077
        ],
        [
            98.0,
            125.0,
            229.0
        ],
        [
            64.09550561797752,
            91.0561797752809,
            197.7808988764045
        ],
        [
            74.71428571428571,
            101.42857142857143,
            206.28571428571428
        ],
        [
            59.47826086956522,
            86.3913043478261,
            191.91304347826087
        ],
        [
            65.13664596273291,
            92.1055900621118,
            198.93788819875778
        ],
        [
            60.8780487804878,
            87.79268292682927,
            194.41463414634146
        ],
        [
            62.138888888888886,
            89.08333333333333,
            194.02777777777777
        ],
        [
            68.68181818181819,
            95.5,
            202.54545454545453
        ]
    ],
    "hex_colors": [
        "#3e59c4",
        "#425dc8",
        "#627de5",
        "#405bc5",
        "#4a65ce",
        "#3b56bf",
        "#415cc6",
        "#3c57c2",
        "#3e59c2",
        "#445fca"
    ],
    "hsl_color_values": [
        [
            0.6329486053611006,
            0.679470130932897,
            196.17391304347825
        ],
        [
            0.6332201714959677,
            0.6685847639141971,
            200.51923076923077
        ],
        [
            0.6323155216284988,
            0.5720524017467249,
            229.0
        ],
        [
            0.6330545749985993,
            0.6759267149552621,
            197.7808988764045
        ],
        [
            0.6328266377126313,
            0.6378116343490304,
            206.28571428571428
        ],
        [
            0.6327971109652002,
            0.6900770276393294,
            191.91304347826087
        ],
        [
            0.6330733760406028,
            0.6725779762090606,
            198.93788819875778
        ],
        [
            0.6330745814307458,
            0.6868648852088822,
            194.41463414634146
        ],
        [
            0.6326172423476552,
            0.6797423049391553,
            194.02777777777777
        ],
        [
            0.633276740237691,
            0.6609066427289048,
            202.54545454545453
        ]
    ]
}