{
    "rgb_colors": [
        [
            79.0,
            91.0,
            130.0
        ],
        [
            80.0,
            92.0,
            131.0
        ],
        [
            84.23404255319149,
            96.23404255319149,
            135.2340425531915
        ],
        [
            77.0,
            89.0,
            128.0
        ],
        [
            83.0,
            95.0,
            134.0
        ],
        [
            75.78571428571429,
            87.78571428571429,
            126.78571428571429
        ],
        [
            82.0,
            94.0,
            133.0
        ],
        [
            86.5,
            98.5,
            137.5
        ],
        [
            78.0,
            90.0,
            129.0
        ],
        [
            81.0,
            93.0,
            132.0
        ]
    ],
    "hex_colors": [
        "#4f5b82",
        "#505c83",
        "#546087",
        "#4d5980",
        "#535f86",
        "#4b577e",
        "#525e85",
        "#566289",
        "#4e5a81",
        "#515d84"
    ],
    "hsl_color_values": [
        [
            0.6274509803921569,
            0.3923076923076923,
            130.0
        ],
        [
            0.6274509803921569,
            0.3893129770992366,
            131.0
        ],
        [
            0.6274509803921569,
            0.37712397734424175,
            135.2340425531915
        ],
        [
            0.6274509803921569,
            0.3984375,
            128.0
        ],
        [
            0.6274509803921569,
            0.3805970149253731,
            134.0
        ],
        [
            0.6274509803921569,
            0.40225352112676055,
            126.78571428571429
        ],
        [
            0.6274509803921569,
            0.38345864661654133,
            133.0
        ],
        [
            0.6274509803921569,
            0.3709090909090909,
            137.5
        ],
        [
            0.6274509803921569,
            0.3953488372093023,
            129.0
        ],
        [
            0.6274509803921569,
            0.38636363636363635,
            132.0
        ]
    ]
}