{
    "rgb_colors": [
        [
            59.464285714285715,
            91.45714285714286,
            177.05714285714285
        ],
        [
            60.01315789473684,
            92.0,
            178.8815789473684
        ],
        [
            64.46551724137932,
            96.44827586206897,
            183.31034482758622
        ],
        [
            61.15217391304348,
            93.06521739130434,
            177.83695652173913
        ],
        [
            66.42307692307692,
            98.34615384615384,
            184.76923076923077
        ],
        [
            61.02962962962963,
            93.0,
            179.92592592592592
        ],
        [
            63.2,
            95.17575757575757,
            181.72727272727272
        ],
        [
            62.067796610169495,
            94.0,
            181.0
        ],
        [
            62.35344827586207,
            94.34482758620689,
            179.52586206896552
        ],
        [
            57.9,
            89.8,
            175.4
        ]
    ],
    "hex_colors": [
        "#3b5bb1",
        "#3c5cb2",
        "#4060b7",
        "#3d5db1",
        "#4262b8",
        "#3d5db3",
        "#3f5fb5",
        "#3e5eb5",
        "#3e5eb3",
        "#3959af"
    ],
    "hsl_color_values": [
        [
            0.6213225617040231,
            0.6641520090366305,
            177.05714285714285
        ],
        [
            0.6218175780385211,
            0.6645090106656859,
            178.8815789473684
        ],
        [
            0.6218144010832245,
            0.6483258088788563,
            183.31034482758622
        ],
        [
            0.6210836826579724,
            0.6561334881730946,
            177.83695652173913
        ],
        [
            0.6217094572635684,
            0.6405079100749376,
            184.76923076923077
        ],
        [
            0.6218511826885137,
            0.660806916426513,
            179.92592592592592
        ],
        [
            0.6217040786760069,
            0.6522261130565282,
            181.72727272727272
        ],
        [
            0.6219181986603962,
            0.6570839966288978,
            181.0
        ],
        [
            0.6211619580145183,
            0.6526770708283314,
            179.52586206896552
        ],
        [
            0.621418439716312,
            0.669897377423033,
            175.4
        ]
    ]
}