{
    "rgb_colors": [
        [
            228.8296943231441,
            217.14410480349346,
            165.0174672489083
        ],
        [
            230.22784810126583,
            219.873417721519,
            166.9873417721519
        ],
        [
            231.12121212121212,
            221.6818181818182,
            168.1818181818182
        ],
        [
            227.93650793650792,
            216.04761904761904,
            164.02380952380952
        ],
        [
            229.96296296296296,
            218.01234567901236,
            166.0493827160494
        ],
        [
            226.98245614035088,
            215.01754385964912,
            163.07602339181287
        ],
        [
            228.8,
            219.2,
            165.9
        ],
        [
            225.75641025641025,
            213.76923076923077,
            161.7948717948718
        ],
        [
            242.0,
            230.0,
            178.0
        ],
        [
            232.0,
            224.37037037037038,
            169.11111111111111
        ]
    ],
    "hex_colors": [
        "#e4d9a5",
        "#e6dba6",
        "#e7dda8",
        "#e3d8a4",
        "#e5daa6",
        "#e2d7a3",
        "#e4dba5",
        "#e1d5a1",
        "#f2e6b2",
        "#e8e0a9"
    ],
    "hsl_color_values": [
        [
            0.13614589748853761,
            0.2788634021602229,
            228.8296943231441
        ],
        [
            0.13937816920202828,
            0.2746866065537718,
            230.22784810126583
        ],
        [
            0.1416706788637458,
            0.27232201389799393,
            231.12121212121212
        ],
        [
            0.13566372780330313,
            0.28039693593314763,
            227.93650793650792
        ],
        [
            0.13550318717403906,
            0.27792988672357327,
            229.96296296296296
        ],
        [
            0.13546242069302097,
            0.2815478950894007,
            226.98245614035088
        ],
        [
            0.14122946475887646,
            0.27491258741258745,
            228.8
        ],
        [
            0.13543128215407232,
            0.2833210290192515,
            225.75641025641025
        ],
        [
            0.13541666666666666,
            0.2644628099173554,
            242.0
        ],
        [
            0.14644680015704753,
            0.2710727969348659,
            232.0
        ]
    ]
}