{
    "rgb_colors": [
        [
            78.8125,
            86.5,
            119.4375
        ],
        [
            67.6086956521739,
            74.66956521739131,
            109.48695652173913
        ],
        [
            73.26744186046511,
            80.53488372093024,
            114.73255813953489
        ],
        [
            65.21428571428571,
            72.23809523809524,
            107.16666666666667
        ],
        [
            69.10434782608695,
            76.3391304347826,
            110.63478260869566
        ],
        [
            74.56390977443608,
            81.84210526315789,
            116.00751879699249
        ],
        [
            72.0421052631579,
            80.0421052631579,
            112.0421052631579
        ],
        [
            76.34285714285714,
            83.84285714285714,
            117.34285714285714
        ],
        [
            70.52991452991454,
            77.52991452991454,
            112.52991452991454
        ],
        [
            72.0,
            79.0,
            114.0
        ]
    ],
    "hex_colors": [
        "#4e5677",
        "#434a6d",
        "#495072",
        "#41486b",
        "#454c6e",
        "#4a5174",
        "#485070",
        "#4c5375",
        "#464d70",
        "#484f72"
    ],
    "hsl_color_values": [
        [
            0.6351282051282051,
            0.3401360544217687,
            119.4375
        ],
        [
            0.6385658914728682,
            0.3824954332459694,
            109.48695652173913
        ],
        [
            0.6374555991774162,
            0.3614067092327962,
            114.73255813953489
        ],
        [
            0.6387627695800226,
            0.3914685625416575,
            107.16666666666667
        ],
        [
            0.6376326074818537,
            0.3753831643480312,
            110.63478260869566
        ],
        [
            0.6373971940009676,
            0.35724933566660194,
            116.00751879699249
        ],
        [
            0.6333333333333333,
            0.3570086433671552,
            112.0421052631579
        ],
        [
            0.6361788617886179,
            0.3494034575115656,
            117.34285714285714
        ],
        [
            0.6388888888888888,
            0.373234087801914,
            112.52991452991454
        ],
        [
            0.6388888888888888,
            0.3684210526315789,
            114.0
        ]
    ]
}