{
    "rgb_colors": [
        [
            37.81818181818182,
            69.75757575757575,
            135.6818181818182
        ],
        [
            44.5,
            76.33333333333333,
            142.33333333333334
        ],
        [
            39.070247933884296,
            71.0,
            136.9214876033058
        ],
        [
            40.01639344262295,
            72.0,
            137.89836065573772
        ],
        [
            41.09090909090909,
            73.06818181818181,
            136.8181818181818
        ],
        [
            49.8,
            81.6,
            147.6
        ],
        [
            40.043103448275865,
            71.99137931034483,
            135.95689655172413
        ],
        [
            38.8974358974359,
            70.82051282051282,
            134.7948717948718
        ],
        [
            41.19496855345912,
            73.16352201257861,
            138.9811320754717
        ],
        [
            56.666666666666664,
            88.66666666666666,
            154.66666666666666
        ]
    ],
    "hex_colors": [
        "#254587",
        "#2c4c8e",
        "#274788",
        "#284889",
        "#294988",
        "#315193",
        "#284787",
        "#264686",
        "#29498a",
        "#38589a"
    ],
    "hsl_color_values": [
        [
            0.6122722815709346,
            0.7212730318257957,
            135.6818181818182
        ],
        [
            0.6124361158432708,
            0.6873536299765808,
            142.33333333333334
        ],
        [
            0.6122818130630631,
            0.7146521804738192,
            136.9214876033058
        ],
        [
            0.6122071860833835,
            0.7098124063815117,
            137.89836065573772
        ],
        [
            0.6109924026590693,
            0.6996677740863787,
            136.8181818181818
        ],
        [
            0.6124744376278118,
            0.6626016260162602,
            147.6
        ],
        [
            0.6111510575828389,
            0.7054720689873818,
            135.95689655172413
        ],
        [
            0.6111853832442068,
            0.7114323758797794,
            134.7948717948718
        ],
        [
            0.6121794871794872,
            0.7035930853470902,
            138.9811320754717
        ],
        [
            0.6122448979591836,
            0.6336206896551725,
            154.66666666666666
        ]
    ]
}