{
    "rgb_colors": [
        [
            123.56481481481481,
            212.05555555555554,
            88.60185185185185
        ],
        [
            131.36974789915968,
            220.7563025210084,
            95.52941176470588
        ],
        [
            133.015873015873,
            222.52380952380952,
            97.34920634920636
        ],
        [
            125.01063829787235,
            213.69148936170214,
            89.63829787234043
        ],
        [
            140.42857142857142,
            228.64285714285714,
            106.64285714285714
        ],
        [
            129.76119402985074,
            219.3582089552239,
            93.8955223880597
        ],
        [
            135.59574468085106,
            224.36170212765958,
            100.27659574468085
        ],
        [
            126.50952380952381,
            215.26666666666668,
            91.12380952380953
        ],
        [
            128.23645320197045,
            217.42857142857142,
            92.66502463054188
        ],
        [
            121.28125,
            209.53125,
            86.625
        ]
    ],
    "hex_colors": [
        "#7bd458",
        "#83dc5f",
        "#85de61",
        "#7dd559",
        "#8ce46a",
        "#81db5d",
        "#87e064",
        "#7ed75b",
        "#80d95c",
        "#79d156"
    ],
    "hsl_color_values": [
        [
            0.28613215330383257,
            0.5821762291502925,
            212.05555555555554
        ],
        [
            0.2856328009663132,
            0.5672630376855728,
            220.7563025210084
        ],
        [
            0.2858441119283118,
            0.5625222911762607,
            222.52380952380952
        ],
        [
            0.2858102506931939,
            0.5805247174789665,
            213.69148936170214
        ],
        [
            0.28717798594847777,
            0.5335832552327398,
            228.64285714285714
        ],
        [
            0.28568879371877226,
            0.5719534598897734,
            219.3582089552239
        ],
        [
            0.285893918609968,
            0.5530583214793742,
            224.36170212765958
        ],
        [
            0.28582662063674724,
            0.57669335928859,
            215.26666666666668
        ],
        [
            0.28581487477132445,
            0.5738139471657075,
            217.42857142857142
        ],
        [
            0.2863378252394271,
            0.5865771812080537,
            209.53125
        ]
    ]
}