{
    "rgb_colors": [
        [
            70.6774193548387,
            100.83870967741936,
            190.8709677419355
        ],
        [
            78.0,
            108.2,
            196.6
        ],
        [
            63.97727272727273,
            93.51704545454545,
            183.5909090909091
        ],
        [
            58.45283018867924,
            88.13207547169812,
            177.18867924528303
        ],
        [
            65.18478260869566,
            94.84239130434783,
            185.2554347826087
        ],
        [
            67.37383177570094,
            97.35514018691589,
            187.66355140186917
        ],
        [
            61.962025316455694,
            91.45991561181435,
            181.22362869198312
        ],
        [
            62.91525423728814,
            92.23728813559322,
            182.85593220338984
        ],
        [
            60.611111111111114,
            90.43518518518519,
            178.87037037037038
        ],
        [
            94.6,
            124.4,
            212.4
        ]
    ],
    "hex_colors": [
        "#4664be",
        "#4e6cc4",
        "#3f5db7",
        "#3a58b1",
        "#415eb9",
        "#4361bb",
        "#3d5bb5",
        "#3e5cb6",
        "#3c5ab2",
        "#5e7cd4"
    ],
    "hsl_color_values": [
        [
            0.6248434424762928,
            0.6297110021970593,
            190.8709677419355
        ],
        [
            0.6242270938729623,
            0.6032553407934893,
            196.6
        ],
        [
            0.6255066818671228,
            0.6515226541223076,
            183.5909090909091
        ],
        [
            0.6250066211134064,
            0.6701096794803536,
            177.18867924528303
        ],
        [
            0.6254997812278399,
            0.6481356528881979,
            185.2554347826087
        ],
        [
            0.625126252816409,
            0.6409860557768925,
            187.66355140186917
        ],
        [
            0.6254437172003066,
            0.6580908032596042,
            181.22362869198312
        ],
        [
            0.6259214771897595,
            0.6559299253835102,
            182.85593220338984
        ],
        [
            0.624634617392212,
            0.6611450460710219,
            178.87037037037038
        ],
        [
            0.6245048104131296,
            0.5546139359698682,
            212.4
        ]
    ]
}