{
    "rgb_colors": [
        [
            47.313291139240505,
            68.00949367088607,
            143.3132911392405
        ],
        [
            64.6,
            85.2,
            158.8
        ],
        [
            94.5,
            113.0,
            183.5
        ],
        [
            48.49431818181818,
            70.48295454545455,
            145.3806818181818
        ],
        [
            51.75,
            73.47916666666667,
            148.5625
        ],
        [
            50.104838709677416,
            71.8225806451613,
            146.76612903225808
        ],
        [
            49.33613445378151,
            69.42857142857143,
            145.1344537815126
        ],
        [
            46.421052631578945,
            67.44736842105263,
            140.7280701754386
        ],
        [
            45.36974789915966,
            65.90756302521008,
            141.11764705882354
        ],
        [
            75.0,
            96.0,
            168.0
        ]
    ],
    "hex_colors": [
        "#2f448f",
        "#40559e",
        "#5e71b7",
        "#304691",
        "#334994",
        "#324792",
        "#314591",
        "#2e438c",
        "#2d418d",
        "#4b60a8"
    ],
    "hsl_color_values": [
        [
            0.6307357594936708,
            0.6698611080442511,
            143.3132911392405
        ],
        [
            0.6302193913658881,
            0.593198992443325,
            158.8
        ],
        [
            0.6320224719101124,
            0.48501362397820164,
            183.5
        ],
        [
            0.6288411916490735,
            0.6664321725876421,
            145.3806818181818
        ],
        [
            0.6292590201563732,
            0.6516617585191418,
            148.5625
        ],
        [
            0.6292202013460148,
            0.6586076158030661,
            146.76612903225808
        ],
        [
            0.6317105263157895,
            0.6600660066006601,
            145.1344537815126
        ],
        [
            0.6295073326512263,
            0.6701365081343889,
            140.7280701754386
        ],
        [
            0.6309168568252296,
            0.6784969927946168,
            141.11764705882354
        ],
        [
            0.6290322580645161,
            0.5535714285714286,
            168.0
        ]
    ]
}