{
    "rgb_colors": [
        [
            45.787234042553195,
            78.65957446808511,
            159.73758865248226
        ],
        [
            48.66942148760331,
            81.1900826446281,
            162.4297520661157
        ],
        [
            43.45,
            74.55,
            154.625
        ],
        [
            46.10655737704918,
            77.07377049180327,
            156.99180327868854
        ],
        [
            48.298850574712645,
            79.28735632183908,
            159.27586206896552
        ],
        [
            44.3,
            76.65,
            157.86666666666667
        ],
        [
            50.6,
            83.16666666666667,
            164.8
        ],
        [
            46.853932584269664,
            77.81460674157303,
            158.6685393258427
        ],
        [
            45.0,
            75.89473684210526,
            156.01052631578946
        ],
        [
            47.32,
            79.82666666666667,
            161.06
        ]
    ],
    "hex_colors": [
        "#2d4e9f",
        "#3051a2",
        "#2b4a9a",
        "#2e4d9c",
        "#304f9f",
        "#2c4c9d",
        "#3253a4",
        "#2e4d9e",
        "#2d4b9c",
        "#2f4fa1"
    ],
    "hsl_color_values": [
        [
            0.6185867513122134,
            0.7133596767748523,
            159.73758865248226
        ],
        [
            0.6190216733260686,
            0.7003663376411926,
            162.4297520661157
        ],
        [
            0.6200434750018738,
            0.7189975747776879,
            154.625
        ],
        [
            0.6201212300413955,
            0.7063123270505927,
            156.99180327868854
        ],
        [
            0.6201277403763162,
            0.6967597604099012,
            159.27586206896552
        ],
        [
            0.6191908815184424,
            0.7193834459459459,
            157.86666666666667
        ],
        [
            0.6191379645845495,
            0.6929611650485438,
            164.8
        ],
        [
            0.6205178448810061,
            0.7047055907658534,
            158.6685393258427
        ],
        [
            0.6202825715911247,
            0.7115579245664935,
            156.01052631578946
        ],
        [
            0.619033663521091,
            0.7061964485284987,
            161.06
        ]
    ]
}