{
    "rgb_colors": [
        [
            32.188679245283026,
            40.62264150943396,
            84.81132075471699
        ],
        [
            235.3848797250859,
            226.893470790378,
            189.786941580756
        ],
        [
            0.0,
            0.0,
            7.529411764705884
        ],
        [
            108.375,
            109.25,
            115.125
        ],
        [
            40.615094339622644,
            64.83584905660376,
            158.19056603773586
        ],
        [
            171.55555555555554,
            171.55555555555554,
            165.11111111111111
        ],
        [
            30.625,
            47.825,
            125.1
        ],
        [
            252.23684210526315,
            252.02631578947367,
            230.10526315789474
        ],
        [
            1.5333333333333314,
            6.400000000000006,
            56.266666666666666
        ],
        [
            240.69565217391303,
            237.65217391304347,
            208.0
        ]
    ],
    "hex_colors": [
        "#202854",
        "#ebe2bd",
        "#000007",
        "#6c6d73",
        "#28409e",
        "#ababa5",
        "#1e2f7d",
        "#fcfce6",
        "#010638",
        "#f0edd0"
    ],
    "hsl_color_values": [
        [
            0.6399545834827297,
            0.6204671857619577,
            84.81132075471699
        ],
        [
            0.13562941191247765,
            0.193716513131962,
            235.3848797250859
        ],
        [
            0.6666666666666666,
            1.0,
            7.529411764705884
        ],
        [
            0.6450617283950617,
            0.05863192182410423,
            115.125
        ],
        [
            0.6323330391291556,
            0.743252108157107,
            158.19056603773586
        ],
        [
            0.16666666666666666,
            0.03756476683937815,
            171.55555555555554
        ],
        [
            0.6363235423833465,
            0.7551958433253397,
            125.1
        ],
        [
            0.16508125247720962,
            0.08774126238914967,
            252.23684210526315
        ],
        [
            0.6518473406414941,
            0.9727488151658769,
            56.266666666666666
        ],
        [
            0.15115248226950354,
            0.1358381502890173,
            240.69565217391303
        ]
    ]
}