{
    "rgb_colors": [
        [
            71.0,
            82.0,
            118.0
        ],
        [
            67.73006134969324,
            79.02453987730061,
            114.14110429447852
        ],
        [
            64.55,
            75.95,
            110.75
        ],
        [
            69.58865248226951,
            81.58865248226951,
            114.58865248226951
        ],
        [
            70.0,
            81.0,
            117.0
        ],
        [
            66.43956043956044,
            78.1098901098901,
            112.0989010989011
        ],
        [
            69.0,
            80.0,
            116.0
        ],
        [
            73.9186046511628,
            85.63953488372093,
            119.47674418604652
        ],
        [
            72.36283185840708,
            83.36283185840708,
            119.36283185840708
        ],
        [
            71.475,
            83.475,
            116.475
        ]
    ],
    "hex_colors": [
        "#475276",
        "#434f72",
        "#404b6e",
        "#455172",
        "#465175",
        "#424e70",
        "#455074",
        "#495577",
        "#485377",
        "#475374"
    ],
    "hsl_color_values": [
        [
            0.6276595744680851,
            0.3983050847457627,
            118.0
        ],
        [
            0.6261070720423,
            0.4066111260413868,
            114.14110429447852
        ],
        [
            0.6255411255411255,
            0.417155756207675,
            110.75
        ],
        [
            0.6222222222222222,
            0.39270904252026984,
            114.58865248226951
        ],
        [
            0.6276595744680851,
            0.4017094017094017,
            117.0
        ],
        [
            0.6240673886883273,
            0.4073130085285756,
            112.0989010989011
        ],
        [
            0.6276595744680851,
            0.4051724137931034,
            116.0
        ],
        [
            0.6237876467585504,
            0.38131386861313865,
            119.47674418604652
        ],
        [
            0.6276595744680851,
            0.39375741399762754,
            119.36283185840708
        ],
        [
            0.6222222222222222,
            0.38634900193174504,
            116.475
        ]
    ]
}