{
    "rgb_colors": [
        [
            30.972972972972972,
            56.027027027027025,
            123.97297297297297
        ],
        [
            54.0,
            80.0,
            148.0
        ],
        [
            29.0,
            55.99438202247191,
            125.00561797752809
        ],
        [
            30.136363636363637,
            56.86363636363637,
            124.97727272727273
        ],
        [
            29.993939393939392,
            56.987878787878785,
            126.01212121212122
        ],
        [
            37.25,
            62.75,
            130.0
        ],
        [
            31.754716981132077,
            57.4622641509434,
            125.77358490566037
        ],
        [
            29.0,
            55.97076023391813,
            123.98245614035088
        ],
        [
            27.88888888888889,
            54.824074074074076,
            123.33333333333333
        ],
        [
            29.77777777777778,
            54.907407407407405,
            122.9074074074074
        ]
    ],
    "hex_colors": [
        "#1e387b",
        "#365094",
        "#1d377d",
        "#1e387c",
        "#1d387e",
        "#253e82",
        "#1f397d",
        "#1d377b",
        "#1b367b",
        "#1d367a"
    ],
    "hsl_color_values": [
        [
            0.6217669282185412,
            0.7501635055591891,
            123.97297297297297
        ],
        [
            0.6205673758865249,
            0.6351351351351351,
            148.0
        ],
        [
            0.6198041625217,
            0.7680104264976855,
            125.00561797752809
        ],
        [
            0.6196980589503954,
            0.7588652482269503,
            124.97727272727273
        ],
        [
            0.6198110627196027,
            0.7619757599076569,
            126.01212121212122
        ],
        [
            0.6208445642407906,
            0.7134615384615385,
            130.0
        ],
        [
            0.6210950565255201,
            0.7475247524752475,
            125.77358490566037
        ],
        [
            0.619340803677708,
            0.766095938870808,
            123.98245614035088
        ],
        [
            0.619632001034795,
            0.7738738738738739,
            123.33333333333333
        ],
        [
            0.6216941737920063,
            0.7577218622871779,
            122.9074074074074
        ]
    ]
}