{
    "rgb_colors": [
        [
            42.06164383561644,
            71.0,
            139.0
        ],
        [
            41.06956521739131,
            69.99130434782609,
            136.9608695652174
        ],
        [
            40.085470085470085,
            68.99145299145299,
            136.25641025641025
        ],
        [
            42.06349206349206,
            70.94047619047619,
            137.91666666666666
        ],
        [
            45.0,
            73.88888888888889,
            141.22222222222223
        ],
        [
            44.0,
            72.9,
            140.26666666666668
        ],
        [
            43.01459854014598,
            72.0,
            139.28467153284672
        ],
        [
            51.0,
            80.0,
            147.0
        ],
        [
            41.0,
            70.0,
            138.0
        ],
        [
            38.888888888888886,
            67.77777777777777,
            135.11111111111111
        ]
    ],
    "hex_colors": [
        "#2a478b",
        "#294588",
        "#284488",
        "#2a4689",
        "#2d498d",
        "#2c488c",
        "#2b488b",
        "#335093",
        "#29468a",
        "#264387"
    ],
    "hsl_color_values": [
        [
            0.6169127864528132,
            0.6973982457869321,
            139.0
        ],
        [
            0.6163983979445327,
            0.7001365036030602,
            136.9608695652174
        ],
        [
            0.6165718687048228,
            0.7058085560155564,
            136.25641025641025
        ],
        [
            0.6164562202442557,
            0.6950079125305711,
            137.91666666666666
        ],
        [
            0.6166281755196305,
            0.6813532651455547,
            141.22222222222223
        ],
        [
            0.6166320406278855,
            0.6863117870722434,
            140.26666666666668
        ],
        [
            0.6164859605226578,
            0.6911749292526989,
            139.28467153284672
        ],
        [
            0.6163194444444445,
            0.6530612244897959,
            147.0
        ],
        [
            0.6168384879725086,
            0.7028985507246377,
            138.0
        ],
        [
            0.6166281755196305,
            0.712171052631579,
            135.11111111111111
        ]
    ]
}