{
    "rgb_colors": [
        [
            90.0,
            120.25,
            111.75
        ],
        [
            177.6875,
            240.625,
            154.875
        ],
        [
            0.3571428571428612,
            1.3928571428571388,
            77.42857142857143
        ],
        [
            126.9,
            166.0,
            131.6
        ],
        [
            141.8181818181818,
            217.1818181818182,
            103.0909090909091
        ],
        [
            2.0,
            36.19999999999999,
            102.6
        ],
        [
            113.95180722891567,
            193.2449799196787,
            77.96184738955823
        ],
        [
            25.295774647887328,
            58.45070422535211,
            117.1549295774648
        ],
        [
            118.4304932735426,
            197.50224215246638,
            78.37219730941705
        ],
        [
            124.78787878787878,
            204.41666666666666,
            77.90151515151516
        ]
    ],
    "hex_colors": [
        "#5a786f",
        "#b1f09a",
        "#00014d",
        "#7ea683",
        "#8dd967",
        "#022466",
        "#71c14d",
        "#193a75",
        "#76c54e",
        "#7ccc4d"
    ],
    "hsl_color_values": [
        [
            0.453168044077135,
            0.2515592515592516,
            120.25
        ],
        [
            0.2889941690962099,
            0.3563636363636364,
            240.625
        ],
        [
            0.6644269385233241,
            0.9953874538745386,
            77.42857142857143
        ],
        [
            0.3533674339300938,
            0.23554216867469877,
            166.0
        ],
        [
            0.2767596281540505,
            0.5253244035161155,
            217.1818181818182
        ],
        [
            0.6100066269052352,
            0.9805068226120858,
            102.6
        ],
        [
            0.2813020733541191,
            0.5965646951244856,
            193.2449799196787
        ],
        [
            0.6065112951037515,
            0.7840827121904304,
            117.1549295774648
        ],
        [
            0.27729052171949115,
            0.6031832527302863,
            197.50224215246638
        ],
        [
            0.27156686626746507,
            0.6189082014601786,
            204.41666666666666
        ]
    ]
}