{
    "rgb_colors": [
        [
            197.83333333333331,
            245.16666666666666,
            172.66666666666666
        ],
        [
            30.237691001697794,
            58.42784380305603,
            147.11035653650254
        ],
        [
            130.16666666666666,
            163.08333333333331,
            164.83333333333334
        ],
        [
            193.85714285714286,
            219.0,
            202.28571428571428
        ],
        [
            133.98076923076923,
            197.46794871794873,
            115.88461538461539
        ],
        [
            173.30769230769232,
            227.42307692307693,
            170.1153846153846
        ],
        [
            106.1875,
            137.0,
            141.25
        ],
        [
            0.0,
            0.0,
            114.80555555555556
        ],
        [
            26.611428571428572,
            54.93142857142857,
            138.45142857142858
        ],
        [
            222.0,
            255.0,
            214.0
        ]
    ],
    "hex_colors": [
        "#c5f5ac",
        "#1e3a93",
        "#82a3a4",
        "#c1dbca",
        "#85c573",
        "#ade3aa",
        "#6a898d",
        "#000072",
        "#1a368a",
        "#deffd6"
    ],
    "hsl_color_values": [
        [
            0.27547892720306516,
            0.29571719918422845,
            245.16666666666666
        ],
        [
            0.6264660023049284,
            0.7944557289262302,
            147.11035653650254
        ],
        [
            0.5084134615384617,
            0.2103134479271993,
            164.83333333333334
        ],
        [
            0.3892045454545454,
            0.11480756686236136,
            219.0
        ],
        [
            0.2963646840051335,
            0.4131472163609804,
            197.46794871794873
        ],
        [
            0.3240492170022371,
            0.25198714696431596,
            227.42307692307693
        ],
        [
            0.5202020202020202,
            0.2482300884955752,
            141.25
        ],
        [
            0.6666666666666666,
            1.0,
            114.80555555555556
        ],
        [
            0.6244635193133048,
            0.8077923149944282,
            138.45142857142858
        ],
        [
            0.30081300813008127,
            0.1607843137254902,
            255.0
        ]
    ]
}