{
    "rgb_colors": [
        [
            43.16326530612245,
            72.16326530612245,
            139.6326530612245
        ],
        [
            40.069651741293534,
            72.0,
            138.77114427860695
        ],
        [
            39.108695652173914,
            71.01304347826087,
            137.79565217391306
        ],
        [
            39.81428571428572,
            68.98571428571428,
            136.52857142857144
        ],
        [
            41.17910447761194,
            73.14925373134328,
            139.98507462686567
        ],
        [
            62.0,
            91.0,
            158.0
        ],
        [
            42.03521126760563,
            71.01408450704226,
            138.6056338028169
        ],
        [
            38.0,
            69.8395061728395,
            136.6172839506173
        ],
        [
            51.0,
            80.0,
            147.5
        ],
        [
            40.983333333333334,
            70.00555555555556,
            137.5888888888889
        ]
    ],
    "hex_colors": [
        "#2b488b",
        "#28488a",
        "#274789",
        "#274488",
        "#29498b",
        "#3e5b9e",
        "#2a478a",
        "#264588",
        "#335093",
        "#284689"
    ],
    "hsl_color_values": [
        [
            0.616564417177914,
            0.6908798596901491,
            139.6326530612245
        ],
        [
            0.6127492985197507,
            0.7112537195712185,
            138.77114427860695
        ],
        [
            0.6127852674244427,
            0.716183384343546,
            137.79565217391306
        ],
        [
            0.6163958641063516,
            0.7083812912001675,
            136.52857142857144
        ],
        [
            0.6127391742195368,
            0.7058321782706045,
            139.98507462686567
        ],
        [
            0.6163194444444445,
            0.6075949367088608,
            158.0
        ],
        [
            0.6166532973577383,
            0.696727974799309,
            138.6056338028169
        ],
        [
            0.6128567851777666,
            0.7218507138984276,
            136.6172839506173
        ],
        [
            0.616580310880829,
            0.6542372881355932,
            147.5
        ],
        [
            0.6165966990626258,
            0.7021319550997335,
            137.5888888888889
        ]
    ]
}