{
    "rgb_colors": [
        [
            66.0,
            74.20689655172414,
            101.79310344827586
        ],
        [
            60.0,
            68.08771929824562,
            95.91228070175438
        ],
        [
            67.0,
            75.15126050420169,
            102.84873949579831
        ],
        [
            61.0,
            69.14516129032258,
            96.85483870967742
        ],
        [
            58.666666666666664,
            66.87878787878788,
            94.45454545454545
        ],
        [
            63.0,
            71.18115942028986,
            98.81884057971014
        ],
        [
            65.0,
            73.21686746987952,
            100.78313253012048
        ],
        [
            64.0,
            72.2394366197183,
            99.7605633802817
        ],
        [
            62.0,
            70.19626168224299,
            97.80373831775701
        ],
        [
            68.70238095238095,
            76.85714285714286,
            104.54761904761905
        ]
    ],
    "hex_colors": [
        "#424a65",
        "#3c445f",
        "#434b66",
        "#3d4560",
        "#3a425e",
        "#3f4762",
        "#414964",
        "#404863",
        "#3e4661",
        "#444c68"
    ],
    "hsl_color_values": [
        [
            0.6284521515735388,
            0.3516260162601626,
            101.79310344827586
        ],
        [
            0.6291320631818923,
            0.37442838851289556,
            95.91228070175438
        ],
        [
            0.6287701203313018,
            0.34855788871639837,
            102.84873949579831
        ],
        [
            0.6288049182786025,
            0.3701915070774355,
            96.85483870967742
        ],
        [
            0.6284222410386677,
            0.3788899582932307,
            94.45454545454545
        ],
        [
            0.6285993661069526,
            0.36246975141160076,
            98.81884057971014
        ],
        [
            0.6283950617283951,
            0.35505080693365215,
            100.78313253012048
        ],
        [
            0.6282657214126296,
            0.3584639277142454,
            99.7605633802817
        ],
        [
            0.628513007917863,
            0.36607740086000956,
            97.80373831775701
        ],
        [
            0.6287501383814901,
            0.34286039626508774,
            104.54761904761905
        ]
    ]
}