{
    "rgb_colors": [
        [
            32.064935064935064,
            63.032467532467535,
            142.92857142857142
        ],
        [
            38.52173913043478,
            69.52173913043478,
            149.43478260869566
        ],
        [
            35.05223880597015,
            65.92537313432835,
            145.93283582089552
        ],
        [
            31.130434782608695,
            61.95652173913044,
            141.8840579710145
        ],
        [
            33.09621993127148,
            63.99312714776632,
            143.8556701030928
        ],
        [
            36.044117647058826,
            66.86764705882354,
            146.75
        ],
        [
            29.529411764705884,
            60.588235294117645,
            140.64705882352942
        ],
        [
            55.0,
            85.0,
            164.5
        ],
        [
            34.10931174089069,
            64.94331983805668,
            144.8825910931174
        ],
        [
            37.421052631578945,
            68.0,
            147.94736842105263
        ]
    ],
    "hex_colors": [
        "#203f8e",
        "#264595",
        "#234191",
        "#1f3d8d",
        "#213f8f",
        "#244292",
        "#1d3c8c",
        "#3755a4",
        "#224090",
        "#254493"
    ],
    "hsl_color_values": [
        [
            0.6201116773072494,
            0.7756576257325882,
            142.92857142857142
        ],
        [
            0.6200836273356853,
            0.7422170497526913,
            149.43478260869566
        ],
        [
            0.6202606900883924,
            0.7598056762976221,
            145.93283582089552
        ],
        [
            0.6202782866614324,
            0.7805924412665987,
            141.8840579710145
        ],
        [
            0.6201741594531146,
            0.7699345468443936,
            143.8556701030928
        ],
        [
            0.620262132483174,
            0.7543842068343521,
            146.75
        ],
        [
            0.6200811716957827,
            0.7900460058552907,
            140.64705882352942
        ],
        [
            0.6210045662100456,
            0.6656534954407295,
            164.5
        ],
        [
            0.6202746000998989,
            0.764572737942212,
            144.8825910931174
        ],
        [
            0.6205555555555556,
            0.7470651013874067,
            147.94736842105263
        ]
    ]
}