{
    "rgb_colors": [
        [
            58.03846153846154,
            90.0,
            176.87912087912088
        ],
        [
            59.058479532163744,
            91.0,
            177.90058479532163
        ],
        [
            56.80225988700565,
            88.68926553672317,
            175.67796610169492
        ],
        [
            56.76190476190476,
            87.76190476190476,
            177.66666666666666
        ],
        [
            54.86363636363636,
            86.68181818181819,
            173.9318181818182
        ],
        [
            59.535714285714285,
            90.51190476190476,
            180.35714285714286
        ],
        [
            60.06748466257669,
            92.03680981595092,
            178.88957055214723
        ],
        [
            61.30841121495327,
            93.05607476635514,
            180.65420560747663
        ],
        [
            63.31818181818182,
            94.5909090909091,
            183.36363636363637
        ],
        [
            58.20754716981132,
            89.16981132075472,
            178.83018867924528
        ]
    ],
    "hex_colors": [
        "#3a5ab0",
        "#3b5bb1",
        "#3858af",
        "#3857b1",
        "#3656ad",
        "#3b5ab4",
        "#3c5cb2",
        "#3d5db4",
        "#3f5eb7",
        "#3a59b2"
    ],
    "hsl_color_values": [
        [
            0.6218425878835515,
            0.671875,
            176.87912087912088
        ],
        [
            0.6218712069022078,
            0.668025377206535,
            177.90058479532163
        ],
        [
            0.6219602997322687,
            0.6766682746422255,
            175.67796610169492
        ],
        [
            0.6239333070762768,
            0.6805146073438756,
            177.66666666666666
        ],
        [
            0.622128905007317,
            0.6845681432118124,
            173.9318181818182
        ],
        [
            0.6239366768482938,
            0.6699009900990099,
            180.35714285714286
        ],
        [
            0.6218246592317224,
            0.6642203093384547,
            178.88957055214723
        ],
        [
            0.6223309840772644,
            0.660631143300569,
            180.65420560747663
        ],
        [
            0.6232487694055283,
            0.6546851760039664,
            183.36363636363637
        ],
        [
            0.6238854997653683,
            0.6745093901667019,
            178.83018867924528
        ]
    ]
}