{
    "rgb_colors": [
        [
            74.0,
            87.0,
            123.0
        ],
        [
            67.0,
            80.0,
            116.0
        ],
        [
            69.0,
            82.0,
            118.0
        ],
        [
            75.2,
            88.2,
            124.2
        ],
        [
            68.0,
            81.0,
            117.0
        ],
        [
            71.0,
            84.0,
            120.0
        ],
        [
            70.0,
            83.0,
            119.0
        ],
        [
            72.32539682539682,
            85.32539682539682,
            121.32539682539682
        ],
        [
            63.48,
            76.48,
            112.48
        ],
        [
            65.64566929133858,
            78.64566929133858,
            114.64566929133858
        ]
    ],
    "hex_colors": [
        "#4a577b",
        "#435074",
        "#455276",
        "#4b587c",
        "#445175",
        "#475478",
        "#465377",
        "#485579",
        "#3f4c70",
        "#414e72"
    ],
    "hsl_color_values": [
        [
            0.6224489795918368,
            0.3983739837398374,
            123.0
        ],
        [
            0.6224489795918368,
            0.4224137931034483,
            116.0
        ],
        [
            0.6224489795918368,
            0.4152542372881356,
            118.0
        ],
        [
            0.6224489795918368,
            0.394524959742351,
            124.2
        ],
        [
            0.6224489795918368,
            0.4188034188034188,
            117.0
        ],
        [
            0.6224489795918368,
            0.4083333333333333,
            120.0
        ],
        [
            0.6224489795918368,
            0.4117647058823529,
            119.0
        ],
        [
            0.6224489795918368,
            0.40387257146595146,
            121.32539682539682
        ],
        [
            0.6224489795918368,
            0.43563300142247513,
            112.48
        ],
        [
            0.6224489795918368,
            0.4274038461538462,
            114.64566929133858
        ]
    ]
}