{
    "rgb_colors": [
        [
            50.0,
            68.0,
            140.10852713178295
        ],
        [
            51.02985074626866,
            69.0,
            141.07462686567163
        ],
        [
            51.25954198473283,
            69.29007633587786,
            143.27480916030535
        ],
        [
            52.19444444444444,
            70.16666666666667,
            142.22222222222223
        ],
        [
            49.99346405228758,
            68.00653594771242,
            142.0
        ],
        [
            53.368421052631575,
            71.21052631578948,
            145.0
        ],
        [
            47.44827586206897,
            65.37931034482759,
            138.22413793103448
        ],
        [
            49.0,
            66.97826086956522,
            138.94565217391303
        ],
        [
            48.00917431192661,
            66.0,
            139.93577981651376
        ],
        [
            48.982608695652175,
            67.01304347826087,
            140.90434782608696
        ]
    ],
    "hex_colors": [
        "#32448c",
        "#33458d",
        "#33458f",
        "#34468e",
        "#31448e",
        "#354791",
        "#2f418a",
        "#31428a",
        "#30428b",
        "#30438c"
    ],
    "hsl_color_values": [
        [
            0.6333734801559991,
            0.6431337833351776,
            140.10852713178295
        ],
        [
            0.6334051605061054,
            0.6382776132035547,
            141.07462686567163
        ],
        [
            0.6340080747746253,
            0.6422292077361607,
            143.27480916030535
        ],
        [
            0.6333950426822996,
            0.6330078125,
            142.22222222222223
        ],
        [
            0.634036608178826,
            0.6479333517444537,
            142.0
        ],
        [
            0.6342140532261152,
            0.6319419237749546,
            145.0
        ],
        [
            0.6337448559670782,
            0.6567294499189222,
            138.22413793103448
        ],
        [
            0.6333534743202417,
            0.6473441289212235,
            138.94565217391303
        ],
        [
            0.6340485695276113,
            0.6569199501737363,
            139.93577981651376
        ],
        [
            0.6339750260145681,
            0.6523697852382128,
            140.90434782608696
        ]
    ]
}