{
    "rgb_colors": [
        [
            21.183333333333334,
            47.93333333333333,
            114.98333333333333
        ],
        [
            20.121323529411764,
            46.99632352941177,
            115.0
        ],
        [
            20.045045045045047,
            46.96396396396396,
            113.74774774774775
        ],
        [
            18.02777777777778,
            44.875,
            112.80555555555556
        ],
        [
            21.416666666666668,
            49.041666666666664,
            113.95833333333333
        ],
        [
            21.0752688172043,
            48.0,
            116.0
        ],
        [
            19.0,
            46.0,
            114.0
        ],
        [
            23.384615384615383,
            49.76923076923077,
            117.53846153846153
        ],
        [
            19.128205128205128,
            46.07692307692308,
            112.87179487179488
        ],
        [
            22.2,
            48.88,
            116.69333333333333
        ]
    ],
    "hex_colors": [
        "#152f72",
        "#142e73",
        "#142e71",
        "#122c70",
        "#153171",
        "#153074",
        "#132e72",
        "#173175",
        "#132e70",
        "#163074"
    ],
    "hsl_color_values": [
        [
            0.6191364605543711,
            0.8157704015074648,
            114.98333333333333
        ],
        [
            0.6194572532000362,
            0.8250319693094629,
            115.0
        ],
        [
            0.6187866551293144,
            0.8237763345477587,
            113.74774774774775
        ],
        [
            0.6194558421258304,
            0.8401871460231469,
            112.80555555555556
        ],
        [
            0.6169143028665767,
            0.8120658135283363,
            113.95833333333333
        ],
        [
            0.6193928409605799,
            0.8183166481275491,
            116.0
        ],
        [
            0.6192982456140351,
            0.8333333333333334,
            114.0
        ],
        [
            0.6199618736383442,
            0.8010471204188482,
            117.53846153846153
        ],
        [
            0.6187545587162654,
            0.8305315765561109,
            112.87179487179488
        ],
        [
            0.6196086731574244,
            0.8097577696526508,
            116.69333333333333
        ]
    ]
}