{
    "rgb_colors": [
        [
            30.061290322580646,
            52.987096774193546,
            119.95483870967742
        ],
        [
            32.0,
            55.92307692307692,
            119.84615384615384
        ],
        [
            30.0625,
            53.975,
            117.9875
        ],
        [
            31.016666666666666,
            55.0,
            118.89166666666667
        ],
        [
            32.0,
            54.979166666666664,
            121.91666666666667
        ],
        [
            29.0,
            53.0,
            118.0
        ],
        [
            29.170212765957448,
            52.0,
            118.97872340425532
        ],
        [
            31.04029304029304,
            53.989010989010985,
            121.0
        ],
        [
            30.863636363636363,
            54.0,
            120.0
        ],
        [
            29.11111111111111,
            53.0,
            116.96296296296296
        ]
    ],
    "hex_colors": [
        "#1e3477",
        "#203777",
        "#1e3575",
        "#1f3776",
        "#203679",
        "#1d3576",
        "#1d3476",
        "#1f3579",
        "#1e3678",
        "#1d3574"
    ],
    "hsl_color_values": [
        [
            0.624161194244088,
            0.7493949335771527,
            119.95483870967742
        ],
        [
            0.6212784588441331,
            0.7329910141206675,
            119.84615384615384
        ],
        [
            0.6213392095535969,
            0.7452060599639793,
            117.9875
        ],
        [
            0.6211790738106527,
            0.7391182449008201,
            118.89166666666667
        ],
        [
            0.6240732159406859,
            0.7375256322624744,
            121.91666666666667
        ],
        [
            0.6217228464419476,
            0.7542372881355932,
            118.0
        ],
        [
            0.6242991392245124,
            0.7548283261802575,
            118.97872340425532
        ],
        [
            0.6241500061077406,
            0.7434686525595616,
            121.0
        ],
        [
            0.6234064252932177,
            0.7428030303030303,
            120.0
        ],
        [
            0.6213462619449128,
            0.7511082963901203,
            116.96296296296296
        ]
    ]
}