{
    "rgb_colors": [
        [
            89.53012048192771,
            92.26506024096386,
            120.79518072289157
        ],
        [
            87.0,
            89.7094017094017,
            118.2905982905983
        ],
        [
            84.0,
            86.77083333333333,
            115.22916666666667
        ],
        [
            79.5,
            82.11764705882354,
            110.88235294117646
        ],
        [
            86.0,
            88.80254777070064,
            117.19745222929936
        ],
        [
            83.0,
            85.7719298245614,
            114.2280701754386
        ],
        [
            82.0,
            84.78947368421052,
            113.21052631578948
        ],
        [
            88.0,
            90.74074074074073,
            119.25925925925925
        ],
        [
            85.0,
            87.72727272727273,
            116.27272727272727
        ],
        [
            81.0,
            83.70833333333333,
            112.29166666666667
        ]
    ],
    "hex_colors": [
        "#595c78",
        "#575976",
        "#545673",
        "#4f526e",
        "#565875",
        "#535572",
        "#525471",
        "#585a77",
        "#555774",
        "#515370"
    ],
    "hsl_color_values": [
        [
            0.6520873474630701,
            0.2588270496708558,
            120.79518072289157
        ],
        [
            0.6522352726941637,
            0.2645231213872833,
            118.2905982905983
        ],
        [
            0.6518790304647544,
            0.2710178991140843,
            115.22916666666667
        ],
        [
            0.6527647610121837,
            0.28302387267904505,
            110.88235294117646
        ],
        [
            0.6516945692119233,
            0.266195652173913,
            117.19745222929936
        ],
        [
            0.6518726591760301,
            0.2733835048379666,
            114.2280701754386
        ],
        [
            0.6517706576728499,
            0.2756857275685728,
            113.21052631578948
        ],
        [
            0.6520537124802529,
            0.262111801242236,
            119.25925925925925
        ],
        [
            0.6521317829457364,
            0.26896012509773254,
            116.27272727272727
        ],
        [
            0.6522414558366623,
            0.27866419294990724,
            112.29166666666667
        ]
    ]
}