{
    "rgb_colors": [
        [
            130.97435897435898,
            207.94358974358974,
            79.0923076923077
        ],
        [
            131.99358974358975,
            208.94230769230768,
            80.05128205128206
        ],
        [
            128.90225563909775,
            205.98496240601503,
            77.06015037593986
        ],
        [
            135.9111111111111,
            212.93333333333334,
            83.97777777777777
        ],
        [
            132.98901098901098,
            209.94505494505495,
            81.01098901098901
        ],
        [
            127.5,
            204.484375,
            75.5546875
        ],
        [
            129.97222222222223,
            207.01666666666668,
            78.07777777777778
        ],
        [
            131.08823529411765,
            211.02941176470588,
            79.20588235294117
        ],
        [
            134.0,
            210.9512195121951,
            82.07317073170732
        ],
        [
            133.0,
            212.76190476190476,
            81.0952380952381
        ]
    ],
    "hex_colors": [
        "#82cf4f",
        "#83d050",
        "#80cd4d",
        "#87d453",
        "#84d151",
        "#7fcc4b",
        "#81cf4e",
        "#83d34f",
        "#86d252",
        "#85d451"
    ],
    "hsl_color_values": [
        [
            0.2662248932049139,
            0.6196453673333499,
            207.94358974358974
        ],
        [
            0.26616766963412414,
            0.6168737536431969,
            208.94230769230768
        ],
        [
            0.26631480725491335,
            0.6258942911373923,
            205.98496240601503
        ],
        [
            0.26621287839623187,
            0.6056146942183261,
            212.93333333333334
        ],
        [
            0.2661439245433109,
            0.6141324260664747,
            209.94505494505495
        ],
        [
            0.2661839261548405,
            0.630511194314969,
            204.484375
        ],
        [
            0.26625447024861043,
            0.6228430346456271,
            207.01666666666668
        ],
        [
            0.2677376171352075,
            0.6246689895470383,
            211.02941176470588
        ],
        [
            0.2661809235427706,
            0.6109376806567234,
            210.9512195121951
        ],
        [
            0.267631103074141,
            0.6188451208594449,
            212.76190476190476
        ]
    ]
}