{
    "rgb_colors": [
        [
            38.46551724137931,
            76.4088669950739,
            162.79310344827587
        ],
        [
            89.0,
            123.5,
            201.25
        ],
        [
            45.84722222222222,
            83.13888888888889,
            168.48611111111111
        ],
        [
            122.4,
            152.8,
            209.6
        ],
        [
            34.255102040816325,
            72.65306122448979,
            158.23469387755102
        ],
        [
            53.4054054054054,
            89.54054054054055,
            173.48648648648648
        ],
        [
            41.22188449848024,
            78.95744680851064,
            165.51367781155014
        ],
        [
            78.28571428571428,
            111.0,
            188.0
        ],
        [
            63.8,
            99.03333333333333,
            181.2
        ],
        [
            20.379310344827587,
            62.06896551724138,
            149.48275862068965
        ]
    ],
    "hex_colors": [
        "#264ca2",
        "#597bc9",
        "#2d53a8",
        "#7a98d1",
        "#22489e",
        "#3559ad",
        "#294ea5",
        "#4e6fbc",
        "#3f63b5",
        "#143e95"
    ],
    "hsl_color_values": [
        [
            0.6158019163843599,
            0.7637153145520018,
            162.79310344827587
        ],
        [
            0.615441722345954,
            0.5577639751552795,
            201.25
        ],
        [
            0.6159871649679124,
            0.7278872310609182,
            168.48611111111111
        ],
        [
            0.6085626911314984,
            0.416030534351145,
            209.6
        ],
        [
            0.6150480109739368,
            0.783517121300058,
            158.23469387755102
        ],
        [
            0.6165128666816715,
            0.6921638884561458,
            173.48648648648648
        ],
        [
            0.6160658971599987,
            0.750945752378154,
            165.51367781155014
        ],
        [
            0.6169704861111112,
            0.5835866261398177,
            188.0
        ],
        [
            0.6166477380276358,
            0.6479028697571744,
            181.2
        ],
        [
            0.6128472222222222,
            0.8636678200692042,
            149.48275862068965
        ]
    ]
}