{
    "rgb_colors": [
        [
            32.080357142857146,
            53.99107142857143,
            118.96428571428571
        ],
        [
            33.99248120300752,
            53.026315789473685,
            118.96616541353383
        ],
        [
            32.90972222222222,
            51.88194444444444,
            117.8125
        ],
        [
            35.004464285714285,
            53.995535714285715,
            119.91964285714286
        ],
        [
            31.010526315789473,
            52.85263157894737,
            117.84210526315789
        ],
        [
            36.75,
            56.125,
            121.875
        ],
        [
            33.916666666666664,
            53.916666666666664,
            117.04166666666667
        ],
        [
            33.21951219512195,
            55.09756097560975,
            120.04878048780488
        ],
        [
            35.11538461538461,
            55.11538461538461,
            118.23076923076923
        ],
        [
            36.0,
            55.0,
            120.88095238095238
        ]
    ],
    "hex_colors": [
        "#203576",
        "#213576",
        "#203375",
        "#233577",
        "#1f3475",
        "#243879",
        "#213575",
        "#213778",
        "#233776",
        "#243778"
    ],
    "hsl_color_values": [
        [
            0.6246360428869934,
            0.7303362353647552,
            118.96428571428571
        ],
        [
            0.6293338642363109,
            0.7142676568178227,
            118.96616541353383
        ],
        [
            0.6294236326953487,
            0.7206601827291482,
            117.8125
        ],
        [
            0.629392075425407,
            0.7081006626461173,
            119.91964285714286
        ],
        [
            0.6247423930173355,
            0.7368468066100937,
            117.84210526315789
        ],
        [
            0.6287322564855605,
            0.6984615384615385,
            121.875
        ],
        [
            0.6265664160401002,
            0.7102171591313634,
            117.04166666666667
        ],
        [
            0.6246722846441948,
            0.7232832182039821,
            120.04878048780488
        ],
        [
            0.6265617769551134,
            0.702992843201041,
            118.23076923076923
        ],
        [
            0.6293595137914915,
            0.7021863305101438,
            120.88095238095238
        ]
    ]
}