{
    "rgb_colors": [
        [
            145.01960784313727,
            150.4313725490196,
            166.09803921568627
        ],
        [
            151.0102564102564,
            156.03589743589743,
            171.22564102564104
        ],
        [
            153.64795918367346,
            158.51530612244898,
            173.33673469387756
        ],
        [
            142.42857142857142,
            147.9047619047619,
            163.76190476190476
        ],
        [
            158.83185840707964,
            163.38053097345133,
            178.13274336283186
        ],
        [
            155.81764705882352,
            160.60588235294117,
            175.41176470588235
        ],
        [
            147.88188976377953,
            153.1259842519685,
            168.56692913385828
        ],
        [
            161.29508196721312,
            165.5737704918033,
            180.11475409836066
        ],
        [
            157.32876712328766,
            162.05479452054794,
            176.8904109589041
        ],
        [
            165.05882352941177,
            169.0,
            183.47058823529412
        ]
    ],
    "hex_colors": [
        "#9196a6",
        "#979cab",
        "#999ead",
        "#8e93a3",
        "#9ea3b2",
        "#9ba0af",
        "#9399a8",
        "#a1a5b4",
        "#9da2b0",
        "#a5a9b7"
    ],
    "hsl_color_values": [
        [
            0.6238759689922481,
            0.1269035532994923,
            166.09803921568627
        ],
        [
            0.6252325384745476,
            0.11806283506544082,
            171.22564102564104
        ],
        [
            0.6254642826293514,
            0.11358686054041334,
            173.33673469387756
        ],
        [
            0.6238839285714285,
            0.13027042744984013,
            163.76190476190476
        ],
        [
            0.6273880482958886,
            0.10835113517810131,
            178.13274336283186
        ],
        [
            0.6259381567096969,
            0.11170355466130114,
            175.41176470588235
        ],
        [
            0.6244131455399061,
            0.12271113602391637,
            168.56692913385828
        ],
        [
            0.6287746806039488,
            0.1044871211431692,
            180.11475409836066
        ],
        [
            0.6264005602240896,
            0.11058623093007054,
            176.8904109589041
        ],
        [
            0.6309904153354632,
            0.10035267714010898,
            183.47058823529412
        ]
    ]
}