{
    "rgb_colors": [
        [
            83.71428571428571,
            94.71428571428571,
            133.71428571428572
        ],
        [
            93.73529411764706,
            104.73529411764706,
            143.73529411764707
        ],
        [
            86.0,
            97.0,
            136.0
        ],
        [
            88.0,
            99.0,
            138.0
        ],
        [
            91.0,
            102.0,
            141.0
        ],
        [
            92.0,
            103.0,
            142.0
        ],
        [
            87.0,
            98.0,
            137.0
        ],
        [
            89.0,
            100.0,
            139.0
        ],
        [
            85.0,
            96.0,
            135.0
        ],
        [
            90.0,
            101.0,
            140.0
        ]
    ],
    "hex_colors": [
        "#535e85",
        "#5d688f",
        "#566188",
        "#58638a",
        "#5b668d",
        "#5c678e",
        "#576289",
        "#59648b",
        "#556087",
        "#5a658c"
    ],
    "hsl_color_values": [
        [
            0.63,
            0.373931623931624,
            133.71428571428572
        ],
        [
            0.63,
            0.34786167382852473,
            143.73529411764707
        ],
        [
            0.63,
            0.36764705882352944,
            136.0
        ],
        [
            0.63,
            0.36231884057971014,
            138.0
        ],
        [
            0.63,
            0.3546099290780142,
            141.0
        ],
        [
            0.63,
            0.352112676056338,
            142.0
        ],
        [
            0.63,
            0.36496350364963503,
            137.0
        ],
        [
            0.63,
            0.3597122302158273,
            139.0
        ],
        [
            0.63,
            0.37037037037037035,
            135.0
        ],
        [
            0.63,
            0.35714285714285715,
            140.0
        ]
    ]
}