{
    "rgb_colors": [
        [
            30.08092485549133,
            65.09248554913295,
            145.90751445086704
        ],
        [
            29.12121212121212,
            64.0,
            144.84242424242424
        ],
        [
            28.155844155844157,
            64.98051948051948,
            144.94805194805195
        ],
        [
            27.215686274509803,
            64.0,
            143.9607843137255
        ],
        [
            26.69811320754717,
            62.24528301886792,
            142.8490566037736
        ],
        [
            31.044444444444444,
            66.0,
            146.87777777777777
        ],
        [
            31.88095238095238,
            67.66666666666667,
            148.11904761904762
        ],
        [
            28.058252427184467,
            63.0,
            143.9126213592233
        ],
        [
            29.0,
            66.0,
            145.875
        ],
        [
            30.217391304347828,
            67.06521739130434,
            147.0
        ]
    ],
    "hex_colors": [
        "#1e4191",
        "#1d4090",
        "#1c4090",
        "#1b408f",
        "#1a3e8e",
        "#1f4292",
        "#1f4394",
        "#1c3f8f",
        "#1d4291",
        "#1e4393"
    ],
    "hsl_color_values": [
        [
            0.6162873872974681,
            0.7938356707075509,
            145.90751445086704
        ],
        [
            0.6164327362871408,
            0.7989455625758399,
            144.84242424242424
        ],
        [
            0.6141165350828423,
            0.8057521727443777,
            144.94805194805195
        ],
        [
            0.614152950397492,
            0.8109506946336148,
            143.9607843137255
        ],
        [
            0.6156595191682911,
            0.813102628450667,
            142.8490566037736
        ],
        [
            0.6163709032773781,
            0.7886375671382101,
            146.87777777777777
        ],
        [
            0.6153557285265601,
            0.7847612923967208,
            148.11904761904762
        ],
        [
            0.6163998994385317,
            0.805032719422519,
            143.9126213592233
        ],
        [
            0.613903743315508,
            0.8011996572407883,
            145.875
        ],
        [
            0.6140791759741872,
            0.7944395149364093,
            147.0
        ]
    ]
}