{
    "rgb_colors": [
        [
            46.05,
            64.55,
            161.9
        ],
        [
            44.98255813953488,
            64.96511627906976,
            161.9825581395349
        ],
        [
            43.05714285714286,
            61.114285714285714,
            159.0857142857143
        ],
        [
            43.17175572519084,
            62.87022900763359,
            159.95419847328245
        ],
        [
            46.292929292929294,
            66.21212121212122,
            163.11111111111111
        ],
        [
            48.333333333333336,
            68.33333333333333,
            165.44444444444446
        ],
        [
            44.023809523809526,
            63.98809523809524,
            160.92460317460316
        ],
        [
            45.0,
            62.91304347826087,
            160.7826086956522
        ],
        [
            41.17777777777778,
            60.62222222222222,
            157.9777777777778
        ],
        [
            42.0,
            62.01020408163265,
            158.98979591836735
        ]
    ],
    "hex_colors": [
        "#2e40a1",
        "#2c40a1",
        "#2b3d9f",
        "#2b3e9f",
        "#2e42a3",
        "#3044a5",
        "#2c3fa0",
        "#2d3ea0",
        "#293c9d",
        "#2a3e9e"
    ],
    "hsl_color_values": [
        [
            0.640051791109193,
            0.7155651636812848,
            161.9
        ],
        [
            0.6382014841317166,
            0.7222999892322601,
            161.9825581395349
        ],
        [
            0.6407288845112041,
            0.7293462643678161,
            159.0857142857143
        ],
        [
            0.6385538887254741,
            0.730099265056791,
            159.95419847328245
        ],
        [
            0.6382475861075082,
            0.7161877631904879,
            163.11111111111111
        ],
        [
            0.6382036685641999,
            0.7078576225654801,
            165.44444444444446
        ],
        [
            0.6382033787071296,
            0.7264320765418095,
            160.92460317460316
        ],
        [
            0.6408812116660408,
            0.7201189832341807,
            160.7826086956522
        ],
        [
            0.6389205986808726,
            0.7393444928963286,
            157.9777777777778
        ],
        [
            0.6381596162232883,
            0.7358321032026186,
            158.98979591836735
        ]
    ]
}