{
    "rgb_colors": [
        [
            47.062893081761004,
            77.80503144654088,
            159.98742138364778
        ],
        [
            59.0,
            88.66666666666667,
            169.33333333333334
        ],
        [
            45.50498338870432,
            76.28571428571429,
            158.50498338870432
        ],
        [
            40.333333333333336,
            71.3623188405797,
            153.34782608695653
        ],
        [
            42.16326530612245,
            73.01020408163265,
            154.8673469387755
        ],
        [
            52.625,
            83.125,
            165.0
        ],
        [
            65.5,
            94.5,
            174.0
        ],
        [
            48.49438202247191,
            79.43820224719101,
            161.43820224719101
        ],
        [
            85.0,
            115.0,
            195.0
        ],
        [
            43.66326530612245,
            74.52380952380952,
            156.54421768707482
        ]
    ],
    "hex_colors": [
        "#2f4d9f",
        "#3b58a9",
        "#2d4c9e",
        "#284799",
        "#2a499a",
        "#3453a5",
        "#415eae",
        "#304fa1",
        "#5573c3",
        "#2b4a9c"
    ],
    "hsl_color_values": [
        [
            0.6212939756799406,
            0.7058337919647771,
            159.98742138364778
        ],
        [
            0.621852970795569,
            0.6515748031496064,
            169.33333333333334
        ],
        [
            0.6212673585589824,
            0.712911339341857,
            158.50498338870432
        ],
        [
            0.6209070701889373,
            0.7369813817219544,
            153.34782608695653
        ],
        [
            0.6210502489814397,
            0.7277459313434803,
            154.8673469387755
        ],
        [
            0.621431219873934,
            0.681060606060606,
            165.0
        ],
        [
            0.6221198156682028,
            0.6235632183908046,
            174.0
        ],
        [
            0.6210041119511871,
            0.6996102449888641,
            161.43820224719101
        ],
        [
            0.6212121212121212,
            0.5641025641025641,
            195.0
        ],
        [
            0.6211016361828428,
            0.7210803059273423,
            156.54421768707482
        ]
    ]
}