{
    "rgb_colors": [
        [
            141.0,
            224.0,
            109.0
        ],
        [
            117.17241379310344,
            200.01149425287358,
            84.17241379310344
        ],
        [
            111.6788990825688,
            194.30275229357798,
            78.54128440366972
        ],
        [
            115.0,
            197.89175257731958,
            82.01546391752578
        ],
        [
            114.13135593220339,
            196.8050847457627,
            81.02966101694915
        ],
        [
            119.63636363636364,
            202.45454545454547,
            86.63636363636364
        ],
        [
            128.0,
            210.0,
            95.33333333333333
        ],
        [
            113.14054054054054,
            195.69189189189188,
            80.02702702702703
        ],
        [
            116.08823529411765,
            198.84117647058824,
            83.05882352941177
        ],
        [
            116.07142857142857,
            196.89285714285714,
            82.17857142857143
        ]
    ],
    "hex_colors": [
        "#8de06d",
        "#75c854",
        "#6fc24e",
        "#73c552",
        "#72c451",
        "#77ca56",
        "#80d25f",
        "#71c350",
        "#74c653",
        "#74c452"
    ],
    "hsl_color_values": [
        [
            0.2869565217391304,
            0.5133928571428571,
            224.0
        ],
        [
            0.28585367467090034,
            0.5791621171197058,
            200.01149425287358
        ],
        [
            0.28562371215723575,
            0.5957788375277397,
            194.30275229357798
        ],
        [
            0.285891162514828,
            0.5855539058633533,
            197.89175257731958
        ],
        [
            0.2856811721504471,
            0.5882745553976662,
            196.8050847457627
        ],
        [
            0.28584510727367873,
            0.5720700493938033,
            202.45454545454547
        ],
        [
            0.2858527131782946,
            0.5460317460317461,
            210.0
        ],
        [
            0.2856185936380347,
            0.5910559898350966,
            195.69189189189188
        ],
        [
            0.2857880743111653,
            0.5822855959530219,
            198.84117647058824
        ],
        [
            0.2840909090909091,
            0.5826228913477235,
            196.89285714285714
        ]
    ]
}