{
    "rgb_colors": [
        [
            23.02777777777778,
            41.0,
            130.97222222222223
        ],
        [
            25.545454545454547,
            43.47272727272727,
            135.1818181818182
        ],
        [
            25.94736842105263,
            41.078947368421055,
            131.89473684210526
        ],
        [
            26.005464480874316,
            44.0,
            133.79781420765028
        ],
        [
            28.085714285714285,
            43.08571428571429,
            134.22857142857143
        ],
        [
            26.7,
            42.1,
            134.8
        ],
        [
            24.997032640949556,
            42.96439169139466,
            132.97626112759644
        ],
        [
            26.9875,
            42.0625,
            132.85
        ],
        [
            24.04830917874396,
            42.00483091787439,
            131.95652173913044
        ],
        [
            27.13953488372093,
            45.116279069767444,
            135.1860465116279
        ]
    ],
    "hex_colors": [
        "#172982",
        "#192b87",
        "#192983",
        "#1a2c85",
        "#1c2b86",
        "#1a2a86",
        "#182a84",
        "#1a2a84",
        "#182a83",
        "#1b2d87"
    ],
    "hsl_color_values": [
        [
            0.6389174815577285,
            0.8241781548250265,
            130.97222222222223
        ],
        [
            0.6394140409065782,
            0.8110289172831203,
            135.1818181818182
        ],
        [
            0.642863056797483,
            0.8032721468475659,
            131.89473684210526
        ],
        [
            0.638843827097908,
            0.8056361037369819,
            133.79781420765028
        ],
        [
            0.6431135038133693,
            0.7907620263942102,
            134.22857142857143
        ],
        [
            0.642923219241443,
            0.8019287833827893,
            134.8
        ],
        [
            0.6389339269193072,
            0.8120188338205432,
            132.97626112759644
        ],
        [
            0.6429330499468651,
            0.7968573579224689,
            132.85
        ],
        [
            0.6389324140812702,
            0.8177558118250046,
            131.95652173913044
        ],
        [
            0.6389367197589323,
            0.7992430758644418,
            135.1860465116279
        ]
    ]
}