{
    "rgb_colors": [
        [
            75.31818181818181,
            87.31818181818181,
            126.31818181818181
        ],
        [
            65.9,
            77.9,
            116.9
        ],
        [
            72.0,
            84.0,
            123.0
        ],
        [
            74.0,
            86.0,
            125.0
        ],
        [
            67.0,
            79.0,
            118.0
        ],
        [
            73.0,
            85.0,
            124.0
        ],
        [
            68.0,
            80.0,
            119.0
        ],
        [
            71.0,
            83.0,
            122.0
        ],
        [
            69.0,
            81.0,
            120.0
        ],
        [
            70.0,
            82.0,
            121.0
        ]
    ],
    "hex_colors": [
        "#4b577e",
        "#414d74",
        "#48547b",
        "#4a567d",
        "#434f76",
        "#49557c",
        "#445077",
        "#47537a",
        "#455178",
        "#465279"
    ],
    "hsl_color_values": [
        [
            0.6274509803921569,
            0.40374235336451963,
            126.31818181818181
        ],
        [
            0.6274509803921569,
            0.43627031650983744,
            116.9
        ],
        [
            0.6274509803921569,
            0.4146341463414634,
            123.0
        ],
        [
            0.6274509803921569,
            0.408,
            125.0
        ],
        [
            0.6274509803921569,
            0.4322033898305085,
            118.0
        ],
        [
            0.6274509803921569,
            0.4112903225806452,
            124.0
        ],
        [
            0.6274509803921569,
            0.42857142857142855,
            119.0
        ],
        [
            0.6274509803921569,
            0.4180327868852459,
            122.0
        ],
        [
            0.6274509803921569,
            0.425,
            120.0
        ],
        [
            0.6274509803921569,
            0.4214876033057851,
            121.0
        ]
    ]
}