{
    "rgb_colors": [
        [
            45.15384615384615,
            66.50549450549451,
            165.30769230769232
        ],
        [
            48.23357664233577,
            69.45255474452554,
            168.20437956204378
        ],
        [
            43.7375,
            63.6625,
            160.8
        ],
        [
            45.70229007633588,
            65.81679389312977,
            163.33587786259542
        ],
        [
            51.833333333333336,
            72.5,
            171.11111111111111
        ],
        [
            46.94845360824742,
            66.94845360824742,
            165.93814432989691
        ],
        [
            44.861111111111114,
            64.93518518518519,
            162.12962962962962
        ],
        [
            47.21153846153846,
            67.28846153846153,
            164.29807692307693
        ],
        [
            48.178082191780824,
            68.17808219178082,
            166.7945205479452
        ],
        [
            46.09574468085106,
            68.17021276595744,
            166.75531914893617
        ]
    ],
    "hex_colors": [
        "#2d42a5",
        "#3045a8",
        "#2b3fa0",
        "#2d41a3",
        "#3348ab",
        "#2e42a5",
        "#2c40a2",
        "#2f43a4",
        "#3044a6",
        "#2e44a6"
    ],
    "hsl_color_values": [
        [
            0.6370495701481618,
            0.7268496975337366,
            165.30769230769232
        ],
        [
            0.6371886914902247,
            0.7132442284325637,
            168.20437956204378
        ],
        [
            0.6382986296494039,
            0.7280006218905473,
            160.8
        ],
        [
            0.6381678563703224,
            0.7201944197784735,
            163.33587786259542
        ],
        [
            0.6377891631734203,
            0.6970779220779221,
            171.11111111111111
        ],
        [
            0.6386530352913996,
            0.717072564612326,
            165.93814432989691
        ],
        [
            0.6381365969206474,
            0.7233009708737864,
            162.12962962962962
        ],
        [
            0.6380881990638088,
            0.7126470416105812,
            164.29807692307693
        ],
        [
            0.6385648843207452,
            0.71115308804205,
            166.7945205479452
        ],
        [
            0.6361752777287957,
            0.7235725677830941,
            166.75531914893617
        ]
    ]
}