{
    "rgb_colors": [
        [
            103.0,
            133.0,
            192.0
        ],
        [
            46.14285714285714,
            76.28571428571428,
            144.0
        ],
        [
            1.7777777777777786,
            40.66666666666667,
            119.77777777777777
        ],
        [
            19.731843575418996,
            55.43296089385475,
            129.37430167597765
        ],
        [
            141.0,
            173.0,
            234.0
        ],
        [
            23.62251655629139,
            58.45695364238411,
            132.3841059602649
        ],
        [
            19.19047619047619,
            55.142857142857146,
            131.07142857142858
        ],
        [
            21.92948717948718,
            56.67307692307692,
            130.58653846153845
        ],
        [
            18.085106382978722,
            53.843971631205676,
            127.83687943262412
        ],
        [
            69.0,
            96.0,
            156.0
        ]
    ],
    "hex_colors": [
        "#6785c0",
        "#2e4c90",
        "#012877",
        "#133781",
        "#8dadea",
        "#173a84",
        "#133783",
        "#153882",
        "#12357f",
        "#45609c"
    ],
    "hsl_color_values": [
        [
            0.6104868913857677,
            0.4635416666666667,
            192.0
        ],
        [
            0.6153284671532847,
            0.6795634920634921,
            144.0
        ],
        [
            0.6117388575015693,
            0.9851576994434138,
            119.77777777777777
        ],
        [
            0.6123976697578043,
            0.8474825114431298,
            129.37430167597765
        ],
        [
            0.6093189964157707,
            0.3974358974358974,
            234.0
        ],
        [
            0.6132862449004445,
            0.8215607803901951,
            132.3841059602649
        ],
        [
            0.6131091721642902,
            0.8535876475930972,
            131.07142857142858
        ],
        [
            0.6133742367481786,
            0.8320693125199421,
            130.58653846153845
        ],
        [
            0.612364028002154,
            0.8585298196948683,
            127.83687943262412
        ],
        [
            0.6149425287356323,
            0.5576923076923077,
            156.0
        ]
    ]
}