{
    "rgb_colors": [
        [
            22.0,
            47.0,
            137.0
        ],
        [
            23.0,
            48.0,
            138.0
        ],
        [
            24.0,
            47.98039215686274,
            137.0
        ],
        [
            37.0,
            60.0,
            149.0
        ],
        [
            48.0,
            72.0,
            159.0
        ],
        [
            23.0,
            46.0,
            138.0
        ],
        [
            24.032558139534885,
            48.009302325581395,
            138.0
        ],
        [
            25.147727272727273,
            49.18181818181818,
            139.11363636363637
        ],
        [
            21.718954248366014,
            46.08496732026144,
            135.94771241830065
        ],
        [
            23.0,
            47.064189189189186,
            136.93243243243242
        ]
    ],
    "hex_colors": [
        "#162f89",
        "#17308a",
        "#182f89",
        "#253c95",
        "#30489f",
        "#172e8a",
        "#18308a",
        "#19318b",
        "#152e87",
        "#172f88"
    ],
    "hsl_color_values": [
        [
            0.6304347826086957,
            0.8394160583941606,
            137.0
        ],
        [
            0.6304347826086957,
            0.8333333333333334,
            138.0
        ],
        [
            0.6312973567007925,
            0.8248175182481752,
            137.0
        ],
        [
            0.6324404761904762,
            0.7516778523489933,
            149.0
        ],
        [
            0.6306306306306307,
            0.6981132075471698,
            159.0
        ],
        [
            0.6333333333333333,
            0.8333333333333334,
            138.0
        ],
        [
            0.6316029329741936,
            0.8258510279743849,
            138.0
        ],
        [
            0.6315185960713929,
            0.8192288841692533,
            139.11363636363637
        ],
        [
            0.6311151799507925,
            0.8402403846153845,
            135.94771241830065
        ],
        [
            0.6314642391175425,
            0.8320339484851476,
            136.93243243243242
        ]
    ]
}