{
    "rgb_colors": [
        [
            27.0,
            56.0,
            123.0
        ],
        [
            28.00355871886121,
            56.99288256227758,
            124.0
        ],
        [
            25.99074074074074,
            54.97222222222222,
            121.96296296296296
        ],
        [
            32.0,
            61.0,
            128.0
        ],
        [
            27.11764705882353,
            54.88235294117647,
            122.0
        ],
        [
            28.0,
            57.0,
            123.0
        ],
        [
            28.0,
            56.0,
            123.0
        ],
        [
            29.083333333333332,
            58.083333333333336,
            125.0
        ],
        [
            27.0,
            56.0,
            122.0
        ],
        [
            28.0,
            54.888888888888886,
            123.0
        ]
    ],
    "hex_colors": [
        "#1b387b",
        "#1c387c",
        "#193679",
        "#203d80",
        "#1b367a",
        "#1c397b",
        "#1c387b",
        "#1d3a7d",
        "#1b387a",
        "#1c367b"
    ],
    "hsl_color_values": [
        [
            0.6163194444444445,
            0.7804878048780488,
            123.0
        ],
        [
            0.6163361136855112,
            0.7741648490414418,
            124.0
        ],
        [
            0.6163370316771185,
            0.7868964470088066,
            121.96296296296296
        ],
        [
            0.6163194444444445,
            0.75,
            128.0
        ],
        [
            0.6178962595577598,
            0.7777242044358726,
            122.0
        ],
        [
            0.6157894736842106,
            0.7723577235772358,
            123.0
        ],
        [
            0.6175438596491228,
            0.7723577235772358,
            123.0
        ],
        [
            0.6162757022878655,
            0.7673333333333334,
            125.0
        ],
        [
            0.6157894736842106,
            0.7786885245901639,
            122.0
        ],
        [
            0.6194931773879143,
            0.7723577235772358,
            123.0
        ]
    ]
}