{
    "rgb_colors": [
        [
            41.77272727272727,
            68.74242424242425,
            137.78787878787878
        ],
        [
            55.666666666666664,
            81.66666666666666,
            149.66666666666666
        ],
        [
            39.98051948051948,
            66.93506493506493,
            135.9805194805195
        ],
        [
            81.33333333333333,
            105.33333333333333,
            171.0
        ],
        [
            36.766666666666666,
            63.775,
            132.44166666666666
        ],
        [
            24.0,
            54.6,
            126.0
        ],
        [
            64.66666666666666,
            88.66666666666666,
            153.33333333333334
        ],
        [
            38.55154639175258,
            65.48969072164948,
            134.2680412371134
        ],
        [
            37.231884057971016,
            65.32608695652173,
            136.07971014492753
        ],
        [
            34.583333333333336,
            61.791666666666664,
            130.375
        ]
    ],
    "hex_colors": [
        "#294489",
        "#375195",
        "#274287",
        "#5169ab",
        "#243f84",
        "#18367e",
        "#405899",
        "#264186",
        "#254188",
        "#223d82"
    ],
    "hsl_color_values": [
        [
            0.6198516648256273,
            0.6968330767539036,
            137.78787878787878
        ],
        [
            0.6205673758865249,
            0.6280623608017818,
            149.66666666666666
        ],
        [
            0.6198705808080809,
            0.7059834773888544,
            135.9805194805195
        ],
        [
            0.6220570012391574,
            0.5243664717348928,
            171.0
        ],
        [
            0.6196179194611386,
            0.7223935065752218,
            132.44166666666666
        ],
        [
            0.6166666666666667,
            0.8095238095238095,
            126.0
        ],
        [
            0.6215538847117794,
            0.5782608695652175,
            153.33333333333334
        ],
        [
            0.619760532787621,
            0.7128762285012284,
            134.2680412371134
        ],
        [
            0.6192972167240915,
            0.7263965067362479,
            136.07971014492753
        ],
        [
            0.6193272437291576,
            0.7347395333972514,
            130.375
        ]
    ]
}