{
    "rgb_colors": [
        [
            46.214285714285715,
            68.03846153846153,
            140.92857142857142
        ],
        [
            42.94949494949495,
            64.74747474747474,
            137.73737373737373
        ],
        [
            46.04761904761905,
            67.0,
            139.93650793650792
        ],
        [
            52.25,
            74.0,
            146.75
        ],
        [
            45.0,
            67.0,
            140.0
        ],
        [
            44.0,
            66.0,
            138.9468085106383
        ],
        [
            67.5,
            89.0,
            161.0
        ],
        [
            40.8235294117647,
            62.76470588235294,
            135.76470588235293
        ],
        [
            47.516129032258064,
            69.41935483870968,
            142.38709677419354
        ],
        [
            45.06542056074766,
            66.07476635514018,
            138.94392523364485
        ]
    ],
    "hex_colors": [
        "#2e448c",
        "#2a4089",
        "#2e438b",
        "#344a92",
        "#2d438c",
        "#2c428a",
        "#4359a1",
        "#283e87",
        "#2f458e",
        "#2d428a"
    ],
    "hsl_color_values": [
        [
            0.6282631395753567,
            0.6720729853015711,
            140.92857142857142
        ],
        [
            0.6283390167661267,
            0.6881783514227046,
            137.73737373737373
        ],
        [
            0.6294730910115526,
            0.6709392014519056,
            139.93650793650792
        ],
        [
            0.6283068783068783,
            0.6439522998296422,
            146.75
        ],
        [
            0.6280701754385966,
            0.6785714285714286,
            140.0
        ],
        [
            0.6280485527544352,
            0.6833320572697343,
            138.9468085106383
        ],
        [
            0.6283422459893048,
            0.5807453416149069,
            161.0
        ],
        [
            0.6281495249896737,
            0.6993067590987869,
            135.76470588235293
        ],
        [
            0.6281876912614757,
            0.6662890801993656,
            142.38709677419354
        ],
        [
            0.6293678446988551,
            0.675657496468689,
            138.94392523364485
        ]
    ]
}