{
    "rgb_colors": [
        [
            89.0,
            93.0,
            124.0
        ],
        [
            86.58823529411765,
            89.58823529411765,
            123.58823529411765
        ],
        [
            84.9407894736842,
            88.70394736842105,
            120.41447368421052
        ],
        [
            90.0,
            93.0,
            127.0
        ],
        [
            87.57317073170732,
            91.57317073170732,
            122.57317073170732
        ],
        [
            91.29411764705883,
            94.29411764705883,
            128.2941176470588
        ],
        [
            90.33333333333333,
            94.33333333333333,
            125.33333333333333
        ],
        [
            88.0,
            91.0,
            125.0
        ],
        [
            92.5,
            96.36,
            127.78
        ],
        [
            89.0,
            92.0,
            126.0
        ]
    ],
    "hex_colors": [
        "#595d7c",
        "#56597b",
        "#545878",
        "#5a5d7f",
        "#575b7a",
        "#5b5e80",
        "#5a5e7d",
        "#585b7d",
        "#5c607f",
        "#595c7e"
    ],
    "hsl_color_values": [
        [
            0.6476190476190476,
            0.28225806451612906,
            124.0
        ],
        [
            0.6531531531531533,
            0.29938124702522606,
            123.58823529411765
        ],
        [
            0.6489861523244312,
            0.29459651423263944,
            120.41447368421052
        ],
        [
            0.6531531531531533,
            0.29133858267716534,
            127.0
        ],
        [
            0.6476190476190476,
            0.28554372699233904,
            122.57317073170732
        ],
        [
            0.6531531531531533,
            0.28839981659789077,
            128.2941176470588
        ],
        [
            0.6476190476190476,
            0.2792553191489362,
            125.33333333333333
        ],
        [
            0.6531531531531533,
            0.296,
            125.0
        ],
        [
            0.6484315948601663,
            0.27609954609485055,
            127.78
        ],
        [
            0.6531531531531533,
            0.29365079365079366,
            126.0
        ]
    ]
}