{
    "rgb_colors": [
        [
            76.0,
            86.0,
            118.0
        ],
        [
            70.0,
            80.0,
            112.0
        ],
        [
            77.0,
            87.0,
            119.0
        ],
        [
            78.1923076923077,
            88.1923076923077,
            120.1923076923077
        ],
        [
            72.0,
            82.0,
            114.0
        ],
        [
            73.0,
            83.0,
            115.0
        ],
        [
            75.0,
            85.0,
            117.0
        ],
        [
            74.0,
            84.0,
            116.0
        ],
        [
            68.62962962962963,
            78.62962962962963,
            110.62962962962963
        ],
        [
            71.0,
            81.0,
            113.0
        ]
    ],
    "hex_colors": [
        "#4c5676",
        "#465070",
        "#4d5777",
        "#4e5878",
        "#485272",
        "#495373",
        "#4b5575",
        "#4a5474",
        "#444e6e",
        "#475171"
    ],
    "hsl_color_values": [
        [
            0.626984126984127,
            0.3559322033898305,
            118.0
        ],
        [
            0.626984126984127,
            0.375,
            112.0
        ],
        [
            0.626984126984127,
            0.35294117647058826,
            119.0
        ],
        [
            0.626984126984127,
            0.34944,
            120.1923076923077
        ],
        [
            0.626984126984127,
            0.3684210526315789,
            114.0
        ],
        [
            0.626984126984127,
            0.3652173913043478,
            115.0
        ],
        [
            0.626984126984127,
            0.358974358974359,
            117.0
        ],
        [
            0.626984126984127,
            0.3620689655172414,
            116.0
        ],
        [
            0.626984126984127,
            0.37964512889186475,
            110.62962962962963
        ],
        [
            0.626984126984127,
            0.37168141592920356,
            113.0
        ]
    ]
}