{
    "rgb_colors": [
        [
            101.35714285714286,
            113.35714285714286,
            152.35714285714286
        ],
        [
            97.0,
            109.0,
            148.0
        ],
        [
            98.65306122448979,
            110.65306122448979,
            149.6530612244898
        ],
        [
            93.0,
            105.0,
            144.0
        ],
        [
            92.0,
            104.0,
            143.0
        ],
        [
            96.0,
            108.0,
            147.0
        ],
        [
            89.14414414414415,
            101.14414414414415,
            140.14414414414415
        ],
        [
            95.0,
            107.0,
            146.0
        ],
        [
            94.0,
            106.0,
            145.0
        ],
        [
            91.0,
            103.0,
            142.0
        ]
    ],
    "hex_colors": [
        "#657198",
        "#616d94",
        "#626e95",
        "#5d6990",
        "#5c688f",
        "#606c93",
        "#59658c",
        "#5f6b92",
        "#5e6a91",
        "#5b678e"
    ],
    "hsl_color_values": [
        [
            0.6274509803921569,
            0.33473980309423346,
            152.35714285714286
        ],
        [
            0.6274509803921569,
            0.34459459459459457,
            148.0
        ],
        [
            0.6274509803921569,
            0.34078821764625666,
            149.6530612244898
        ],
        [
            0.6274509803921569,
            0.3541666666666667,
            144.0
        ],
        [
            0.6274509803921569,
            0.35664335664335667,
            143.0
        ],
        [
            0.6274509803921569,
            0.3469387755102041,
            147.0
        ],
        [
            0.6274509803921569,
            0.36391103111339673,
            140.14414414414415
        ],
        [
            0.6274509803921569,
            0.3493150684931507,
            146.0
        ],
        [
            0.6274509803921569,
            0.35172413793103446,
            145.0
        ],
        [
            0.6274509803921569,
            0.3591549295774648,
            142.0
        ]
    ]
}