{
    "rgb_colors": [
        [
            87.21666666666667,
            98.21666666666667,
            135.21666666666667
        ],
        [
            86.0,
            97.0,
            134.0
        ],
        [
            78.0,
            89.0,
            126.0
        ],
        [
            84.0,
            95.0,
            132.0
        ],
        [
            89.375,
            100.375,
            137.375
        ],
        [
            82.0,
            93.0,
            130.0
        ],
        [
            85.0,
            96.0,
            133.0
        ],
        [
            79.7012987012987,
            90.7012987012987,
            127.7012987012987
        ],
        [
            81.0,
            92.0,
            129.0
        ],
        [
            83.0,
            94.0,
            131.0
        ]
    ],
    "hex_colors": [
        "#576287",
        "#566186",
        "#4e597e",
        "#545f84",
        "#596489",
        "#525d82",
        "#556085",
        "#4f5a7f",
        "#515c81",
        "#535e83"
    ],
    "hsl_color_values": [
        [
            0.6284722222222222,
            0.35498582521878463,
            135.21666666666667
        ],
        [
            0.6284722222222222,
            0.3582089552238806,
            134.0
        ],
        [
            0.6284722222222222,
            0.38095238095238093,
            126.0
        ],
        [
            0.6284722222222222,
            0.36363636363636365,
            132.0
        ],
        [
            0.6284722222222222,
            0.3494085532302093,
            137.375
        ],
        [
            0.6284722222222222,
            0.36923076923076925,
            130.0
        ],
        [
            0.6284722222222222,
            0.3609022556390977,
            133.0
        ],
        [
            0.6284722222222222,
            0.37587714837791114,
            127.7012987012987
        ],
        [
            0.6284722222222222,
            0.37209302325581395,
            129.0
        ],
        [
            0.6284722222222222,
            0.366412213740458,
            131.0
        ]
    ]
}