{
    "rgb_colors": [
        [
            47.38235294117647,
            86.19852941176471,
            171.26470588235293
        ],
        [
            49.03125,
            87.046875,
            174.6875
        ],
        [
            61.0,
            99.33333333333333,
            185.0
        ],
        [
            51.19298245614035,
            89.26315789473684,
            177.0
        ],
        [
            50.04347826086956,
            88.08695652173913,
            175.72826086956522
        ],
        [
            45.76635514018692,
            83.6355140186916,
            171.57009345794393
        ],
        [
            54.45454545454545,
            92.45454545454545,
            179.36363636363637
        ],
        [
            47.60557768924303,
            85.55776892430279,
            173.5219123505976
        ],
        [
            45.121827411167516,
            83.9238578680203,
            169.15736040609136
        ],
        [
            42.904761904761905,
            81.66666666666667,
            167.11904761904762
        ]
    ],
    "hex_colors": [
        "#2f56ab",
        "#3157ae",
        "#3d63b9",
        "#3359b1",
        "#3258af",
        "#2d53ab",
        "#365cb3",
        "#2f55ad",
        "#2d53a9",
        "#2a51a7"
    ],
    "hsl_color_values": [
        [
            0.6144448401392846,
            0.723338485316847,
            171.26470588235293
        ],
        [
            0.6162438862637818,
            0.7193202146690518,
            174.6875
        ],
        [
            0.6151433691756273,
            0.6702702702702703,
            185.0
        ],
        [
            0.6162320457397853,
            0.7107741104172861,
            177.0
        ],
        [
            0.6162183977629797,
            0.7152223665491433,
            175.72826086956522
        ],
        [
            0.6164970408340142,
            0.7332498093474235,
            171.57009345794393
        ],
        [
            0.6159631246967492,
            0.6964014191586417,
            179.36363636363637
        ],
        [
            0.6164319991562516,
            0.7256509161041466,
            173.5219123505976
        ],
        [
            0.6145283404951912,
            0.7332553114872163,
            169.15736040609136
        ],
        [
            0.6146572104018913,
            0.7432682718335946,
            167.11904761904762
        ]
    ]
}