{
    "rgb_colors": [
        [
            173.9375,
            220.375,
            174.65625
        ],
        [
            23.4561403508772,
            41.15789473684211,
            116.52631578947368
        ],
        [
            128.4813829787234,
            193.81914893617022,
            123.23936170212765
        ],
        [
            55.57142857142857,
            77.85714285714286,
            87.14285714285714
        ],
        [
            99.75,
            127.0,
            117.75
        ],
        [
            0.03703703703703809,
            0.5555555555555571,
            48.777777777777786
        ],
        [
            147.0625,
            191.1875,
            150.375
        ],
        [
            30.592592592592595,
            51.03703703703704,
            139.39153439153438
        ],
        [
            14.446808510638299,
            27.925531914893625,
            79.96808510638297
        ],
        [
            115.41379310344828,
            179.3793103448276,
            109.10344827586206
        ]
    ],
    "hex_colors": [
        "#addcae",
        "#172974",
        "#80c17b",
        "#374d57",
        "#637f75",
        "#000030",
        "#93bf96",
        "#1e338b",
        "#0e1b4f",
        "#73b36d"
    ],
    "hsl_color_values": [
        [
            0.33591296545536115,
            0.21072036301758365,
            220.375
        ],
        [
            0.6349670122525919,
            0.798705209274315,
            116.52631578947368
        ],
        [
            0.32095485718592204,
            0.36415280750864487,
            193.81914893617022
        ],
        [
            0.5490196078431372,
            0.3622950819672131,
            87.14285714285714
        ],
        [
            0.4434250764525994,
            0.21456692913385828,
            127.0
        ],
        [
            0.6648936170212766,
            0.9992406985573272,
            48.777777777777786
        ],
        [
            0.34584513692162416,
            0.2307943772474665,
            191.1875
        ],
        [
            0.6353482792718314,
            0.7805276143480736,
            139.39153439153438
        ],
        [
            0.6323807977485522,
            0.8193428229346813,
            79.96808510638297
        ],
        [
            0.31836768073274446,
            0.3917723952326029,
            179.3793103448276
        ]
    ]
}