{
    "rgb_colors": [
        [
            127.02985074626865,
            194.8955223880597,
            121.76119402985074
        ],
        [
            126.0,
            195.99476439790575,
            123.00523560209425
        ],
        [
            127.0427807486631,
            197.0,
            124.00534759358288
        ],
        [
            128.1917808219178,
            197.83561643835617,
            124.67123287671232
        ],
        [
            127.54198473282443,
            196.38931297709922,
            122.94656488549619
        ],
        [
            129.35,
            198.85,
            125.7
        ],
        [
            125.18518518518519,
            194.9925925925926,
            121.83703703703704
        ],
        [
            124.86111111111111,
            193.58333333333334,
            120.54166666666667
        ],
        [
            118.0,
            188.0,
            114.0
        ],
        [
            126.03703703703704,
            196.0,
            122.0
        ]
    ],
    "hex_colors": [
        "#7fc279",
        "#7ec37b",
        "#7fc57c",
        "#80c57c",
        "#7fc47a",
        "#81c67d",
        "#7dc279",
        "#7cc178",
        "#76bc72",
        "#7ec47a"
    ],
    "hsl_color_values": [
        [
            0.32132653061224487,
            0.3752488895696125,
            194.8955223880597
        ],
        [
            0.3264949907945389,
            0.37240550287164415,
            195.99476439790575
        ],
        [
            0.3263980463980463,
            0.370531230489427,
            197.0
        ],
        [
            0.3253136116832054,
            0.36982412408253706,
            197.83561643835617
        ],
        [
            0.32290475695527143,
            0.37396509503634306,
            196.38931297709922
        ],
        [
            0.3250170881749829,
            0.367865225044003,
            198.85
        ],
        [
            0.32570541379775886,
            0.3751709466646406,
            194.9925925925926
        ],
        [
            0.3234772136654624,
            0.3773138183383556,
            193.58333333333334
        ],
        [
            0.32432432432432434,
            0.39361702127659576,
            188.0
        ],
        [
            0.3242409075742409,
            0.37755102040816324,
            196.0
        ]
    ]
}