{
    "rgb_colors": [
        [
            127.85951940850278,
            197.55452865064694,
            122.98890942698706
        ],
        [
            0.0,
            0.0,
            4.5
        ],
        [
            173.62962962962962,
            226.11111111111111,
            172.07407407407408
        ],
        [
            5.63333333333334,
            18.96666666666667,
            61.333333333333336
        ],
        [
            0.0,
            0.0,
            37.421052631578945
        ],
        [
            111.44444444444444,
            147.22222222222223,
            123.66666666666667
        ],
        [
            24.529411764705884,
            38.70588235294119,
            64.11764705882354
        ],
        [
            68.33333333333334,
            95.5,
            92.66666666666667
        ],
        [
            154.33333333333334,
            205.71428571428572,
            154.42857142857142
        ],
        [
            132.78285714285715,
            202.6457142857143,
            125.98571428571428
        ]
    ],
    "hex_colors": [
        "#7fc57a",
        "#000004",
        "#ade2ac",
        "#05123d",
        "#000025",
        "#6f937b",
        "#182640",
        "#445f5c",
        "#9acd9a",
        "#84ca7d"
    ],
    "hsl_color_values": [
        [
            0.3224467030242935,
            0.37744322913255424,
            197.55452865064694
        ],
        [
            0.6666666666666666,
            1.0,
            4.5
        ],
        [
            0.328535526616404,
            0.238984438984439,
            226.11111111111111
        ],
        [
            0.6267703969678835,
            0.9081521739130434,
            61.333333333333336
        ],
        [
            0.6666666666666666,
            1.0,
            37.421052631578945
        ],
        [
            0.39026915113871635,
            0.24301886792452834,
            147.22222222222223
        ],
        [
            0.6069836552748885,
            0.6174311926605505,
            64.11764705882354
        ],
        [
            0.48261758691206547,
            0.2844677137870854,
            95.5
        ],
        [
            0.33364226135310465,
            0.2497685185185185,
            205.71428571428572
        ],
        [
            0.3185556508019331,
            0.378295688464033,
            202.6457142857143
        ]
    ]
}