{
    "rgb_colors": [
        [
            94.0,
            106.0,
            145.0
        ],
        [
            96.83544303797468,
            108.83544303797468,
            147.83544303797467
        ],
        [
            91.0,
            103.0,
            142.0
        ],
        [
            92.0,
            104.0,
            143.0
        ],
        [
            89.0,
            101.0,
            140.0
        ],
        [
            95.0,
            107.0,
            146.0
        ],
        [
            87.7983193277311,
            99.7983193277311,
            138.7983193277311
        ],
        [
            93.0,
            105.0,
            144.0
        ],
        [
            85.44827586206897,
            97.44827586206897,
            136.44827586206895
        ],
        [
            90.0,
            102.0,
            141.0
        ]
    ],
    "hex_colors": [
        "#5e6a91",
        "#606c93",
        "#5b678e",
        "#5c688f",
        "#59658c",
        "#5f6b92",
        "#57638a",
        "#5d6990",
        "#556188",
        "#5a668d"
    ],
    "hsl_color_values": [
        [
            0.6274509803921569,
            0.35172413793103446,
            145.0
        ],
        [
            0.6274509803921569,
            0.34497816593886454,
            147.83544303797467
        ],
        [
            0.6274509803921569,
            0.3591549295774648,
            142.0
        ],
        [
            0.6274509803921569,
            0.35664335664335667,
            143.0
        ],
        [
            0.6274509803921569,
            0.36428571428571427,
            140.0
        ],
        [
            0.6274509803921569,
            0.3493150684931507,
            146.0
        ],
        [
            0.6274509803921569,
            0.3674396076769389,
            138.7983193277311
        ],
        [
            0.6274509803921569,
            0.3541666666666667,
            144.0
        ],
        [
            0.6274509803921569,
            0.37376800606520083,
            136.44827586206895
        ],
        [
            0.6274509803921569,
            0.3617021276595745,
            141.0
        ]
    ]
}