{
    "rgb_colors": [
        [
            117.83333333333333,
            205.02380952380952,
            87.21428571428571
        ],
        [
            119.7560975609756,
            207.3841463414634,
            89.53048780487805
        ],
        [
            123.59420289855072,
            211.40096618357487,
            92.90821256038647
        ],
        [
            122.52604166666667,
            210.33854166666666,
            91.546875
        ],
        [
            121.30344827586207,
            208.6,
            91.07586206896552
        ],
        [
            127.33333333333333,
            215.26666666666668,
            96.13333333333333
        ],
        [
            136.2,
            221.2,
            109.2
        ],
        [
            119.61363636363636,
            207.5,
            87.6590909090909
        ],
        [
            121.53521126760563,
            209.48591549295776,
            89.58450704225352
        ],
        [
            125.19117647058823,
            213.02941176470588,
            93.80882352941177
        ]
    ],
    "hex_colors": [
        "#75cd57",
        "#77cf59",
        "#7bd35c",
        "#7ad25b",
        "#79d05b",
        "#7fd760",
        "#88dd6d",
        "#77cf57",
        "#79d159",
        "#7dd55d"
    ],
    "hsl_color_values": [
        [
            0.290016168148747,
            0.5746138659853676,
            205.02380952380952
        ],
        [
            0.2905887831125828,
            0.5682867307635765,
            207.3841463414634
        ],
        [
            0.29017177647314635,
            0.5605118829981718,
            211.40096618357487
        ],
        [
            0.28986905179469186,
            0.5647641451033799,
            210.33854166666666
        ],
        [
            0.29046613070437965,
            0.5633947168314213,
            208.6
        ],
        [
            0.2896847603059131,
            0.5534221121090122,
            215.26666666666668
        ],
        [
            0.2931547619047619,
            0.5063291139240506,
            221.2
        ],
        [
            0.28889310323029266,
            0.5775465498357065,
            207.5
        ],
        [
            0.2889208661263167,
            0.572360238007194,
            209.48591549295776
        ],
        [
            0.28946178199909545,
            0.5596437940080077,
            213.02941176470588
        ]
    ]
}