{
    "rgb_colors": [
        [
            73.0,
            83.0,
            115.0
        ],
        [
            76.0,
            86.0,
            118.0
        ],
        [
            77.08695652173913,
            87.08695652173913,
            119.08695652173913
        ],
        [
            74.0,
            84.0,
            116.0
        ],
        [
            75.0,
            85.0,
            117.0
        ],
        [
            72.0,
            82.0,
            114.0
        ],
        [
            69.0,
            79.0,
            111.0
        ],
        [
            70.0,
            80.0,
            112.0
        ],
        [
            71.0,
            81.0,
            113.0
        ],
        [
            67.8,
            77.8,
            109.8
        ]
    ],
    "hex_colors": [
        "#495373",
        "#4c5676",
        "#4d5777",
        "#4a5474",
        "#4b5575",
        "#485272",
        "#454f6f",
        "#465070",
        "#475171",
        "#434d6d"
    ],
    "hsl_color_values": [
        [
            0.626984126984127,
            0.3652173913043478,
            115.0
        ],
        [
            0.626984126984127,
            0.3559322033898305,
            118.0
        ],
        [
            0.626984126984127,
            0.35268346111719606,
            119.08695652173913
        ],
        [
            0.626984126984127,
            0.3620689655172414,
            116.0
        ],
        [
            0.626984126984127,
            0.358974358974359,
            117.0
        ],
        [
            0.626984126984127,
            0.3684210526315789,
            114.0
        ],
        [
            0.626984126984127,
            0.3783783783783784,
            111.0
        ],
        [
            0.626984126984127,
            0.375,
            112.0
        ],
        [
            0.626984126984127,
            0.37168141592920356,
            113.0
        ],
        [
            0.626984126984127,
            0.38251366120218583,
            109.8
        ]
    ]
}