{
    "rgb_colors": [
        [
            41.42857142857143,
            71.88721804511279,
            144.30075187969925
        ],
        [
            44.4485294117647,
            75.04411764705883,
            148.4264705882353
        ],
        [
            70.33333333333333,
            98.66666666666666,
            167.33333333333334
        ],
        [
            41.85925925925926,
            72.68148148148148,
            146.72592592592594
        ],
        [
            45.82222222222222,
            76.60555555555555,
            150.32222222222222
        ],
        [
            100.0,
            128.0,
            192.0
        ],
        [
            56.42857142857143,
            85.14285714285714,
            157.42857142857142
        ],
        [
            43.575221238938056,
            73.50442477876106,
            145.7433628318584
        ],
        [
            43.09356725146199,
            73.95906432748538,
            147.92397660818713
        ],
        [
            33.66666666666667,
            66.0,
            140.66666666666666
        ]
    ],
    "hex_colors": [
        "#294790",
        "#2c4b94",
        "#4662a7",
        "#294892",
        "#2d4c96",
        "#6480c0",
        "#38559d",
        "#2b4991",
        "#2b4993",
        "#21428c"
    ],
    "hsl_color_values": [
        [
            0.6173195926521463,
            0.7129012088370154,
            144.30075187969925
        ],
        [
            0.6176248732998609,
            0.7005350242742495,
            148.4264705882353
        ],
        [
            0.6179839633447881,
            0.5796812749003984,
            167.33333333333334
        ],
        [
            0.6176802994984812,
            0.7147112277867528,
            146.72592592592594
        ],
        [
            0.6175704412546518,
            0.6951733313622589,
            150.32222222222222
        ],
        [
            0.6159420289855072,
            0.4791666666666667,
            192.0
        ],
        [
            0.6192833569071192,
            0.6415607985480943,
            157.42857142857142
        ],
        [
            0.6178432221741014,
            0.7010140263525411,
            145.7433628318584
        ],
        [
            0.6175945553943992,
            0.7086776042696185,
            147.92397660818713
        ],
        [
            0.6163032191069574,
            0.7606635071090047,
            140.66666666666666
        ]
    ]
}