{
    "rgb_colors": [
        [
            74.0,
            82.0,
            112.0
        ],
        [
            78.0,
            86.0,
            116.0
        ],
        [
            77.0,
            85.0,
            115.0
        ],
        [
            72.24324324324324,
            80.24324324324324,
            110.24324324324324
        ],
        [
            69.45833333333333,
            77.45833333333333,
            107.45833333333333
        ],
        [
            86.54545454545455,
            94.54545454545455,
            124.54545454545455
        ],
        [
            75.0,
            83.0,
            113.0
        ],
        [
            76.0,
            84.0,
            114.0
        ],
        [
            79.8268156424581,
            87.8268156424581,
            117.8268156424581
        ],
        [
            82.74545454545455,
            90.74545454545455,
            120.74545454545455
        ]
    ],
    "hex_colors": [
        "#4a5270",
        "#4e5674",
        "#4d5573",
        "#48506e",
        "#454d6b",
        "#565e7c",
        "#4b5371",
        "#4c5472",
        "#4f5775",
        "#525a78"
    ],
    "hsl_color_values": [
        [
            0.6315789473684211,
            0.3392857142857143,
            112.0
        ],
        [
            0.6315789473684211,
            0.3275862068965517,
            116.0
        ],
        [
            0.6315789473684211,
            0.33043478260869563,
            115.0
        ],
        [
            0.6315789473684211,
            0.34469232655062515,
            110.24324324324324
        ],
        [
            0.6315789473684211,
            0.35362543621558745,
            107.45833333333333
        ],
        [
            0.6315789473684211,
            0.30510948905109486,
            124.54545454545455
        ],
        [
            0.6315789473684211,
            0.336283185840708,
            113.0
        ],
        [
            0.6315789473684211,
            0.3333333333333333,
            114.0
        ],
        [
            0.6315789473684211,
            0.32250723057228203,
            117.8268156424581
        ],
        [
            0.6315789473684211,
            0.3147116398132811,
            120.74545454545455
        ]
    ]
}