{
    "rgb_colors": [
        [
            73.0,
            86.0,
            122.0
        ],
        [
            67.0,
            80.0,
            116.0
        ],
        [
            70.0,
            83.0,
            119.0
        ],
        [
            63.53333333333333,
            76.53333333333333,
            112.53333333333333
        ],
        [
            68.0,
            81.0,
            117.0
        ],
        [
            65.58823529411765,
            78.58823529411765,
            114.58823529411765
        ],
        [
            72.0,
            85.0,
            121.0
        ],
        [
            69.0,
            82.0,
            118.0
        ],
        [
            71.0,
            84.0,
            120.0
        ],
        [
            74.79220779220779,
            87.79220779220779,
            123.79220779220779
        ]
    ],
    "hex_colors": [
        "#49567a",
        "#435074",
        "#465377",
        "#3f4c70",
        "#445175",
        "#414e72",
        "#485579",
        "#455276",
        "#475478",
        "#4a577b"
    ],
    "hsl_color_values": [
        [
            0.6224489795918368,
            0.4016393442622951,
            122.0
        ],
        [
            0.6224489795918368,
            0.4224137931034483,
            116.0
        ],
        [
            0.6224489795918368,
            0.4117647058823529,
            119.0
        ],
        [
            0.6224489795918368,
            0.4354265402843602,
            112.53333333333333
        ],
        [
            0.6224489795918368,
            0.4188034188034188,
            117.0
        ],
        [
            0.6224489795918368,
            0.42761806981519507,
            114.58823529411765
        ],
        [
            0.6224489795918368,
            0.4049586776859504,
            121.0
        ],
        [
            0.6224489795918368,
            0.4152542372881356,
            118.0
        ],
        [
            0.6224489795918368,
            0.4083333333333333,
            120.0
        ],
        [
            0.6224489795918368,
            0.3958245908518674,
            123.79220779220779
        ]
    ]
}