{
    "rgb_colors": [
        [
            43.33333333333333,
            70.33333333333333,
            135.0
        ],
        [
            26.209302325581394,
            55.01162790697674,
            122.01162790697674
        ],
        [
            27.110803324099724,
            55.99168975069252,
            122.98891966759003
        ],
        [
            48.33333333333333,
            76.0,
            141.0
        ],
        [
            26.264705882352942,
            53.85294117647059,
            121.55882352941177
        ],
        [
            28.085365853658537,
            54.957317073170735,
            122.96341463414635
        ],
        [
            30.11111111111111,
            59.55555555555556,
            126.0
        ],
        [
            28.255244755244757,
            56.77972027972028,
            123.98251748251748
        ],
        [
            29.10958904109589,
            57.93150684931507,
            124.94520547945206
        ],
        [
            38.0,
            66.2,
            130.4
        ]
    ],
    "hex_colors": [
        "#2b4687",
        "#1a377a",
        "#1b377a",
        "#304c8d",
        "#1a3579",
        "#1c367a",
        "#1e3b7e",
        "#1c387b",
        "#1d397c",
        "#264282"
    ],
    "hsl_color_values": [
        [
            0.6175757575757576,
            0.6790123456790124,
            135.0
        ],
        [
            0.6165594530080512,
            0.7851901267511675,
            122.01162790697674
        ],
        [
            0.6164624985554142,
            0.7795671073672831,
            122.98891966759003
        ],
        [
            0.6169064748201438,
            0.657210401891253,
            141.0
        ],
        [
            0.6184156378600824,
            0.7839341882409872,
            121.55882352941177
        ],
        [
            0.6194622964867181,
            0.7715957552315779,
            122.96341463414635
        ],
        [
            0.6154886056392429,
            0.7610229276895943,
            126.0
        ],
        [
            0.6170039204227238,
            0.7721029921881609,
            123.98251748251748
        ],
        [
            0.6165427863541071,
            0.7670211599605307,
            124.94520547945206
        ],
        [
            0.6158008658008658,
            0.7085889570552147,
            130.4
        ]
    ]
}