{
    "rgb_colors": [
        [
            9.5,
            55.0,
            141.0
        ],
        [
            32.07239819004525,
            68.85972850678733,
            151.07239819004525
        ],
        [
            31.142857142857142,
            67.91836734693878,
            150.02721088435374
        ],
        [
            48.0,
            84.0,
            165.33333333333334
        ],
        [
            33.0763358778626,
            69.79389312977099,
            152.09923664122138
        ],
        [
            34.11515151515152,
            70.7030303030303,
            153.26060606060605
        ],
        [
            70.0,
            102.5,
            178.0
        ],
        [
            29.96551724137931,
            66.8103448275862,
            148.82758620689654
        ],
        [
            37.833333333333336,
            74.4047619047619,
            156.88095238095238
        ],
        [
            35.4344262295082,
            72.0,
            154.6639344262295
        ]
    ],
    "hex_colors": [
        "#09378d",
        "#204497",
        "#1f4396",
        "#3054a5",
        "#214598",
        "#224699",
        "#4666b2",
        "#1d4294",
        "#254a9c",
        "#23489a"
    ],
    "hsl_color_values": [
        [
            0.6089987325728771,
            0.9326241134751773,
            141.0
        ],
        [
            0.6151437950745909,
            0.787701800101836,
            151.07239819004525
        ],
        [
            0.6151102464332037,
            0.7924186088691394,
            150.02721088435374
        ],
        [
            0.6155303030303031,
            0.7096774193548387,
            165.33333333333334
        ],
        [
            0.6152514109799897,
            0.7825345043914681,
            152.09923664122138
        ],
        [
            0.6154856978144022,
            0.7774043024359379,
            153.26060606060605
        ],
        [
            0.6165123456790124,
            0.6067415730337079,
            178.0
        ],
        [
            0.6150033845856301,
            0.7986561631139945,
            148.82758620689654
        ],
        [
            0.6154666666666667,
            0.7588404917286385,
            156.88095238095238
        ],
        [
            0.6155529584307255,
            0.7708940590386347,
            154.6639344262295
        ]
    ]
}