{
    "rgb_colors": [
        [
            54.4,
            66.3,
            94.5
        ],
        [
            75.93506493506493,
            86.85714285714286,
            116.12987012987013
        ],
        [
            70.0,
            81.0,
            109.97674418604652
        ],
        [
            71.5,
            82.51086956521739,
            111.4836956521739
        ],
        [
            68.0886075949367,
            79.10126582278481,
            108.10126582278481
        ],
        [
            73.38509316770187,
            84.09937888198758,
            113.95652173913044
        ],
        [
            69.47826086956522,
            79.47826086956522,
            111.47826086956522
        ],
        [
            67.325,
            77.325,
            109.325
        ],
        [
            64.88235294117646,
            75.74509803921569,
            105.27450980392157
        ],
        [
            71.3913043478261,
            81.3913043478261,
            113.3913043478261
        ]
    ],
    "hex_colors": [
        "#36425e",
        "#4b5674",
        "#46516d",
        "#47526f",
        "#444f6c",
        "#495471",
        "#454f6f",
        "#434d6d",
        "#404b69",
        "#475171"
    ],
    "hsl_color_values": [
        [
            0.6172069825436409,
            0.42433862433862435,
            94.5
        ],
        [
            0.6213785675821217,
            0.34611943636770304,
            116.12987012987013
        ],
        [
            0.6208066705448904,
            0.3635017974201734,
            109.97674418604652
        ],
        [
            0.6207693353268996,
            0.35865061180714664,
            111.4836956521739
        ],
        [
            0.620795107033639,
            0.3701405152224825,
            108.10126582278481
        ],
        [
            0.6226525821596245,
            0.35602550825748075,
            113.95652173913044
        ],
        [
            0.626984126984127,
            0.37675507020280813,
            111.47826086956522
        ],
        [
            0.626984126984127,
            0.38417562314200776,
            109.325
        ],
        [
            0.6218446601941747,
            0.3836841124976719,
            105.27450980392157
        ],
        [
            0.626984126984127,
            0.37039877300613494,
            113.3913043478261
        ]
    ]
}