{
    "rgb_colors": [
        [
            240.12173913043478,
            234.12173913043478,
            209.87826086956522
        ],
        [
            241.76271186440678,
            236.83050847457628,
            214.72033898305085
        ],
        [
            238.32608695652175,
            232.27173913043478,
            207.58695652173913
        ],
        [
            239.46666666666667,
            235.45,
            210.46666666666667
        ],
        [
            244.51401869158877,
            239.51401869158877,
            217.54205607476635
        ],
        [
            242.35714285714286,
            238.0204081632653,
            213.07142857142858
        ],
        [
            241.2111801242236,
            235.80124223602485,
            211.6335403726708
        ],
        [
            237.09677419354838,
            231.0752688172043,
            205.752688172043
        ],
        [
            243.14285714285714,
            238.23809523809524,
            215.78571428571428
        ],
        [
            239.08333333333334,
            233.30208333333334,
            208.76041666666666
        ]
    ],
    "hex_colors": [
        "#f0ead1",
        "#f1ecd6",
        "#eee8cf",
        "#efebd2",
        "#f4efd9",
        "#f2eed5",
        "#f1ebd3",
        "#ede7cd",
        "#f3eed7",
        "#efe9d0"
    ],
    "hsl_color_values": [
        [
            0.13360168679317613,
            0.1259506047656985,
            240.12173913043478
        ],
        [
            0.13626867230753162,
            0.11185501962983735,
            241.76271186440678
        ],
        [
            0.13384016973125878,
            0.12897929398887173,
            238.32608695652175
        ],
        [
            0.14358237547892713,
            0.12110244988864143,
            239.46666666666667
        ],
        [
            0.13577038577038578,
            0.11030845086572638,
            244.51401869158877
        ],
        [
            0.14198606271776998,
            0.12083701738874149,
            242.35714285714286
        ],
        [
            0.13618227635447291,
            0.1226213467233166,
            241.2111801242236
        ],
        [
            0.13464837049742706,
            0.13219954648526078,
            237.09677419354838
        ],
        [
            0.13678561067595016,
            0.11251468860164514,
            243.14285714285714
        ],
        [
            0.1348906446810947,
            0.12682990589055426,
            239.08333333333334
        ]
    ]
}