{
    "rgb_colors": [
        [
            114.54887218045113,
            121.28571428571429,
            145.22556390977445
        ],
        [
            122.74666666666667,
            128.68666666666667,
            151.50666666666666
        ],
        [
            124.67088607594937,
            130.43037974683546,
            152.8987341772152
        ],
        [
            129.72,
            135.2,
            157.56
        ],
        [
            107.7,
            114.63333333333333,
            139.76666666666668
        ],
        [
            117.70370370370371,
            124.11111111111111,
            147.47222222222223
        ],
        [
            120.69196428571429,
            126.51785714285714,
            149.41517857142858
        ],
        [
            127.0,
            132.1153846153846,
            154.6153846153846
        ],
        [
            111.69354838709677,
            118.6774193548387,
            142.98387096774195
        ],
        [
            96.0,
            103.0,
            130.0
        ]
    ],
    "hex_colors": [
        "#727991",
        "#7a8097",
        "#7c8298",
        "#81879d",
        "#6b728b",
        "#757c93",
        "#787e95",
        "#7f849a",
        "#6f768e",
        "#606782"
    ],
    "hsl_color_values": [
        [
            0.6300653594771242,
            0.2112347916127363,
            145.22556390977445
        ],
        [
            0.6322438572090867,
            0.18982663029129626,
            151.50666666666666
        ],
        [
            0.632660687593423,
            0.184617931948009,
            152.8987341772152
        ],
        [
            0.6338601532567051,
            0.17669459253617673,
            157.56
        ],
        [
            0.6306306306306307,
            0.2294300023849273,
            139.76666666666668
        ],
        [
            0.6307931570762052,
            0.20185847931186035,
            147.47222222222223
        ],
        [
            0.6328618795979692,
            0.19223759299650425,
            149.41517857142858
        ],
        [
            0.6357938718662952,
            0.17860696517412933,
            154.6153846153846
        ],
        [
            0.62946735395189,
            0.2188381274675692,
            142.98387096774195
        ],
        [
            0.6323529411764706,
            0.26153846153846155,
            130.0
        ]
    ]
}