{
    "rgb_colors": [
        [
            125.60119047619048,
            197.64285714285714,
            78.61309523809524
        ],
        [
            125.02830188679245,
            198.95283018867926,
            78.34905660377359
        ],
        [
            129.52830188679246,
            202.0188679245283,
            82.33962264150944
        ],
        [
            126.11926605504587,
            200.0183486238532,
            79.64220183486239
        ],
        [
            127.94505494505495,
            200.92307692307693,
            77.28571428571429
        ],
        [
            126.79120879120879,
            198.8131868131868,
            80.14285714285714
        ],
        [
            123.86324786324786,
            197.17094017094018,
            77.27350427350427
        ],
        [
            129.6219512195122,
            202.59756097560975,
            79.14634146341463
        ],
        [
            126.95833333333333,
            199.08333333333334,
            78.83333333333333
        ],
        [
            127.88888888888889,
            200.42962962962963,
            80.6
        ]
    ],
    "hex_colors": [
        "#7dc54e",
        "#7dc64e",
        "#81ca52",
        "#7ec84f",
        "#7fc84d",
        "#7ec650",
        "#7bc54d",
        "#81ca4f",
        "#7ec74e",
        "#7fc850"
    ],
    "hsl_color_values": [
        [
            0.26754013101965296,
            0.6022467172629803,
            197.64285714285714
        ],
        [
            0.26882561535252397,
            0.6061928019346579,
            198.95283018867926
        ],
        [
            0.2676178464448999,
            0.59241617633324,
            202.0188679245283
        ],
        [
            0.2689835632446714,
            0.6018255205944408,
            200.0183486238532
        ],
        [
            0.26504310727935293,
            0.6153467512579304,
            200.92307692307693
        ],
        [
            0.26781800784023213,
            0.5968936546539907,
            198.8131868131868
        ],
        [
            0.26857000285143995,
            0.6080887771468204,
            197.17094017094018
        ],
        [
            0.26518818532055716,
            0.6093420815024378,
            202.59756097560975
        ],
        [
            0.26663201663201663,
            0.6040184177480118,
            199.08333333333334
        ],
        [
            0.2675609404298284,
            0.5978638480301575,
            200.42962962962963
        ]
    ]
}