{
    "rgb_colors": [
        [
            27.94039735099338,
            46.05298013245033,
            135.90066225165563
        ],
        [
            26.05603448275862,
            45.98275862068966,
            134.95689655172413
        ],
        [
            28.05263157894737,
            47.05263157894737,
            138.78947368421052
        ],
        [
            26.991304347826087,
            47.004347826086956,
            136.01739130434783
        ],
        [
            26.010416666666668,
            44.9375,
            136.86458333333334
        ],
        [
            25.291666666666668,
            44.708333333333336,
            134.04166666666666
        ],
        [
            28.243589743589745,
            47.717948717948715,
            136.71794871794873
        ],
        [
            27.138461538461538,
            45.0,
            134.93846153846152
        ],
        [
            26.925,
            47.0,
            135.0
        ],
        [
            27.01123595505618,
            46.0,
            137.77528089887642
        ]
    ],
    "hex_colors": [
        "#1b2e87",
        "#1a2d86",
        "#1c2f8a",
        "#1a2f88",
        "#1a2c88",
        "#192c86",
        "#1c2f88",
        "#1b2d86",
        "#1a2f87",
        "#1b2e89"
    ],
    "hsl_color_values": [
        [
            0.6387048623890729,
            0.7944057307148774,
            135.90066225165563
        ],
        [
            0.6361699320535655,
            0.806930693069307,
            134.95689655172413
        ],
        [
            0.6380703422053232,
            0.7978763746681835,
            138.78947368421052
        ],
        [
            0.6360730047322806,
            0.8015599028257256,
            136.01739130434783
        ],
        [
            0.6382102361711458,
            0.8099550955171626,
            136.86458333333334
        ],
        [
            0.6369093231162196,
            0.811314889648741,
            134.04166666666666
        ],
        [
            0.6367450655950834,
            0.7934171042760689,
            136.71794871794873
        ],
        [
            0.6390514247657104,
            0.7988826815642458,
            134.93846153846152
        ],
        [
            0.6357082273112807,
            0.8005555555555556,
            135.0
        ],
        [
            0.6380942719956719,
            0.8039471538085141,
            137.77528089887642
        ]
    ]
}