{
    "rgb_colors": [
        [
            129.16006600660066,
            215.17491749174917,
            87.70792079207921
        ],
        [
            14.171428571428564,
            46.67619047619047,
            100.70476190476191
        ],
        [
            143.32558139534882,
            225.3953488372093,
            99.83720930232558
        ],
        [
            138.66666666666666,
            184.55555555555554,
            136.77777777777777
        ],
        [
            82.66666666666667,
            111.26666666666667,
            93.86666666666666
        ],
        [
            0.25,
            5.199999999999989,
            64.95
        ],
        [
            25.730769230769226,
            53.92307692307692,
            87.8076923076923
        ],
        [
            0.0,
            0.0,
            37.0
        ],
        [
            172.38888888888889,
            240.33333333333331,
            150.02777777777777
        ],
        [
            18.92763157894737,
            51.934210526315795,
            117.1907894736842
        ]
    ],
    "hex_colors": [
        "#81d757",
        "#0e2e64",
        "#8fe163",
        "#8ab888",
        "#526f5d",
        "#000540",
        "#193557",
        "#000025",
        "#acf096",
        "#123375"
    ],
    "hsl_color_values": [
        [
            0.27913349299846807,
            0.5923878033068499,
            215.17491749174917
        ],
        [
            0.6040611930442439,
            0.8592774730470968,
            100.70476190476191
        ],
        [
            0.2756065938136692,
            0.5570573669005365,
            225.3953488372093
        ],
        [
            0.3267441860465117,
            0.2588801926550271,
            184.55555555555554
        ],
        [
            0.39860139860139854,
            0.2570401437986818,
            111.26666666666667
        ],
        [
            0.6539155074703761,
            0.9961508852963818,
            64.95
        ],
        [
            0.5909748038000826,
            0.706964520367937,
            87.8076923076923
        ],
        [
            0.6666666666666666,
            1.0,
            37.0
        ],
        [
            0.29206398031374964,
            0.3757512713823393,
            240.33333333333331
        ],
        [
            0.6106833601142653,
            0.838488744175602,
            117.1907894736842
        ]
    ]
}