{
    "rgb_colors": [
        [
            82.0,
            94.0,
            133.0
        ],
        [
            85.0,
            97.0,
            136.0
        ],
        [
            79.0,
            91.0,
            130.0
        ],
        [
            80.0,
            92.0,
            131.0
        ],
        [
            83.0,
            95.0,
            134.0
        ],
        [
            86.38461538461539,
            98.38461538461539,
            137.3846153846154
        ],
        [
            78.0,
            90.0,
            129.0
        ],
        [
            81.0,
            93.0,
            132.0
        ],
        [
            76.54054054054055,
            88.54054054054055,
            127.54054054054055
        ],
        [
            84.0,
            96.0,
            135.0
        ]
    ],
    "hex_colors": [
        "#525e85",
        "#556188",
        "#4f5b82",
        "#505c83",
        "#535f86",
        "#566289",
        "#4e5a81",
        "#515d84",
        "#4c587f",
        "#546087"
    ],
    "hsl_color_values": [
        [
            0.6274509803921569,
            0.38345864661654133,
            133.0
        ],
        [
            0.6274509803921569,
            0.375,
            136.0
        ],
        [
            0.6274509803921569,
            0.3923076923076923,
            130.0
        ],
        [
            0.6274509803921569,
            0.3893129770992366,
            131.0
        ],
        [
            0.6274509803921569,
            0.3805970149253731,
            134.0
        ],
        [
            0.6274509803921569,
            0.37122060470324747,
            137.3846153846154
        ],
        [
            0.6274509803921569,
            0.3953488372093023,
            129.0
        ],
        [
            0.6274509803921569,
            0.38636363636363635,
            132.0
        ],
        [
            0.6274509803921569,
            0.39987285441830894,
            127.54054054054055
        ],
        [
            0.6274509803921569,
            0.37777777777777777,
            135.0
        ]
    ]
}