{
    "rgb_colors": [
        [
            66.98412698412699,
            94.76190476190476,
            203.76190476190476
        ],
        [
            65.42957746478874,
            93.26760563380282,
            202.7394366197183
        ],
        [
            64.21787709497207,
            92.02793296089385,
            200.95530726256985
        ],
        [
            93.0,
            119.0,
            227.0
        ],
        [
            60.945454545454545,
            88.6,
            197.4909090909091
        ],
        [
            67.07936507936508,
            95.04232804232804,
            205.67724867724868
        ],
        [
            62.79611650485437,
            90.55339805825243,
            199.61165048543688
        ],
        [
            77.75,
            104.625,
            213.5
        ],
        [
            107.0,
            133.0,
            240.0
        ],
        [
            69.94736842105263,
            97.71052631578948,
            207.6578947368421
        ]
    ],
    "hex_colors": [
        "#425ecb",
        "#415dca",
        "#405cc8",
        "#5d77e3",
        "#3c58c5",
        "#435fcd",
        "#3e5ac7",
        "#4d68d5",
        "#6b85f0",
        "#4561cf"
    ],
    "hsl_color_values": [
        [
            0.6328188464662876,
            0.671262756095661,
            203.76190476190476
        ],
        [
            0.6328768762608131,
            0.6772725693841397,
            202.7394366197183
        ],
        [
            0.6327695157160756,
            0.680437018709516,
            200.95530726256985
        ],
        [
            0.6343283582089553,
            0.5903083700440529,
            227.0
        ],
        [
            0.6329116733244563,
            0.6914012152458111,
            197.4909090909091
        ],
        [
            0.6330406566138577,
            0.6738610346513003,
            205.67724867724868
        ],
        [
            0.6328531554546314,
            0.685408560311284,
            199.61165048543688
        ],
        [
            0.6336709637814609,
            0.6358313817330211,
            213.5
        ],
        [
            0.6340852130325815,
            0.5541666666666667,
            240.0
        ],
        [
            0.6330658003694504,
            0.6631605626663287,
            207.6578947368421
        ]
    ]
}