{
    "rgb_colors": [
        [
            79.57754010695187,
            87.57754010695187,
            115.57754010695187
        ],
        [
            83.0,
            91.0,
            119.0
        ],
        [
            74.24324324324324,
            82.24324324324324,
            110.24324324324324
        ],
        [
            91.0625,
            99.0625,
            127.0625
        ],
        [
            87.59722222222223,
            95.59722222222223,
            123.59722222222223
        ],
        [
            81.0,
            89.0,
            117.0
        ],
        [
            77.34693877551021,
            85.34693877551021,
            113.34693877551021
        ],
        [
            82.0,
            90.0,
            118.0
        ],
        [
            84.0,
            92.0,
            120.0
        ],
        [
            85.4493670886076,
            93.4493670886076,
            121.4493670886076
        ]
    ],
    "hex_colors": [
        "#4f5773",
        "#535b77",
        "#4a526e",
        "#5b637f",
        "#575f7b",
        "#515975",
        "#4d5571",
        "#525a76",
        "#545c78",
        "#555d79"
    ],
    "hsl_color_values": [
        [
            0.6296296296296297,
            0.3114792023319299,
            115.57754010695187
        ],
        [
            0.6296296296296297,
            0.3025210084033613,
            119.0
        ],
        [
            0.6296296296296297,
            0.3265506251532238,
            110.24324324324324
        ],
        [
            0.6296296296296297,
            0.28332513526807673,
            127.0625
        ],
        [
            0.6296296296296297,
            0.2912686818743679,
            123.59722222222223
        ],
        [
            0.6296296296296297,
            0.3076923076923077,
            117.0
        ],
        [
            0.6296296296296297,
            0.3176089305005401,
            113.34693877551021
        ],
        [
            0.6296296296296297,
            0.3050847457627119,
            118.0
        ],
        [
            0.6296296296296297,
            0.3,
            120.0
        ],
        [
            0.6296296296296297,
            0.2964198238574183,
            121.4493670886076
        ]
    ]
}