{
    "rgb_colors": [
        [
            57.64150943396226,
            65.67924528301887,
            95.26415094339623
        ],
        [
            74.17647058823529,
            84.17647058823529,
            116.17647058823529
        ],
        [
            67.69767441860465,
            77.47674418604652,
            109.25581395348837
        ],
        [
            71.58461538461539,
            81.52307692307693,
            113.46153846153847
        ],
        [
            65.31963470319634,
            75.13698630136986,
            106.95433789954338
        ],
        [
            69.54545454545455,
            79.42424242424242,
            111.3030303030303
        ],
        [
            63.421875,
            71.421875,
            101.359375
        ],
        [
            62.24418604651163,
            72.24418604651163,
            104.24418604651163
        ],
        [
            61.0,
            69.3030303030303,
            99.54545454545455
        ],
        [
            66.06060606060606,
            74.06060606060606,
            104.06060606060606
        ]
    ],
    "hex_colors": [
        "#39415f",
        "#4a5474",
        "#434d6d",
        "#475171",
        "#414b6a",
        "#454f6f",
        "#3f4765",
        "#3e4868",
        "#3d4563",
        "#424a68"
    ],
    "hsl_color_values": [
        [
            0.6310598462052824,
            0.39492968904733616,
            95.26415094339623
        ],
        [
            0.626984126984127,
            0.3615189873417722,
            116.17647058823529
        ],
        [
            0.6274482372691662,
            0.3803746275010643,
            109.25581395348837
        ],
        [
            0.6271124173401911,
            0.36908474576271183,
            113.46153846153847
        ],
        [
            0.6273671126709074,
            0.3892754984417026,
            106.95433789954338
        ],
        [
            0.627237542331882,
            0.3751701606316362,
            111.3030303030303
        ],
        [
            0.6315211422295443,
            0.3742870356096809,
            101.359375
        ],
        [
            0.626984126984127,
            0.40290016731734524,
            104.24418604651163
        ],
        [
            0.6307651991614257,
            0.3872146118721461,
            99.54545454545455
        ],
        [
            0.6315789473684211,
            0.3651718112987769,
            104.06060606060606
        ]
    ]
}