{
    "rgb_colors": [
        [
            109.0,
            134.0,
            189.0
        ],
        [
            20.565079365079367,
            54.076190476190476,
            124.93650793650794
        ],
        [
            84.0,
            105.5,
            155.5
        ],
        [
            30.714285714285715,
            61.57142857142857,
            130.0
        ],
        [
            1.1111111111111107,
            35.22222222222223,
            112.66666666666667
        ],
        [
            21.822580645161292,
            55.41129032258065,
            126.20564516129032
        ],
        [
            66.5,
            90.5,
            146.5
        ],
        [
            18.009174311926607,
            51.77981651376147,
            122.76146788990826
        ],
        [
            19.659574468085108,
            53.14589665653495,
            123.76595744680851
        ],
        [
            54.0,
            82.0,
            146.5
        ]
    ],
    "hex_colors": [
        "#6d86bd",
        "#14367c",
        "#54699b",
        "#1e3d82",
        "#012370",
        "#15377e",
        "#425a92",
        "#12337a",
        "#13357b",
        "#365292"
    ],
    "hsl_color_values": [
        [
            0.6145833333333334,
            0.42328042328042326,
            189.0
        ],
        [
            0.6131540793462502,
            0.8353957565747681,
            124.93650793650794
        ],
        [
            0.6165501165501165,
            0.45980707395498394,
            155.5
        ],
        [
            0.6148681055155875,
            0.7637362637362637,
            130.0
        ],
        [
            0.6157038512616202,
            0.9901380670611439,
            112.66666666666667
        ],
        [
            0.6130361442680368,
            0.8270871273842615,
            126.20564516129032
        ],
        [
            0.6166666666666667,
            0.5460750853242321,
            146.5
        ],
        [
            0.6129357155368717,
            0.85329945445034,
            122.76146788990826
        ],
        [
            0.6130575263009352,
            0.8411552346570397,
            123.76595744680851
        ],
        [
            0.6162162162162161,
            0.6313993174061433,
            146.5
        ]
    ]
}