{
    "rgb_colors": [
        [
            58.02173913043478,
            92.95652173913044,
            184.83695652173913
        ],
        [
            61.123711340206185,
            95.98453608247422,
            187.89690721649484
        ],
        [
            62.05806451612903,
            96.96774193548387,
            188.93548387096774
        ],
        [
            59.028901734104046,
            94.01156069364161,
            185.8150289017341
        ],
        [
            73.0,
            108.0,
            199.66666666666666
        ],
        [
            63.06896551724138,
            97.91954022988506,
            189.9655172413793
        ],
        [
            60.069148936170215,
            95.0,
            186.9255319148936
        ],
        [
            56.564516129032256,
            91.54838709677419,
            183.40322580645162
        ],
        [
            64.43103448275862,
            99.22413793103448,
            191.10344827586206
        ],
        [
            66.91666666666667,
            101.75,
            193.58333333333334
        ]
    ],
    "hex_colors": [
        "#3a5cb8",
        "#3d5fbb",
        "#3e60bc",
        "#3b5eb9",
        "#496cc7",
        "#3f61bd",
        "#3c5fba",
        "#385bb7",
        "#4063bf",
        "#4265c1"
    ],
    "hsl_color_values": [
        [
            0.6207536927516357,
            0.6860923257865333,
            184.83695652173913
        ],
        [
            0.6208357051855465,
            0.6746954899593987,
            187.89690721649484
        ],
        [
            0.6208091799722024,
            0.6715383302031757,
            188.93548387096774
        ],
        [
            0.6206802224856388,
            0.6823243949480495,
            185.8150289017341
        ],
        [
            0.6206140350877193,
            0.6343906510851419,
            199.66666666666666
        ],
        [
            0.6208937198067632,
            0.6679978217462335,
            189.9655172413793
        ],
        [
            0.6207737571107105,
            0.6786466336577315,
            186.9255319148936
        ],
        [
            0.6206976941336046,
            0.6915838536628265,
            183.40322580645162
        ],
        [
            0.6208883444489816,
            0.6628473475279683,
            191.10344827586206
        ],
        [
            0.6208333333333332,
            0.654326302195437,
            193.58333333333334
        ]
    ]
}