{
    "rgb_colors": [
        [
            80.58333333333333,
            86.58333333333333,
            119.58333333333333
        ],
        [
            84.21052631578948,
            89.89473684210526,
            123.0
        ],
        [
            90.55882352941177,
            96.38235294117646,
            129.44117647058823
        ],
        [
            89.10810810810811,
            94.94594594594595,
            128.0
        ],
        [
            88.06976744186046,
            93.96511627906976,
            127.0
        ],
        [
            87.0,
            93.0,
            126.0
        ],
        [
            88.16,
            91.16,
            125.16
        ],
        [
            82.97222222222223,
            88.59722222222223,
            121.72222222222223
        ],
        [
            86.0,
            92.0,
            125.0
        ],
        [
            85.0,
            91.0,
            124.0
        ]
    ],
    "hex_colors": [
        "#505677",
        "#54597b",
        "#5a6081",
        "#595e80",
        "#585d7f",
        "#575d7e",
        "#585b7d",
        "#525879",
        "#565c7d",
        "#555b7c"
    ],
    "hsl_color_values": [
        [
            0.641025641025641,
            0.32613240418118467,
            119.58333333333333
        ],
        [
            0.6422433288104931,
            0.3153615746683782,
            123.0
        ],
        [
            0.6417044881492688,
            0.3003862758463985,
            129.44117647058823
        ],
        [
            0.6416492934908501,
            0.3038429054054054,
            128.0
        ],
        [
            0.6414277180406213,
            0.3065372642373192,
            127.0
        ],
        [
            0.641025641025641,
            0.30952380952380953,
            126.0
        ],
        [
            0.6531531531531533,
            0.2956216043464366,
            125.16
        ],
        [
            0.6424731182795699,
            0.3183477863989046,
            121.72222222222223
        ],
        [
            0.641025641025641,
            0.312,
            125.0
        ],
        [
            0.641025641025641,
            0.31451612903225806,
            124.0
        ]
    ]
}