{
    "rgb_colors": [
        [
            63.0,
            71.0,
            103.0
        ],
        [
            60.0,
            68.0,
            100.0
        ],
        [
            61.0,
            69.0,
            101.0
        ],
        [
            65.48275862068965,
            73.48275862068965,
            105.48275862068965
        ],
        [
            58.0,
            66.0,
            98.0
        ],
        [
            55.86363636363636,
            63.86363636363636,
            95.86363636363636
        ],
        [
            57.0,
            65.0,
            97.0
        ],
        [
            59.0,
            67.0,
            99.0
        ],
        [
            64.0,
            72.0,
            104.0
        ],
        [
            62.0,
            70.0,
            102.0
        ]
    ],
    "hex_colors": [
        "#3f4767",
        "#3c4464",
        "#3d4565",
        "#414969",
        "#3a4262",
        "#373f5f",
        "#394161",
        "#3b4363",
        "#404868",
        "#3e4666"
    ],
    "hsl_color_values": [
        [
            0.6333333333333333,
            0.3883495145631068,
            103.0
        ],
        [
            0.6333333333333333,
            0.4,
            100.0
        ],
        [
            0.6333333333333333,
            0.39603960396039606,
            101.0
        ],
        [
            0.6333333333333333,
            0.3792088917947042,
            105.48275862068965
        ],
        [
            0.6333333333333333,
            0.40816326530612246,
            98.0
        ],
        [
            0.6333333333333333,
            0.4172593646277857,
            95.86363636363636
        ],
        [
            0.6333333333333333,
            0.41237113402061853,
            97.0
        ],
        [
            0.6333333333333333,
            0.40404040404040403,
            99.0
        ],
        [
            0.6333333333333333,
            0.38461538461538464,
            104.0
        ],
        [
            0.6333333333333333,
            0.39215686274509803,
            102.0
        ]
    ]
}