{
    "rgb_colors": [
        [
            88.19259259259259,
            117.39259259259259,
            229.28518518518518
        ],
        [
            89.4609375,
            119.3515625,
            231.1015625
        ],
        [
            94.92647058823529,
            123.73529411764706,
            234.9558823529412
        ],
        [
            92.54966887417218,
            121.49006622516556,
            232.88741721854305
        ],
        [
            117.0,
            145.0,
            249.0
        ],
        [
            87.36363636363636,
            114.63636363636364,
            227.21818181818182
        ],
        [
            91.47857142857143,
            119.17857142857143,
            230.8357142857143
        ],
        [
            83.19277108433735,
            112.6987951807229,
            224.96385542168676
        ],
        [
            85.5952380952381,
            115.54761904761905,
            227.57142857142858
        ],
        [
            104.0,
            134.0,
            243.0
        ]
    ],
    "hex_colors": [
        "#5875e5",
        "#5977e7",
        "#5e7bea",
        "#5c79e8",
        "#7591f9",
        "#5772e3",
        "#5b77e6",
        "#5370e0",
        "#5573e3",
        "#6886f3"
    ],
    "hsl_color_values": [
        [
            0.6321739510871943,
            0.615358521653448,
            229.28518518518518
        ],
        [
            0.6314947600661887,
            0.6128934113113147,
            231.1015625
        ],
        [
            0.6323776517538332,
            0.5959817237278588,
            234.9558823529412
        ],
        [
            0.6322967297437591,
            0.602599101404766,
            232.88741721854305
        ],
        [
            0.6313131313131314,
            0.5301204819277109,
            249.0
        ],
        [
            0.6341653666146646,
            0.6155077218532449,
            227.21818181818182
        ],
        [
            0.6335383563984281,
            0.6037070272611939,
            230.8357142857143
        ],
        [
            0.6319792640435115,
            0.6301949443016281,
            224.96385542168676
        ],
        [
            0.6315053943764325,
            0.6238752877170957,
            227.57142857142858
        ],
        [
            0.6306954436450839,
            0.5720164609053497,
            243.0
        ]
    ]
}