{
    "rgb_colors": [
        [
            83.9269406392694,
            92.9269406392694,
            131.07305936073058
        ],
        [
            85.0,
            94.0,
            132.0
        ],
        [
            86.8169014084507,
            95.8169014084507,
            134.1830985915493
        ],
        [
            81.89285714285714,
            90.89285714285714,
            129.10714285714286
        ],
        [
            85.8,
            94.8,
            133.2
        ],
        [
            87.91666666666667,
            96.91666666666667,
            135.52777777777777
        ],
        [
            80.58208955223881,
            89.58208955223881,
            127.76119402985074
        ],
        [
            82.91005291005291,
            91.91005291005291,
            130.0899470899471
        ],
        [
            90.5,
            99.5,
            137.83333333333334
        ],
        [
            84.0,
            93.0,
            133.0
        ]
    ],
    "hex_colors": [
        "#535c83",
        "#555e84",
        "#565f86",
        "#515a81",
        "#555e85",
        "#576087",
        "#50597f",
        "#525b82",
        "#5a6389",
        "#545d85"
    ],
    "hsl_color_values": [
        [
            0.6348506860371267,
            0.35969343319979097,
            131.07305936073058
        ],
        [
            0.6347517730496454,
            0.3560606060606061,
            132.0
        ],
        [
            0.6349985132322331,
            0.3529967460900599,
            134.1830985915493
        ],
        [
            0.6348966212808875,
            0.36569847856154913,
            129.10714285714286
        ],
        [
            0.6350210970464135,
            0.35585585585585583,
            133.2
        ],
        [
            0.6351614157915209,
            0.3513014962082393,
            135.52777777777777
        ],
        [
            0.6348729305072235,
            0.36927570093457934,
            127.76119402985074
        ],
        [
            0.6348734626742926,
            0.36267133037784194,
            130.0899470899471
        ],
        [
            0.6349765258215964,
            0.34340991535671106,
            137.83333333333334
        ],
        [
            0.6360544217687075,
            0.3684210526315789,
            133.0
        ]
    ]
}