{
    "rgb_colors": [
        [
            28.0,
            57.074074074074076,
            123.0
        ],
        [
            29.048000000000002,
            58.208,
            125.048
        ],
        [
            28.027950310559007,
            56.99689440993789,
            124.0031055900621
        ],
        [
            27.96969696969697,
            57.833333333333336,
            121.87878787878788
        ],
        [
            26.975124378109452,
            55.92039800995025,
            122.86567164179104
        ],
        [
            30.106666666666666,
            60.0,
            124.22666666666667
        ],
        [
            37.666666666666664,
            66.66666666666667,
            130.66666666666666
        ],
        [
            47.0,
            76.0,
            141.0
        ],
        [
            26.233333333333334,
            58.3,
            123.96666666666667
        ],
        [
            28.95977011494253,
            59.01724137931034,
            123.03448275862068
        ]
    ],
    "hex_colors": [
        "#1c397b",
        "#1d3a7d",
        "#1c387c",
        "#1b3979",
        "#1a377a",
        "#1e3c7c",
        "#254282",
        "#2f4c8d",
        "#1a3a7b",
        "#1c3b7b"
    ],
    "hsl_color_values": [
        [
            0.6156595191682911,
            0.7723577235772358,
            123.0
        ],
        [
            0.6160416666666667,
            0.7677052012027381,
            125.048
        ],
        [
            0.6163603417033393,
            0.7739738035012146,
            124.0031055900621
        ],
        [
            0.6136656986124556,
            0.7705121829935355,
            121.87878787878788
        ],
        [
            0.6163570959150496,
            0.7804502753482345,
            122.86567164179104
        ],
        [
            0.613731878925249,
            0.7576473113663196,
            124.22666666666667
        ],
        [
            0.614695340501792,
            0.7117346938775511,
            130.66666666666666
        ],
        [
            0.6152482269503546,
            0.6666666666666666,
            141.0
        ],
        [
            0.6119827194179172,
            0.7883839741866093,
            123.96666666666667
        ],
        [
            0.6134156026635714,
            0.7646207025411061,
            123.03448275862068
        ]
    ]
}