{
    "rgb_colors": [
        [
            58.41666666666667,
            85.0,
            143.66666666666666
        ],
        [
            243.45801526717557,
            236.54961832061068,
            181.1145038167939
        ],
        [
            64.4,
            90.3,
            186.9
        ],
        [
            49.66764275256222,
            75.87994143484627,
            173.74084919472912
        ],
        [
            47.395833333333336,
            71.97916666666667,
            162.25
        ],
        [
            251.0285714285714,
            249.0857142857143,
            204.22857142857143
        ],
        [
            206.10000000000002,
            209.60000000000002,
            189.6
        ],
        [
            100.71428571428571,
            118.28571428571428,
            143.28571428571428
        ],
        [
            178.14285714285714,
            183.85714285714283,
            173.57142857142858
        ],
        [
            142.22222222222223,
            152.0,
            157.0
        ]
    ],
    "hex_colors": [
        "#3a558f",
        "#f3ecb5",
        "#405aba",
        "#314bad",
        "#2f47a2",
        "#fbf9cc",
        "#ced1bd",
        "#64768f",
        "#b2b7ad",
        "#8e989d"
    ],
    "hsl_color_values": [
        [
            0.6146953405017922,
            0.5933874709976797,
            143.66666666666666
        ],
        [
            0.1481980327333578,
            0.256075000783871,
            243.45801526717557
        ],
        [
            0.6314285714285713,
            0.6554307116104868,
            186.9
        ],
        [
            0.6314558699739602,
            0.7141280074158345,
            173.74084919472912
        ],
        [
            0.6309934095168995,
            0.7078839239856188,
            162.25
        ],
        [
            0.15974765974765984,
            0.1864329615297063,
            251.0285714285714
        ],
        [
            0.1958333333333333,
            0.0954198473282444,
            209.60000000000002
        ],
        [
            0.5978747203579419,
            0.2971086739780658,
            143.28571428571428
        ],
        [
            0.25925925925925924,
            0.05594405594405575,
            183.85714285714283
        ],
        [
            0.5563909774436091,
            0.09412597310686478,
            157.0
        ]
    ]
}