{
    "rgb_colors": [
        [
            78.0,
            89.0,
            118.0
        ],
        [
            76.0,
            87.0,
            116.0
        ],
        [
            77.0,
            88.0,
            117.0
        ],
        [
            75.0,
            86.0,
            115.0
        ],
        [
            81.17460317460318,
            92.17460317460318,
            121.17460317460318
        ],
        [
            71.32786885245902,
            82.32786885245902,
            111.32786885245902
        ],
        [
            79.0,
            90.0,
            119.0
        ],
        [
            73.51234567901234,
            84.51234567901234,
            113.51234567901234
        ],
        [
            80.0,
            91.0,
            120.0
        ],
        [
            83.25,
            94.25,
            123.25
        ]
    ],
    "hex_colors": [
        "#4e5976",
        "#4c5774",
        "#4d5875",
        "#4b5673",
        "#515c79",
        "#47526f",
        "#4f5a77",
        "#495471",
        "#505b78",
        "#535e7b"
    ],
    "hsl_color_values": [
        [
            0.6208333333333332,
            0.3389830508474576,
            118.0
        ],
        [
            0.6208333333333332,
            0.3448275862068966,
            116.0
        ],
        [
            0.6208333333333332,
            0.3418803418803419,
            117.0
        ],
        [
            0.6208333333333332,
            0.34782608695652173,
            115.0
        ],
        [
            0.6208333333333332,
            0.33010217448257795,
            121.17460317460318
        ],
        [
            0.6208333333333332,
            0.3592990723015756,
            111.32786885245902
        ],
        [
            0.6208333333333332,
            0.33613445378151263,
            119.0
        ],
        [
            0.6208333333333332,
            0.3523845777366904,
            113.51234567901234
        ],
        [
            0.6208333333333332,
            0.3333333333333333,
            120.0
        ],
        [
            0.6208333333333332,
            0.32454361054766734,
            123.25
        ]
    ]
}