{
    "rgb_colors": [
        [
            89.0,
            101.0,
            140.0
        ],
        [
            84.0,
            96.0,
            135.0
        ],
        [
            81.93333333333334,
            93.93333333333334,
            132.93333333333334
        ],
        [
            83.0,
            95.0,
            134.0
        ],
        [
            91.76136363636364,
            103.76136363636364,
            142.76136363636363
        ],
        [
            88.0,
            100.0,
            139.0
        ],
        [
            85.0,
            97.0,
            136.0
        ],
        [
            90.0,
            102.0,
            141.0
        ],
        [
            87.0,
            99.0,
            138.0
        ],
        [
            86.0,
            98.0,
            137.0
        ]
    ],
    "hex_colors": [
        "#59658c",
        "#546087",
        "#515d84",
        "#535f86",
        "#5b678e",
        "#58648b",
        "#556188",
        "#5a668d",
        "#57638a",
        "#566289"
    ],
    "hsl_color_values": [
        [
            0.6274509803921569,
            0.36428571428571427,
            140.0
        ],
        [
            0.6274509803921569,
            0.37777777777777777,
            135.0
        ],
        [
            0.6274509803921569,
            0.3836509528585757,
            132.93333333333334
        ],
        [
            0.6274509803921569,
            0.3805970149253731,
            134.0
        ],
        [
            0.6274509803921569,
            0.35723951285520966,
            142.76136363636363
        ],
        [
            0.6274509803921569,
            0.3669064748201439,
            139.0
        ],
        [
            0.6274509803921569,
            0.375,
            136.0
        ],
        [
            0.6274509803921569,
            0.3617021276595745,
            141.0
        ],
        [
            0.6274509803921569,
            0.3695652173913043,
            138.0
        ],
        [
            0.6274509803921569,
            0.3722627737226277,
            137.0
        ]
    ]
}