{
    "rgb_colors": [
        [
            35.25,
            67.1923076923077,
            134.01923076923077
        ],
        [
            31.089430894308943,
            63.048780487804876,
            129.6260162601626
        ],
        [
            33.03921568627451,
            65.0,
            131.94444444444446
        ],
        [
            32.06060606060606,
            64.003367003367,
            130.88888888888889
        ],
        [
            29.985915492957748,
            61.943661971830984,
            127.90140845070422
        ],
        [
            34.02985074626866,
            66.0,
            132.8955223880597
        ],
        [
            41.4,
            73.0,
            139.8
        ],
        [
            28.904761904761905,
            60.76190476190476,
            125.0952380952381
        ],
        [
            37.5,
            69.3,
            136.0
        ],
        [
            45.0,
            76.6,
            143.0
        ]
    ],
    "hex_colors": [
        "#234386",
        "#1f3f81",
        "#214183",
        "#204082",
        "#1d3d7f",
        "#224284",
        "#29498b",
        "#1c3c7d",
        "#254588",
        "#2d4c8f"
    ],
    "hsl_color_values": [
        [
            0.6127660955347872,
            0.7369780456306501,
            134.01923076923077
        ],
        [
            0.6126100110011001,
            0.7601605619668841,
            129.6260162601626
        ],
        [
            0.612809075389614,
            0.7495975232198143,
            131.94444444444446
        ],
        [
            0.6127975379304079,
            0.7550547924062355,
            130.88888888888889
        ],
        [
            0.6122698504027618,
            0.7655544543552473,
            127.90140845070422
        ],
        [
            0.6127717391304347,
            0.7439353099730458,
            132.8955223880597
        ],
        [
            0.6131436314363143,
            0.703862660944206,
            139.8
        ],
        [
            0.6114686468646865,
            0.7689379520365437,
            125.0952380952381
        ],
        [
            0.6128595600676819,
            0.7242647058823529,
            136.0
        ],
        [
            0.6129251700680273,
            0.6853146853146853,
            143.0
        ]
    ]
}