{
    "rgb_colors": [
        [
            53.355932203389834,
            84.9957627118644,
            162.76694915254237
        ],
        [
            49.52727272727273,
            81.45454545454545,
            158.55151515151516
        ],
        [
            76.625,
            107.75,
            183.375
        ],
        [
            55.16260162601626,
            86.54471544715447,
            164.9268292682927
        ],
        [
            45.294117647058826,
            77.47058823529412,
            155.35294117647058
        ],
        [
            52.08860759493671,
            83.80168776371308,
            161.32489451476792
        ],
        [
            68.125,
            99.5625,
            176.0
        ],
        [
            50.96954314720812,
            82.7005076142132,
            160.3451776649746
        ],
        [
            96.0,
            128.0,
            203.0
        ],
        [
            61.041666666666664,
            92.41666666666667,
            169.54166666666666
        ]
    ],
    "hex_colors": [
        "#3554a2",
        "#31519e",
        "#4c6bb7",
        "#3756a4",
        "#2d4d9b",
        "#3453a1",
        "#4463b0",
        "#3252a0",
        "#6080cb",
        "#3d5ca9"
    ],
    "hsl_color_values": [
        [
            0.6184694628403239,
            0.6721943092182333,
            162.76694915254237
        ],
        [
            0.6178590620193822,
            0.6876266197775315,
            158.55151515151516
        ],
        [
            0.6180718188914911,
            0.5821404226312201,
            183.375
        ],
        [
            0.6190158753672567,
            0.6655328798185942,
            164.9268292682927
        ],
        [
            0.617940495278817,
            0.7084437712987505,
            155.35294117647058
        ],
        [
            0.6182806082377329,
            0.6771198409792331,
            161.32489451476792
        ],
        [
            0.6180957898802627,
            0.6129261363636364,
            176.0
        ],
        [
            0.6183150013149549,
            0.6821261238444979,
            160.3451776649746
        ],
        [
            0.616822429906542,
            0.5270935960591133,
            203.0
        ],
        [
            0.6184715821812596,
            0.6399606782993364,
            169.54166666666666
        ]
    ]
}