{
    "rgb_colors": [
        [
            72.0,
            75.0,
            99.0
        ],
        [
            76.0,
            79.0,
            103.0
        ],
        [
            74.0,
            77.0,
            101.0
        ],
        [
            78.28169014084507,
            81.28169014084507,
            105.28169014084507
        ],
        [
            71.0,
            74.0,
            98.0
        ],
        [
            75.0,
            78.0,
            102.0
        ],
        [
            73.0,
            76.0,
            100.0
        ],
        [
            77.0,
            80.0,
            104.0
        ],
        [
            80.4,
            83.4,
            107.4
        ],
        [
            69.71428571428571,
            72.71428571428571,
            96.71428571428571
        ]
    ],
    "hex_colors": [
        "#484b63",
        "#4c4f67",
        "#4a4d65",
        "#4e5169",
        "#474a62",
        "#4b4e66",
        "#494c64",
        "#4d5068",
        "#50536b",
        "#454860"
    ],
    "hsl_color_values": [
        [
            0.6481481481481483,
            0.2727272727272727,
            99.0
        ],
        [
            0.6481481481481483,
            0.2621359223300971,
            103.0
        ],
        [
            0.6481481481481483,
            0.26732673267326734,
            101.0
        ],
        [
            0.6481481481481483,
            0.25645484949832775,
            105.28169014084507
        ],
        [
            0.6481481481481483,
            0.2755102040816326,
            98.0
        ],
        [
            0.6481481481481483,
            0.2647058823529412,
            102.0
        ],
        [
            0.6481481481481483,
            0.27,
            100.0
        ],
        [
            0.6481481481481483,
            0.25961538461538464,
            104.0
        ],
        [
            0.6481481481481483,
            0.25139664804469275,
            107.4
        ],
        [
            0.6481481481481483,
            0.27917282127031023,
            96.71428571428571
        ]
    ]
}