{
    "rgb_colors": [
        [
            71.0,
            81.0,
            113.0
        ],
        [
            69.0,
            79.0,
            111.0
        ],
        [
            79.75,
            89.75,
            121.75
        ],
        [
            65.22857142857143,
            75.22857142857143,
            107.22857142857143
        ],
        [
            72.0,
            82.0,
            114.0
        ],
        [
            67.54605263157895,
            77.54605263157895,
            109.54605263157895
        ],
        [
            73.83253588516746,
            83.83253588516746,
            115.83253588516746
        ],
        [
            76.47222222222223,
            86.47222222222223,
            118.47222222222223
        ],
        [
            84.66666666666667,
            94.66666666666667,
            126.66666666666667
        ],
        [
            70.0,
            80.0,
            112.0
        ]
    ],
    "hex_colors": [
        "#475171",
        "#454f6f",
        "#4f5979",
        "#414b6b",
        "#485272",
        "#434d6d",
        "#495373",
        "#4c5676",
        "#545e7e",
        "#465070"
    ],
    "hsl_color_values": [
        [
            0.626984126984127,
            0.37168141592920356,
            113.0
        ],
        [
            0.626984126984127,
            0.3783783783783784,
            111.0
        ],
        [
            0.626984126984127,
            0.34496919917864477,
            121.75
        ],
        [
            0.626984126984127,
            0.39168665067945646,
            107.22857142857143
        ],
        [
            0.626984126984127,
            0.3684210526315789,
            114.0
        ],
        [
            0.626984126984127,
            0.38340039637259027,
            109.54605263157895
        ],
        [
            0.626984126984127,
            0.36259242430501054,
            115.83253588516746
        ],
        [
            0.626984126984127,
            0.35451348182883935,
            118.47222222222223
        ],
        [
            0.626984126984127,
            0.33157894736842103,
            126.66666666666667
        ],
        [
            0.626984126984127,
            0.375,
            112.0
        ]
    ]
}