{
    "rgb_colors": [
        [
            54.51851851851853,
            74.44444444444446,
            162.25925925925927
        ],
        [
            240.1313725490196,
            233.54313725490195,
            198.63333333333333
        ],
        [
            9.222222222222229,
            42.33333333333334,
            136.22222222222223
        ],
        [
            179.0,
            183.0,
            187.5
        ],
        [
            132.0,
            136.2,
            154.4
        ],
        [
            244.61724137931034,
            239.39310344827587,
            206.72758620689655
        ],
        [
            46.123188405797094,
            70.1231884057971,
            165.7463768115942
        ],
        [
            86.57142857142858,
            95.28571428571429,
            134.14285714285714
        ],
        [
            214.25,
            217.125,
            208.5
        ],
        [
            0.0,
            2.7272727272727195,
            122.04545454545455
        ]
    ],
    "hex_colors": [
        "#364aa2",
        "#f0e9c6",
        "#092a88",
        "#b3b7bb",
        "#84889a",
        "#f4efce",
        "#2e46a5",
        "#565f86",
        "#d6d9d0",
        "#00027a"
    ],
    "hsl_color_values": [
        [
            0.6358427867537527,
            0.6640036521342159,
            162.25925925925927
        ],
        [
            0.1402066402066402,
            0.17281390088758605,
            240.1313725490196
        ],
        [
            0.6232137649460484,
            0.932300163132137,
            136.22222222222223
        ],
        [
            0.5882352941176471,
            0.04533333333333334,
            187.5
        ],
        [
            0.6354166666666669,
            0.14507772020725393,
            154.4
        ],
        [
            0.14368705254216724,
            0.1548936410155204,
            244.61724137931034
        ],
        [
            0.6332283337371779,
            0.7217243037642636,
            165.7463768115942
        ],
        [
            0.6361361361361362,
            0.3546325878594248,
            134.14285714285714
        ],
        [
            0.22222222222222224,
            0.039723661485319514,
            217.125
        ],
        [
            0.6629422718808193,
            1.0,
            122.04545454545455
        ]
    ]
}