{
    "rgb_colors": [
        [
            38.039408866995075,
            61.98029556650246,
            151.9064039408867
        ],
        [
            39.119565217391305,
            63.065217391304344,
            152.97826086956522
        ],
        [
            44.5,
            65.5,
            156.25
        ],
        [
            41.11290322580645,
            62.16129032258065,
            153.01612903225808
        ],
        [
            38.22222222222222,
            61.2037037037037,
            154.11111111111111
        ],
        [
            38.857142857142854,
            59.888888888888886,
            150.8015873015873
        ],
        [
            39.958333333333336,
            61.041666666666664,
            151.90625
        ],
        [
            36.86538461538461,
            60.8525641025641,
            150.87179487179486
        ],
        [
            53.0,
            74.0,
            165.0
        ],
        [
            36.666666666666664,
            59.65277777777778,
            152.625
        ]
    ],
    "hex_colors": [
        "#263d97",
        "#273f98",
        "#2c419c",
        "#293e99",
        "#263d9a",
        "#263b96",
        "#273d97",
        "#243c96",
        "#354aa5",
        "#243b98"
    ],
    "hsl_color_values": [
        [
            0.6316244862643305,
            0.7495865356552194,
            151.9064039408867
        ],
        [
            0.6316149562450278,
            0.7442802330538582,
            152.97826086956522
        ],
        [
            0.6353467561521252,
            0.7152,
            156.25
        ],
        [
            0.6353175747093301,
            0.7313165384209972,
            153.01612903225808
        ],
        [
            0.6336156386491957,
            0.7519826964671954,
            154.11111111111111
        ],
        [
            0.6353538934184096,
            0.7423293510867849,
            150.8015873015873
        ],
        [
            0.6352780620948483,
            0.7369539875197146,
            151.90625
        ],
        [
            0.6315996626370537,
            0.755650917743032,
            150.87179487179486
        ],
        [
            0.6354166666666666,
            0.6787878787878788,
            165.0
        ],
        [
            0.6336287778975526,
            0.7597597597597598,
            152.625
        ]
    ]
}