{
    "rgb_colors": [
        [
            41.03260869565217,
            71.97826086956522,
            151.93478260869566
        ],
        [
            37.68421052631579,
            68.56140350877193,
            148.82456140350877
        ],
        [
            40.469026548672566,
            71.45132743362832,
            153.39823008849558
        ],
        [
            42.05172413793103,
            72.97413793103448,
            153.70689655172413
        ],
        [
            46.26785714285714,
            77.19642857142857,
            157.125
        ],
        [
            44.05555555555556,
            75.0,
            154.9047619047619
        ],
        [
            43.08461538461538,
            73.97692307692307,
            154.33076923076922
        ],
        [
            39.48979591836735,
            70.421768707483,
            150.37414965986395
        ],
        [
            38.764044943820224,
            69.69662921348315,
            151.58426966292134
        ],
        [
            45.02040816326531,
            75.95918367346938,
            155.92857142857142
        ]
    ],
    "hex_colors": [
        "#294797",
        "#254494",
        "#284799",
        "#2a4899",
        "#2e4d9d",
        "#2c4b9a",
        "#2b499a",
        "#274696",
        "#264597",
        "#2d4b9b"
    ],
    "hsl_color_values": [
        [
            0.620160737038126,
            0.7299327514665904,
            151.93478260869566
        ],
        [
            0.6203630623520127,
            0.7467876930331251,
            148.82456140350877
        ],
        [
            0.6209414100253375,
            0.7361832237221646,
            153.39823008849558
        ],
        [
            0.6205090590899732,
            0.7264161525518789,
            153.70689655172413
        ],
        [
            0.6201675257731959,
            0.705534719854529,
            157.125
        ],
        [
            0.620140330779695,
            0.7155958602315811,
            154.9047619047619
        ],
        [
            0.6203844558152399,
            0.7208293874295968,
            154.33076923076922
        ],
        [
            0.6201738241308794,
            0.7373897308301289,
            150.37414965986395
        ],
        [
            0.6209706868505793,
            0.7442739604180565,
            151.58426966292134
        ],
        [
            0.620173582359616,
            0.7112754400889995,
            155.92857142857142
        ]
    ]
}