{
    "rgb_colors": [
        [
            61.0,
            69.0,
            101.0
        ],
        [
            57.70192307692308,
            65.70192307692308,
            97.70192307692308
        ],
        [
            66.375,
            74.375,
            106.375
        ],
        [
            55.58064516129032,
            63.58064516129032,
            95.58064516129032
        ],
        [
            60.0,
            68.0,
            100.0
        ],
        [
            63.0,
            71.0,
            103.0
        ],
        [
            59.0,
            67.0,
            99.0
        ],
        [
            68.6086956521739,
            76.6086956521739,
            108.6086956521739
        ],
        [
            64.45341614906832,
            72.45341614906832,
            104.45341614906832
        ],
        [
            62.0,
            70.0,
            102.0
        ]
    ],
    "hex_colors": [
        "#3d4565",
        "#394161",
        "#424a6a",
        "#373f5f",
        "#3c4464",
        "#3f4767",
        "#3b4363",
        "#444c6c",
        "#404868",
        "#3e4666"
    ],
    "hsl_color_values": [
        [
            0.6333333333333333,
            0.39603960396039606,
            101.0
        ],
        [
            0.6333333333333333,
            0.4094085227831906,
            97.70192307692308
        ],
        [
            0.6333333333333333,
            0.37602820211515864,
            106.375
        ],
        [
            0.6333333333333333,
            0.41849476881538983,
            95.58064516129032
        ],
        [
            0.6333333333333333,
            0.4,
            100.0
        ],
        [
            0.6333333333333333,
            0.3883495145631068,
            103.0
        ],
        [
            0.6333333333333333,
            0.40404040404040403,
            99.0
        ],
        [
            0.6333333333333333,
            0.36829463570856685,
            108.6086956521739
        ],
        [
            0.6333333333333333,
            0.38294582862579535,
            104.45341614906832
        ],
        [
            0.6333333333333333,
            0.39215686274509803,
            102.0
        ]
    ]
}