{
    "rgb_colors": [
        [
            95.0,
            107.0,
            146.0
        ],
        [
            90.0,
            102.0,
            141.0
        ],
        [
            89.0,
            101.0,
            140.0
        ],
        [
            99.0,
            111.0,
            150.0
        ],
        [
            91.0,
            103.0,
            142.0
        ],
        [
            87.59375,
            99.59375,
            138.59375
        ],
        [
            96.31343283582089,
            108.31343283582089,
            147.3134328358209
        ],
        [
            92.0,
            104.0,
            143.0
        ],
        [
            93.0,
            105.0,
            144.0
        ],
        [
            94.0,
            106.0,
            145.0
        ]
    ],
    "hex_colors": [
        "#5f6b92",
        "#5a668d",
        "#59658c",
        "#636f96",
        "#5b678e",
        "#57638a",
        "#606c93",
        "#5c688f",
        "#5d6990",
        "#5e6a91"
    ],
    "hsl_color_values": [
        [
            0.6274509803921569,
            0.3493150684931507,
            146.0
        ],
        [
            0.6274509803921569,
            0.3617021276595745,
            141.0
        ],
        [
            0.6274509803921569,
            0.36428571428571427,
            140.0
        ],
        [
            0.6274509803921569,
            0.34,
            150.0
        ],
        [
            0.6274509803921569,
            0.3591549295774648,
            142.0
        ],
        [
            0.6274509803921569,
            0.36798196166854563,
            138.59375
        ],
        [
            0.6274509803921569,
            0.3462006079027356,
            147.3134328358209
        ],
        [
            0.6274509803921569,
            0.35664335664335667,
            143.0
        ],
        [
            0.6274509803921569,
            0.3541666666666667,
            144.0
        ],
        [
            0.6274509803921569,
            0.35172413793103446,
            145.0
        ]
    ]
}