{
    "rgb_colors": [
        [
            43.96875,
            63.875,
            152.75
        ],
        [
            51.0,
            71.0,
            160.0
        ],
        [
            40.927374301675975,
            60.977653631284916,
            149.91620111731842
        ],
        [
            40.03846153846154,
            60.04615384615384,
            148.96153846153845
        ],
        [
            45.55555555555556,
            65.44444444444444,
            154.44444444444446
        ],
        [
            38.61538461538461,
            58.92307692307692,
            147.87179487179486
        ],
        [
            38.955555555555556,
            60.022222222222226,
            148.93333333333334
        ],
        [
            43.04347826086956,
            62.869565217391305,
            151.0
        ],
        [
            42.935483870967744,
            62.946236559139784,
            152.0
        ],
        [
            41.89761092150171,
            61.96245733788396,
            150.90443686006827
        ]
    ],
    "hex_colors": [
        "#2b3f98",
        "#3347a0",
        "#283c95",
        "#283c94",
        "#2d419a",
        "#263a93",
        "#263c94",
        "#2b3e97",
        "#2a3e98",
        "#293d96"
    ],
    "hsl_color_values": [
        [
            0.6361677678827923,
            0.712152209492635,
            152.75
        ],
        [
            0.636085626911315,
            0.68125,
            160.0
        ],
        [
            0.6360056042510295,
            0.7269983230855227,
            149.91620111731842
        ],
        [
            0.6360522598870056,
            0.7312161115414406,
            148.96153846153845
        ],
        [
            0.6362244897959184,
            0.7050359712230216,
            154.44444444444446
        ],
        [
            0.6356880231557538,
            0.738859025489856,
            147.87179487179486
        ],
        [
            0.6347410251229205,
            0.7384362876753209,
            148.93333333333334
        ],
        [
            0.6360585313464894,
            0.7149438525770228,
            151.0
        ],
        [
            0.6360872851556082,
            0.7175297113752123,
            152.0
        ],
        [
            0.6359883945437658,
            0.7223566662897207,
            150.90443686006827
        ]
    ]
}