{
    "rgb_colors": [
        [
            26.972972972972972,
            45.00772200772201,
            135.01544401544402
        ],
        [
            25.0225988700565,
            43.016949152542374,
            133.0
        ],
        [
            24.0,
            42.0,
            132.0
        ],
        [
            25.0,
            42.75,
            132.0
        ],
        [
            26.0,
            44.0,
            133.0
        ],
        [
            27.0,
            45.0,
            134.0
        ],
        [
            27.948275862068964,
            45.91379310344828,
            135.79310344827587
        ],
        [
            26.008426966292134,
            44.014044943820224,
            134.0056179775281
        ],
        [
            25.0,
            44.857142857142854,
            134.0
        ],
        [
            28.857142857142858,
            47.142857142857146,
            136.85714285714286
        ]
    ],
    "hex_colors": [
        "#1a2d87",
        "#192b85",
        "#182a84",
        "#192a84",
        "#1a2c85",
        "#1b2d86",
        "#1b2d87",
        "#1a2c86",
        "#192c86",
        "#1c2f88"
    ],
    "hsl_color_values": [
        [
            0.6388462042430523,
            0.8002230547055964,
            135.01544401544402
        ],
        [
            0.6388917957304311,
            0.8118601588717557,
            133.0
        ],
        [
            0.6388888888888888,
            0.8181818181818182,
            132.0
        ],
        [
            0.639018691588785,
            0.8106060606060606,
            132.0
        ],
        [
            0.6386292834890965,
            0.8045112781954887,
            133.0
        ],
        [
            0.6386292834890965,
            0.7985074626865671,
            134.0
        ],
        [
            0.6389022115640821,
            0.7941848654139156,
            135.79310344827587
        ],
        [
            0.638879496449658,
            0.8059153984823711,
            134.0056179775281
        ],
        [
            0.6363040629095674,
            0.8134328358208955,
            134.0
        ],
        [
            0.6384479717813051,
            0.7891440501043842,
            136.85714285714286
        ]
    ]
}