{
    "rgb_colors": [
        [
            86.0,
            93.0,
            130.25892857142858
        ],
        [
            83.0,
            90.0,
            127.0
        ],
        [
            81.0,
            88.0,
            125.24324324324324
        ],
        [
            82.0,
            89.0,
            126.31333333333333
        ],
        [
            85.0,
            92.0,
            129.28571428571428
        ],
        [
            83.0,
            90.0,
            128.0
        ],
        [
            88.41379310344827,
            95.41379310344827,
            132.82758620689654
        ],
        [
            79.71428571428571,
            86.71428571428571,
            123.92063492063492
        ],
        [
            87.0,
            94.0,
            131.23214285714286
        ],
        [
            84.0,
            91.0,
            128.2336956521739
        ]
    ],
    "hex_colors": [
        "#565d82",
        "#535a7f",
        "#51587d",
        "#52597e",
        "#555c81",
        "#535a80",
        "#585f84",
        "#4f567b",
        "#575e83",
        "#545b80"
    ],
    "hsl_color_values": [
        [
            0.6403066370788784,
            0.33977654397148543,
            130.25892857142858
        ],
        [
            0.6401515151515151,
            0.3464566929133858,
            127.0
        ],
        [
            0.640297291793932,
            0.35325852395338797,
            125.24324324324324
        ],
        [
            0.6403390000501479,
            0.3508207104027023,
            126.31333333333333
        ],
        [
            0.6403225806451612,
            0.34254143646408836,
            129.28571428571428
        ],
        [
            0.6407407407407407,
            0.3515625,
            128.0
        ],
        [
            0.6403985507246377,
            0.3343717549325026,
            132.82758620689654
        ],
        [
            0.6402752842609217,
            0.3567311387216601,
            123.92063492063492
        ],
        [
            0.6402906742026645,
            0.3370526602258811,
            131.23214285714286
        ],
        [
            0.6402916001146742,
            0.34494596312778125,
            128.2336956521739
        ]
    ]
}