{
    "rgb_colors": [
        [
            20.525679758308158,
            57.38066465256797,
            129.62839879154077
        ],
        [
            118.09016393442623,
            199.60655737704917,
            81.12295081967213
        ],
        [
            127.36842105263158,
            211.92105263157896,
            87.13157894736842
        ],
        [
            222.71875,
            254.625,
            208.84375
        ],
        [
            0.12121212121211755,
            33.09090909090909,
            116.0
        ],
        [
            29.48717948717949,
            63.30769230769231,
            128.82051282051282
        ],
        [
            92.06060606060606,
            116.81818181818181,
            130.6060606060606
        ],
        [
            173.25,
            245.71875,
            117.4375
        ],
        [
            134.03125,
            226.0625,
            85.65625
        ],
        [
            18.557228915662648,
            55.41566265060241,
            127.8132530120482
        ]
    ],
    "hex_colors": [
        "#143981",
        "#76c751",
        "#7fd357",
        "#defed0",
        "#002174",
        "#1d3f80",
        "#5c7482",
        "#adf575",
        "#86e255",
        "#12377f"
    ],
    "hsl_color_values": [
        [
            0.6103665346735708,
            0.8416575383969982,
            129.62839879154077
        ],
        [
            0.28133287213190356,
            0.5935857424441524,
            199.60655737704917
        ],
        [
            0.2795937016729931,
            0.5888488761952068,
            211.92105263157896
        ],
        [
            0.2828213879408419,
            0.1797987236131566,
            254.625
        ],
        [
            0.6192468619246863,
            0.9989550679205851,
            116.0
        ],
        [
            0.6099208397866116,
            0.7710987261146497,
            128.82051282051282
        ],
        [
            0.5596174004192872,
            0.2951276102088166,
            130.6060606060606
        ],
        [
            0.260820138043037,
            0.5220653694518631,
            245.71875
        ],
        [
            0.2759106758661622,
            0.6210948299695881,
            226.0625
        ],
        [
            0.6104402723789044,
            0.8548098223122967,
            127.8132530120482
        ]
    ]
}