{
    "rgb_colors": [
        [
            42.25,
            70.5,
            137.0
        ],
        [
            28.21276595744681,
            57.59574468085106,
            125.08510638297872
        ],
        [
            56.0,
            83.5,
            148.5
        ],
        [
            75.5,
            102.5,
            166.5
        ],
        [
            30.05298013245033,
            59.01324503311258,
            126.6092715231788
        ],
        [
            31.84375,
            60.53125,
            126.78125
        ],
        [
            68.0,
            94.5,
            158.5
        ],
        [
            30.802702702702703,
            60.116216216216216,
            127.65405405405406
        ],
        [
            32.1875,
            61.299479166666664,
            128.77083333333334
        ],
        [
            35.23076923076923,
            64.07692307692308,
            131.23076923076923
        ]
    ],
    "hex_colors": [
        "#2a4689",
        "#1c397d",
        "#385394",
        "#4b66a6",
        "#1e3b7e",
        "#1f3c7e",
        "#445e9e",
        "#1e3c7f",
        "#203d80",
        "#234083"
    ],
    "hsl_color_values": [
        [
            0.6169744942832014,
            0.6916058394160584,
            137.0
        ],
        [
            0.6161139175635113,
            0.774451437319272,
            125.08510638297872
        ],
        [
            0.6171171171171171,
            0.622895622895623,
            148.5
        ],
        [
            0.6172161172161172,
            0.5465465465465466,
            166.5
        ],
        [
            0.6166780978509374,
            0.7626320744847788,
            126.6092715231788
        ],
        [
            0.6163045863506693,
            0.7488291841262016,
            126.78125
        ],
        [
            0.6178637200736649,
            0.5709779179810726,
            158.5
        ],
        [
            0.6162225012790102,
            0.7587017276422764,
            127.65405405405406
        ],
        [
            0.6164302919183204,
            0.7500404465296878,
            128.77083333333334
        ],
        [
            0.6165865384615384,
            0.731535756154748,
            131.23076923076923
        ]
    ]
}