{
    "rgb_colors": [
        [
            38.0,
            65.98333333333333,
            128.93333333333334
        ],
        [
            34.92913385826772,
            63.110236220472444,
            127.95275590551181
        ],
        [
            35.97674418604651,
            63.94186046511628,
            127.19767441860465
        ],
        [
            37.03669724770642,
            64.9908256880734,
            127.93577981651376
        ],
        [
            37.03720930232558,
            64.9953488372093,
            130.0093023255814
        ],
        [
            33.68421052631579,
            62.078947368421055,
            126.86842105263158
        ],
        [
            38.0,
            65.9921875,
            130.796875
        ],
        [
            37.0,
            64.67567567567568,
            129.0
        ],
        [
            35.97837837837838,
            64.02162162162162,
            129.0
        ],
        [
            39.07692307692308,
            67.07692307692308,
            131.15384615384616
        ]
    ],
    "hex_colors": [
        "#264180",
        "#223f7f",
        "#233f7f",
        "#25407f",
        "#254082",
        "#213e7e",
        "#264182",
        "#254081",
        "#234081",
        "#274383"
    ],
    "hsl_color_values": [
        [
            0.6153775659824047,
            0.7052740434332989,
            128.93333333333334
        ],
        [
            0.6161757237176232,
            0.7270153846153846,
            127.95275590551181
        ],
        [
            0.6155725515190142,
            0.717158789651705,
            127.19767441860465
        ],
        [
            0.6154117884537748,
            0.710505557547508,
            127.93577981651376
        ],
        [
            0.6165474344222656,
            0.7151187750429308,
            130.0093023255814
        ],
        [
            0.6158806363550786,
            0.7344949180667911,
            126.86842105263158
        ],
        [
            0.6163916484256609,
            0.7094731812208817,
            130.796875
        ],
        [
            0.6165295730513122,
            0.7131782945736435,
            129.0
        ],
        [
            0.6164216398396188,
            0.7210978420280746,
            129.0
        ],
        [
            0.6159844054580897,
            0.7020527859237536,
            131.15384615384616
        ]
    ]
}