{
    "rgb_colors": [
        [
            129.34810126582278,
            200.71835443037975,
            84.84810126582278
        ],
        [
            62.63333333333333,
            115.83333333333334,
            109.13333333333334
        ],
        [
            167.45454545454544,
            233.0909090909091,
            127.22727272727272
        ],
        [
            141.26666666666665,
            212.83333333333331,
            96.33333333333333
        ],
        [
            39.699421965317924,
            71.60115606936417,
            137.3757225433526
        ],
        [
            157.62962962962962,
            227.0,
            103.70370370370371
        ],
        [
            43.205882352941174,
            82.47058823529412,
            123.26470588235294
        ],
        [
            38.39473684210527,
            72.13157894736842,
            130.02631578947367
        ],
        [
            134.56363636363636,
            205.83636363636364,
            89.18787878787879
        ],
        [
            154.375,
            218.25,
            126.4375
        ]
    ],
    "hex_colors": [
        "#81c854",
        "#3e736d",
        "#a7e97f",
        "#8dd460",
        "#274789",
        "#9de367",
        "#2b527b",
        "#264882",
        "#86cd59",
        "#9ada7e"
    ],
    "hsl_color_values": [
        [
            0.269324957895216,
            0.5772778154413736,
            200.71835443037975
        ],
        [
            0.4790100250626566,
            0.4592805755395684,
            115.83333333333334
        ],
        [
            0.2700014312294261,
            0.4541731669266771,
            233.0909090909091
        ],
        [
            0.26905102527420127,
            0.5473766640563821,
            212.83333333333331
        ],
        [
            0.6122322168303942,
            0.7110157367668096,
            137.3757225433526
        ],
        [
            0.26043857014118355,
            0.5431554902920541,
            227.0
        ],
        [
            0.5849253000244917,
            0.6494869959436889,
            123.26470588235294
        ],
        [
            0.6053034654413172,
            0.7047156446063549,
            130.02631578947367
        ],
        [
            0.26850071872672804,
            0.5667049436151106,
            205.83636363636364
        ],
        [
            0.2826185613796233,
            0.4206758304696449,
            218.25
        ]
    ]
}