{
    "rgb_colors": [
        [
            46.0,
            71.0,
            190.0
        ],
        [
            66.49655172413793,
            91.82068965517242,
            204.93103448275863
        ],
        [
            83.25,
            108.0,
            219.625
        ],
        [
            69.552,
            95.288,
            208.44
        ],
        [
            61.71875,
            85.984375,
            198.9921875
        ],
        [
            64.08484848484848,
            88.5030303030303,
            201.42424242424244
        ],
        [
            67.68627450980392,
            93.36274509803921,
            206.58333333333334
        ],
        [
            72.24137931034483,
            97.91379310344827,
            210.94827586206895
        ],
        [
            65.21505376344086,
            90.39784946236558,
            203.5
        ],
        [
            104.75,
            129.75,
            236.5
        ]
    ],
    "hex_colors": [
        "#2e47be",
        "#425bcc",
        "#536cdb",
        "#455fd0",
        "#3d55c6",
        "#4058c9",
        "#435dce",
        "#4861d2",
        "#415acb",
        "#6881ec"
    ],
    "hsl_color_values": [
        [
            0.6377314814814815,
            0.7578947368421053,
            190.0
        ],
        [
            0.6361779504807453,
            0.675517415446744,
            204.93103448275863
        ],
        [
            0.6364191872899481,
            0.6209447922595333,
            219.625
        ],
        [
            0.6357832690129217,
            0.666321243523316,
            208.44
        ],
        [
            0.6372052434883235,
            0.6898433512622197,
            198.9921875
        ],
        [
            0.6370342585646411,
            0.6818414322250641,
            201.42424242424244
        ],
        [
            0.6358567143109228,
            0.6723536530384643,
            206.58333333333334
        ],
        [
            0.6358193494924383,
            0.6575398447078055,
            210.94827586206895
        ],
        [
            0.6363153324780012,
            0.679532905339357,
            203.5
        ],
        [
            0.6350411132194814,
            0.5570824524312896,
            236.5
        ]
    ]
}