{
    "rgb_colors": [
        [
            69.0,
            84.0,
            122.0
        ],
        [
            68.0,
            83.0,
            121.0
        ],
        [
            71.0,
            86.0,
            124.0
        ],
        [
            70.0,
            85.0,
            123.0
        ],
        [
            74.0,
            89.0,
            127.0
        ],
        [
            66.0,
            81.0,
            119.0
        ],
        [
            72.0,
            87.0,
            125.0
        ],
        [
            67.0,
            82.0,
            120.0
        ],
        [
            73.0,
            88.0,
            126.0
        ],
        [
            65.0,
            80.0,
            118.0
        ]
    ],
    "hex_colors": [
        "#45547a",
        "#445379",
        "#47567c",
        "#46557b",
        "#4a597f",
        "#425177",
        "#48577d",
        "#435278",
        "#49587e",
        "#415076"
    ],
    "hsl_color_values": [
        [
            0.619496855345912,
            0.4344262295081967,
            122.0
        ],
        [
            0.619496855345912,
            0.4380165289256198,
            121.0
        ],
        [
            0.619496855345912,
            0.4274193548387097,
            124.0
        ],
        [
            0.619496855345912,
            0.43089430894308944,
            123.0
        ],
        [
            0.619496855345912,
            0.41732283464566927,
            127.0
        ],
        [
            0.619496855345912,
            0.44537815126050423,
            119.0
        ],
        [
            0.619496855345912,
            0.424,
            125.0
        ],
        [
            0.619496855345912,
            0.44166666666666665,
            120.0
        ],
        [
            0.619496855345912,
            0.42063492063492064,
            126.0
        ],
        [
            0.619496855345912,
            0.4491525423728814,
            118.0
        ]
    ]
}