{
    "rgb_colors": [
        [
            73.79802955665025,
            77.79802955665025,
            105.79802955665025
        ],
        [
            70.53383458646617,
            75.53383458646617,
            100.53383458646617
        ],
        [
            70.0,
            74.0,
            102.0
        ],
        [
            71.47448979591837,
            75.47448979591837,
            103.47448979591837
        ],
        [
            68.81967213114754,
            72.81967213114754,
            100.81967213114754
        ],
        [
            76.55172413793103,
            80.8103448275862,
            108.03448275862068
        ],
        [
            72.464,
            77.464,
            102.464
        ],
        [
            68.71428571428571,
            73.71428571428571,
            98.71428571428571
        ],
        [
            66.58333333333333,
            71.29166666666667,
            97.16666666666667
        ],
        [
            74.3409090909091,
            79.3409090909091,
            104.3409090909091
        ]
    ],
    "hex_colors": [
        "#494d69",
        "#464b64",
        "#464a66",
        "#474b67",
        "#444864",
        "#4c506c",
        "#484d66",
        "#444962",
        "#424761",
        "#4a4f68"
    ],
    "hsl_color_values": [
        [
            0.6458333333333334,
            0.30246310006052984,
            105.79802955665025
        ],
        [
            0.6388888888888888,
            0.29840700022436617,
            100.53383458646617
        ],
        [
            0.6458333333333334,
            0.3137254901960784,
            102.0
        ],
        [
            0.6458333333333334,
            0.30925496770376215,
            103.47448979591837
        ],
        [
            0.6458333333333334,
            0.3173983739837398,
            100.81967213114754
        ],
        [
            0.6441219423147134,
            0.2914139802106607,
            108.03448275862068
        ],
        [
            0.6388888888888888,
            0.2927857589006871,
            102.464
        ],
        [
            0.6388888888888888,
            0.3039073806078148,
            98.71428571428571
        ],
        [
            0.641008174386921,
            0.31475128644939976,
            97.16666666666667
        ],
        [
            0.6388888888888888,
            0.2875190590285341,
            104.3409090909091
        ]
    ]
}