{
    "rgb_colors": [
        [
            79.0,
            89.0,
            121.0
        ],
        [
            78.0,
            88.0,
            120.0
        ],
        [
            77.0,
            87.0,
            119.0
        ],
        [
            85.46153846153847,
            95.46153846153847,
            127.46153846153847
        ],
        [
            81.0,
            91.0,
            123.0
        ],
        [
            75.16,
            85.16,
            117.16
        ],
        [
            82.0,
            92.0,
            124.0
        ],
        [
            80.0,
            90.0,
            122.0
        ],
        [
            83.0,
            93.0,
            125.0
        ],
        [
            84.0,
            94.0,
            126.0
        ]
    ],
    "hex_colors": [
        "#4f5979",
        "#4e5878",
        "#4d5777",
        "#555f7f",
        "#515b7b",
        "#4b5575",
        "#525c7c",
        "#505a7a",
        "#535d7d",
        "#545e7e"
    ],
    "hsl_color_values": [
        [
            0.626984126984127,
            0.34710743801652894,
            121.0
        ],
        [
            0.626984126984127,
            0.35,
            120.0
        ],
        [
            0.626984126984127,
            0.35294117647058826,
            119.0
        ],
        [
            0.626984126984127,
            0.32951116475558234,
            127.46153846153847
        ],
        [
            0.626984126984127,
            0.34146341463414637,
            123.0
        ],
        [
            0.626984126984127,
            0.35848412427449644,
            117.16
        ],
        [
            0.626984126984127,
            0.3387096774193548,
            124.0
        ],
        [
            0.626984126984127,
            0.3442622950819672,
            122.0
        ],
        [
            0.626984126984127,
            0.336,
            125.0
        ],
        [
            0.626984126984127,
            0.3333333333333333,
            126.0
        ]
    ]
}