{
    "rgb_colors": [
        [
            72.87272727272727,
            83.87272727272727,
            119.87272727272727
        ],
        [
            65.0,
            76.0,
            112.0
        ],
        [
            70.0,
            81.0,
            117.0
        ],
        [
            63.628571428571426,
            74.62857142857143,
            110.62857142857143
        ],
        [
            68.0,
            79.0,
            115.0
        ],
        [
            71.0,
            82.0,
            118.0
        ],
        [
            69.0,
            80.0,
            116.0
        ],
        [
            67.0,
            78.0,
            114.0
        ],
        [
            66.0,
            77.0,
            113.0
        ],
        [
            61.660714285714285,
            72.66071428571429,
            108.66071428571429
        ]
    ],
    "hex_colors": [
        "#485377",
        "#414c70",
        "#465175",
        "#3f4a6e",
        "#444f73",
        "#475276",
        "#455074",
        "#434e72",
        "#424d71",
        "#3d486c"
    ],
    "hsl_color_values": [
        [
            0.6276595744680851,
            0.39208251175489156,
            119.87272727272727
        ],
        [
            0.6276595744680851,
            0.41964285714285715,
            112.0
        ],
        [
            0.6276595744680851,
            0.4017094017094017,
            117.0
        ],
        [
            0.6276595744680851,
            0.4248450413223141,
            110.62857142857143
        ],
        [
            0.6276595744680851,
            0.40869565217391307,
            115.0
        ],
        [
            0.6276595744680851,
            0.3983050847457627,
            118.0
        ],
        [
            0.6276595744680851,
            0.4051724137931034,
            116.0
        ],
        [
            0.6276595744680851,
            0.41228070175438597,
            114.0
        ],
        [
            0.6276595744680851,
            0.415929203539823,
            113.0
        ],
        [
            0.6276595744680851,
            0.4325390304026295,
            108.66071428571429
        ]
    ]
}