{
    "rgb_colors": [
        [
            96.46875,
            108.46875,
            147.46875
        ],
        [
            90.0,
            102.0,
            141.0
        ],
        [
            92.0,
            104.0,
            143.0
        ],
        [
            94.39855072463769,
            106.39855072463769,
            145.3985507246377
        ],
        [
            86.69135802469135,
            98.69135802469135,
            137.69135802469137
        ],
        [
            88.0,
            100.0,
            139.0
        ],
        [
            84.9,
            96.9,
            135.9
        ],
        [
            93.0,
            105.0,
            144.0
        ],
        [
            91.0,
            103.0,
            142.0
        ],
        [
            89.0,
            101.0,
            140.0
        ]
    ],
    "hex_colors": [
        "#606c93",
        "#5a668d",
        "#5c688f",
        "#5e6a91",
        "#566289",
        "#58648b",
        "#546087",
        "#5d6990",
        "#5b678e",
        "#59658c"
    ],
    "hsl_color_values": [
        [
            0.6274509803921569,
            0.3458359821996186,
            147.46875
        ],
        [
            0.6274509803921569,
            0.3617021276595745,
            141.0
        ],
        [
            0.6274509803921569,
            0.35664335664335667,
            143.0
        ],
        [
            0.6274509803921569,
            0.35076002990281585,
            145.3985507246377
        ],
        [
            0.6274509803921569,
            0.3703936160674259,
            137.69135802469137
        ],
        [
            0.6274509803921569,
            0.3669064748201439,
            139.0
        ],
        [
            0.6274509803921569,
            0.37527593818984545,
            135.9
        ],
        [
            0.6274509803921569,
            0.3541666666666667,
            144.0
        ],
        [
            0.6274509803921569,
            0.3591549295774648,
            142.0
        ],
        [
            0.6274509803921569,
            0.36428571428571427,
            140.0
        ]
    ]
}