{
    "rgb_colors": [
        [
            85.0,
            95.0,
            131.0
        ],
        [
            80.0,
            90.0,
            126.0
        ],
        [
            76.28571428571429,
            86.28571428571429,
            122.28571428571429
        ],
        [
            86.35119047619048,
            96.35119047619048,
            132.35119047619048
        ],
        [
            83.0,
            93.0,
            129.0
        ],
        [
            84.0,
            94.0,
            130.0
        ],
        [
            88.81944444444444,
            98.81944444444444,
            134.81944444444446
        ],
        [
            82.0,
            92.0,
            128.0
        ],
        [
            81.0,
            91.0,
            127.0
        ],
        [
            78.79591836734694,
            88.79591836734694,
            124.79591836734694
        ]
    ],
    "hex_colors": [
        "#555f83",
        "#505a7e",
        "#4c567a",
        "#566084",
        "#535d81",
        "#545e82",
        "#586286",
        "#525c80",
        "#515b7f",
        "#4e587c"
    ],
    "hsl_color_values": [
        [
            0.6304347826086957,
            0.3511450381679389,
            131.0
        ],
        [
            0.6304347826086957,
            0.36507936507936506,
            126.0
        ],
        [
            0.6304347826086957,
            0.3761682242990654,
            122.28571428571429
        ],
        [
            0.6304347826086957,
            0.34756015291207554,
            132.35119047619048
        ],
        [
            0.6304347826086957,
            0.35658914728682173,
            129.0
        ],
        [
            0.6304347826086957,
            0.35384615384615387,
            130.0
        ],
        [
            0.6304347826086957,
            0.34119707427629553,
            134.81944444444446
        ],
        [
            0.6304347826086957,
            0.359375,
            128.0
        ],
        [
            0.6304347826086957,
            0.36220472440944884,
            127.0
        ],
        [
            0.6304347826086957,
            0.3686017988552739,
            124.79591836734694
        ]
    ]
}