{
    "rgb_colors": [
        [
            27.05,
            46.15,
            137.9875
        ],
        [
            25.952380952380953,
            45.285714285714285,
            137.0
        ],
        [
            29.5,
            49.45454545454545,
            140.8181818181818
        ],
        [
            28.043010752688172,
            49.0,
            139.89247311827958
        ],
        [
            28.03370786516854,
            47.0,
            138.8689138576779
        ],
        [
            26.0,
            47.01086956521739,
            137.9891304347826
        ],
        [
            31.5,
            52.5,
            143.5
        ],
        [
            27.0,
            47.94957983193277,
            138.92436974789916
        ],
        [
            28.978021978021978,
            48.0,
            139.8021978021978
        ],
        [
            28.0,
            48.0,
            138.94736842105263
        ]
    ],
    "hex_colors": [
        "#1b2e89",
        "#192d89",
        "#1d318c",
        "#1c318b",
        "#1c2f8a",
        "#1a2f89",
        "#1f348f",
        "#1b2f8a",
        "#1c308b",
        "#1c308a"
    ],
    "hsl_color_values": [
        [
            0.6379718309859155,
            0.8039677507020564,
            137.9875
        ],
        [
            0.6376500857632933,
            0.8105665623913799,
            137.0
        ],
        [
            0.6367905267456105,
            0.790510006455778,
            140.8181818181818
        ],
        [
            0.6354386976863423,
            0.7995388162951576,
            139.89247311827958
        ],
        [
            0.638146408497505,
            0.7981282701332326,
            138.8689138576779
        ],
        [
            0.6353974570513442,
            0.811579361953525,
            137.9891304347826
        ],
        [
            0.6354166666666666,
            0.7804878048780488,
            143.5
        ],
        [
            0.635470630928248,
            0.8056496491652553,
            138.92436974789916
        ],
        [
            0.6380598248223435,
            0.7927212702405282,
            139.8021978021978
        ],
        [
            0.6366223908918406,
            0.7984848484848485,
            138.94736842105263
        ]
    ]
}