{
    "rgb_colors": [
        [
            38.870370370370374,
            60.907407407407405,
            155.88888888888889
        ],
        [
            41.901408450704224,
            62.83098591549296,
            156.08450704225353
        ],
        [
            40.08791208791209,
            60.908424908424905,
            153.93406593406593
        ],
        [
            36.75806451612903,
            58.75,
            151.74193548387098
        ],
        [
            36.78787878787879,
            59.78787878787879,
            153.06060606060606
        ],
        [
            37.48076923076923,
            60.42307692307692,
            154.55769230769232
        ],
        [
            43.61538461538461,
            64.34615384615384,
            157.42307692307693
        ],
        [
            41.11734693877551,
            61.85204081632653,
            154.9591836734694
        ],
        [
            38.96103896103896,
            59.785714285714285,
            153.2012987012987
        ],
        [
            47.75,
            68.875,
            161.625
        ]
    ],
    "hex_colors": [
        "#263c9b",
        "#293e9c",
        "#283c99",
        "#243a97",
        "#243b99",
        "#253c9a",
        "#2b409d",
        "#293d9a",
        "#263b99",
        "#2f44a1"
    ],
    "hsl_color_values": [
        [
            0.6352798438571504,
            0.7506533618436683,
            155.88888888888889
        ],
        [
            0.6361169359812507,
            0.7315466522288396,
            156.08450704225353
        ],
        [
            0.6361861861861863,
            0.739577384351799,
            153.93406593406593
        ],
        [
            0.6347898255949875,
            0.7577593537414966,
            151.74193548387098
        ],
        [
            0.6336982017200938,
            0.7596515541476936,
            153.06060606060606
        ],
        [
            0.6340067893123084,
            0.7574965783252458,
            154.55769230769232
        ],
        [
            0.6363073110285007,
            0.7229416076227706,
            157.42307692307693
        ],
        [
            0.6363106709093355,
            0.7346569208481496,
            154.9591836734694
        ],
        [
            0.6362852649728111,
            0.745687280125461,
            153.2012987012987
        ],
        [
            0.6357482619831686,
            0.7045630317092034,
            161.625
        ]
    ]
}