{
    "rgb_colors": [
        [
            22.833333333333332,
            61.333333333333336,
            129.53508771929825
        ],
        [
            18.463917525773198,
            56.4639175257732,
            120.55670103092784
        ],
        [
            26.202247191011235,
            63.764044943820224,
            133.12921348314606
        ],
        [
            43.2,
            77.8,
            144.2
        ],
        [
            21.874172185430464,
            60.158940397350996,
            127.55629139072848
        ],
        [
            28.16,
            64.90666666666667,
            134.36
        ],
        [
            20.566176470588236,
            58.529411764705884,
            124.63235294117646
        ],
        [
            30.54,
            66.68,
            134.72
        ],
        [
            24.01951219512195,
            62.48780487804878,
            131.26341463414633
        ],
        [
            37.30769230769231,
            72.46153846153847,
            138.92307692307693
        ]
    ],
    "hex_colors": [
        "#163d81",
        "#123878",
        "#1a3f85",
        "#2b4d90",
        "#153c7f",
        "#1c4086",
        "#143a7c",
        "#1e4286",
        "#183e83",
        "#25488a"
    ],
    "hsl_color_values": [
        [
            0.6065301983996493,
            0.8237285840048758,
            129.53508771929825
        ],
        [
            0.60463159311993,
            0.8468445356593125,
            120.55670103092784
        ],
        [
            0.6081192315101841,
            0.8031818373633793,
            133.12921348314606
        ],
        [
            0.6095709570957095,
            0.7004160887656032,
            144.2
        ],
        [
            0.6062894264109956,
            0.8285135766574944,
            127.55629139072848
        ],
        [
            0.6089976982632349,
            0.7904138136350105,
            134.36
        ],
        [
            0.6058668362420216,
            0.8349852507374631,
            124.63235294117646
        ],
        [
            0.6088500671913994,
            0.7733076009501189,
            134.72
        ],
        [
            0.606883481161398,
            0.8170128953138355,
            131.26341463414633
        ],
        [
            0.6090083270249811,
            0.7314507198228128,
            138.92307692307693
        ]
    ]
}