{
    "rgb_colors": [
        [
            130.04545454545453,
            134.77272727272728,
            156.08333333333334
        ],
        [
            121.72368421052632,
            126.6842105263158,
            149.26315789473685
        ],
        [
            151.6875,
            155.46875,
            173.5
        ],
        [
            145.61971830985917,
            149.56338028169014,
            168.50704225352112
        ],
        [
            141.1851851851852,
            145.41666666666666,
            165.55555555555554
        ],
        [
            135.1209677419355,
            139.4516129032258,
            159.71774193548387
        ],
        [
            125.16806722689076,
            130.0,
            152.21848739495798
        ],
        [
            127.71186440677965,
            132.51694915254237,
            154.4915254237288
        ],
        [
            138.0,
            142.25581395348837,
            162.68217054263565
        ],
        [
            132.3913043478261,
            136.95652173913044,
            158.5304347826087
        ]
    ],
    "hex_colors": [
        "#82869c",
        "#797e95",
        "#979bad",
        "#9195a8",
        "#8d91a5",
        "#878b9f",
        "#7d8298",
        "#7f849a",
        "#8a8ea2",
        "#84889e"
    ],
    "hsl_color_values": [
        [
            0.6364077199107747,
            0.16682036596612157,
            156.08333333333334
        ],
        [
            0.6366459627329193,
            0.18450282087447112,
            149.26315789473685
        ],
        [
            0.6377745940783189,
            0.12572046109510088,
            173.5
        ],
        [
            0.637948717948718,
            0.13582413908391833,
            168.50704225352112
        ],
        [
            0.6377279635258359,
            0.14720357941834442,
            165.55555555555554
        ],
        [
            0.6373224043715848,
            0.1540015147689977,
            159.71774193548387
        ],
        [
            0.636895516205861,
            0.17770785028155014,
            152.21848739495798
        ],
        [
            0.6367616033755273,
            0.17334064728469553,
            154.4915254237288
        ],
        [
            0.6379292294807369,
            0.15172019441532444,
            162.68217054263565
        ],
        [
            0.6375582168995343,
            0.16488398881026817,
            158.5304347826087
        ]
    ]
}