{
    "rgb_colors": [
        [
            37.06043956043956,
            64.0,
            157.92307692307693
        ],
        [
            40.28888888888889,
            67.26666666666667,
            161.17222222222222
        ],
        [
            42.77777777777778,
            69.66666666666667,
            163.61111111111111
        ],
        [
            39.04545454545455,
            66.0,
            159.900826446281
        ],
        [
            34.434782608695656,
            61.52173913043478,
            155.56521739130434
        ],
        [
            53.5,
            80.0,
            174.0
        ],
        [
            38.07913669064748,
            65.0,
            158.95323741007195
        ],
        [
            64.0,
            90.0,
            184.0
        ],
        [
            36.0,
            62.979166666666664,
            156.97916666666666
        ],
        [
            49.5,
            75.5,
            169.0
        ]
    ],
    "hex_colors": [
        "#25409d",
        "#2843a1",
        "#2a45a3",
        "#27429f",
        "#223d9b",
        "#3550ae",
        "#26419e",
        "#405ab8",
        "#243e9c",
        "#314ba9"
    ],
    "hsl_color_values": [
        [
            0.6295176614992953,
            0.7653260037575673,
            157.92307692307693
        ],
        [
            0.6294713298711644,
            0.7500258522629347,
            161.17222222222222
        ],
        [
            0.6295785440613026,
            0.7385398981324279,
            163.61111111111111
        ],
        [
            0.6294947629956349,
            0.7558145544759148,
            159.900826446281
        ],
        [
            0.6293969849246231,
            0.7786472889882615,
            155.56521739130434
        ],
        [
            0.6300138312586445,
            0.6925287356321839,
            174.0
        ],
        [
            0.6295469650527235,
            0.760438118083686,
            158.95323741007195
        ],
        [
            0.6305555555555555,
            0.6521739130434783,
            184.0
        ],
        [
            0.6294988806612709,
            0.7706702057067021,
            156.97916666666666
        ],
        [
            0.6304044630404463,
            0.7071005917159763,
            169.0
        ]
    ]
}