{
    "rgb_colors": [
        [
            133.6530612244898,
            138.91836734693877,
            159.0612244897959
        ],
        [
            143.65060240963857,
            148.64457831325302,
            167.59638554216866
        ],
        [
            158.8,
            162.8,
            180.8
        ],
        [
            127.65934065934066,
            132.7912087912088,
            153.47252747252747
        ],
        [
            139.87209302325581,
            145.0639534883721,
            164.70348837209303
        ],
        [
            148.21698113207546,
            152.9245283018868,
            171.50943396226415
        ],
        [
            136.22981366459626,
            141.4472049689441,
            161.48447204968943
        ],
        [
            124.15151515151516,
            129.21212121212122,
            150.0909090909091
        ],
        [
            131.2158273381295,
            136.40287769784172,
            156.84172661870502
        ],
        [
            152.81395348837208,
            157.46511627906978,
            175.7906976744186
        ]
    ],
    "hex_colors": [
        "#858a9f",
        "#8f94a7",
        "#9ea2b4",
        "#7f8499",
        "#8b91a4",
        "#9498ab",
        "#888da1",
        "#7c8196",
        "#83889c",
        "#989daf"
    ],
    "hsl_color_values": [
        [
            0.6321285140562249,
            0.15973826020015394,
            159.0612244897959
        ],
        [
            0.6319077568134172,
            0.14287768232630013,
            167.59638554216866
        ],
        [
            0.6363636363636364,
            0.12168141592920353,
            180.8
        ],
        [
            0.6335319994323826,
            0.1681941858799943,
            153.47252747252747
        ],
        [
            0.6318192460782018,
            0.150764234529987,
            164.70348837209303
        ],
        [
            0.6329823140272715,
            0.1358085808580859,
            171.50943396226415
        ],
        [
            0.632234792588949,
            0.15639063040886186,
            161.48447204968943
        ],
        [
            0.6341510903426791,
            0.17282455077730666,
            150.0909090909091
        ],
        [
            0.6329309376754632,
            0.16338700059630293,
            156.84172661870502
        ],
        [
            0.632928475033738,
            0.13070511972483137,
            175.7906976744186
        ]
    ]
}