{
    "rgb_colors": [
        [
            74.32291666666667,
            89.32291666666667,
            127.32291666666667
        ],
        [
            68.0,
            83.0,
            121.0
        ],
        [
            65.37704918032787,
            80.37704918032787,
            118.37704918032787
        ],
        [
            67.0,
            82.0,
            120.0
        ],
        [
            69.0,
            84.0,
            122.0
        ],
        [
            76.48,
            91.48,
            129.48
        ],
        [
            70.0,
            85.0,
            123.0
        ],
        [
            73.0,
            88.0,
            126.0
        ],
        [
            72.0,
            87.0,
            125.0
        ],
        [
            71.0,
            86.0,
            124.0
        ]
    ],
    "hex_colors": [
        "#4a597f",
        "#445379",
        "#415076",
        "#435278",
        "#45547a",
        "#4c5b81",
        "#46557b",
        "#49587e",
        "#48577d",
        "#47567c"
    ],
    "hsl_color_values": [
        [
            0.619496855345912,
            0.41626441953693855,
            127.32291666666667
        ],
        [
            0.619496855345912,
            0.4380165289256198,
            121.0
        ],
        [
            0.619496855345912,
            0.4477219221714444,
            118.37704918032787
        ],
        [
            0.619496855345912,
            0.44166666666666665,
            120.0
        ],
        [
            0.619496855345912,
            0.4344262295081967,
            122.0
        ],
        [
            0.619496855345912,
            0.409329626197096,
            129.48
        ],
        [
            0.619496855345912,
            0.43089430894308944,
            123.0
        ],
        [
            0.619496855345912,
            0.42063492063492064,
            126.0
        ],
        [
            0.619496855345912,
            0.424,
            125.0
        ],
        [
            0.619496855345912,
            0.4274193548387097,
            124.0
        ]
    ]
}