{
    "rgb_colors": [
        [
            63.0,
            71.0,
            101.0
        ],
        [
            56.35294117647059,
            64.3529411764706,
            94.3529411764706
        ],
        [
            66.42342342342343,
            74.42342342342343,
            104.42342342342343
        ],
        [
            60.0,
            68.0,
            98.0
        ],
        [
            58.5886524822695,
            66.58865248226951,
            96.58865248226951
        ],
        [
            62.0,
            70.0,
            100.0
        ],
        [
            68.58536585365854,
            76.58536585365854,
            106.58536585365854
        ],
        [
            65.0,
            73.0,
            103.0
        ],
        [
            61.0,
            69.0,
            99.0
        ],
        [
            64.0,
            72.0,
            102.0
        ]
    ],
    "hex_colors": [
        "#3f4765",
        "#38405e",
        "#424a68",
        "#3c4462",
        "#3a4260",
        "#3e4664",
        "#444c6a",
        "#414967",
        "#3d4563",
        "#404866"
    ],
    "hsl_color_values": [
        [
            0.6315789473684211,
            0.37623762376237624,
            101.0
        ],
        [
            0.6315789473684211,
            0.40274314214463847,
            94.3529411764706
        ],
        [
            0.6315789473684211,
            0.3639030282115434,
            104.42342342342343
        ],
        [
            0.6315789473684211,
            0.3877551020408163,
            98.0
        ],
        [
            0.6315789473684211,
            0.3934209560173288,
            96.58865248226951
        ],
        [
            0.6315789473684211,
            0.38,
            100.0
        ],
        [
            0.6315789473684211,
            0.3565217391304348,
            106.58536585365854
        ],
        [
            0.6315789473684211,
            0.36893203883495146,
            103.0
        ],
        [
            0.6315789473684211,
            0.3838383838383838,
            99.0
        ],
        [
            0.6315789473684211,
            0.37254901960784315,
            102.0
        ]
    ]
}