{
    "rgb_colors": [
        [
            58.0,
            85.0,
            150.0
        ],
        [
            42.875,
            71.07142857142857,
            134.09821428571428
        ],
        [
            48.0,
            75.8,
            140.6
        ],
        [
            43.91197183098591,
            72.11619718309859,
            137.0
        ],
        [
            41.57692307692308,
            70.13461538461539,
            134.28846153846155
        ],
        [
            45.0,
            72.97260273972603,
            135.86301369863014
        ],
        [
            42.764044943820224,
            71.25842696629213,
            135.9943820224719
        ],
        [
            43.90350877192982,
            72.0701754385965,
            134.91228070175438
        ],
        [
            45.01829268292683,
            73.16463414634147,
            137.9329268292683
        ],
        [
            43.8780487804878,
            71.7560975609756,
            136.0
        ]
    ],
    "hex_colors": [
        "#3a5596",
        "#2a4786",
        "#304b8c",
        "#2b4889",
        "#294686",
        "#2d4887",
        "#2a4787",
        "#2b4886",
        "#2d4989",
        "#2b4788"
    ],
    "hsl_color_values": [
        [
            0.6177536231884058,
            0.6133333333333333,
            150.0
        ],
        [
            0.6151512185573065,
            0.6802716559025235,
            134.09821428571428
        ],
        [
            0.6166306695464363,
            0.6586059743954481,
            140.6
        ],
        [
            0.6161692577322188,
            0.679474658167986,
            137.0
        ],
        [
            0.6153287699647376,
            0.6903909494486611,
            134.28846153846155
        ],
        [
            0.6153575556560632,
            0.6687840290381125,
            135.86301369863014
        ],
        [
            0.6157276288038566,
            0.6855455033667948,
            135.9943820224719
        ],
        [
            0.6150843373493976,
            0.6745773732119636,
            134.91228070175438
        ],
        [
            0.6161788511178194,
            0.6736218557977102,
            137.9329268292683
        ],
        [
            0.6162298120201218,
            0.6773672883787661,
            136.0
        ]
    ]
}