{
    "rgb_colors": [
        [
            54.02258064516129,
            78.0,
            140.0
        ],
        [
            55.03092783505155,
            79.0,
            141.0
        ],
        [
            53.01271186440678,
            77.0,
            138.9322033898305
        ],
        [
            58.5,
            82.5,
            144.5
        ],
        [
            52.04054054054054,
            76.0,
            137.97297297297297
        ],
        [
            57.0,
            80.92307692307692,
            142.92307692307693
        ],
        [
            51.1,
            75.0,
            137.0
        ],
        [
            56.10909090909091,
            80.0,
            141.77272727272728
        ],
        [
            54.09090909090909,
            78.0,
            139.0
        ],
        [
            55.10526315789474,
            79.02631578947368,
            139.94736842105263
        ]
    ],
    "hex_colors": [
        "#364e8c",
        "#374f8d",
        "#354d8a",
        "#3a5290",
        "#344c89",
        "#39508e",
        "#334b89",
        "#38508d",
        "#364e8b",
        "#374f8b"
    ],
    "hsl_color_values": [
        [
            0.6201865956302606,
            0.6141244239631336,
            140.0
        ],
        [
            0.6201982651796779,
            0.609709731666301,
            141.0
        ],
        [
            0.6201361148098831,
            0.6184274734659021,
            138.9322033898305
        ],
        [
            0.6201550387596898,
            0.5951557093425606,
            144.5
        ],
        [
            0.6201970959794517,
            0.6228207639569049,
            137.97297297297297
        ],
        [
            0.6202626081766637,
            0.601184068891281,
            142.92307692307693
        ],
        [
            0.6202949165696546,
            0.627007299270073,
            137.0
        ],
        [
            0.6201846545686087,
            0.6042321256813081,
            141.77272727272728
        ],
        [
            0.6197359029264811,
            0.6108567691301504,
            139.0
        ],
        [
            0.6196753515301903,
            0.606242948476871,
            139.94736842105263
        ]
    ]
}