{
    "rgb_colors": [
        [
            220.34782608695653,
            226.2826086956522,
            116.78260869565217
        ],
        [
            218.77272727272728,
            224.64772727272728,
            115.44318181818181
        ],
        [
            216.09565217391304,
            221.88695652173914,
            111.89565217391305
        ],
        [
            226.0,
            232.0,
            124.66666666666667
        ],
        [
            217.68421052631578,
            223.5639097744361,
            114.42105263157895
        ],
        [
            214.36986301369862,
            219.82191780821918,
            110.1917808219178
        ],
        [
            217.39285714285714,
            222.85714285714286,
            112.76785714285714
        ],
        [
            212.7462686567164,
            218.76119402985074,
            110.28358208955224
        ],
        [
            214.71014492753622,
            220.60507246376812,
            112.03985507246377
        ],
        [
            216.0810810810811,
            221.78378378378378,
            113.76576576576576
        ]
    ],
    "hex_colors": [
        "#dce274",
        "#dae073",
        "#d8dd6f",
        "#e2e87c",
        "#d9df72",
        "#d6db6e",
        "#d9de70",
        "#d4da6e",
        "#d6dc70",
        "#d8dd71"
    ],
    "hsl_color_values": [
        [
            0.17569982132221562,
            0.48390815640311274,
            226.2826086956522
        ],
        [
            0.17563302115851545,
            0.48611462390611565,
            224.64772727272728
        ],
        [
            0.1754420639312726,
            0.4957087431908139,
            221.88695652173914
        ],
        [
            0.17598343685300208,
            0.4626436781609195,
            232.0
        ],
        [
            0.17564526499494812,
            0.48819533194323,
            223.5639097744361
        ],
        [
            0.17495522512391184,
            0.4987225026484702,
            219.82191780821918
        ],
        [
            0.17493917274939172,
            0.49399038461538464,
            222.85714285714286
        ],
        [
            0.17590809025866813,
            0.49587227945691476,
            218.76119402985074
        ],
        [
            0.17571641525386025,
            0.492124755694976,
            220.60507246376812
        ],
        [
            0.17546566583263826,
            0.4870420017873101,
            221.78378378378378
        ]
    ]
}