{
    "rgb_colors": [
        [
            33.93181818181818,
            62.0,
            127.06818181818181
        ],
        [
            36.025,
            62.975,
            130.88125
        ],
        [
            37.19565217391305,
            63.93478260869565,
            131.58695652173913
        ],
        [
            35.0,
            62.02459016393443,
            129.922131147541
        ],
        [
            37.13793103448276,
            65.08620689655173,
            130.08620689655172
        ],
        [
            33.924369747899156,
            60.94957983193277,
            128.9075630252101
        ],
        [
            38.0,
            63.1578947368421,
            129.21052631578948
        ],
        [
            39.37037037037037,
            64.42592592592592,
            130.72222222222223
        ],
        [
            35.00653594771242,
            63.01307189542484,
            128.0
        ],
        [
            36.04724409448819,
            63.99212598425197,
            128.9448818897638
        ]
    ],
    "hex_colors": [
        "#213e7f",
        "#243e82",
        "#253f83",
        "#233e81",
        "#254182",
        "#213c80",
        "#263f81",
        "#274082",
        "#233f80",
        "#243f80"
    ],
    "hsl_color_values": [
        [
            0.6164389132910363,
            0.7329636916472902,
            127.06818181818181
        ],
        [
            0.6193143133249874,
            0.7247504894704169,
            130.88125
        ],
        [
            0.6194534008905266,
            0.7173302494630761,
            131.58695652173913
        ],
        [
            0.6192162111595643,
            0.7306078672597079,
            129.922131147541
        ],
        [
            0.6165522784888394,
            0.7145129224652087,
            130.08620689655172
        ],
        [
            0.6192456280043647,
            0.7368318122555411,
            128.9075630252101
        ],
        [
            0.6206962877476437,
            0.7059063136456212,
            129.21052631578948
        ],
        [
            0.6209541185215217,
            0.6988241960617652,
            130.72222222222223
        ],
        [
            0.6164722144128948,
            0.7265114379084967,
            128.0
        ],
        [
            0.61653105046053,
            0.7204445530043967,
            128.9448818897638
        ]
    ]
}