{
    "rgb_colors": [
        [
            78.0,
            87.68,
            125.34
        ],
        [
            71.0,
            80.0,
            118.0
        ],
        [
            74.81699346405229,
            84.18300653594771,
            122.0
        ],
        [
            69.31111111111112,
            78.57777777777778,
            116.44444444444444
        ],
        [
            72.78089887640449,
            82.19662921348315,
            120.01123595505618
        ],
        [
            73.74011299435028,
            83.25988700564972,
            121.0
        ],
        [
            75.82442748091603,
            85.17557251908397,
            123.0
        ],
        [
            69.6,
            80.6,
            117.6
        ],
        [
            76.87142857142857,
            86.12857142857143,
            124.0
        ],
        [
            71.68939393939394,
            81.28030303030303,
            119.01515151515152
        ]
    ],
    "hex_colors": [
        "#4e577d",
        "#475076",
        "#4a547a",
        "#454e74",
        "#485278",
        "#495379",
        "#4b557b",
        "#455075",
        "#4c567c",
        "#475177"
    ],
    "hsl_color_values": [
        [
            0.6325869595831572,
            0.3776926759214936,
            125.34
        ],
        [
            0.6347517730496454,
            0.3983050847457627,
            118.0
        ],
        [
            0.6335826753474626,
            0.3867459552126862,
            122.0
        ],
        [
            0.6338991041961339,
            0.4047709923664122,
            116.44444444444444
        ],
        [
            0.6334403869791047,
            0.3935492931373467,
            120.01123595505618
        ],
        [
            0.6330942418808528,
            0.3905775785590886,
            121.0
        ],
        [
            0.6336299892125136,
            0.38354123999255263,
            123.0
        ],
        [
            0.6284722222222222,
            0.40816326530612246,
            117.6
        ],
        [
            0.6339294735778518,
            0.3800691244239632,
            124.0
        ],
        [
            0.6328904540846273,
            0.397644812221515,
            119.01515151515152
        ]
    ]
}