{
    "rgb_colors": [
        [
            57.5,
            65.47849462365592,
            97.54301075268818
        ],
        [
            68.1,
            76.1,
            108.1
        ],
        [
            58.984962406015036,
            66.95488721804512,
            99.04511278195488
        ],
        [
            61.0,
            69.0,
            101.0
        ],
        [
            53.26530612244898,
            61.224489795918366,
            93.34693877551021
        ],
        [
            55.56565656565657,
            63.494949494949495,
            95.70707070707071
        ],
        [
            60.0,
            67.97857142857143,
            100.04285714285714
        ],
        [
            64.0,
            72.0,
            104.0
        ],
        [
            62.37234042553192,
            70.37234042553192,
            102.37234042553192
        ],
        [
            65.23809523809524,
            73.23809523809524,
            105.23809523809524
        ]
    ],
    "hex_colors": [
        "#394161",
        "#444c6c",
        "#3a4263",
        "#3d4565",
        "#353d5d",
        "#373f5f",
        "#3c4364",
        "#404868",
        "#3e4666",
        "#414969"
    ],
    "hsl_color_values": [
        [
            0.6334586466165413,
            0.4105164526263573,
            97.54301075268818
        ],
        [
            0.6333333333333333,
            0.37002775208140615,
            108.1
        ],
        [
            0.6335085085085085,
            0.40446367570029607,
            99.04511278195488
        ],
        [
            0.6333333333333333,
            0.39603960396039606,
            101.0
        ],
        [
            0.6335709436524101,
            0.4293834717971141,
            93.34693877551021
        ],
        [
            0.6337443381982889,
            0.4194195250659631,
            95.70707070707071
        ],
        [
            0.6334581995481031,
            0.4002570327002713,
            100.04285714285714
        ],
        [
            0.6333333333333333,
            0.38461538461538464,
            104.0
        ],
        [
            0.6333333333333333,
            0.39073054141120234,
            102.37234042553192
        ],
        [
            0.6333333333333333,
            0.38009049773755654,
            105.23809523809524
        ]
    ]
}