{
    "rgb_colors": [
        [
            78.5,
            107.33333333333333,
            194.91666666666666
        ],
        [
            59.18867924528302,
            88.09433962264151,
            176.8679245283019
        ],
        [
            107.5,
            136.5,
            220.0
        ],
        [
            65.36065573770492,
            95.1639344262295,
            183.29508196721312
        ],
        [
            66.82,
            95.85,
            186.58
        ],
        [
            62.816,
            92.132,
            181.812
        ],
        [
            64.41176470588235,
            93.42941176470588,
            184.3470588235294
        ],
        [
            91.5,
            119.0,
            205.0
        ],
        [
            61.53531598513011,
            90.83271375464685,
            179.3011152416357
        ],
        [
            64.05714285714286,
            93.77142857142857,
            181.94285714285715
        ]
    ],
    "hex_colors": [
        "#4e6bc2",
        "#3b58b0",
        "#6b88dc",
        "#415fb7",
        "#425fba",
        "#3e5cb5",
        "#405db8",
        "#5b77cd",
        "#3d5ab3",
        "#405db5"
    ],
    "hsl_color_values": [
        [
            0.625387735623956,
            0.5972637879435656,
            194.91666666666666
        ],
        [
            0.6257281812837369,
            0.6653509707702154,
            176.8679245283019
        ],
        [
            0.6237037037037036,
            0.5113636363636364,
            220.0
        ],
        [
            0.6245482346399779,
            0.6434129326536088,
            183.29508196721312
        ],
        [
            0.6262664217323536,
            0.6418694393825706,
            186.58
        ],
        [
            0.6256064629623405,
            0.6545002530086023,
            181.812
        ],
        [
            0.6263426357349551,
            0.6505951051405597,
            184.3470588235294
        ],
        [
            0.6262848751835536,
            0.5536585365853659,
            205.0
        ],
        [
            0.6252038679672127,
            0.656804611046608,
            179.3011152416357
        ],
        [
            0.6246566488931976,
            0.6479271356783919,
            181.94285714285715
        ]
    ]
}