{
    "rgb_colors": [
        [
            67.0,
            100.0,
            182.0
        ],
        [
            44.36279069767442,
            81.86976744186046,
            165.09302325581396
        ],
        [
            50.390243902439025,
            87.4390243902439,
            170.609756097561
        ],
        [
            47.450980392156865,
            85.49019607843137,
            168.73202614379085
        ],
        [
            80.0,
            116.0,
            197.0
        ],
        [
            47.443243243243245,
            83.5027027027027,
            167.12432432432433
        ],
        [
            46.1063829787234,
            81.8936170212766,
            165.87234042553192
        ],
        [
            45.15,
            83.86,
            166.85
        ],
        [
            46.108695652173914,
            82.65217391304348,
            164.80434782608697
        ],
        [
            43.39716312056738,
            79.97163120567376,
            163.12056737588654
        ]
    ],
    "hex_colors": [
        "#4364b6",
        "#2c51a5",
        "#3257aa",
        "#2f55a8",
        "#5074c5",
        "#2f53a7",
        "#2e51a5",
        "#2d53a6",
        "#2e52a4",
        "#2b4fa3"
    ],
    "hsl_color_values": [
        [
            0.618840579710145,
            0.6318681318681318,
            182.0
        ],
        [
            0.6148887262267083,
            0.7312860966333286,
            165.09302325581396
        ],
        [
            0.6153039832285115,
            0.7046461758398856,
            170.609756097561
        ],
        [
            0.6143924696414458,
            0.7187790517508522,
            168.73202614379085
        ],
        [
            0.6153846153846154,
            0.5939086294416244,
            197.0
        ],
        [
            0.616450627041838,
            0.7161200595122582,
            167.12432432432433
        ],
        [
            0.6168650441167762,
            0.7220369420215496,
            165.87234042553192
        ],
        [
            0.6136537934812379,
            0.7293976625711717,
            166.85
        ],
        [
            0.6153540903540904,
            0.7202216066481995,
            164.80434782608697
        ],
        [
            0.6157514365262721,
            0.7339565217391305,
            163.12056737588654
        ]
    ]
}