{
    "rgb_colors": [
        [
            54.25714285714286,
            87.85714285714286,
            176.85714285714286
        ],
        [
            59.06741573033708,
            93.00561797752809,
            181.80337078651687
        ],
        [
            62.73913043478261,
            96.69565217391305,
            185.65217391304347
        ],
        [
            58.44117647058823,
            90.17647058823529,
            179.7941176470588
        ],
        [
            56.98802395209581,
            90.96407185628742,
            179.8562874251497
        ],
        [
            55.72192513368984,
            89.60427807486631,
            178.58823529411765
        ],
        [
            58.07727272727273,
            91.99090909090908,
            180.9090909090909
        ],
        [
            60.072164948453604,
            93.97938144329896,
            182.83505154639175
        ],
        [
            61.163636363636364,
            95.10909090909091,
            183.76363636363635
        ],
        [
            60.357142857142854,
            91.42857142857143,
            181.21428571428572
        ]
    ],
    "hex_colors": [
        "#3657b0",
        "#3b5db5",
        "#3e60b9",
        "#3a5ab3",
        "#385ab3",
        "#3759b2",
        "#3a5bb4",
        "#3c5db6",
        "#3d5fb7",
        "#3c5bb5"
    ],
    "hsl_color_values": [
        [
            0.620989668297988,
            0.6932148626817447,
            176.85714285714286
        ],
        [
            0.6205810103599273,
            0.6751027471338957,
            181.80337078651687
        ],
        [
            0.6206225680933852,
            0.6620608899297423,
            185.65217391304347
        ],
        [
            0.6230812732266925,
            0.6749550139047931,
            179.7941176470588
        ],
        [
            0.6205793004857286,
            0.6831468903981889,
            179.8562874251497
        ],
        [
            0.6207056638811513,
            0.6879865852197868,
            178.58823529411765
        ],
        [
            0.6206503102295575,
            0.6789698492462312,
            180.9090909090909
        ],
        [
            0.6206331877729258,
            0.6714406540738652,
            182.83505154639175
        ],
        [
            0.6205200454792624,
            0.6671613733056297,
            183.76363636363635
        ],
        [
            0.6238179669030733,
            0.6669294442254632,
            181.21428571428572
        ]
    ]
}