{
    "rgb_colors": [
        [
            48.413502109704645,
            86.34177215189874,
            175.21729957805908
        ],
        [
            84.125,
            119.0,
            197.625
        ],
        [
            126.0,
            159.0,
            208.0
        ],
        [
            51.38095238095238,
            89.23809523809524,
            177.65714285714284
        ],
        [
            67.0,
            103.88888888888889,
            189.22222222222223
        ],
        [
            57.0625,
            94.3125,
            182.8125
        ],
        [
            47.0,
            84.0,
            169.0
        ],
        [
            46.19005847953216,
            84.07894736842105,
            172.92690058479533
        ],
        [
            43.03225806451613,
            81.20967741935483,
            170.90322580645162
        ],
        [
            23.0,
            68.0,
            164.5
        ]
    ],
    "hex_colors": [
        "#3056af",
        "#5477c5",
        "#7e9fd0",
        "#3359b1",
        "#4367bd",
        "#395eb6",
        "#2f54a9",
        "#2e54ac",
        "#2b51aa",
        "#1744a4"
    ],
    "hsl_color_values": [
        [
            0.6168150181626597,
            0.7236945083260087,
            175.21729957805908
        ],
        [
            0.6154552129221732,
            0.5743200506008855,
            197.625
        ],
        [
            0.5995934959349594,
            0.3942307692307692,
            208.0
        ],
        [
            0.6167006058777685,
            0.710785890425646,
            177.65714285714284
        ],
        [
            0.6163636363636363,
            0.6459189665296535,
            189.22222222222223
        ],
        [
            0.6172962226640158,
            0.6878632478632478,
            182.8125
        ],
        [
            0.616120218579235,
            0.7218934911242604,
            169.0
        ],
        [
            0.6168404700381444,
            0.7328925787524729,
            172.92690058479533
        ],
        [
            0.6169063235788766,
            0.7482068705171763,
            170.90322580645162
        ],
        [
            0.613663133097762,
            0.8601823708206687,
            164.5
        ]
    ]
}