{
    "rgb_colors": [
        [
            0.0,
            0.3809523809523796,
            88.85714285714286
        ],
        [
            130.10714285714283,
            202.57142857142856,
            72.0
        ],
        [
            91.71428571428571,
            125.85714285714286,
            106.57142857142857
        ],
        [
            131.3,
            174.4,
            126.9
        ],
        [
            170.65384615384616,
            230.0,
            136.80769230769232
        ],
        [
            33.056497175141246,
            62.014689265536724,
            128.61920903954802
        ],
        [
            49.625,
            76.375,
            91.5
        ],
        [
            151.75,
            220.625,
            93.625
        ],
        [
            7.799999999999997,
            38.0,
            108.1
        ],
        [
            45.285714285714285,
            73.71428571428571,
            136.14285714285714
        ]
    ],
    "hex_colors": [
        "#000058",
        "#82ca48",
        "#5b7d6a",
        "#83ae7e",
        "#aae688",
        "#213e80",
        "#314c5b",
        "#97dc5d",
        "#07266c",
        "#2d4988"
    ],
    "hsl_color_values": [
        [
            0.6659521257591997,
            1.0,
            88.85714285714286
        ],
        [
            0.2591630196936543,
            0.6445698166431594,
            202.57142857142856
        ],
        [
            0.405857740585774,
            0.2712826333711692,
            125.85714285714286
        ],
        [
            0.31789473684210523,
            0.2723623853211009,
            174.4
        ],
        [
            0.272802311184482,
            0.40518394648829426,
            230.0
        ],
        [
            0.6161619744678167,
            0.7429894226376639,
            128.61920903954802
        ],
        [
            0.5601990049751243,
            0.4576502732240437,
            91.5
        ],
        [
            0.2570538057742782,
            0.5756373937677054,
            220.625
        ],
        [
            0.6164838816882686,
            0.9278445883441259,
            108.1
        ],
        [
            0.614517819706499,
            0.6673662119622246,
            136.14285714285714
        ]
    ]
}