{
    "rgb_colors": [
        [
            81.93388429752066,
            109.76859504132231,
            221.12396694214877
        ],
        [
            79.16666666666667,
            106.78846153846153,
            218.30128205128204
        ],
        [
            73.32,
            101.04,
            212.92
        ],
        [
            85.97872340425532,
            113.8936170212766,
            224.95744680851064
        ],
        [
            130.0,
            162.0,
            231.0
        ],
        [
            80.48175182481752,
            108.2919708029197,
            219.67883211678833
        ],
        [
            77.9,
            105.51,
            217.29
        ],
        [
            83.45121951219512,
            111.35975609756098,
            222.39634146341464
        ],
        [
            100.8,
            129.6,
            227.0
        ],
        [
            76.29770992366412,
            103.83969465648855,
            215.64885496183206
        ]
    ],
    "hex_colors": [
        "#516ddd",
        "#4f6ada",
        "#4965d4",
        "#5571e0",
        "#82a2e7",
        "#506cdb",
        "#4d69d9",
        "#536fde",
        "#6481e3",
        "#4c67d7"
    ],
    "hsl_color_values": [
        [
            0.6333372916914065,
            0.6294662879354163,
            221.12396694214877
        ],
        [
            0.6335790524456731,
            0.6373513434150637,
            218.30128205128204
        ],
        [
            0.6335721107927412,
            0.6556453127935374,
            212.92
        ],
        [
            0.6331904470300062,
            0.6178000567483213,
            224.95744680851064
        ],
        [
            0.6138613861386139,
            0.43722943722943725,
            231.0
        ],
        [
            0.6333682922565985,
            0.6336390217969164,
            219.67883211678833
        ],
        [
            0.6336537771719636,
            0.6414929357080399,
            217.29
        ],
        [
            0.6331899767411243,
            0.6247635237024648,
            222.39634146341464
        ],
        [
            0.6286318013734813,
            0.5559471365638766,
            227.0
        ],
        [
            0.6337259198393134,
            0.6461946902654867,
            215.64885496183206
        ]
    ]
}