{
    "rgb_colors": [
        [
            121.77136752136752,
            205.6559829059829,
            82.4380341880342
        ],
        [
            16.333333333333343,
            39.428571428571445,
            43.142857142857146
        ],
        [
            161.0,
            228.54545454545456,
            128.84848484848484
        ],
        [
            5.012048192771076,
            26.493975903614455,
            52.04819277108433
        ],
        [
            0.0,
            0.0,
            0.75
        ],
        [
            0.0,
            4.3157894736842195,
            24.05263157894737
        ],
        [
            125.01652892561984,
            208.6473829201102,
            85.93939393939394
        ],
        [
            118.1,
            167.3,
            105.7
        ],
        [
            88.0,
            127.88888888888889,
            85.33333333333333
        ],
        [
            52.5,
            88.83333333333334,
            60.16666666666667
        ]
    ],
    "hex_colors": [
        "#79cd52",
        "#10272b",
        "#a1e480",
        "#051a34",
        "#000000",
        "#000418",
        "#7dd055",
        "#76a769",
        "#587f55",
        "#34583c"
    ],
    "hsl_color_values": [
        [
            0.2801304061318628,
            0.5991459474061529,
            205.6559829059829
        ],
        [
            0.5230905861456483,
            0.6214128035320087,
            43.142857142857146
        ],
        [
            0.2795845997973658,
            0.43622381331211885,
            228.54545454545456
        ],
        [
            0.5905481557377049,
            0.9037037037037039,
            52.04819277108433
        ],
        [
            0.6666666666666666,
            1.0,
            0.75
        ],
        [
            0.6367614879649889,
            1.0,
            24.05263157894737
        ],
        [
            0.280257279482747,
            0.5881118050145896,
            208.6473829201102
        ],
        [
            0.29978354978354976,
            0.3682008368200837,
            167.3
        ],
        [
            0.32288946910356825,
            0.3327541268462207,
            127.88888888888889
        ],
        [
            0.36850152905198774,
            0.4090056285178237,
            88.83333333333334
        ]
    ]
}