{
    "rgb_colors": [
        [
            29.03333333333333,
            61.516666666666666,
            137.95
        ],
        [
            26.38961038961039,
            60.36363636363637,
            134.36363636363637
        ],
        [
            29.064285714285713,
            61.99285714285714,
            139.0
        ],
        [
            24.79310344827586,
            58.44827586206897,
            133.06896551724137
        ],
        [
            27.072727272727274,
            60.00909090909091,
            136.89545454545456
        ],
        [
            28.0,
            61.0,
            137.90845070422534
        ],
        [
            25.89830508474576,
            58.771186440677965,
            135.71186440677965
        ],
        [
            28.228571428571428,
            62.08571428571429,
            136.05714285714285
        ],
        [
            36.0,
            68.5,
            144.0
        ],
        [
            30.333333333333332,
            63.26315789473684,
            139.94736842105263
        ]
    ],
    "hex_colors": [
        "#1d3d89",
        "#1a3c86",
        "#1d3d8b",
        "#183a85",
        "#1b3c88",
        "#1c3d89",
        "#193a87",
        "#1c3e88",
        "#244490",
        "#1e3f8b"
    ],
    "hsl_color_values": [
        [
            0.6169599591940832,
            0.789537271958439,
            137.95
        ],
        [
            0.6142250020046508,
            0.8035955924995167,
            134.36363636363637
        ],
        [
            0.6167457171940312,
            0.7909044193216855,
            139.0
        ],
        [
            0.6148619957537155,
            0.8136823011142783,
            133.06896551724137
        ],
        [
            0.6166825324558861,
            0.8022379387057144,
            136.89545454545456
        ],
        [
            0.6166250186881954,
            0.7969667568809682,
            137.90845070422534
        ],
        [
            0.6167747080310747,
            0.8091669788934682,
            135.71186440677965
        ],
        [
            0.6143349231584526,
            0.7925241495170097,
            136.05714285714285
        ],
        [
            0.6165123456790124,
            0.75,
            144.0
        ],
        [
            0.6165973111395647,
            0.7832518490660649,
            139.94736842105263
        ]
    ]
}