{
    "rgb_colors": [
        [
            77.99543378995433,
            86.99543378995433,
            112.99543378995433
        ],
        [
            68.0,
            77.0,
            103.0
        ],
        [
            80.53333333333333,
            89.53333333333333,
            115.53333333333333
        ],
        [
            82.39759036144578,
            91.39759036144578,
            117.39759036144578
        ],
        [
            84.0,
            93.0,
            119.0
        ],
        [
            75.0,
            84.0,
            110.0
        ],
        [
            73.56428571428572,
            82.56428571428572,
            108.56428571428572
        ],
        [
            71.10810810810811,
            80.10810810810811,
            106.10810810810811
        ],
        [
            76.0,
            85.0,
            111.0
        ],
        [
            86.0,
            95.0,
            121.0
        ]
    ],
    "hex_colors": [
        "#4d5670",
        "#444d67",
        "#505973",
        "#525b75",
        "#545d77",
        "#4b546e",
        "#49526c",
        "#47506a",
        "#4c556f",
        "#565f79"
    ],
    "hsl_color_values": [
        [
            0.6238095238095238,
            0.30974702982300173,
            112.99543378995433
        ],
        [
            0.6238095238095238,
            0.33980582524271846,
            103.0
        ],
        [
            0.6238095238095238,
            0.30294287362954414,
            115.53333333333333
        ],
        [
            0.6238095238095238,
            0.29813218390804597,
            117.39759036144578
        ],
        [
            0.6238095238095238,
            0.29411764705882354,
            119.0
        ],
        [
            0.6238095238095238,
            0.3181818181818182,
            110.0
        ],
        [
            0.6238095238095238,
            0.32238963089676953,
            108.56428571428572
        ],
        [
            0.6238095238095238,
            0.3298522669383596,
            106.10810810810811
        ],
        [
            0.6238095238095238,
            0.3153153153153153,
            111.0
        ],
        [
            0.6238095238095238,
            0.2892561983471074,
            121.0
        ]
    ]
}