{
    "rgb_colors": [
        [
            49.44444444444444,
            83.44444444444444,
            172.44444444444446
        ],
        [
            53.95061728395062,
            87.87654320987654,
            177.07407407407408
        ],
        [
            60.095238095238095,
            94.04761904761905,
            184.28571428571428
        ],
        [
            52.41552511415525,
            86.38812785388127,
            175.42465753424656
        ],
        [
            58.23076923076923,
            92.13846153846154,
            181.7076923076923
        ],
        [
            80.0,
            113.0,
            202.0
        ],
        [
            56.15899581589958,
            90.15062761506276,
            180.836820083682
        ],
        [
            56.10476190476191,
            90.07619047619048,
            178.8761904761905
        ],
        [
            54.880829015544045,
            88.85492227979275,
            178.07253886010363
        ],
        [
            72.0,
            104.0,
            191.0
        ]
    ],
    "hex_colors": [
        "#3153ac",
        "#3557b1",
        "#3c5eb8",
        "#3456af",
        "#3a5cb5",
        "#5071ca",
        "#385ab4",
        "#385ab2",
        "#3658b2",
        "#4868bf"
    ],
    "hsl_color_values": [
        [
            0.6205962059620597,
            0.7132731958762887,
            172.44444444444446
        ],
        [
            0.6207426718807447,
            0.6953217597434288,
            177.07407407407408
        ],
        [
            0.6211017382413088,
            0.6739018087855296,
            184.28571428571428
        ],
        [
            0.6206367472190256,
            0.7012077671924618,
            175.42465753424656
        ],
        [
            0.620898745743002,
            0.6795360257387182,
            181.7076923076923
        ],
        [
            0.6215846994535519,
            0.6039603960396039,
            202.0
        ],
        [
            0.6212273754390675,
            0.6894493290143452,
            180.836820083682
        ],
        [
            0.620549220386316,
            0.6863486316686188,
            178.8761904761905
        ],
        [
            0.6207029497532526,
            0.691806331471136,
            178.07253886010363
        ],
        [
            0.6218487394957983,
            0.6230366492146597,
            191.0
        ]
    ]
}