{
    "rgb_colors": [
        [
            36.11891891891892,
            72.98918918918919,
            154.8108108108108
        ],
        [
            28.77777777777778,
            65.94444444444444,
            147.55555555555554
        ],
        [
            37.40512820512821,
            74.31794871794872,
            156.22564102564104
        ],
        [
            47.416666666666664,
            84.16666666666667,
            165.66666666666666
        ],
        [
            55.0,
            90.2,
            168.4
        ],
        [
            31.78,
            68.69,
            150.46
        ],
        [
            33.63855421686747,
            70.58232931726907,
            152.46184738955824
        ],
        [
            63.0,
            99.0,
            177.75
        ],
        [
            35.1042654028436,
            71.91469194312796,
            153.7962085308057
        ],
        [
            40.17777777777778,
            76.97777777777777,
            158.46666666666667
        ]
    ],
    "hex_colors": [
        "#24489a",
        "#1c4193",
        "#254a9c",
        "#2f54a5",
        "#375aa8",
        "#1f4496",
        "#214698",
        "#3f63b1",
        "#234799",
        "#284c9e"
    ],
    "hsl_color_values": [
        [
            0.6148935847223487,
            0.7666899441340782,
            154.8108108108108
        ],
        [
            0.6145151231680699,
            0.8049698795180723,
            147.55555555555554
        ],
        [
            0.614889943892965,
            0.7605698529411765,
            156.22564102564104
        ],
        [
            0.6148696264975335,
            0.7137826961770625,
            165.66666666666666
        ],
        [
            0.6149323927101705,
            0.6733966745843231,
            168.4
        ],
        [
            0.6148326030783058,
            0.788781071381098,
            150.46
        ],
        [
            0.6148477371818704,
            0.7793641176935436,
            152.46184738955824
        ],
        [
            0.6143790849673203,
            0.6455696202531646,
            177.75
        ],
        [
            0.6149776393547356,
            0.7717481741702876,
            153.7962085308057
        ],
        [
            0.6148162063998998,
            0.746459122142757,
            158.46666666666667
        ]
    ]
}