{
    "rgb_colors": [
        [
            96.53846153846153,
            108.53846153846153,
            147.53846153846155
        ],
        [
            104.765625,
            116.765625,
            155.765625
        ],
        [
            103.0,
            115.0,
            154.0
        ],
        [
            102.0,
            114.0,
            153.0
        ],
        [
            98.0,
            110.0,
            149.0
        ],
        [
            94.26373626373626,
            106.26373626373626,
            145.26373626373626
        ],
        [
            99.0,
            111.0,
            150.0
        ],
        [
            108.0,
            120.0,
            159.0
        ],
        [
            100.0,
            112.0,
            151.0
        ],
        [
            101.0,
            113.0,
            152.0
        ]
    ],
    "hex_colors": [
        "#606c93",
        "#68749b",
        "#67739a",
        "#667299",
        "#626e95",
        "#5e6a91",
        "#636f96",
        "#6c789f",
        "#647097",
        "#657198"
    ],
    "hsl_color_values": [
        [
            0.6274509803921569,
            0.345672575599583,
            147.53846153846155
        ],
        [
            0.6274509803921569,
            0.32741498645801986,
            155.765625
        ],
        [
            0.6274509803921569,
            0.33116883116883117,
            154.0
        ],
        [
            0.6274509803921569,
            0.3333333333333333,
            153.0
        ],
        [
            0.6274509803921569,
            0.3422818791946309,
            149.0
        ],
        [
            0.6274509803921569,
            0.35108555866555713,
            145.26373626373626
        ],
        [
            0.6274509803921569,
            0.34,
            150.0
        ],
        [
            0.6274509803921569,
            0.32075471698113206,
            159.0
        ],
        [
            0.6274509803921569,
            0.33774834437086093,
            151.0
        ],
        [
            0.6274509803921569,
            0.3355263157894737,
            152.0
        ]
    ]
}