{
    "rgb_colors": [
        [
            45.226190476190474,
            76.03095238095239,
            152.25714285714287
        ],
        [
            108.22222222222223,
            132.33333333333331,
            127.55555555555556
        ],
        [
            173.5,
            204.25,
            239.0
        ],
        [
            253.55,
            253.9,
            155.1
        ],
        [
            249.8,
            252.20000000000002,
            185.4
        ],
        [
            171.60000000000002,
            188.5,
            160.6
        ],
        [
            243.13333333333335,
            243.44444444444446,
            128.88888888888889
        ],
        [
            119.75,
            149.66666666666666,
            203.91666666666666
        ],
        [
            9.102040816326536,
            42.693877551020414,
            117.3061224489796
        ],
        [
            213.4,
            223.6,
            181.1
        ]
    ],
    "hex_colors": [
        "#2d4c98",
        "#6c847f",
        "#adccef",
        "#fdfd9b",
        "#f9fcb9",
        "#abbca0",
        "#f3f380",
        "#7795cb",
        "#092a75",
        "#d5dfb5"
    ],
    "hsl_color_values": [
        [
            0.6186980475904463,
            0.702961781447426,
            152.25714285714287
        ],
        [
            0.46697388632872516,
            0.18219983207388732,
            132.33333333333331
        ],
        [
            0.5884223918575063,
            0.27405857740585776,
            239.0
        ],
        [
            0.16725708502024292,
            0.38912957857424185,
            253.9
        ],
        [
            0.17265469061876249,
            0.2648691514670896,
            252.20000000000002
        ],
        [
            0.26762246117084815,
            0.14801061007957564,
            188.5
        ],
        [
            0.16711930164888456,
            0.4705613874942949,
            243.44444444444446
        ],
        [
            0.6074257425742574,
            0.4127503064977523,
            203.91666666666666
        ],
        [
            0.6149251854646045,
            0.9224077940153096,
            117.3061224489796
        ],
        [
            0.20666666666666664,
            0.19007155635062611,
            223.6
        ]
    ]
}