{
    "rgb_colors": [
        [
            16.608465608465607,
            52.592592592592595,
            126.57671957671958
        ],
        [
            1.5999999999999979,
            41.0,
            118.4
        ],
        [
            87.0,
            114.0,
            176.0
        ],
        [
            17.97222222222222,
            53.94444444444444,
            127.8452380952381
        ],
        [
            19.10843373493976,
            55.0,
            129.0
        ],
        [
            56.0,
            82.33333333333333,
            148.33333333333334
        ],
        [
            47.0,
            73.0,
            140.0
        ],
        [
            20.436936936936938,
            56.33783783783784,
            130.13513513513513
        ],
        [
            19.0,
            54.41379310344828,
            128.0
        ],
        [
            23.704545454545453,
            59.27272727272727,
            132.88636363636363
        ]
    ],
    "hex_colors": [
        "#10347e",
        "#012976",
        "#5772b0",
        "#11357f",
        "#133781",
        "#385294",
        "#2f498c",
        "#143882",
        "#133680",
        "#173b84"
    ],
    "hsl_color_values": [
        [
            0.6121295227097767,
            0.8687873594448857,
            126.57671957671958
        ],
        [
            0.610445205479452,
            0.9864864864864865,
            118.4
        ],
        [
            0.6161048689138577,
            0.5056818181818182,
            176.0
        ],
        [
            0.6121003081960898,
            0.8594220442623459,
            127.8452380952381
        ],
        [
            0.612231845923327,
            0.8518726067058934,
            129.0
        ],
        [
            0.6191335740072202,
            0.6224719101123596,
            148.33333333333334
        ],
        [
            0.6200716845878137,
            0.6642857142857143,
            140.0
        ],
        [
            0.6121217098509423,
            0.8429560401523017,
            130.13513513513513
        ],
        [
            0.6125171359274492,
            0.8515625,
            128.0
        ],
        [
            0.6123716347488205,
            0.8216179237215666,
            132.88636363636363
        ]
    ]
}