{
    "rgb_colors": [
        [
            82.6,
            94.6,
            133.6
        ],
        [
            93.0,
            105.0,
            144.0
        ],
        [
            90.0,
            102.0,
            141.0
        ],
        [
            92.0,
            104.0,
            143.0
        ],
        [
            91.0,
            103.0,
            142.0
        ],
        [
            88.0,
            100.0,
            139.0
        ],
        [
            86.6241610738255,
            98.6241610738255,
            137.6241610738255
        ],
        [
            84.6896551724138,
            96.6896551724138,
            135.68965517241378
        ],
        [
            94.86021505376344,
            106.86021505376344,
            145.86021505376345
        ],
        [
            89.0,
            101.0,
            140.0
        ]
    ],
    "hex_colors": [
        "#525e85",
        "#5d6990",
        "#5a668d",
        "#5c688f",
        "#5b678e",
        "#58648b",
        "#566289",
        "#546087",
        "#5e6a91",
        "#59658c"
    ],
    "hsl_color_values": [
        [
            0.6274509803921569,
            0.3817365269461078,
            133.6
        ],
        [
            0.6274509803921569,
            0.3541666666666667,
            144.0
        ],
        [
            0.6274509803921569,
            0.3617021276595745,
            141.0
        ],
        [
            0.6274509803921569,
            0.35664335664335667,
            143.0
        ],
        [
            0.6274509803921569,
            0.3591549295774648,
            142.0
        ],
        [
            0.6274509803921569,
            0.3669064748201439,
            139.0
        ],
        [
            0.6274509803921569,
            0.37057446600994826,
            137.6241610738255
        ],
        [
            0.6274509803921569,
            0.37585768742058445,
            135.68965517241378
        ],
        [
            0.6274509803921569,
            0.3496498341319573,
            145.86021505376345
        ],
        [
            0.6274509803921569,
            0.36428571428571427,
            140.0
        ]
    ]
}