{
    "rgb_colors": [
        [
            44.64981949458484,
            82.54512635379061,
            170.46570397111913
        ],
        [
            49.476190476190474,
            86.42857142857143,
            173.42857142857142
        ],
        [
            31.0,
            72.14285714285714,
            160.42857142857142
        ],
        [
            42.14406779661017,
            80.01694915254237,
            167.91101694915255
        ],
        [
            43.17269076305221,
            81.06024096385542,
            168.93172690763052
        ],
        [
            39.333333333333336,
            77.4,
            165.3
        ],
        [
            96.0,
            127.0,
            205.0
        ],
        [
            63.5,
            99.75,
            183.625
        ],
        [
            77.5,
            113.33333333333333,
            195.66666666666666
        ],
        [
            41.10077519379845,
            78.96899224806202,
            166.74418604651163
        ]
    ],
    "hex_colors": [
        "#2c52aa",
        "#3156ad",
        "#1f48a0",
        "#2a50a7",
        "#2b51a8",
        "#274da5",
        "#607fcd",
        "#3f63b7",
        "#4d71c3",
        "#294ea6"
    ],
    "hsl_color_values": [
        [
            0.6164672462770078,
            0.7380715389991317,
            170.46570397111913
        ],
        [
            0.6169804072224356,
            0.714717188358045,
            173.42857142857142
        ],
        [
            0.6136865342163356,
            0.8067675868210151,
            160.42857142857142
        ],
        [
            0.6164774322518335,
            0.749009513715396,
            167.91101694915255
        ],
        [
            0.6164548338336421,
            0.7444370483073413,
            168.93172690763052
        ],
        [
            0.6163006086266208,
            0.7620488001613228,
            165.3
        ],
        [
            0.6192660550458715,
            0.5317073170731708,
            205.0
        ],
        [
            0.6163718348942074,
            0.6541865214431586,
            183.625
        ],
        [
            0.6161259990597086,
            0.6039182282793867,
            195.66666666666666
        ],
        [
            0.616434271141823,
            0.7535099953509995,
            166.74418604651163
        ]
    ]
}