{
    "rgb_colors": [
        [
            70.0,
            82.0,
            121.0
        ],
        [
            66.425,
            78.425,
            117.425
        ],
        [
            72.0,
            84.0,
            123.0
        ],
        [
            71.0,
            83.0,
            122.0
        ],
        [
            73.0,
            85.0,
            124.0
        ],
        [
            69.0,
            81.0,
            120.0
        ],
        [
            75.34117647058824,
            87.34117647058824,
            126.34117647058824
        ],
        [
            77.52631578947368,
            89.52631578947368,
            128.52631578947367
        ],
        [
            74.0,
            86.0,
            125.0
        ],
        [
            68.0,
            80.0,
            119.0
        ]
    ],
    "hex_colors": [
        "#465279",
        "#424e75",
        "#48547b",
        "#47537a",
        "#49557c",
        "#455178",
        "#4b577e",
        "#4d5980",
        "#4a567d",
        "#445077"
    ],
    "hsl_color_values": [
        [
            0.6274509803921569,
            0.4214876033057851,
            121.0
        ],
        [
            0.6274509803921569,
            0.43431977858207366,
            117.425
        ],
        [
            0.6274509803921569,
            0.4146341463414634,
            123.0
        ],
        [
            0.6274509803921569,
            0.4180327868852459,
            122.0
        ],
        [
            0.6274509803921569,
            0.4112903225806452,
            124.0
        ],
        [
            0.6274509803921569,
            0.425,
            120.0
        ],
        [
            0.6274509803921569,
            0.403668870472111,
            126.34117647058824
        ],
        [
            0.6274509803921569,
            0.39680589680589673,
            128.52631578947367
        ],
        [
            0.6274509803921569,
            0.408,
            125.0
        ],
        [
            0.6274509803921569,
            0.42857142857142855,
            119.0
        ]
    ]
}