{
    "rgb_colors": [
        [
            57.31818181818182,
            65.31818181818181,
            93.31818181818181
        ],
        [
            66.0,
            74.0,
            102.0
        ],
        [
            62.0,
            70.0,
            98.0
        ],
        [
            68.74074074074073,
            76.74074074074073,
            104.74074074074073
        ],
        [
            63.0,
            71.0,
            99.0
        ],
        [
            67.0,
            75.0,
            103.0
        ],
        [
            65.0,
            73.0,
            101.0
        ],
        [
            61.0,
            69.0,
            97.0
        ],
        [
            64.0,
            72.0,
            100.0
        ],
        [
            59.6875,
            67.6875,
            95.6875
        ]
    ],
    "hex_colors": [
        "#39415d",
        "#424a66",
        "#3e4662",
        "#444c68",
        "#3f4763",
        "#434b67",
        "#414965",
        "#3d4561",
        "#404864",
        "#3b435f"
    ],
    "hsl_color_values": [
        [
            0.6296296296296297,
            0.385776911836337,
            93.31818181818181
        ],
        [
            0.6296296296296297,
            0.35294117647058826,
            102.0
        ],
        [
            0.6296296296296297,
            0.3673469387755102,
            98.0
        ],
        [
            0.6296296296296297,
            0.34370579915134375,
            104.74074074074073
        ],
        [
            0.6296296296296297,
            0.36363636363636365,
            99.0
        ],
        [
            0.6296296296296297,
            0.34951456310679613,
            103.0
        ],
        [
            0.6296296296296297,
            0.3564356435643564,
            101.0
        ],
        [
            0.6296296296296297,
            0.3711340206185567,
            97.0
        ],
        [
            0.6296296296296297,
            0.36,
            100.0
        ],
        [
            0.6296296296296297,
            0.3762246897452645,
            95.6875
        ]
    ]
}