{
    "rgb_colors": [
        [
            69.0,
            80.0,
            109.0
        ],
        [
            59.85483870967742,
            70.85483870967742,
            99.85483870967742
        ],
        [
            70.0,
            81.0,
            110.0
        ],
        [
            65.54807692307692,
            76.54807692307692,
            105.54807692307692
        ],
        [
            67.0,
            78.0,
            107.0
        ],
        [
            71.7457627118644,
            82.7457627118644,
            111.7457627118644
        ],
        [
            74.8,
            85.8,
            114.8
        ],
        [
            77.5,
            88.5,
            117.5
        ],
        [
            68.0,
            79.0,
            108.0
        ],
        [
            63.29677419354839,
            74.29677419354839,
            103.29677419354839
        ]
    ],
    "hex_colors": [
        "#45506d",
        "#3b4663",
        "#46516e",
        "#414c69",
        "#434e6b",
        "#47526f",
        "#4a5572",
        "#4d5875",
        "#444f6c",
        "#3f4a67"
    ],
    "hsl_color_values": [
        [
            0.6208333333333332,
            0.3669724770642202,
            109.0
        ],
        [
            0.6208333333333332,
            0.40058148925860115,
            99.85483870967742
        ],
        [
            0.6208333333333332,
            0.36363636363636365,
            110.0
        ],
        [
            0.6208333333333332,
            0.37897421882117155,
            105.54807692307692
        ],
        [
            0.6208333333333332,
            0.37383177570093457,
            107.0
        ],
        [
            0.6208333333333332,
            0.35795540725011377,
            111.7457627118644
        ],
        [
            0.6208333333333332,
            0.34843205574912894,
            114.8
        ],
        [
            0.6208333333333332,
            0.3404255319148936,
            117.5
        ],
        [
            0.6208333333333332,
            0.37037037037037035,
            108.0
        ],
        [
            0.6208333333333332,
            0.3872337767784648,
            103.29677419354839
        ]
    ]
}