{
    "rgb_colors": [
        [
            22.133136094674555,
            57.85207100591716,
            131.72485207100593
        ],
        [
            173.0,
            192.0,
            217.0
        ],
        [
            141.0,
            157.5,
            188.5
        ],
        [
            110.0,
            127.0,
            166.0
        ],
        [
            20.556473829201103,
            56.48760330578512,
            130.39118457300276
        ],
        [
            23.923841059602648,
            58.890728476821195,
            132.76490066225165
        ],
        [
            0.0,
            0.0,
            108.0
        ],
        [
            36.285714285714285,
            69.0,
            139.42857142857142
        ],
        [
            7.0,
            44.0,
            119.0
        ],
        [
            71.5,
            98.5,
            155.0
        ]
    ],
    "hex_colors": [
        "#163983",
        "#adc0d9",
        "#8d9dbc",
        "#6e7fa6",
        "#143882",
        "#173a84",
        "#00006c",
        "#24458b",
        "#072c77",
        "#47629b"
    ],
    "hsl_color_values": [
        [
            0.6123454457102748,
            0.83197448509759,
            131.72485207100593
        ],
        [
            0.5946969696969697,
            0.20276497695852536,
            217.0
        ],
        [
            0.6087719298245614,
            0.2519893899204244,
            188.5
        ],
        [
            0.6160714285714285,
            0.3373493975903614,
            166.0
        ],
        [
            0.612143633475462,
            0.8423476717654018,
            130.39118457300276
        ],
        [
            0.6131224013791705,
            0.8198029679511161,
            132.76490066225165
        ],
        [
            0.6666666666666666,
            1.0,
            108.0
        ],
        [
            0.6138042474607571,
            0.7397540983606558,
            139.42857142857142
        ],
        [
            0.6116071428571428,
            0.9411764705882353,
            119.0
        ],
        [
            0.6127744510978044,
            0.5387096774193548,
            155.0
        ]
    ]
}