{
    "rgb_colors": [
        [
            48.193548387096776,
            80.39569892473118,
            163.78494623655914
        ],
        [
            46.054455445544555,
            78.5,
            160.64356435643563
        ],
        [
            0.0,
            46.0,
            152.0
        ],
        [
            35.66666666666667,
            69.88888888888889,
            155.66666666666666
        ],
        [
            142.0,
            170.0,
            207.0
        ],
        [
            81.0,
            109.2,
            183.4
        ],
        [
            50.00515463917526,
            82.41752577319588,
            165.72680412371133
        ],
        [
            66.4,
            97.4,
            178.4
        ],
        [
            51.77142857142857,
            84.17857142857143,
            167.78571428571428
        ],
        [
            120.0,
            146.0,
            192.0
        ]
    ],
    "hex_colors": [
        "#3050a3",
        "#2e4ea0",
        "#002e98",
        "#23459b",
        "#8eaacf",
        "#516db7",
        "#3252a5",
        "#4261b2",
        "#3354a7",
        "#7892c0"
    ],
    "hsl_color_values": [
        [
            0.6202356589147286,
            0.7057510504201681,
            163.78494623655914
        ],
        [
            0.6194755259860889,
            0.7133127889060091,
            160.64356435643563
        ],
        [
            0.6162280701754387,
            1.0,
            152.0
        ],
        [
            0.6191358024691359,
            0.7708779443254817,
            155.66666666666666
        ],
        [
            0.5948717948717949,
            0.3140096618357488,
            207.0
        ],
        [
            0.6207682291666666,
            0.5583424209378408,
            183.4
        ],
        [
            0.6199851521900519,
            0.6982675499984448,
            165.72680412371133
        ],
        [
            0.6205357142857143,
            0.6278026905829596,
            178.4
        ],
        [
            0.6201104133316915,
            0.6914431673052363,
            167.78571428571428
        ],
        [
            0.6064814814814815,
            0.375,
            192.0
        ]
    ]
}