{
    "rgb_colors": [
        [
            83.81818181818181,
            109.81818181818181,
            220.0
        ],
        [
            66.275,
            91.275,
            198.7
        ],
        [
            53.5,
            77.1078431372549,
            182.50980392156862
        ],
        [
            62.57831325301205,
            86.855421686747,
            193.49397590361446
        ],
        [
            91.2,
            116.6,
            226.2
        ],
        [
            97.80000000000001,
            125.4,
            235.2
        ],
        [
            73.71428571428571,
            99.03571428571428,
            207.96428571428572
        ],
        [
            55.87593984962406,
            79.52255639097744,
            185.21804511278197
        ],
        [
            57.57818181818182,
            81.45818181818181,
            187.3490909090909
        ],
        [
            59.63157894736842,
            83.63157894736842,
            189.61722488038276
        ]
    ],
    "hex_colors": [
        "#536ddc",
        "#425bc6",
        "#354db6",
        "#3e56c1",
        "#5b74e2",
        "#617deb",
        "#4963cf",
        "#374fb9",
        "#3951bb",
        "#3b53bd"
    ],
    "hsl_color_values": [
        [
            0.6348464619492656,
            0.61900826446281,
            220.0
        ],
        [
            0.6352023157762255,
            0.6664569703069955,
            198.7
        ],
        [
            0.636167895230134,
            0.7068650623119896,
            182.50980392156862
        ],
        [
            0.6357598625682557,
            0.6765877957658779,
            193.49397590361446
        ],
        [
            0.6353086419753087,
            0.596816976127321,
            226.2
        ],
        [
            0.6331877729257642,
            0.5841836734693877,
            235.2
        ],
        [
            0.635231001152789,
            0.6455435342606903,
            207.96428571428572
        ],
        [
            0.6361962892990359,
            0.6983234553868638,
            185.21804511278197
        ],
        [
            0.6359972352210422,
            0.692669008753712,
            187.3490909090909
        ],
        [
            0.6358940381099618,
            0.6855160232147364,
            189.61722488038276
        ]
    ]
}