{
    "rgb_colors": [
        [
            72.0,
            83.0,
            119.0
        ],
        [
            67.0,
            78.0,
            114.0
        ],
        [
            70.0,
            81.0,
            117.0
        ],
        [
            69.0,
            80.0,
            116.0
        ],
        [
            71.0,
            82.0,
            118.0
        ],
        [
            73.0,
            84.0,
            120.0
        ],
        [
            66.0,
            77.0,
            113.0
        ],
        [
            64.625,
            75.625,
            111.625
        ],
        [
            74.53488372093024,
            85.53488372093024,
            121.53488372093024
        ],
        [
            68.0,
            79.0,
            115.0
        ]
    ],
    "hex_colors": [
        "#485377",
        "#434e72",
        "#465175",
        "#455074",
        "#475276",
        "#495478",
        "#424d71",
        "#404b6f",
        "#4a5579",
        "#444f73"
    ],
    "hsl_color_values": [
        [
            0.6276595744680851,
            0.3949579831932773,
            119.0
        ],
        [
            0.6276595744680851,
            0.41228070175438597,
            114.0
        ],
        [
            0.6276595744680851,
            0.4017094017094017,
            117.0
        ],
        [
            0.6276595744680851,
            0.4051724137931034,
            116.0
        ],
        [
            0.6276595744680851,
            0.3983050847457627,
            118.0
        ],
        [
            0.6276595744680851,
            0.39166666666666666,
            120.0
        ],
        [
            0.6276595744680851,
            0.415929203539823,
            113.0
        ],
        [
            0.6276595744680851,
            0.42105263157894735,
            111.625
        ],
        [
            0.6276595744680851,
            0.38672024492920015,
            121.53488372093024
        ],
        [
            0.6276595744680851,
            0.40869565217391307,
            115.0
        ]
    ]
}