{
    "rgb_colors": [
        [
            87.4,
            99.4,
            138.4
        ],
        [
            83.0,
            95.0,
            134.0
        ],
        [
            81.0,
            93.0,
            132.0
        ],
        [
            77.2258064516129,
            89.2258064516129,
            128.2258064516129
        ],
        [
            85.0,
            97.0,
            136.0
        ],
        [
            82.0,
            94.0,
            133.0
        ],
        [
            84.0,
            96.0,
            135.0
        ],
        [
            86.0,
            98.0,
            137.0
        ],
        [
            79.0,
            91.0,
            130.0
        ],
        [
            80.0,
            92.0,
            131.0
        ]
    ],
    "hex_colors": [
        "#57638a",
        "#535f86",
        "#515d84",
        "#4d5980",
        "#556188",
        "#525e85",
        "#546087",
        "#566289",
        "#4f5b82",
        "#505c83"
    ],
    "hsl_color_values": [
        [
            0.6274509803921569,
            0.36849710982658956,
            138.4
        ],
        [
            0.6274509803921569,
            0.3805970149253731,
            134.0
        ],
        [
            0.6274509803921569,
            0.38636363636363635,
            132.0
        ],
        [
            0.6274509803921569,
            0.3977358490566038,
            128.2258064516129
        ],
        [
            0.6274509803921569,
            0.375,
            136.0
        ],
        [
            0.6274509803921569,
            0.38345864661654133,
            133.0
        ],
        [
            0.6274509803921569,
            0.37777777777777777,
            135.0
        ],
        [
            0.6274509803921569,
            0.3722627737226277,
            137.0
        ],
        [
            0.6274509803921569,
            0.3923076923076923,
            130.0
        ],
        [
            0.6274509803921569,
            0.3893129770992366,
            131.0
        ]
    ]
}