{
    "rgb_colors": [
        [
            74.51515151515152,
            85.51515151515152,
            121.51515151515152
        ],
        [
            67.0,
            78.0,
            114.0
        ],
        [
            64.67469879518072,
            75.67469879518072,
            111.67469879518072
        ],
        [
            70.0,
            81.0,
            117.0
        ],
        [
            69.0,
            80.0,
            116.0
        ],
        [
            68.0,
            79.0,
            115.0
        ],
        [
            66.0,
            77.0,
            113.0
        ],
        [
            72.34074074074074,
            83.34074074074074,
            119.34074074074074
        ],
        [
            71.0,
            82.0,
            118.0
        ],
        [
            62.666666666666664,
            73.66666666666667,
            109.66666666666667
        ]
    ],
    "hex_colors": [
        "#4a5579",
        "#434e72",
        "#404b6f",
        "#465175",
        "#455074",
        "#444f73",
        "#424d71",
        "#485377",
        "#475276",
        "#3e496d"
    ],
    "hsl_color_values": [
        [
            0.6276595744680851,
            0.38678304239401495,
            121.51515151515152
        ],
        [
            0.6276595744680851,
            0.41228070175438597,
            114.0
        ],
        [
            0.6276595744680851,
            0.42086524975725537,
            111.67469879518072
        ],
        [
            0.6276595744680851,
            0.4017094017094017,
            117.0
        ],
        [
            0.6276595744680851,
            0.4051724137931034,
            116.0
        ],
        [
            0.6276595744680851,
            0.40869565217391307,
            115.0
        ],
        [
            0.6276595744680851,
            0.415929203539823,
            113.0
        ],
        [
            0.6276595744680851,
            0.39383030227794674,
            119.34074074074074
        ],
        [
            0.6276595744680851,
            0.3983050847457627,
            118.0
        ],
        [
            0.6276595744680851,
            0.4285714285714286,
            109.66666666666667
        ]
    ]
}