{
    "rgb_colors": [
        [
            66.0,
            78.0,
            117.0
        ],
        [
            64.53061224489795,
            76.53061224489795,
            115.53061224489795
        ],
        [
            70.0,
            82.0,
            121.0
        ],
        [
            71.0,
            83.0,
            122.0
        ],
        [
            67.0,
            79.0,
            118.0
        ],
        [
            68.0,
            80.0,
            119.0
        ],
        [
            73.0,
            85.0,
            124.0
        ],
        [
            74.41176470588235,
            86.41176470588235,
            125.41176470588235
        ],
        [
            69.0,
            81.0,
            120.0
        ],
        [
            72.0,
            84.0,
            123.0
        ]
    ],
    "hex_colors": [
        "#424e75",
        "#404c73",
        "#465279",
        "#47537a",
        "#434f76",
        "#445077",
        "#49557c",
        "#4a567d",
        "#455178",
        "#48547b"
    ],
    "hsl_color_values": [
        [
            0.6274509803921569,
            0.4358974358974359,
            117.0
        ],
        [
            0.6274509803921569,
            0.4414414414414415,
            115.53061224489795
        ],
        [
            0.6274509803921569,
            0.4214876033057851,
            121.0
        ],
        [
            0.6274509803921569,
            0.4180327868852459,
            122.0
        ],
        [
            0.6274509803921569,
            0.4322033898305085,
            118.0
        ],
        [
            0.6274509803921569,
            0.42857142857142855,
            119.0
        ],
        [
            0.6274509803921569,
            0.4112903225806452,
            124.0
        ],
        [
            0.6274509803921569,
            0.40666041275797377,
            125.41176470588235
        ],
        [
            0.6274509803921569,
            0.425,
            120.0
        ],
        [
            0.6274509803921569,
            0.4146341463414634,
            123.0
        ]
    ]
}