{
    "rgb_colors": [
        [
            28.071428571428573,
            52.9375,
            118.9375
        ],
        [
            31.20618556701031,
            56.16494845360825,
            124.05154639175258
        ],
        [
            47.0,
            70.0,
            133.0
        ],
        [
            25.73469387755102,
            49.79591836734694,
            113.79591836734694
        ],
        [
            30.71195652173913,
            54.65760869565217,
            121.125
        ],
        [
            29.13372093023256,
            53.924418604651166,
            119.97093023255815
        ],
        [
            63.0,
            86.5,
            148.5
        ],
        [
            30.08230452674897,
            55.03703703703704,
            122.90946502057614
        ],
        [
            26.640625,
            51.609375,
            117.65625
        ],
        [
            29.11111111111111,
            53.98989898989899,
            121.85858585858585
        ]
    ],
    "hex_colors": [
        "#1c3476",
        "#1f387c",
        "#2f4685",
        "#193171",
        "#1e3679",
        "#1d3577",
        "#3f5694",
        "#1e377a",
        "#1a3375",
        "#1d3579"
    ],
    "hsl_color_values": [
        [
            0.6210572860371425,
            0.7639816830568276,
            118.9375
        ],
        [
            0.6218632023095715,
            0.7484417850909998,
            124.05154639175258
        ],
        [
            0.6220930232558141,
            0.6466165413533834,
            133.0
        ],
        [
            0.6211278485901892,
            0.7738522238163558,
            113.79591836734694
        ],
        [
            0.6225254468221527,
            0.7464441154035986,
            121.125
        ],
        [
            0.6211810889230245,
            0.757160164768597,
            119.97093023255815
        ],
        [
            0.6208576998050682,
            0.5757575757575758,
            148.5
        ],
        [
            0.6218616541797816,
            0.7552482673184451,
            122.90946502057614
        ],
        [
            0.6209442060085837,
            0.7735723771580345,
            117.65625
        ],
        [
            0.6219596311624193,
            0.7611074270557029,
            121.85858585858585
        ]
    ]
}