{
    "rgb_colors": [
        [
            36.355828220858896,
            60.607361963190186,
            150.45398773006136
        ],
        [
            38.666666666666664,
            62.794871794871796,
            151.74358974358975
        ],
        [
            34.98125,
            61.05625,
            147.90625
        ],
        [
            34.40136054421769,
            59.68027210884354,
            146.95238095238096
        ],
        [
            59.0,
            82.0,
            167.0
        ],
        [
            33.041666666666664,
            58.52777777777778,
            145.61111111111111
        ],
        [
            35.842424242424244,
            60.02424242424242,
            148.12121212121212
        ],
        [
            82.0,
            106.0,
            191.0
        ],
        [
            36.64312267657993,
            61.71375464684015,
            149.05947955390334
        ],
        [
            44.42857142857143,
            68.57142857142857,
            156.0
        ]
    ],
    "hex_colors": [
        "#243c96",
        "#263e97",
        "#223d93",
        "#223b92",
        "#3b52a7",
        "#213a91",
        "#233c94",
        "#526abf",
        "#243d95",
        "#2c449c"
    ],
    "hsl_color_values": [
        [
            0.6312417105781983,
            0.758359158375469,
            150.45398773006136
        ],
        [
            0.6311035525321239,
            0.7451841838458939,
            151.74358974358975
        ],
        [
            0.6281824219614789,
            0.7634903866469469,
            147.90625
        ],
        [
            0.6292334038480911,
            0.765901305434682,
            146.95238095238096
        ],
        [
            0.6311728395061729,
            0.6467065868263473,
            167.0
        ],
        [
            0.6289327575570636,
            0.7730827928271653,
            145.61111111111111
        ],
        [
            0.630771168447947,
            0.7580196399345336,
            148.12121212121212
        ],
        [
            0.6299694189602446,
            0.5706806282722513,
            191.0
        ],
        [
            0.6294973544973544,
            0.7541711349976307,
            149.05947955390334
        ],
        [
            0.6306017925736236,
            0.7152014652014652,
            156.0
        ]
    ]
}