{
    "rgb_colors": [
        [
            60.526315789473685,
            63.526315789473685,
            87.52631578947368
        ],
        [
            74.44635193133047,
            77.44635193133047,
            101.44635193133047
        ],
        [
            67.29166666666667,
            70.29166666666667,
            94.29166666666667
        ],
        [
            73.0,
            76.0,
            100.0
        ],
        [
            76.0,
            79.0,
            103.0
        ],
        [
            64.1470588235294,
            67.1470588235294,
            91.1470588235294
        ],
        [
            79.3157894736842,
            82.3157894736842,
            106.3157894736842
        ],
        [
            77.33333333333333,
            80.33333333333333,
            104.33333333333333
        ],
        [
            71.57286432160804,
            74.57286432160804,
            98.57286432160804
        ],
        [
            69.57142857142857,
            72.57142857142857,
            96.57142857142857
        ]
    ],
    "hex_colors": [
        "#3c3f57",
        "#4a4d65",
        "#43465e",
        "#494c64",
        "#4c4f67",
        "#40435b",
        "#4f526a",
        "#4d5068",
        "#474a62",
        "#454860"
    ],
    "hsl_color_values": [
        [
            0.6481481481481483,
            0.3084786530366807,
            87.52631578947368
        ],
        [
            0.6481481481481483,
            0.2661505267165884,
            101.44635193133047
        ],
        [
            0.6481481481481483,
            0.2863455589924878,
            94.29166666666667
        ],
        [
            0.6481481481481483,
            0.27,
            100.0
        ],
        [
            0.6481481481481483,
            0.2621359223300971,
            103.0
        ],
        [
            0.6481481481481483,
            0.2962245885769603,
            91.1470588235294
        ],
        [
            0.6481481481481483,
            0.25396039603960396,
            106.3157894736842
        ],
        [
            0.6481481481481483,
            0.2587859424920128,
            104.33333333333333
        ],
        [
            0.6481481481481483,
            0.27390905383360525,
            98.57286432160804
        ],
        [
            0.6481481481481483,
            0.27958579881656803,
            96.57142857142857
        ]
    ]
}