{
    "rgb_colors": [
        [
            53.63324538258575,
            80.01846965699208,
            161.34564643799473
        ],
        [
            49.17948717948718,
            74.96153846153847,
            155.78205128205127
        ],
        [
            88.75,
            113.0,
            191.75
        ],
        [
            103.5,
            128.0,
            202.5
        ],
        [
            67.77777777777777,
            93.66666666666667,
            173.11111111111111
        ],
        [
            51.63529411764706,
            77.91764705882353,
            159.0970588235294
        ],
        [
            37.8,
            65.8,
            148.0
        ],
        [
            55.775862068965516,
            82.316091954023,
            163.57471264367817
        ],
        [
            77.66666666666666,
            102.16666666666666,
            179.66666666666666
        ],
        [
            59.7037037037037,
            85.66666666666667,
            166.22222222222223
        ]
    ],
    "hex_colors": [
        "#3550a1",
        "#314a9b",
        "#5871bf",
        "#6780ca",
        "#435dad",
        "#334d9f",
        "#254194",
        "#3752a3",
        "#4d66b3",
        "#3b55a6"
    ],
    "hsl_color_values": [
        [
            0.625840008491945,
            0.6675878986099755,
            161.34564643799473
        ],
        [
            0.6263579875726598,
            0.6843058184511562,
            155.78205128205127
        ],
        [
            0.6274271844660194,
            0.5371577574967406,
            191.75
        ],
        [
            0.6254208754208754,
            0.4888888888888889,
            202.5
        ],
        [
            0.62570323488045,
            0.6084724005134788,
            173.11111111111111
        ],
        [
            0.6259043344189908,
            0.6754478398314016,
            159.0970588235294
        ],
        [
            0.6243194192377496,
            0.7445945945945946,
            148.0
        ],
        [
            0.6256330969771285,
            0.6590190429344389,
            163.57471264367817
        ],
        [
            0.6266339869281046,
            0.5677179962894249,
            179.66666666666666
        ],
        [
            0.6260431154381085,
            0.6408199643493762,
            166.22222222222223
        ]
    ]
}