{
    "rgb_colors": [
        [
            84.4126213592233,
            92.41747572815534,
            120.40776699029126
        ],
        [
            81.0,
            89.0,
            117.0
        ],
        [
            75.30952380952381,
            83.30952380952381,
            111.30952380952381
        ],
        [
            86.64035087719299,
            94.66666666666667,
            122.6140350877193
        ],
        [
            80.0,
            88.0,
            116.0
        ],
        [
            83.0,
            91.0,
            119.0
        ],
        [
            77.73076923076923,
            85.73076923076923,
            113.73076923076923
        ],
        [
            89.75,
            97.75,
            125.75
        ],
        [
            79.0,
            87.0,
            115.0
        ],
        [
            82.0,
            90.0,
            118.0
        ]
    ],
    "hex_colors": [
        "#545c78",
        "#515975",
        "#4b536f",
        "#565e7a",
        "#505874",
        "#535b77",
        "#4d5571",
        "#59617d",
        "#4f5773",
        "#525a76"
    ],
    "hsl_color_values": [
        [
            0.629602157788267,
            0.29894371875503956,
            120.40776699029126
        ],
        [
            0.6296296296296297,
            0.3076923076923077,
            117.0
        ],
        [
            0.6296296296296297,
            0.32342245989304813,
            111.30952380952381
        ],
        [
            0.6294806144842721,
            0.293389612247818,
            122.6140350877193
        ],
        [
            0.6296296296296297,
            0.3103448275862069,
            116.0
        ],
        [
            0.6296296296296297,
            0.3025210084033613,
            119.0
        ],
        [
            0.6296296296296297,
            0.31653703077443357,
            113.73076923076923
        ],
        [
            0.6296296296296297,
            0.28628230616302186,
            125.75
        ],
        [
            0.6296296296296297,
            0.3130434782608696,
            115.0
        ],
        [
            0.6296296296296297,
            0.3050847457627119,
            118.0
        ]
    ]
}