{
    "rgb_colors": [
        [
            119.09836065573771,
            185.81967213114754,
            118.49180327868852
        ],
        [
            127.01515151515152,
            194.37878787878788,
            125.42424242424242
        ],
        [
            122.5603448275862,
            189.23275862068965,
            122.47413793103448
        ],
        [
            131.66666666666666,
            198.5,
            130.66666666666666
        ],
        [
            120.8019801980198,
            187.62376237623764,
            120.04950495049505
        ],
        [
            124.85875706214689,
            191.75141242937852,
            123.19774011299435
        ],
        [
            123.994708994709,
            190.95767195767195,
            122.02116402116403
        ],
        [
            122.0,
            188.94666666666666,
            120.05333333333333
        ],
        [
            125.70642201834862,
            192.76146788990826,
            124.19266055045871
        ],
        [
            122.98387096774194,
            189.91935483870967,
            121.06451612903226
        ]
    ],
    "hex_colors": [
        "#77b976",
        "#7fc27d",
        "#7abd7a",
        "#83c682",
        "#78bb78",
        "#7cbf7b",
        "#7bbe7a",
        "#7abc78",
        "#7dc07c",
        "#7abd79"
    ],
    "hsl_color_values": [
        [
            0.33183183183183185,
            0.3623290692545214,
            185.81967213114754
        ],
        [
            0.32948802460997584,
            0.35474316002806144,
            194.37878787878788
        ],
        [
            0.33311811294765836,
            0.352785750079723,
            189.23275862068965
        ],
        [
            0.3308763308763309,
            0.34172963895885816,
            198.5
        ],
        [
            0.33147741147741144,
            0.36015831134564646,
            187.62376237623764
        ],
        [
            0.32929509367617166,
            0.357513258691809,
            191.75141242937852
        ],
        [
            0.32856192596003786,
            0.3610041284530769,
            190.95767195767195
        ],
        [
            0.3286239597445326,
            0.364617881589161,
            188.94666666666666
        ],
        [
            0.3296539113370797,
            0.3557184332016563,
            192.76146788990826
        ],
        [
            0.32868743655813226,
            0.36254777070063693,
            189.91935483870967
        ]
    ]
}