{
    "rgb_colors": [
        [
            72.52201257861635,
            83.47798742138365,
            117.0
        ],
        [
            72.0,
            82.0,
            116.0
        ],
        [
            69.52066115702479,
            80.47933884297521,
            114.0
        ],
        [
            70.421768707483,
            81.578231292517,
            115.0
        ],
        [
            75.10526315789474,
            86.45263157894738,
            119.77894736842106
        ],
        [
            68.12244897959184,
            79.24489795918367,
            112.68367346938776
        ],
        [
            77.8936170212766,
            88.31914893617021,
            122.1063829787234
        ],
        [
            65.45,
            76.95,
            110.2
        ],
        [
            71.0,
            83.0,
            116.0
        ],
        [
            73.90588235294118,
            84.61176470588235,
            118.25882352941177
        ]
    ],
    "hex_colors": [
        "#485375",
        "#485274",
        "#455072",
        "#465173",
        "#4b5677",
        "#444f70",
        "#4d587a",
        "#414c6e",
        "#475374",
        "#495476"
    ],
    "hsl_color_values": [
        [
            0.6256127450980392,
            0.3801537386443047,
            117.0
        ],
        [
            0.6287878787878788,
            0.3793103448275862,
            116.0
        ],
        [
            0.6256038647342995,
            0.39016963897346674,
            114.0
        ],
        [
            0.6249554911236584,
            0.38763679384797395,
            115.0
        ],
        [
            0.6243323908262646,
            0.3729677476052377,
            119.77894736842106
        ],
        [
            0.6250667887947485,
            0.3954541338404419,
            112.68367346938776
        ],
        [
            0.6273660571061918,
            0.36208398675727477,
            122.1063829787234
        ],
        [
            0.6238361266294228,
            0.40607985480943737,
            110.2
        ],
        [
            0.6222222222222222,
            0.3879310344827586,
            116.0
        ],
        [
            0.6264367816091955,
            0.375049741345006,
            118.25882352941177
        ]
    ]
}