{
    "rgb_colors": [
        [
            85.0,
            91.0,
            126.0
        ],
        [
            81.0,
            87.0,
            122.0
        ],
        [
            87.25773195876289,
            93.25773195876289,
            128.2577319587629
        ],
        [
            86.0,
            92.0,
            127.0
        ],
        [
            83.0,
            89.0,
            124.0
        ],
        [
            82.0,
            88.0,
            123.0
        ],
        [
            78.66666666666667,
            84.66666666666667,
            119.66666666666667
        ],
        [
            84.0,
            90.0,
            125.0
        ],
        [
            89.18181818181819,
            95.18181818181819,
            130.1818181818182
        ],
        [
            80.0,
            86.0,
            121.0
        ]
    ],
    "hex_colors": [
        "#555b7e",
        "#51577a",
        "#575d80",
        "#565c7f",
        "#53597c",
        "#52587b",
        "#4e5477",
        "#545a7d",
        "#595f82",
        "#505679"
    ],
    "hsl_color_values": [
        [
            0.6422764227642276,
            0.3253968253968254,
            126.0
        ],
        [
            0.6422764227642276,
            0.3360655737704918,
            122.0
        ],
        [
            0.6422764227642276,
            0.3196688369102162,
            128.2577319587629
        ],
        [
            0.6422764227642276,
            0.3228346456692913,
            127.0
        ],
        [
            0.6422764227642276,
            0.33064516129032256,
            124.0
        ],
        [
            0.6422764227642276,
            0.3333333333333333,
            123.0
        ],
        [
            0.6422764227642276,
            0.3426183844011142,
            119.66666666666667
        ],
        [
            0.6422764227642276,
            0.328,
            125.0
        ],
        [
            0.6422764227642276,
            0.31494413407821226,
            130.1818181818182
        ],
        [
            0.6422764227642276,
            0.33884297520661155,
            121.0
        ]
    ]
}