{
    "rgb_colors": [
        [
            35.714285714285715,
            68.14285714285714,
            137.85714285714286
        ],
        [
            0.0,
            0.0,
            118.0
        ],
        [
            22.892617449664428,
            60.56375838926174,
            133.48322147651007
        ],
        [
            21.26334519572954,
            59.09252669039146,
            131.8932384341637
        ],
        [
            3.5,
            45.875,
            123.125
        ],
        [
            17.753968253968253,
            55.87301587301587,
            128.85714285714286
        ],
        [
            63.0,
            93.0,
            159.2
        ],
        [
            19.62962962962963,
            57.629629629629626,
            130.65432098765433
        ],
        [
            49.166666666666664,
            81.66666666666666,
            148.83333333333334
        ],
        [
            20.376068376068375,
            57.717948717948715,
            130.30769230769232
        ]
    ],
    "hex_colors": [
        "#234489",
        "#000076",
        "#163c85",
        "#153b83",
        "#032d7b",
        "#113780",
        "#3f5d9f",
        "#133982",
        "#315194",
        "#143982"
    ],
    "hsl_color_values": [
        [
            0.6137529137529137,
            0.7409326424870466,
            137.85714285714286
        ],
        [
            0.6666666666666666,
            1.0,
            118.0
        ],
        [
            0.609894000080916,
            0.8284981648147217,
            133.48322147651007
        ],
        [
            0.6096760703831183,
            0.8387836598132858,
            131.8932384341637
        ],
        [
            0.6076280041797283,
            0.9715736040609138,
            123.125
        ],
        [
            0.6094840107626736,
            0.862219758561222,
            128.85714285714286
        ],
        [
            0.6146916146916147,
            0.6042713567839195,
            159.2
        ],
        [
            0.6096222988250121,
            0.8497590475290561,
            130.65432098765433
        ],
        [
            0.6123188405797101,
            0.6696528555431132,
            148.83333333333334
        ],
        [
            0.6100528689161872,
            0.8436311163583892,
            130.30769230769232
        ]
    ]
}