{
    "rgb_colors": [
        [
            105.0,
            118.0,
            154.0
        ],
        [
            101.87387387387388,
            114.49549549549549,
            151.63063063063063
        ],
        [
            106.92792792792793,
            119.92792792792793,
            155.92792792792793
        ],
        [
            100.10112359550561,
            112.7752808988764,
            149.75280898876406
        ],
        [
            97.5,
            110.22727272727272,
            147.04545454545453
        ],
        [
            103.56716417910448,
            116.56716417910448,
            152.56716417910448
        ],
        [
            103.97916666666667,
            115.97916666666667,
            154.97916666666666
        ],
        [
            112.55555555555556,
            125.4074074074074,
            161.85185185185185
        ],
        [
            109.56164383561644,
            122.44520547945206,
            158.7945205479452
        ],
        [
            106.63793103448276,
            118.63793103448276,
            157.63793103448276
        ]
    ],
    "hex_colors": [
        "#69769a",
        "#657297",
        "#6a779b",
        "#647095",
        "#616e93",
        "#677498",
        "#67739a",
        "#707da1",
        "#6d7a9e",
        "#6a769d"
    ],
    "hsl_color_values": [
        [
            0.6224489795918368,
            0.3181818181818182,
            154.0
        ],
        [
            0.6243889190657251,
            0.32814449527657297,
            151.63063063063063
        ],
        [
            0.6224489795918368,
            0.31424774670672523,
            155.92792792792793
        ],
        [
            0.6241231047748359,
            0.33155762304921976,
            149.75280898876406
        ],
        [
            0.6238532110091742,
            0.3369397217928902,
            147.04545454545453
        ],
        [
            0.6224489795918368,
            0.32117002543533557,
            152.56716417910448
        ],
        [
            0.6274509803921569,
            0.329076488775373,
            154.97916666666666
        ],
        [
            0.6232156273478587,
            0.3045766590389016,
            161.85185185185185
        ],
        [
            0.6230523094045631,
            0.31004140786749484,
            158.7945205479452
        ],
        [
            0.6274509803921569,
            0.3235261949032046,
            157.63793103448276
        ]
    ]
}