{
    "rgb_colors": [
        [
            128.9953488372093,
            134.14883720930231,
            155.41860465116278
        ],
        [
            148.0,
            153.72972972972974,
            173.27027027027026
        ],
        [
            134.83636363636364,
            140.3030303030303,
            160.57575757575756
        ],
        [
            123.74747474747474,
            128.76767676767676,
            150.6161616161616
        ],
        [
            131.89705882352942,
            137.2058823529412,
            157.97058823529412
        ],
        [
            119.74193548387098,
            124.74193548387098,
            147.29032258064515
        ],
        [
            142.7032967032967,
            148.32967032967034,
            168.12087912087912
        ],
        [
            126.28260869565217,
            131.2826086956522,
            153.69565217391303
        ],
        [
            126.12820512820512,
            131.51282051282053,
            151.74358974358975
        ],
        [
            138.2268907563025,
            143.7563025210084,
            163.89915966386553
        ]
    ],
    "hex_colors": [
        "#80869b",
        "#9499ad",
        "#868ca0",
        "#7b8096",
        "#83899d",
        "#777c93",
        "#8e94a8",
        "#7e8399",
        "#7e8397",
        "#8a8fa3"
    ],
    "hsl_color_values": [
        [
            0.6341606524672887,
            0.17001346700583572,
            155.41860465116278
        ],
        [
            0.6288770053475935,
            0.14584308220246447,
            173.27027027027026
        ],
        [
            0.6312691311514009,
            0.16029439516889968,
            160.57575757575756
        ],
        [
            0.6355263157894737,
            0.1783917912950171,
            150.6161616161616
        ],
        [
            0.6327317164880616,
            0.16505306274436785,
            157.97058823529412
        ],
        [
            0.636416861826698,
            0.18703460359176513,
            147.29032258064515
        ],
        [
            0.6297737426142095,
            0.15118635204915357,
            168.12087912087912
        ],
        [
            0.6362675125561723,
            0.1783592644978783,
            153.69565217391303
        ],
        [
            0.6316316316316315,
            0.16880702940182502,
            151.74358974358975
        ],
        [
            0.6307692307692307,
            0.15663453650533224,
            163.89915966386553
        ]
    ]
}