{
    "rgb_colors": [
        [
            18.6,
            54.42,
            129.96
        ],
        [
            20.07103825136612,
            55.967213114754095,
            131.8306010928962
        ],
        [
            20.962264150943398,
            53.990566037735846,
            130.80188679245282
        ],
        [
            21.147058823529413,
            55.0735294117647,
            129.19117647058823
        ],
        [
            32.0,
            68.0,
            142.0
        ],
        [
            22.34426229508197,
            55.38251366120219,
            132.10382513661202
        ],
        [
            18.729559748427672,
            54.61635220125786,
            128.57861635220127
        ],
        [
            21.436781609195403,
            57.172413793103445,
            132.95402298850576
        ],
        [
            19.060606060606062,
            55.0,
            131.0
        ],
        [
            20.625,
            56.06818181818182,
            130.0568181818182
        ]
    ],
    "hex_colors": [
        "#123681",
        "#143783",
        "#143582",
        "#153781",
        "#20448e",
        "#163784",
        "#123680",
        "#153984",
        "#133783",
        "#143882"
    ],
    "hsl_color_values": [
        [
            0.6130567528735632,
            0.8568790397045245,
            129.96
        ],
        [
            0.6131348197405306,
            0.8477512953367876,
            131.8306010928962
        ],
        [
            0.6165507171691145,
            0.8397403534078615,
            130.80188679245282
        ],
        [
            0.6143323805634954,
            0.8363118952760387,
            129.19117647058823
        ],
        [
            0.6121212121212122,
            0.7746478873239436,
            142.0
        ],
        [
            0.6164990540675097,
            0.8308583247156154,
            132.10382513661202
        ],
        [
            0.6122180235886866,
            0.8543337898649971,
            128.57861635220127
        ],
        [
            0.6132584346870061,
            0.8387654534451456,
            132.95402298850576
        ],
        [
            0.6131564699512723,
            0.8544991903770529,
            131.0
        ],
        [
            0.6126860505365178,
            0.8414154652686763,
            130.0568181818182
        ]
    ]
}