{
    "rgb_colors": [
        [
            30.914529914529915,
            55.991452991452995,
            123.98290598290598
        ],
        [
            28.992248062015506,
            56.0,
            123.9922480620155
        ],
        [
            28.0,
            55.0,
            123.0
        ],
        [
            30.055350553505534,
            55.0,
            122.97785977859779
        ],
        [
            28.0,
            54.0,
            122.0
        ],
        [
            29.179775280898877,
            54.0,
            122.0
        ],
        [
            26.984375,
            53.984375,
            121.984375
        ],
        [
            32.25,
            57.375,
            125.375
        ],
        [
            30.0,
            57.0,
            125.0
        ],
        [
            29.0,
            55.0,
            123.0
        ]
    ],
    "hex_colors": [
        "#1e377b",
        "#1c387b",
        "#1c377b",
        "#1e377a",
        "#1c367a",
        "#1d367a",
        "#1a3579",
        "#20397d",
        "#1e397d",
        "#1d377b"
    ],
    "hsl_color_values": [
        [
            0.6217589616432485,
            0.750654901420102,
            123.98290598290598
        ],
        [
            0.6192846457228343,
            0.7661769302907159,
            123.9922480620155
        ],
        [
            0.6192982456140351,
            0.7723577235772358,
            123.0
        ],
        [
            0.6219257141344346,
            0.7556035646772887,
            122.97785977859779
        ],
        [
            0.6205673758865249,
            0.7704918032786885,
            122.0
        ],
        [
            0.6220998264939676,
            0.7608215140909927,
            122.0
        ],
        [
            0.6192982456140351,
            0.7787882669399258,
            121.984375
        ],
        [
            0.6217002237136465,
            0.7427716849451645,
            125.375
        ],
        [
            0.6192982456140351,
            0.76,
            125.0
        ],
        [
            0.6205673758865249,
            0.7642276422764228,
            123.0
        ]
    ]
}