{
    "rgb_colors": [
        [
            64.0,
            100.0,
            181.5
        ],
        [
            45.12921348314607,
            81.85393258426966,
            164.07303370786516
        ],
        [
            46.18539325842696,
            82.82584269662921,
            165.1629213483146
        ],
        [
            47.36929460580913,
            83.9460580912863,
            166.5767634854772
        ],
        [
            41.80597014925373,
            78.70149253731343,
            160.67164179104478
        ],
        [
            49.48529411764706,
            86.01470588235294,
            168.77941176470588
        ],
        [
            44.1656050955414,
            80.84713375796179,
            163.11464968152868
        ],
        [
            55.0,
            91.75,
            173.75
        ],
        [
            43.12173913043478,
            79.90434782608696,
            162.0
        ],
        [
            39.5,
            76.33333333333333,
            158.41666666666666
        ]
    ],
    "hex_colors": [
        "#4064b5",
        "#2d51a4",
        "#2e52a5",
        "#2f53a6",
        "#294ea0",
        "#3156a8",
        "#2c50a3",
        "#375bad",
        "#2b4fa2",
        "#274c9e"
    ],
    "hsl_color_values": [
        [
            0.6156028368794327,
            0.6473829201101928,
            181.5
        ],
        [
            0.615207191888658,
            0.724944358842664,
            164.07303370786516
        ],
        [
            0.6153398180501779,
            0.7203646382530019,
            165.1629213483146
        ],
        [
            0.6155278638309722,
            0.7156308382114833,
            166.5767634854772
        ],
        [
            0.6149338690775155,
            0.7398049233627496,
            160.67164179104478
        ],
        [
            0.6156311637080868,
            0.7068049141761784,
            168.77941176470588
        ],
        [
            0.6152699687639447,
            0.7292358155336015,
            163.11464968152868
        ],
        [
            0.6150877192982457,
            0.6834532374100719,
            173.75
        ],
        [
            0.6150976519640113,
            0.7338164251207729,
            162.0
        ],
        [
            0.6150432142022892,
            0.7506575486586007,
            158.41666666666666
        ]
    ]
}