{
    "rgb_colors": [
        [
            77.0,
            80.0,
            104.0
        ],
        [
            74.0,
            77.0,
            101.0
        ],
        [
            72.0,
            75.0,
            99.0
        ],
        [
            73.0,
            76.0,
            100.0
        ],
        [
            78.0,
            81.0,
            105.0
        ],
        [
            75.0,
            78.0,
            102.0
        ],
        [
            76.0,
            79.0,
            103.0
        ],
        [
            79.66666666666667,
            82.66666666666667,
            106.66666666666667
        ],
        [
            71.0,
            74.0,
            98.0
        ],
        [
            69.57142857142857,
            72.57142857142857,
            96.57142857142857
        ]
    ],
    "hex_colors": [
        "#4d5068",
        "#4a4d65",
        "#484b63",
        "#494c64",
        "#4e5169",
        "#4b4e66",
        "#4c4f67",
        "#4f526a",
        "#474a62",
        "#454860"
    ],
    "hsl_color_values": [
        [
            0.6481481481481483,
            0.25961538461538464,
            104.0
        ],
        [
            0.6481481481481483,
            0.26732673267326734,
            101.0
        ],
        [
            0.6481481481481483,
            0.2727272727272727,
            99.0
        ],
        [
            0.6481481481481483,
            0.27,
            100.0
        ],
        [
            0.6481481481481483,
            0.2571428571428571,
            105.0
        ],
        [
            0.6481481481481483,
            0.2647058823529412,
            102.0
        ],
        [
            0.6481481481481483,
            0.2621359223300971,
            103.0
        ],
        [
            0.6481481481481483,
            0.253125,
            106.66666666666667
        ],
        [
            0.6481481481481483,
            0.2755102040816326,
            98.0
        ],
        [
            0.6481481481481483,
            0.27958579881656803,
            96.57142857142857
        ]
    ]
}