{
    "rgb_colors": [
        [
            95.975,
            107.0,
            146.0
        ],
        [
            92.81879194630872,
            104.05369127516778,
            143.05369127516778
        ],
        [
            97.875,
            108.875,
            147.875
        ],
        [
            87.4776119402985,
            98.80597014925374,
            137.80597014925374
        ],
        [
            90.70588235294117,
            102.0,
            141.0
        ],
        [
            94.44594594594595,
            105.47972972972973,
            144.47972972972974
        ],
        [
            91.81168831168831,
            103.0,
            142.0
        ],
        [
            88.64864864864865,
            100.0,
            139.0
        ],
        [
            85.42372881355932,
            97.22033898305085,
            136.22033898305085
        ],
        [
            89.68333333333334,
            101.0,
            140.0
        ]
    ],
    "hex_colors": [
        "#5f6b92",
        "#5c688f",
        "#616c93",
        "#576289",
        "#5a668d",
        "#5e6990",
        "#5b678e",
        "#58648b",
        "#556188",
        "#59658c"
    ],
    "hsl_color_values": [
        [
            0.6299350324837582,
            0.3426369863013699,
            146.0
        ],
        [
            0.6293921175684702,
            0.35116115411681914,
            143.05369127516778
        ],
        [
            0.63,
            0.33812341504649196,
            147.875
        ],
        [
            0.6291518386714117,
            0.3652117404960469,
            137.80597014925374
        ],
        [
            0.6292397660818714,
            0.3566958698372966,
            141.0
        ],
        [
            0.6299122214719785,
            0.3463031380068279,
            144.47972972972974
        ],
        [
            0.6295122266787424,
            0.3534388147064203,
            142.0
        ],
        [
            0.629092860976919,
            0.36223993777950614,
            139.0
        ],
        [
            0.6279612946279612,
            0.3729003359462486,
            136.22033898305085
        ],
        [
            0.6291818482941371,
            0.3594047619047619,
            140.0
        ]
    ]
}