{
    "rgb_colors": [
        [
            68.0,
            76.0,
            106.0
        ],
        [
            59.77922077922078,
            67.77922077922078,
            97.77922077922078
        ],
        [
            67.0,
            75.0,
            105.0
        ],
        [
            71.42307692307692,
            79.42307692307692,
            109.42307692307692
        ],
        [
            69.0,
            77.0,
            107.0
        ],
        [
            70.0,
            78.0,
            108.0
        ],
        [
            65.0,
            73.0,
            103.0
        ],
        [
            63.11059907834101,
            71.11059907834101,
            101.11059907834101
        ],
        [
            66.0,
            74.0,
            104.0
        ],
        [
            73.4,
            81.4,
            111.4
        ]
    ],
    "hex_colors": [
        "#444c6a",
        "#3b4361",
        "#434b69",
        "#474f6d",
        "#454d6b",
        "#464e6c",
        "#414967",
        "#3f4765",
        "#424a68",
        "#49516f"
    ],
    "hsl_color_values": [
        [
            0.6315789473684211,
            0.3584905660377358,
            106.0
        ],
        [
            0.6315789473684211,
            0.38863062823748173,
            97.77922077922078
        ],
        [
            0.6315789473684211,
            0.3619047619047619,
            105.0
        ],
        [
            0.6315789473684211,
            0.34727592267135327,
            109.42307692307692
        ],
        [
            0.6315789473684211,
            0.35514018691588783,
            107.0
        ],
        [
            0.6315789473684211,
            0.35185185185185186,
            108.0
        ],
        [
            0.6315789473684211,
            0.36893203883495146,
            103.0
        ],
        [
            0.6315789473684211,
            0.37582607903012627,
            101.11059907834101
        ],
        [
            0.6315789473684211,
            0.36538461538461536,
            104.0
        ],
        [
            0.6315789473684211,
            0.34111310592459604,
            111.4
        ]
    ]
}