{
    "rgb_colors": [
        [
            31.02995391705069,
            62.995391705069125,
            129.889400921659
        ],
        [
            33.19230769230769,
            65.11538461538461,
            131.92307692307693
        ],
        [
            37.57142857142857,
            69.42857142857143,
            135.71428571428572
        ],
        [
            30.05821917808219,
            62.00342465753425,
            128.92808219178082
        ],
        [
            63.0,
            92.0,
            155.0
        ],
        [
            28.836363636363636,
            60.81818181818182,
            127.7090909090909
        ],
        [
            6.0,
            48.0,
            119.0
        ],
        [
            50.0,
            79.0,
            143.0
        ],
        [
            32.02427184466019,
            64.0,
            130.8009708737864
        ],
        [
            21.0,
            55.0,
            121.0
        ]
    ],
    "hex_colors": [
        "#1f3e81",
        "#214183",
        "#254587",
        "#1e3e80",
        "#3f5c9b",
        "#1c3c7f",
        "#063077",
        "#324f8f",
        "#204082",
        "#153779"
    ],
    "hsl_color_values": [
        [
            0.6127762886998407,
            0.7611048038033066,
            129.889400921659
        ],
        [
            0.6127775613556681,
            0.748396501457726,
            131.92307692307693
        ],
        [
            0.6125667151868025,
            0.7231578947368421,
            135.71428571428572
        ],
        [
            0.6128160720471078,
            0.7668605732196456,
            128.92808219178082
        ],
        [
            0.6141304347826088,
            0.5935483870967742,
            155.0
        ],
        [
            0.612755915164889,
            0.7742027334851936,
            127.7090909090909
        ],
        [
            0.6047197640117994,
            0.9495798319327731,
            119.0
        ],
        [
            0.6146953405017922,
            0.6503496503496503,
            143.0
        ],
        [
            0.6127137802241007,
            0.7551679346817591,
            130.8009708737864
        ],
        [
            0.61,
            0.8264462809917356,
            121.0
        ]
    ]
}