{
    "rgb_colors": [
        [
            150.0,
            224.0,
            94.85714285714286
        ],
        [
            129.75339805825243,
            206.51456310679612,
            78.34368932038835
        ],
        [
            171.4848484848485,
            235.66666666666666,
            135.0909090909091
        ],
        [
            107.28571428571429,
            146.0,
            117.57142857142857
        ],
        [
            7.2222222222222285,
            37.44444444444446,
            104.0
        ],
        [
            66.75,
            96.5,
            99.25
        ],
        [
            0.0,
            0.0,
            90.77777777777777
        ],
        [
            35.94230769230769,
            64.19230769230768,
            123.82692307692308
        ],
        [
            139.9090909090909,
            187.1818181818182,
            131.8181818181818
        ],
        [
            133.43417366946778,
            210.33333333333334,
            81.15686274509804
        ]
    ],
    "hex_colors": [
        "#96e05e",
        "#81ce4e",
        "#abeb87",
        "#6b9275",
        "#072568",
        "#426063",
        "#00005a",
        "#23407b",
        "#8bbb83",
        "#85d251"
    ],
    "hsl_color_values": [
        [
            0.2621681415929204,
            0.576530612244898,
            224.0
        ],
        [
            0.2664828505635681,
            0.6206384279065393,
            206.51456310679612
        ],
        [
            0.27302400321381937,
            0.42677124855342674,
            235.66666666666666
        ],
        [
            0.37761377613776137,
            0.2651663405088062,
            146.0
        ],
        [
            0.614619211634137,
            0.9305555555555555,
            104.0
        ],
        [
            0.514102564102564,
            0.327455919395466,
            99.25
        ],
        [
            0.6666666666666666,
            1.0,
            90.77777777777777
        ],
        [
            0.613092633114515,
            0.7097375368846094,
            123.82692307692308
        ],
        [
            0.3089764641488779,
            0.295774647887324,
            187.1818181818182
        ],
        [
            0.26588385809697285,
            0.6141512072340822,
            210.33333333333334
        ]
    ]
}