{
    "rgb_colors": [
        [
            66.8076923076923,
            74.8076923076923,
            103.1923076923077
        ],
        [
            63.441489361702125,
            71.44148936170212,
            99.83510638297872
        ],
        [
            67.75324675324676,
            75.75324675324676,
            104.24675324675324
        ],
        [
            59.285714285714285,
            67.28571428571429,
            95.66666666666667
        ],
        [
            64.76470588235294,
            72.76470588235294,
            101.23529411764706
        ],
        [
            61.47692307692308,
            69.47692307692307,
            97.93846153846154
        ],
        [
            69.7719298245614,
            77.7719298245614,
            106.2280701754386
        ],
        [
            68.82558139534883,
            76.82558139534883,
            105.17441860465117
        ],
        [
            65.77272727272727,
            73.77272727272727,
            102.22727272727273
        ],
        [
            71.14,
            79.14,
            107.54
        ]
    ],
    "hex_colors": [
        "#424a67",
        "#3f4763",
        "#434b68",
        "#3b435f",
        "#404865",
        "#3d4561",
        "#454d6a",
        "#444c69",
        "#414966",
        "#474f6b"
    ],
    "hsl_color_values": [
        [
            0.6300211416490487,
            0.35259038389862096,
            103.1923076923077
        ],
        [
            0.6300302055929065,
            0.36453726890084714,
            99.83510638297872
        ],
        [
            0.6301304863582443,
            0.35006851874922135,
            104.24675324675324
        ],
        [
            0.6300174520069808,
            0.38028870084619215,
            95.66666666666667
        ],
        [
            0.6301075268817203,
            0.3602556653108658,
            101.23529411764706
        ],
        [
            0.630098452883263,
            0.3722902921771913,
            97.93846153846154
        ],
        [
            0.6300930381777351,
            0.3431874483897606,
            106.2280701754386
        ],
        [
            0.6299850714438047,
            0.3456053067993367,
            105.17441860465117
        ],
        [
            0.630091438071488,
            0.35660293463761683,
            102.22727272727273
        ],
        [
            0.63003663003663,
            0.3384787055979171,
            107.54
        ]
    ]
}