{
    "rgb_colors": [
        [
            144.0,
            225.9,
            121.6
        ],
        [
            121.08888888888889,
            208.91666666666666,
            88.99444444444444
        ],
        [
            118.72413793103448,
            206.72413793103448,
            86.24137931034483
        ],
        [
            125.6376811594203,
            213.4927536231884,
            93.76811594202898
        ],
        [
            115.8076923076923,
            203.15384615384616,
            81.84615384615384
        ],
        [
            152.66666666666666,
            233.0,
            129.66666666666666
        ],
        [
            120.016,
            207.928,
            87.96
        ],
        [
            124.15238095238095,
            211.92380952380952,
            92.02857142857142
        ],
        [
            123.06077348066299,
            210.86740331491714,
            90.97237569060773
        ],
        [
            122.07142857142857,
            209.9327731092437,
            89.94957983193277
        ]
    ],
    "hex_colors": [
        "#90e179",
        "#79d058",
        "#76ce56",
        "#7dd55d",
        "#73cb51",
        "#98e981",
        "#78cf57",
        "#7cd35c",
        "#7bd25a",
        "#7ad159"
    ],
    "hsl_color_values": [
        [
            0.2975391498881432,
            0.4617087206728641,
            225.9
        ],
        [
            0.28872880570740295,
            0.5740194123121926,
            208.91666666666666
        ],
        [
            0.28839916046556,
            0.5828190158465388,
            206.72413793103448
        ],
        [
            0.28896824436105395,
            0.5607901703889756,
            213.4927536231884
        ],
        [
            0.2866730078207567,
            0.5971223021582734,
            203.15384615384616
        ],
        [
            0.2962365591397849,
            0.4434907010014307,
            233.0
        ],
        [
            0.2887992353516493,
            0.5769689507906584,
            207.928
        ],
        [
            0.2886779463552837,
            0.5657468991551321,
            211.92380952380952
        ],
        [
            0.2887270939895243,
            0.568580187072602,
            210.86740331491714
        ],
        [
            0.288713405238829,
            0.571531502681931,
            209.9327731092437
        ]
    ]
}