{
    "rgb_colors": [
        [
            73.0,
            85.0,
            124.0
        ],
        [
            78.35849056603773,
            90.35849056603773,
            129.35849056603774
        ],
        [
            76.35897435897436,
            88.35897435897436,
            127.35897435897436
        ],
        [
            74.0,
            86.0,
            125.0
        ],
        [
            70.0,
            82.0,
            121.0
        ],
        [
            72.0,
            84.0,
            123.0
        ],
        [
            71.0,
            83.0,
            122.0
        ],
        [
            67.40625,
            79.40625,
            118.40625
        ],
        [
            69.0,
            81.0,
            120.0
        ],
        [
            75.0,
            87.0,
            126.0
        ]
    ],
    "hex_colors": [
        "#49557c",
        "#4e5a81",
        "#4c587f",
        "#4a567d",
        "#465279",
        "#48547b",
        "#47537a",
        "#434f76",
        "#455178",
        "#4b577e"
    ],
    "hsl_color_values": [
        [
            0.6274509803921569,
            0.4112903225806452,
            124.0
        ],
        [
            0.6274509803921569,
            0.3942532088681448,
            129.35849056603774
        ],
        [
            0.6274509803921569,
            0.40044292329373865,
            127.35897435897436
        ],
        [
            0.6274509803921569,
            0.408,
            125.0
        ],
        [
            0.6274509803921569,
            0.4214876033057851,
            121.0
        ],
        [
            0.6274509803921569,
            0.4146341463414634,
            123.0
        ],
        [
            0.6274509803921569,
            0.4180327868852459,
            122.0
        ],
        [
            0.6274509803921569,
            0.4307205067300079,
            118.40625
        ],
        [
            0.6274509803921569,
            0.425,
            120.0
        ],
        [
            0.6274509803921569,
            0.40476190476190477,
            126.0
        ]
    ]
}