{
    "rgb_colors": [
        [
            27.095238095238095,
            63.0,
            138.85714285714286
        ],
        [
            27.26086956521739,
            63.119565217391305,
            136.8586956521739
        ],
        [
            26.104761904761904,
            62.0,
            137.9047619047619
        ],
        [
            25.677966101694913,
            61.64406779661017,
            135.5084745762712
        ],
        [
            24.92105263157895,
            60.78947368421053,
            136.71052631578948
        ],
        [
            23.28,
            59.4,
            134.0
        ],
        [
            29.2,
            64.93513513513514,
            140.59459459459458
        ],
        [
            28.10924369747899,
            64.0798319327731,
            139.30672268907563
        ],
        [
            40.5,
            75.0,
            150.5
        ],
        [
            30.83783783783784,
            66.67567567567568,
            142.45945945945945
        ]
    ],
    "hex_colors": [
        "#1b3f8a",
        "#1b3f88",
        "#1a3e89",
        "#193d87",
        "#183c88",
        "#173b86",
        "#1d408c",
        "#1c408b",
        "#284b96",
        "#1e428e"
    ],
    "hsl_color_values": [
        [
            0.6131231359181935,
            0.8048696844993141,
            138.85714285714286
        ],
        [
            0.6121359383781281,
            0.8008101024541339,
            136.8586956521739
        ],
        [
            0.6131555782718573,
            0.8107044198895028,
            137.9047619047619
        ],
        [
            0.6120884773662553,
            0.8105065666041276,
            135.5084745762712
        ],
        [
            0.613190521029504,
            0.8177093358999038,
            136.71052631578948
        ],
        [
            0.6122952793834296,
            0.8262686567164179,
            134.0
        ],
        [
            0.6132003752587991,
            0.7923106497500961,
            140.59459459459458
        ],
        [
            0.6127526922350274,
            0.7982204795656764,
            139.30672268907563
        ],
        [
            0.6143939393939394,
            0.7308970099667774,
            150.5
        ],
        [
            0.6131557707828894,
            0.7835325365205843,
            142.45945945945945
        ]
    ]
}