{
    "rgb_colors": [
        [
            133.07619047619048,
            138.07619047619048,
            159.95238095238096
        ],
        [
            125.88333333333334,
            130.88333333333333,
            153.23333333333332
        ],
        [
            136.22666666666666,
            141.22666666666666,
            162.78666666666666
        ],
        [
            142.3548387096774,
            147.3548387096774,
            168.41935483870967
        ],
        [
            138.8,
            143.8,
            164.94285714285715
        ],
        [
            134.74,
            139.74,
            161.26
        ],
        [
            120.65753424657534,
            125.65753424657534,
            148.35616438356163
        ],
        [
            123.63865546218487,
            128.6386554621849,
            151.01680672268907
        ],
        [
            130.88690476190476,
            135.88690476190476,
            157.625
        ],
        [
            128.16901408450704,
            133.16901408450704,
            155.47417840375587
        ]
    ],
    "hex_colors": [
        "#858a9f",
        "#7d8299",
        "#888da2",
        "#8e93a8",
        "#8a8fa4",
        "#868ba1",
        "#787d94",
        "#7b8097",
        "#82879d",
        "#80859b"
    ],
    "hsl_color_values": [
        [
            0.6356602882116702,
            0.16802619827329568,
            159.95238095238096
        ],
        [
            0.6361974405850092,
            0.17848596911028922,
            153.23333333333332
        ],
        [
            0.6352911646586344,
            0.16315832582521092,
            162.78666666666666
        ],
        [
            0.6346947194719471,
            0.15475962459298984,
            168.41935483870967
        ],
        [
            0.6347905282331512,
            0.15849644898666201,
            164.94285714285715
        ],
        [
            0.635243841126194,
            0.1644549175244945,
            161.26
        ],
        [
            0.636580942960765,
            0.18670360110803322,
            148.35616438356163
        ],
        [
            0.6362287702066706,
            0.18129208168716263,
            151.01680672268907
        ],
        [
            0.6355001484119916,
            0.16963105622899438,
            157.625
        ],
        [
            0.6361474094452086,
            0.17562507549220924,
            155.47417840375587
        ]
    ]
}