{
    "rgb_colors": [
        [
            24.824175824175825,
            61.34065934065934,
            133.43956043956044
        ],
        [
            26.2875,
            63.1125,
            135.0125
        ],
        [
            25.843971631205672,
            61.652482269503544,
            135.51063829787233
        ],
        [
            29.148936170212767,
            65.44680851063829,
            138.4822695035461
        ],
        [
            27.1021897810219,
            63.0,
            136.85401459854015
        ],
        [
            28.146551724137932,
            64.0,
            138.0
        ],
        [
            38.0,
            73.33333333333333,
            146.0
        ],
        [
            23.0,
            59.25,
            131.05
        ],
        [
            27.669950738916256,
            64.42857142857143,
            136.5369458128079
        ],
        [
            30.72222222222222,
            66.90277777777777,
            140.15277777777777
        ]
    ],
    "hex_colors": [
        "#183d85",
        "#1a3f87",
        "#193d87",
        "#1d418a",
        "#1b3f88",
        "#1c408a",
        "#264992",
        "#173b83",
        "#1b4088",
        "#1e428c"
    ],
    "hsl_color_values": [
        [
            0.6106333468231485,
            0.8139668945071235,
            133.43956043956044
        ],
        [
            0.6102169081014792,
            0.8052958059438942,
            135.0125
        ],
        [
            0.6122464377330833,
            0.809284555398545,
            135.51063829787233
        ],
        [
            0.6113345441965058,
            0.7895114206698761,
            138.4822695035461
        ],
        [
            0.6121530548904851,
            0.8019627713478051,
            136.85401459854015
        ],
        [
            0.6122707891914515,
            0.79603948025987,
            138.0
        ],
        [
            0.6121399176954733,
            0.7397260273972602,
            146.0
        ],
        [
            0.6107511954342125,
            0.8244944677603968,
            131.05
        ],
        [
            0.6103921568627451,
            0.7973445899628387,
            136.5369458128079
        ],
        [
            0.6115623810128189,
            0.7807947676147061,
            140.15277777777777
        ]
    ]
}