{
    "rgb_colors": [
        [
            88.54,
            93.16,
            127.82
        ],
        [
            91.44444444444444,
            96.96527777777777,
            131.81944444444446
        ],
        [
            101.25531914893617,
            105.04255319148936,
            138.51063829787233
        ],
        [
            97.05263157894737,
            100.6842105263158,
            134.73099415204678
        ],
        [
            98.83928571428571,
            102.60714285714286,
            136.58928571428572
        ],
        [
            119.5,
            122.5,
            156.5
        ],
        [
            94.10483870967742,
            100.10483870967742,
            134.58870967741936
        ],
        [
            94.88311688311688,
            98.2034632034632,
            132.0995670995671
        ],
        [
            107.83333333333333,
            110.83333333333333,
            144.83333333333334
        ],
        [
            91.60740740740741,
            95.19259259259259,
            129.62962962962962
        ]
    ],
    "hex_colors": [
        "#585d7f",
        "#5b6083",
        "#65698a",
        "#616486",
        "#626688",
        "#777a9c",
        "#5e6486",
        "#5e6284",
        "#6b6e90",
        "#5b5f81"
    ],
    "hsl_color_values": [
        [
            0.6470638153428379,
            0.30730715068064457,
            127.82
        ],
        [
            0.6438768489852081,
            0.30629016963439054,
            131.81944444444446
        ],
        [
            0.6497239672568056,
            0.26897081413210444,
            138.51063829787233
        ],
        [
            0.6506027212996016,
            0.2796562350796475,
            134.73099415204678
        ],
        [
            0.6500315357931251,
            0.27637599686233505,
            136.58928571428572
        ],
        [
            0.6531531531531533,
            0.2364217252396166,
            156.5
        ],
        [
            0.6419654714475431,
            0.3007969321109713,
            134.58870967741936
        ],
        [
            0.6517971385366989,
            0.28173029657545473,
            132.0995670995671
        ],
        [
            0.6531531531531533,
            0.25546605293440744,
            144.83333333333334
        ],
        [
            0.6509513604779532,
            0.29331428571428564,
            129.62962962962962
        ]
    ]
}