{
    "rgb_colors": [
        [
            94.96698113207547,
            107.63207547169812,
            146.41037735849056
        ],
        [
            98.0,
            110.0,
            149.0
        ],
        [
            95.52941176470588,
            110.52941176470588,
            148.52941176470588
        ],
        [
            97.9080459770115,
            112.9080459770115,
            150.90804597701148
        ],
        [
            102.46739130434783,
            115.05434782608695,
            153.8586956521739
        ],
        [
            91.9622641509434,
            105.15094339622641,
            143.75471698113208
        ],
        [
            97.0,
            109.0,
            148.0
        ],
        [
            100.0,
            112.0,
            151.0
        ],
        [
            100.86607142857143,
            113.26785714285714,
            152.13392857142858
        ],
        [
            99.0,
            111.0,
            150.0
        ]
    ],
    "hex_colors": [
        "#5e6b92",
        "#626e95",
        "#5f6e94",
        "#617096",
        "#667399",
        "#5b698f",
        "#616d94",
        "#647097",
        "#647198",
        "#636f96"
    ],
    "hsl_color_values": [
        [
            0.6256342074698943,
            0.3513644125132897,
            146.41037735849056
        ],
        [
            0.6274509803921569,
            0.3422818791946309,
            149.0
        ],
        [
            0.619496855345912,
            0.3568316831683168,
            148.52941176470588
        ],
        [
            0.619496855345912,
            0.35120725112346707,
            150.90804597701148
        ],
        [
            0.6258460236886633,
            0.3340162486753797,
            153.8586956521739
        ],
        [
            0.6242258652094718,
            0.36028350177188606,
            143.75471698113208
        ],
        [
            0.6274509803921569,
            0.34459459459459457,
            148.0
        ],
        [
            0.6274509803921569,
            0.33774834437086093,
            151.0
        ],
        [
            0.6263497039359108,
            0.33699160748870244,
            152.13392857142858
        ],
        [
            0.6274509803921569,
            0.34,
            150.0
        ]
    ]
}