{
    "rgb_colors": [
        [
            82.06451612903226,
            109.12903225806451,
            222.16129032258064
        ],
        [
            116.5,
            144.5,
            244.0
        ],
        [
            70.89265536723164,
            97.97175141242938,
            210.83050847457628
        ],
        [
            77.42105263157895,
            104.33492822966507,
            217.52153110047846
        ],
        [
            79.4095238095238,
            106.38095238095238,
            219.63809523809525
        ],
        [
            73.48706896551724,
            100.58189655172414,
            213.3706896551724
        ],
        [
            103.42857142857143,
            131.28571428571428,
            236.28571428571428
        ],
        [
            75.5375,
            102.5625,
            215.5375
        ],
        [
            96.125,
            124.125,
            233.75
        ],
        [
            91.23076923076923,
            118.84615384615384,
            229.30769230769232
        ]
    ],
    "hex_colors": [
        "#526dde",
        "#7490f4",
        "#4661d2",
        "#4d68d9",
        "#4f6adb",
        "#4964d5",
        "#6783ec",
        "#4b66d7",
        "#607ce9",
        "#5b76e5"
    ],
    "hsl_color_values": [
        [
            0.6344692608795763,
            0.630608392623784,
            222.16129032258064
        ],
        [
            0.6300653594771242,
            0.5225409836065574,
            244.0
        ],
        [
            0.6344153309916966,
            0.6637457459066913,
            210.83050847457628
        ],
        [
            0.6346493175324158,
            0.644076371475078,
            217.52153110047846
        ],
        [
            0.6346101602825319,
            0.6384528661868009,
            219.63809523809525
        ],
        [
            0.6343840836491746,
            0.6555896731445194,
            213.3706896551724
        ],
        [
            0.631720430107527,
            0.5622732769044739,
            236.28571428571428
        ],
        [
            0.6344940476190476,
            0.6495389433393262,
            215.5375
        ],
        [
            0.6327580986981531,
            0.5887700534759358,
            233.75
        ],
        [
            0.6333333333333333,
            0.6021469305602147,
            229.30769230769232
        ]
    ]
}