{
    "rgb_colors": [
        [
            0.3333333333333357,
            47.333333333333336,
            124.66666666666667
        ],
        [
            98.5,
            127.5,
            190.5
        ],
        [
            23.141304347826086,
            61.007246376811594,
            133.78623188405797
        ],
        [
            11.25,
            54.75,
            129.25
        ],
        [
            21.86190476190476,
            59.695238095238096,
            132.62857142857143
        ],
        [
            51.666666666666664,
            81.33333333333333,
            147.66666666666666
        ],
        [
            64.5,
            95.5,
            162.5
        ],
        [
            24.265895953757227,
            62.115606936416185,
            134.8150289017341
        ],
        [
            20.0,
            58.0,
            130.88235294117646
        ],
        [
            26.27777777777778,
            63.733333333333334,
            136.43333333333334
        ]
    ],
    "hex_colors": [
        "#002f7c",
        "#627fbe",
        "#173d85",
        "#0b3681",
        "#153b84",
        "#335193",
        "#405fa2",
        "#183e86",
        "#143a82",
        "#1a3f88"
    ],
    "hsl_color_values": [
        [
            0.6036639857015192,
            0.9973262032085561,
            124.66666666666667
        ],
        [
            0.6141304347826088,
            0.48293963254593175,
            190.5
        ],
        [
            0.609628441067959,
            0.8270277589708869,
            133.78623188405797
        ],
        [
            0.605225988700565,
            0.9129593810444874,
            129.25
        ],
        [
            0.6097401946032702,
            0.8351644406146777,
            132.62857142857143
        ],
        [
            0.6151620370370371,
            0.6501128668171557,
            147.66666666666666
        ],
        [
            0.6139455782312925,
            0.6030769230769231,
            162.5
        ],
        [
            0.6096034858387799,
            0.8200060026583201,
            134.8150289017341
        ],
        [
            0.6095490716180372,
            0.8471910112359551,
            130.88235294117646
        ],
        [
            0.6099959653015937,
            0.8073947389852595,
            136.43333333333334
        ]
    ]
}