{
    "rgb_colors": [
        [
            69.0,
            84.0,
            122.0
        ],
        [
            66.0,
            81.0,
            119.0
        ],
        [
            67.0,
            82.0,
            120.0
        ],
        [
            72.0,
            87.0,
            125.0
        ],
        [
            68.0,
            83.0,
            121.0
        ],
        [
            62.68421052631579,
            77.6842105263158,
            115.6842105263158
        ],
        [
            73.9390243902439,
            88.9390243902439,
            126.9390243902439
        ],
        [
            71.0,
            86.0,
            124.0
        ],
        [
            64.73846153846154,
            79.73846153846154,
            117.73846153846154
        ],
        [
            70.0,
            85.0,
            123.0
        ]
    ],
    "hex_colors": [
        "#45547a",
        "#425177",
        "#435278",
        "#48577d",
        "#445379",
        "#3e4d73",
        "#49587e",
        "#47567c",
        "#404f75",
        "#46557b"
    ],
    "hsl_color_values": [
        [
            0.619496855345912,
            0.4344262295081967,
            122.0
        ],
        [
            0.619496855345912,
            0.44537815126050423,
            119.0
        ],
        [
            0.619496855345912,
            0.44166666666666665,
            120.0
        ],
        [
            0.619496855345912,
            0.424,
            125.0
        ],
        [
            0.619496855345912,
            0.4380165289256198,
            121.0
        ],
        [
            0.619496855345912,
            0.45814376706096455,
            115.6842105263158
        ],
        [
            0.619496855345912,
            0.4175232971467,
            126.9390243902439
        ],
        [
            0.619496855345912,
            0.4274193548387097,
            124.0
        ],
        [
            0.619496855345912,
            0.45015026786880963,
            117.73846153846154
        ],
        [
            0.619496855345912,
            0.43089430894308944,
            123.0
        ]
    ]
}