{
    "rgb_colors": [
        [
            57.01111111111111,
            85.2611111111111,
            171.7111111111111
        ],
        [
            61.55555555555556,
            89.57407407407408,
            176.2962962962963
        ],
        [
            60.236363636363635,
            86.49090909090908,
            172.1818181818182
        ],
        [
            56.62068965517241,
            82.51724137931035,
            168.44827586206895
        ],
        [
            59.417582417582416,
            87.48901098901099,
            174.2087912087912
        ],
        [
            53.458333333333336,
            80.875,
            166.41666666666666
        ],
        [
            54.98684210526316,
            83.27631578947368,
            169.30263157894737
        ],
        [
            58.217194570135746,
            85.92307692307692,
            172.40271493212668
        ],
        [
            62.57142857142857,
            89.57142857142857,
            174.85714285714286
        ],
        [
            56.73652694610779,
            84.37125748502994,
            170.35329341317365
        ]
    ],
    "hex_colors": [
        "#3955ab",
        "#3d59b0",
        "#3c56ac",
        "#3852a8",
        "#3b57ae",
        "#3550a6",
        "#3653a9",
        "#3a55ac",
        "#3e59ae",
        "#3854aa"
    ],
    "hsl_color_values": [
        [
            0.6256175530369079,
            0.6679823993788016,
            171.7111111111111
        ],
        [
            0.6259683666881859,
            0.6508403361344538,
            176.2962962962963
        ],
        [
            0.6275783660873803,
            0.6501583949313622,
            172.1818181818182
        ],
        [
            0.6280707164148422,
            0.6638689866939611,
            168.44827586206895
        ],
        [
            0.6259094390197205,
            0.6589289093546963,
            174.2087912087912
        ],
        [
            0.6262141891061109,
            0.6787681522283424,
            166.41666666666666
        ],
        [
            0.6254220380601595,
            0.675215667987876,
            169.30263157894737
        ],
        [
            0.6262268014001716,
            0.6623185743156348,
            172.40271493212668
        ],
        [
            0.6265903307888041,
            0.6421568627450981,
            174.85714285714286
        ],
        [
            0.6261287375707107,
            0.6669478716299342,
            170.35329341317365
        ]
    ]
}