{
    "rgb_colors": [
        [
            80.0,
            90.0,
            122.0
        ],
        [
            71.34862385321101,
            81.39449541284404,
            113.29357798165138
        ],
        [
            73.58791208791209,
            83.58791208791209,
            115.62087912087912
        ],
        [
            78.96629213483146,
            88.96629213483146,
            121.03370786516854
        ],
        [
            68.5,
            78.58333333333333,
            110.5
        ],
        [
            77.0,
            87.00763358778626,
            118.98473282442748
        ],
        [
            81.94505494505495,
            91.94505494505495,
            123.94505494505495
        ],
        [
            77.9504132231405,
            87.9504132231405,
            120.0495867768595
        ],
        [
            74.98165137614679,
            84.9908256880734,
            117.0
        ],
        [
            75.97457627118644,
            85.97457627118644,
            118.02542372881356
        ]
    ],
    "hex_colors": [
        "#505a7a",
        "#475171",
        "#495373",
        "#4e5879",
        "#444e6e",
        "#4d5776",
        "#515b7b",
        "#4d5778",
        "#4a5475",
        "#4b5576"
    ],
    "hsl_color_values": [
        [
            0.626984126984127,
            0.3442622950819672,
            122.0
        ],
        [
            0.6267497812773404,
            0.3702324074823873,
            113.29357798165138
        ],
        [
            0.6270152505446623,
            0.36354132015397045,
            115.62087912087912
        ],
        [
            0.6270477207977208,
            0.34756776828815444,
            121.03370786516854
        ],
        [
            0.6266534391534392,
            0.38009049773755654,
            110.5
        ],
        [
            0.626939393939394,
            0.35285815102328866,
            118.98473282442748
        ],
        [
            0.626984126984127,
            0.33885982799893605,
            123.94505494505495
        ],
        [
            0.6270776076429786,
            0.35068153655514245,
            120.0495867768595
        ],
        [
            0.6269650655021834,
            0.35913118481925826,
            117.0
        ],
        [
            0.6270321107080479,
            0.35628635025490063,
            118.02542372881356
        ]
    ]
}