{
    "rgb_colors": [
        [
            32.12439024390244,
            63.77317073170732,
            131.10731707317072
        ],
        [
            24.555555555555557,
            55.77777777777778,
            123.55555555555556
        ],
        [
            50.0,
            78.85714285714286,
            145.57142857142858
        ],
        [
            67.0,
            96.0,
            157.0
        ],
        [
            35.904761904761905,
            66.33333333333333,
            134.52380952380952
        ],
        [
            41.11764705882353,
            70.29411764705883,
            138.52941176470588
        ],
        [
            33.45662100456621,
            64.69406392694064,
            132.3744292237443
        ],
        [
            84.0,
            113.0,
            176.0
        ],
        [
            29.732394366197184,
            61.45070422535211,
            128.70422535211267
        ],
        [
            31.08955223880597,
            62.77238805970149,
            130.05223880597015
        ]
    ],
    "hex_colors": [
        "#203f83",
        "#18377b",
        "#324e91",
        "#43609d",
        "#234286",
        "#29468a",
        "#214084",
        "#5471b0",
        "#1d3d80",
        "#1f3e82"
    ],
    "hsl_color_values": [
        [
            0.6133767012460062,
            0.7549763738512483,
            131.10731707317072
        ],
        [
            0.6141040029928919,
            0.8012589928057554,
            123.55555555555556
        ],
        [
            0.6163428001993024,
            0.6565260058881256,
            145.57142857142858
        ],
        [
            0.612962962962963,
            0.5732484076433121,
            157.0
        ],
        [
            0.6152422340254305,
            0.7330973451327434,
            134.52380952380952
        ],
        [
            0.6167471819645733,
            0.7031847133757961,
            138.52941176470588
        ],
        [
            0.6140346827924725,
            0.7472576750603657,
            132.3744292237443
        ],
        [
            0.6141304347826088,
            0.5227272727272727,
            176.0
        ],
        [
            0.6132536407191309,
            0.7689866491573648,
            128.70422535211267
        ],
        [
            0.6133084483322021,
            0.760945659034831,
            130.05223880597015
        ]
    ]
}