{
    "rgb_colors": [
        [
            24.0,
            42.0,
            131.0
        ],
        [
            22.0,
            40.0,
            130.0
        ],
        [
            24.016666666666666,
            42.0,
            132.0
        ],
        [
            23.0,
            41.0,
            130.0
        ],
        [
            25.03921568627451,
            43.03921568627451,
            132.68627450980392
        ],
        [
            23.0,
            40.0,
            130.0
        ],
        [
            23.037800687285223,
            41.0,
            131.0
        ],
        [
            20.0,
            38.0,
            128.0
        ],
        [
            21.114503816793892,
            39.0,
            128.93129770992365
        ],
        [
            22.0,
            40.0,
            129.0
        ]
    ],
    "hex_colors": [
        "#182a83",
        "#162882",
        "#182a84",
        "#172982",
        "#192b84",
        "#172882",
        "#172983",
        "#142680",
        "#152780",
        "#162881"
    ],
    "hsl_color_values": [
        [
            0.6386292834890965,
            0.816793893129771,
            131.0
        ],
        [
            0.6388888888888888,
            0.8307692307692308,
            130.0
        ],
        [
            0.6389103256675414,
            0.8180555555555555,
            132.0
        ],
        [
            0.6386292834890965,
            0.823076923076923,
            130.0
        ],
        [
            0.6387978142076504,
            0.8112900842323039,
            132.68627450980392
        ],
        [
            0.6401869158878505,
            0.823076923076923,
            130.0
        ],
        [
            0.6389375179043193,
            0.8241389260512578,
            131.0
        ],
        [
            0.6388888888888888,
            0.84375,
            128.0
        ],
        [
            0.639018691588785,
            0.836234458259325,
            128.93129770992365
        ],
        [
            0.6386292834890965,
            0.8294573643410853,
            129.0
        ]
    ]
}