{
    "rgb_colors": [
        [
            211.96629213483146,
            217.02808988764045,
            113.01685393258427
        ],
        [
            213.95652173913044,
            219.9913043478261,
            113.05217391304348
        ],
        [
            214.13333333333333,
            219.2,
            115.15555555555555
        ],
        [
            209.77272727272728,
            214.84848484848484,
            110.95454545454545
        ],
        [
            212.953125,
            218.0078125,
            114.0
        ],
        [
            212.96581196581195,
            219.0,
            112.06837606837607
        ],
        [
            210.9776536312849,
            216.01117318435755,
            112.0391061452514
        ],
        [
            215.19565217391303,
            221.2173913043478,
            114.25
        ],
        [
            216.91666666666666,
            222.66666666666666,
            116.41666666666667
        ],
        [
            211.75,
            217.7608695652174,
            111.02173913043478
        ]
    ],
    "hex_colors": [
        "#d3d971",
        "#d5db71",
        "#d6db73",
        "#d1d66e",
        "#d4da72",
        "#d4db70",
        "#d2d870",
        "#d7dd72",
        "#d8de74",
        "#d3d96f"
    ],
    "hsl_color_values": [
        [
            0.17477764574556195,
            0.47925241386451295,
            217.02808988764045
        ],
        [
            0.17607199002547844,
            0.4861061702043559,
            219.9913043478261
        ],
        [
            0.17478285632920407,
            0.4746553122465531,
            219.2
        ],
        [
            0.17480919741383497,
            0.48356840620592384,
            214.84848484848484
        ],
        [
            0.17476651894138562,
            0.47708296004300305,
            218.0078125
        ],
        [
            0.17607172354994272,
            0.4882722553955431,
            219.0
        ],
        [
            0.17473537155445706,
            0.48132726426317696,
            216.01117318435755
        ],
        [
            0.17604918199369987,
            0.4835397012578616,
            221.2173913043478
        ],
        [
            0.17568627450980392,
            0.4771706586826347,
            222.66666666666666
        ],
        [
            0.17605227427019687,
            0.49016671658181094,
            217.7608695652174
        ]
    ]
}