{
    "rgb_colors": [
        [
            62.51428571428571,
            89.34285714285714,
            195.84285714285716
        ],
        [
            56.586666666666666,
            83.61333333333333,
            190.90666666666667
        ],
        [
            62.0735294117647,
            89.94852941176471,
            198.86029411764707
        ],
        [
            60.171945701357465,
            87.76470588235294,
            195.96380090497738
        ],
        [
            59.262569832402235,
            86.3854748603352,
            193.58100558659217
        ],
        [
            108.0,
            131.33333333333331,
            220.33333333333334
        ],
        [
            63.175257731958766,
            91.04123711340206,
            199.90721649484536
        ],
        [
            88.66666666666666,
            115.0,
            214.33333333333334
        ],
        [
            64.40229885057471,
            92.37931034482759,
            202.04597701149424
        ],
        [
            61.07843137254902,
            88.88235294117646,
            197.7516339869281
        ]
    ],
    "hex_colors": [
        "#3e59c3",
        "#3853be",
        "#3e59c6",
        "#3c57c3",
        "#3b56c1",
        "#6c83dc",
        "#3f5bc7",
        "#5873d6",
        "#405cca",
        "#3d58c5"
    ],
    "hsl_color_values": [
        [
            0.633129754634094,
            0.6807936392151143,
            195.84285714285716
        ],
        [
            0.6331314936139236,
            0.7035898868557061,
            190.90666666666667
        ],
        [
            0.6327026106900321,
            0.6878535773710484,
            198.86029411764707
        ],
        [
            0.6328001777185382,
            0.692943567008405,
            195.96380090497738
        ],
        [
            0.6330116873934202,
            0.6938616490144583,
            193.58100558659217
        ],
        [
            0.6320474777448072,
            0.5098335854765507,
            220.33333333333334
        ],
        [
            0.6326999924602278,
            0.68397710277964,
            199.90721649484536
        ],
        [
            0.6317418213969939,
            0.5863141524105755,
            214.33333333333334
        ],
        [
            0.6327905358385525,
            0.6812492888838321,
            202.04597701149424
        ],
        [
            0.6327610667431814,
            0.6911356425171866,
            197.7516339869281
        ]
    ]
}