{
    "rgb_colors": [
        [
            99.0,
            118.0,
            174.0
        ],
        [
            34.79874213836478,
            61.76100628930818,
            155.54716981132074
        ],
        [
            27.588235294117645,
            57.54248366013072,
            144.3986928104575
        ],
        [
            29.7720207253886,
            59.13989637305699,
            147.46113989637306
        ],
        [
            34.36,
            62.21,
            153.12
        ],
        [
            32.83251231527093,
            60.320197044334975,
            152.71428571428572
        ],
        [
            0.0,
            32.75,
            142.0
        ],
        [
            128.0,
            151.0,
            211.0
        ],
        [
            89.5,
            106.5,
            162.0
        ],
        [
            31.610576923076923,
            59.84134615384615,
            150.33653846153845
        ]
    ],
    "hex_colors": [
        "#6376ae",
        "#223d9b",
        "#1b3990",
        "#1d3b93",
        "#223e99",
        "#203c98",
        "#00208e",
        "#8097d3",
        "#596aa2",
        "#1f3b96"
    ],
    "hsl_color_values": [
        [
            0.6244444444444445,
            0.43103448275862066,
            174.0
        ],
        [
            0.6294511866937514,
            0.7762817402555393,
            155.54716981132074
        ],
        [
            0.6239275589376305,
            0.8089440094147468,
            144.3986928104575
        ],
        [
            0.6250770449942767,
            0.7981026001405481,
            147.46113989637306
        ],
        [
            0.6275822386886718,
            0.7756008359456635,
            153.12
        ],
        [
            0.6284516765285996,
            0.785006935260153,
            152.71428571428572
        ],
        [
            0.6282276995305165,
            1.0,
            142.0
        ],
        [
            0.6204819277108434,
            0.3933649289099526,
            211.0
        ],
        [
            0.6275862068965518,
            0.44753086419753085,
            162.0
        ],
        [
            0.6270365121144631,
            0.7897345698752798,
            150.33653846153845
        ]
    ]
}