{
    "rgb_colors": [
        [
            173.0,
            237.0,
            52.993288590604024
        ],
        [
            171.58823529411765,
            235.58823529411765,
            51.588235294117645
        ],
        [
            176.0,
            240.0,
            56.0
        ],
        [
            174.0,
            238.0,
            53.98802395209581
        ],
        [
            177.0,
            241.0,
            57.0
        ],
        [
            168.41379310344828,
            232.41379310344828,
            48.37931034482759
        ],
        [
            170.0,
            234.0,
            49.96551724137931
        ],
        [
            180.6315789473684,
            244.6315789473684,
            60.63157894736842
        ],
        [
            175.0,
            239.0,
            55.0
        ],
        [
            178.3015873015873,
            242.3015873015873,
            58.301587301587304
        ]
    ],
    "hex_colors": [
        "#aded34",
        "#abeb33",
        "#b0f038",
        "#aeee35",
        "#b1f139",
        "#a8e830",
        "#aaea31",
        "#b4f43c",
        "#afef37",
        "#b2f23a"
    ],
    "hsl_color_values": [
        [
            0.22463556674082988,
            0.7763996261999829,
            237.0
        ],
        [
            0.22463768115942026,
            0.781023720349563,
            235.58823529411765
        ],
        [
            0.22463768115942026,
            0.7666666666666667,
            240.0
        ],
        [
            0.22463390823299703,
            0.7731595632264883,
            238.0
        ],
        [
            0.22463768115942026,
            0.7634854771784232,
            241.0
        ],
        [
            0.22462681906189497,
            0.791839762611276,
            232.41379310344828
        ],
        [
            0.22462681906189497,
            0.7864721485411141,
            234.0
        ],
        [
            0.22463768115942026,
            0.7521514629948365,
            244.6315789473684
        ],
        [
            0.22463768115942026,
            0.7698744769874477,
            239.0
        ],
        [
            0.22463768115942026,
            0.7593842122502457,
            242.3015873015873
        ]
    ]
}