{
    "rgb_colors": [
        [
            107.33333333333333,
            137.0,
            242.33333333333334
        ],
        [
            155.0,
            181.0,
            237.0
        ],
        [
            91.34710743801654,
            121.33884297520662,
            233.86776859504133
        ],
        [
            87.69767441860465,
            117.76079734219269,
            230.66445182724252
        ],
        [
            93.53030303030303,
            123.43939393939394,
            236.25757575757575
        ],
        [
            85.02966101694915,
            115.15677966101696,
            228.70762711864407
        ],
        [
            117.0,
            144.0,
            225.66666666666666
        ],
        [
            78.67857142857143,
            108.82142857142857,
            223.5
        ],
        [
            89.54744525547446,
            119.62773722627738,
            232.83211678832117
        ],
        [
            82.2734375,
            112.4453125,
            226.09375
        ]
    ],
    "hex_colors": [
        "#6b89f2",
        "#9bb5ed",
        "#5b79e9",
        "#5775e6",
        "#5d7bec",
        "#5573e4",
        "#7590e1",
        "#4e6cdf",
        "#5977e8",
        "#5270e2"
    ],
    "hsl_color_values": [
        [
            0.6300411522633745,
            0.5570839064649243,
            242.33333333333334
        ],
        [
            0.6138211382113821,
            0.3459915611814346,
            237.0
        ],
        [
            0.6315936986566154,
            0.6094070252314651,
            233.86776859504133
        ],
        [
            0.6316199195965887,
            0.6198041192568055,
            230.66445182724252
        ],
        [
            0.6317409766454353,
            0.6041172320913231,
            236.25757575757575
        ],
        [
            0.6317191616531005,
            0.6282167670217693,
            228.70762711864407
        ],
        [
            0.6252556237218814,
            0.4815361890694239,
            225.66666666666666
        ],
        [
            0.6319769831483765,
            0.6479705976350271,
            223.5
        ],
        [
            0.6316777041942605,
            0.6153990845821055,
            232.83211678832117
        ],
        [
            0.6317018849475801,
            0.636109191430546,
            226.09375
        ]
    ]
}