{
    "rgb_colors": [
        [
            41.0625,
            62.0,
            153.0
        ],
        [
            43.145348837209305,
            64.1046511627907,
            152.93023255813952
        ],
        [
            40.96296296296296,
            61.77777777777778,
            150.0
        ],
        [
            39.904761904761905,
            60.904761904761905,
            151.66666666666666
        ],
        [
            39.875,
            60.86538461538461,
            149.84615384615384
        ],
        [
            45.27272727272727,
            66.18181818181819,
            155.27272727272728
        ],
        [
            41.01379310344828,
            62.0,
            151.0448275862069
        ],
        [
            49.333333333333336,
            70.33333333333333,
            159.0
        ],
        [
            42.2,
            63.16,
            154.16
        ],
        [
            42.008849557522126,
            63.0,
            151.93510324483776
        ]
    ],
    "hex_colors": [
        "#293e99",
        "#2b4098",
        "#283d96",
        "#273c97",
        "#273c95",
        "#2d429b",
        "#293e97",
        "#31469f",
        "#2a3f9a",
        "#2a3f97"
    ],
    "hsl_color_values": [
        [
            0.6354922761957938,
            0.7316176470588235,
            153.0
        ],
        [
            0.634847923176049,
            0.7178756082725061,
            152.93023255813952
        ],
        [
            0.6348505434782609,
            0.7269135802469135,
            150.0
        ],
        [
            0.6353500923164322,
            0.7368916797488226,
            151.66666666666666
        ],
        [
            0.6348547113170704,
            0.7338937371663244,
            149.84615384615384
        ],
        [
            0.6349862258953168,
            0.7084309133489461,
            155.27272727272728
        ],
        [
            0.6348783519801101,
            0.728466086797708,
            151.0448275862069
        ],
        [
            0.6347517730496454,
            0.6897274633123689,
            159.0
        ],
        [
            0.6354650470406097,
            0.7262584327970939,
            154.16
        ],
        [
            0.6348405563755087,
            0.7235079408224284,
            151.93510324483776
        ]
    ]
}