{
    "rgb_colors": [
        [
            14.950819672131146,
            45.0655737704918,
            105.77049180327869
        ],
        [
            6.4375,
            28.15625,
            65.78125
        ],
        [
            13.844444444444445,
            41.044444444444444,
            95.22222222222223
        ],
        [
            16.645833333333332,
            47.791666666666664,
            112.125
        ],
        [
            9.382352941176471,
            33.94117647058823,
            79.55882352941177
        ],
        [
            22.141630901287556,
            55.09012875536481,
            124.3175965665236
        ],
        [
            18.19753086419753,
            50.358024691358025,
            116.79012345679013
        ],
        [
            20.773519163763066,
            53.710801393728225,
            122.7560975609756
        ],
        [
            4.577586206896552,
            23.405172413793103,
            54.060344827586206
        ],
        [
            19.137931034482758,
            51.98850574712644,
            120.16091954022988
        ]
    ],
    "hex_colors": [
        "#0e2d69",
        "#061c41",
        "#0d295f",
        "#102f70",
        "#09214f",
        "#16377c",
        "#123274",
        "#14357a",
        "#041736",
        "#133378"
    ],
    "hsl_color_values": [
        [
            0.6114019253910951,
            0.8586484810911346,
            105.77049180327869
        ],
        [
            0.6056696506933474,
            0.9021377672209027,
            65.78125
        ],
        [
            0.6109594028763882,
            0.8546091015169195,
            95.22222222222223
        ],
        [
            0.6122990762964579,
            0.8515421776291342,
            112.125
        ],
        [
            0.6083403185247276,
            0.8820702402957487,
            79.55882352941177
        ],
        [
            0.6129219697287912,
            0.8218946350894152,
            124.3175965665236
        ],
        [
            0.6123006928792053,
            0.8441860465116279,
            116.79012345679013
        ],
        [
            0.6128383841834933,
            0.8307740342312168,
            122.7560975609756
        ],
        [
            0.6032520325203251,
            0.915324509647584,
            54.060344827586206
        ],
        [
            0.6124701331209467,
            0.8407308207384733,
            120.16091954022988
        ]
    ]
}