{
    "rgb_colors": [
        [
            60.33990147783251,
            74.41871921182266,
            112.7192118226601
        ],
        [
            48.3,
            61.833333333333336,
            90.33333333333333
        ],
        [
            65.9090909090909,
            78.9020979020979,
            117.63636363636364
        ],
        [
            56.6551724137931,
            71.22413793103448,
            106.67241379310344
        ],
        [
            41.875,
            55.125,
            81.5
        ],
        [
            62.126315789473686,
            76.53684210526316,
            112.07368421052631
        ],
        [
            49.68888888888889,
            65.35555555555555,
            98.91111111111111
        ],
        [
            63.38532110091743,
            76.69724770642202,
            115.18348623853211
        ],
        [
            67.875,
            81.1625,
            119.7125
        ],
        [
            63.911764705882355,
            78.77941176470588,
            116.05147058823529
        ]
    ],
    "hex_colors": [
        "#3c4a70",
        "#303d5a",
        "#414e75",
        "#38476a",
        "#293751",
        "#3e4c70",
        "#314162",
        "#3f4c73",
        "#435177",
        "#3f4e74"
    ],
    "hsl_color_values": [
        [
            0.6218690241073387,
            0.4646884013635172,
            112.7192118226601
        ],
        [
            0.613005551149881,
            0.4653136531365314,
            90.33333333333333
        ],
        [
            0.6248028480014419,
            0.4397217928902628,
            117.63636363636364
        ],
        [
            0.6181201884407675,
            0.4688863746565379,
            106.67241379310344
        ],
        [
            0.6109358569926394,
            0.48619631901840493,
            81.5
        ],
        [
            0.6185809624165789,
            0.44566544566544564,
            112.07368421052631
        ],
        [
            0.6136192626034612,
            0.4976409795551561,
            98.91111111111111
        ],
        [
            0.6238339827606566,
            0.44970131421744325,
            115.18348623853211
        ],
        [
            0.6239450204967447,
            0.43301660227628697,
            119.7125
        ],
        [
            0.6191416349363043,
            0.4492808718241145,
            116.05147058823529
        ]
    ]
}