{
    "rgb_colors": [
        [
            132.88372093023256,
            209.51162790697674,
            81.44186046511628
        ],
        [
            130.0,
            206.98863636363637,
            78.07954545454545
        ],
        [
            127.02777777777777,
            203.9537037037037,
            75.10185185185185
        ],
        [
            134.61904761904762,
            211.26190476190476,
            83.14285714285714
        ],
        [
            129.00487804878048,
            205.99512195121952,
            76.99512195121952
        ],
        [
            131.30569948186528,
            208.1658031088083,
            79.50777202072538
        ],
        [
            128.0,
            204.9836956521739,
            76.1304347826087
        ],
        [
            139.66666666666666,
            216.0,
            89.0
        ],
        [
            125.6896551724138,
            202.6206896551724,
            73.75862068965517
        ],
        [
            129.21951219512195,
            205.8048780487805,
            78.78048780487805
        ]
    ],
    "hex_colors": [
        "#84d151",
        "#82ce4e",
        "#7fcb4b",
        "#86d353",
        "#81cd4c",
        "#83d04f",
        "#80cc4c",
        "#8bd859",
        "#7dca49",
        "#81cd4e"
    ],
    "hsl_color_values": [
        [
            0.2663882331577992,
            0.6112776112776112,
            209.51162790697674
        ],
        [
            0.26620533615420783,
            0.6227834202580292,
            206.98863636363637
        ],
        [
            0.2661684392066686,
            0.6317701003314115,
            203.9537037037037
        ],
        [
            0.26636932416527287,
            0.6064465231601488,
            211.26190476190476
        ],
        [
            0.26613726602382304,
            0.6262284212271187,
            205.99512195121952
        ],
        [
            0.2662330688789551,
            0.6180555555555556,
            208.1658031088083
        ],
        [
            0.26624207403658245,
            0.6286024869422275,
            204.9836956521739
        ],
        [
            0.2668416447944007,
            0.5879629629629629,
            216.0
        ],
        [
            0.2661671572562662,
            0.6359768550034036,
            202.6206896551724
        ],
        [
            0.2671530977982591,
            0.6172078691633088,
            205.8048780487805
        ]
    ]
}