{
    "rgb_colors": [
        [
            126.58659217877096,
            196.7150837988827,
            123.62011173184358
        ],
        [
            128.25855513307985,
            198.79467680608366,
            125.26996197718631
        ],
        [
            141.75,
            212.5,
            140.1875
        ],
        [
            132.68141592920355,
            204.141592920354,
            129.44247787610618
        ],
        [
            130.02551020408163,
            201.59183673469389,
            126.49489795918367
        ],
        [
            171.0,
            233.0,
            177.0
        ],
        [
            124.54430379746836,
            194.51898734177215,
            121.51898734177215
        ],
        [
            131.04225352112675,
            200.64788732394365,
            129.35211267605635
        ],
        [
            137.7,
            208.925,
            135.2
        ],
        [
            135.1818181818182,
            206.33333333333334,
            132.45454545454547
        ]
    ],
    "hex_colors": [
        "#7ec47b",
        "#80c67d",
        "#8dd48c",
        "#84cc81",
        "#82c97e",
        "#abe9b1",
        "#7cc279",
        "#83c881",
        "#89d087",
        "#87ce84"
    ],
    "hsl_color_values": [
        [
            0.3265693467848772,
            0.37157787118027946,
            196.7150837988827
        ],
        [
            0.3265587560979814,
            0.3698525333282329,
            198.79467680608366
        ],
        [
            0.3297320656871219,
            0.3402941176470588,
            212.5
        ],
        [
            0.3261067014176835,
            0.3659181550199411,
            204.141592920354
        ],
        [
            0.32549765609076703,
            0.37251974083822637,
            201.59183673469389
        ],
        [
            0.3494623655913978,
            0.26609442060085836,
            233.0
        ],
        [
            0.32642621813767986,
            0.3752847009826251,
            194.51898734177215
        ],
        [
            0.3293823258264191,
            0.3553278113154569,
            200.64788732394365
        ],
        [
            0.32768170001130326,
            0.3528778269714013,
            208.925
        ],
        [
            0.3271807492480175,
            0.3580555147598766,
            206.33333333333334
        ]
    ]
}