{
    "rgb_colors": [
        [
            83.0,
            85.0,
            107.0
        ],
        [
            80.6086956521739,
            82.6086956521739,
            104.6086956521739
        ],
        [
            78.31372549019608,
            80.31372549019608,
            102.31372549019608
        ],
        [
            86.0,
            88.0,
            110.0
        ],
        [
            82.0,
            84.0,
            106.0
        ],
        [
            84.0,
            86.0,
            108.0
        ],
        [
            89.57627118644068,
            91.57627118644068,
            113.57627118644068
        ],
        [
            87.0,
            89.0,
            111.0
        ],
        [
            85.0,
            87.0,
            109.0
        ],
        [
            88.0,
            90.0,
            112.0
        ]
    ],
    "hex_colors": [
        "#53556b",
        "#505268",
        "#4e5066",
        "#56586e",
        "#52546a",
        "#54566c",
        "#595b71",
        "#57596f",
        "#55576d",
        "#585a70"
    ],
    "hsl_color_values": [
        [
            0.6527777777777778,
            0.22429906542056074,
            107.0
        ],
        [
            0.6527777777777778,
            0.22942643391521197,
            104.6086956521739
        ],
        [
            0.6527777777777778,
            0.23457263319279417,
            102.31372549019608
        ],
        [
            0.6527777777777778,
            0.21818181818181817,
            110.0
        ],
        [
            0.6527777777777778,
            0.22641509433962265,
            106.0
        ],
        [
            0.6527777777777778,
            0.2222222222222222,
            108.0
        ],
        [
            0.6527777777777778,
            0.21131174451574392,
            113.57627118644068
        ],
        [
            0.6527777777777778,
            0.21621621621621623,
            111.0
        ],
        [
            0.6527777777777778,
            0.22018348623853212,
            109.0
        ],
        [
            0.6527777777777778,
            0.21428571428571427,
            112.0
        ]
    ]
}