{
    "rgb_colors": [
        [
            70.37755102040816,
            78.39795918367346,
            110.39795918367346
        ],
        [
            71.94285714285714,
            80.0,
            112.0
        ],
        [
            63.889763779527556,
            71.88976377952756,
            102.53543307086615
        ],
        [
            65.77235772357723,
            73.78861788617886,
            104.8130081300813
        ],
        [
            67.38613861386139,
            75.38613861386139,
            105.84158415841584
        ],
        [
            73.65714285714286,
            81.65714285714286,
            112.34285714285714
        ],
        [
            60.61764705882353,
            68.61764705882354,
            98.97058823529412
        ],
        [
            70.87919463087249,
            78.87919463087249,
            108.87919463087249
        ],
        [
            68.72093023255815,
            76.73255813953489,
            107.90697674418605
        ],
        [
            75.78571428571429,
            83.78571428571429,
            115.21428571428571
        ]
    ],
    "hex_colors": [
        "#464e6e",
        "#475070",
        "#3f4766",
        "#414968",
        "#434b69",
        "#495170",
        "#3c4462",
        "#464e6c",
        "#444c6b",
        "#4b5373"
    ],
    "hsl_color_values": [
        [
            0.6332653408125107,
            0.36251039837323223,
            110.39795918367346
        ],
        [
            0.6331431288635283,
            0.35765306122448987,
            112.0
        ],
        [
            0.6321651725074707,
            0.3769006297035786,
            102.53543307086615
        ],
        [
            0.6324448146605581,
            0.37247905677939813,
            104.8130081300813
        ],
        [
            0.6319945073807073,
            0.3633302151543498,
            105.84158415841584
        ],
        [
            0.6322008862629246,
            0.3443540183112919,
            112.34285714285714
        ],
        [
            0.6319018404907975,
            0.387518573551263,
            98.97058823529412
        ],
        [
            0.6315789473684211,
            0.3490106638722801,
            108.87919463087249
        ],
        [
            0.6325914935707221,
            0.3631465517241379,
            107.90697674418605
        ],
        [
            0.6328502415458938,
            0.34221946683199,
            115.21428571428571
        ]
    ]
}