{
    "rgb_colors": [
        [
            52.01398601398601,
            76.0,
            138.03496503496504
        ],
        [
            55.9375,
            79.8125,
            141.875
        ],
        [
            50.925233644859816,
            74.91588785046729,
            138.89719626168224
        ],
        [
            51.04545454545455,
            74.97727272727273,
            136.9090909090909
        ],
        [
            59.0,
            82.66666666666667,
            144.5
        ],
        [
            52.012269938650306,
            76.0,
            140.0
        ],
        [
            53.0,
            77.0,
            140.89344262295083
        ],
        [
            53.01,
            77.0,
            138.885
        ],
        [
            54.871428571428574,
            78.74285714285715,
            141.0857142857143
        ],
        [
            54.032679738562095,
            77.99346405228758,
            139.96732026143792
        ]
    ],
    "hex_colors": [
        "#344c8a",
        "#374f8d",
        "#324a8a",
        "#334a88",
        "#3b5290",
        "#344c8c",
        "#354d8c",
        "#354d8a",
        "#364e8d",
        "#364d8b"
    ],
    "hsl_color_values": [
        [
            0.6201934802048613,
            0.6231825320431633,
            138.03496503496504
        ],
        [
            0.6203636363636363,
            0.6057268722466961,
            141.875
        ],
        [
            0.6212153404865611,
            0.6333602476113578,
            138.89719626168224
        ],
        [
            0.6202135168519498,
            0.6271580345285525,
            136.9090909090909
        ],
        [
            0.6205328135152697,
            0.5916955017301038,
            144.5
        ],
        [
            0.6212290243108818,
            0.6284837861524978,
            140.0
        ],
        [
            0.6211570145170816,
            0.6238291930886032,
            140.89344262295083
        ],
        [
            0.620106744298884,
            0.6183173128847608,
            138.885
        ],
        [
            0.6205191935929301,
            0.611077359254759,
            141.0857142857143
        ],
        [
            0.6201957205151607,
            0.6139621760448284,
            139.96732026143792
        ]
    ]
}