{
    "rgb_colors": [
        [
            232.99212598425197,
            239.96062992125985,
            160.71653543307087
        ],
        [
            234.0,
            240.96969696969697,
            161.84848484848484
        ],
        [
            227.66666666666666,
            234.75,
            154.70833333333334
        ],
        [
            236.66037735849056,
            243.64150943396226,
            164.9056603773585
        ],
        [
            229.0,
            236.11607142857142,
            156.01785714285714
        ],
        [
            225.96875,
            233.34375,
            152.34375
        ],
        [
            235.0,
            241.96666666666667,
            163.01666666666668
        ],
        [
            229.9777777777778,
            236.98518518518517,
            157.25185185185185
        ],
        [
            232.0472972972973,
            239.00675675675674,
            159.49324324324326
        ],
        [
            231.0,
            238.02898550724638,
            158.2826086956522
        ]
    ],
    "hex_colors": [
        "#e8efa0",
        "#eaf0a1",
        "#e3ea9a",
        "#ecf3a4",
        "#e5ec9c",
        "#e1e998",
        "#ebf1a3",
        "#e5ec9d",
        "#e8ef9f",
        "#e7ee9e"
    ],
    "hsl_color_values": [
        [
            0.1813228669846317,
            0.33023789991796554,
            239.96062992125985
        ],
        [
            0.1813481424741478,
            0.32834507042253525,
            240.96969696969697
        ],
        [
            0.18141592920353986,
            0.34096556620518276,
            234.75
        ],
        [
            0.18144420480869075,
            0.32316270425152943,
            243.64150943396226
        ],
        [
            0.181473637275666,
            0.3392323690678767,
            236.11607142857142
        ],
        [
            0.18184156378600824,
            0.3471273603856971,
            233.34375
        ],
        [
            0.18137358384350155,
            0.3262846122055379,
            241.96666666666667
        ],
        [
            0.18131425740121387,
            0.3364485981308411,
            236.98518518518517
        ],
        [
            0.1812542488103331,
            0.33268311989370414,
            239.00675675675674
        ],
        [
            0.18135695895804935,
            0.3350280077934729,
            238.02898550724638
        ]
    ]
}