{
    "rgb_colors": [
        [
            51.785714285714285,
            77.84285714285714,
            181.6
        ],
        [
            47.4,
            75.05714285714286,
            176.6
        ],
        [
            50.25418060200669,
            77.15384615384616,
            178.66889632107024
        ],
        [
            91.0,
            114.0,
            202.0
        ],
        [
            67.2,
            94.2,
            194.2
        ],
        [
            51.63793103448276,
            78.5646551724138,
            179.92241379310346
        ],
        [
            52.724738675958186,
            79.63414634146342,
            181.50871080139373
        ],
        [
            100.0,
            124.0,
            217.0
        ],
        [
            54.241379310344826,
            80.66666666666667,
            182.816091954023
        ],
        [
            60.166666666666664,
            87.0,
            188.5
        ]
    ],
    "hex_colors": [
        "#334db5",
        "#2f4bb0",
        "#324db2",
        "#5b72ca",
        "#435ec2",
        "#334eb3",
        "#344fb5",
        "#647cd9",
        "#3650b6",
        "#3c57bc"
    ],
    "hsl_color_values": [
        [
            0.6332122812809509,
            0.7148363750786658,
            181.6
        ],
        [
            0.6309892378003833,
            0.7315968289920725,
            176.6
        ],
        [
            0.6317541757821995,
            0.7187301111901463,
            178.66889632107024
        ],
        [
            0.6321321321321322,
            0.5495049504950495,
            202.0
        ],
        [
            0.631233595800525,
            0.6539649845520082,
            194.2
        ],
        [
            0.6316835786125484,
            0.7129988979924297,
            179.92241379310346
        ],
        [
            0.6318416709504614,
            0.7095195131783542,
            181.50871080139373
        ],
        [
            0.6324786324786325,
            0.5391705069124424,
            217.0
        ],
        [
            0.6324125394838788,
            0.7033008487896888,
            182.816091954023
        ],
        [
            0.6318181818181818,
            0.6808134394341291,
            188.5
        ]
    ]
}