{
    "rgb_colors": [
        [
            123.83529411764705,
            206.45882352941177,
            80.32941176470588
        ],
        [
            120.04929577464789,
            200.05633802816902,
            77.54929577464789
        ],
        [
            117.42857142857143,
            196.8639455782313,
            79.12244897959184
        ],
        [
            118.10204081632654,
            198.0204081632653,
            75.51020408163265
        ],
        [
            122.21323529411765,
            204.11764705882354,
            78.48529411764706
        ],
        [
            115.03883495145631,
            195.41747572815535,
            78.18446601941747
        ],
        [
            118.71739130434783,
            199.55434782608697,
            72.1304347826087
        ],
        [
            118.75,
            198.82692307692307,
            81.15384615384616
        ],
        [
            126.0,
            208.9736842105263,
            82.42105263157895
        ],
        [
            121.18320610687023,
            202.27480916030535,
            75.40458015267176
        ]
    ],
    "hex_colors": [
        "#7bce50",
        "#78c84d",
        "#75c44f",
        "#76c64b",
        "#7acc4e",
        "#73c34e",
        "#76c748",
        "#76c651",
        "#7ed052",
        "#79ca4b"
    ],
    "hsl_color_values": [
        [
            0.27584491496440006,
            0.6109180010256995,
            206.45882352941177
        ],
        [
            0.27551352801410284,
            0.6123627147282455,
            200.05633802816902
        ],
        [
            0.279109852861875,
            0.598085628390753,
            196.8639455782313
        ],
        [
            0.2753900827364095,
            0.6186746367102958,
            198.0204081632653
        ],
        [
            0.27532287642904524,
            0.6154899135446686,
            204.11764705882354
        ],
        [
            0.2809385783298827,
            0.5999105723370429,
            195.41747572815535
        ],
        [
            0.27239898774488897,
            0.6385424042703851,
            199.55434782608697
        ],
        [
            0.2800838917034374,
            0.5918367346938775,
            198.82692307692307
        ],
        [
            0.2759409440632148,
            0.6055912353607857,
            208.9736842105263
        ],
        [
            0.2731949458483755,
            0.6272171484640351,
            202.27480916030535
        ]
    ]
}