{
    "rgb_colors": [
        [
            76.0,
            88.0,
            127.0
        ],
        [
            73.46666666666667,
            85.46666666666667,
            124.46666666666667
        ],
        [
            77.0,
            89.0,
            128.0
        ],
        [
            75.0,
            87.0,
            126.0
        ],
        [
            81.0,
            93.0,
            132.0
        ],
        [
            78.0,
            90.0,
            129.0
        ],
        [
            80.0,
            92.0,
            131.0
        ],
        [
            79.0,
            91.0,
            130.0
        ],
        [
            82.15517241379311,
            94.15517241379311,
            133.1551724137931
        ],
        [
            84.8,
            96.8,
            135.8
        ]
    ],
    "hex_colors": [
        "#4c587f",
        "#49557c",
        "#4d5980",
        "#4b577e",
        "#515d84",
        "#4e5a81",
        "#505c83",
        "#4f5b82",
        "#525e85",
        "#546087"
    ],
    "hsl_color_values": [
        [
            0.6274509803921569,
            0.4015748031496063,
            127.0
        ],
        [
            0.6274509803921569,
            0.40974825923942154,
            124.46666666666667
        ],
        [
            0.6274509803921569,
            0.3984375,
            128.0
        ],
        [
            0.6274509803921569,
            0.40476190476190477,
            126.0
        ],
        [
            0.6274509803921569,
            0.38636363636363635,
            132.0
        ],
        [
            0.6274509803921569,
            0.3953488372093023,
            129.0
        ],
        [
            0.6274509803921569,
            0.3893129770992366,
            131.0
        ],
        [
            0.6274509803921569,
            0.3923076923076923,
            130.0
        ],
        [
            0.6274509803921569,
            0.3830117829858863,
            133.1551724137931
        ],
        [
            0.6274509803921569,
            0.37555228276877767,
            135.8
        ]
    ]
}