{
    "rgb_colors": [
        [
            58.215488215488215,
            80.993265993266,
            161.27609427609428
        ],
        [
            62.03703703703704,
            86.1574074074074,
            167.00925925925927
        ],
        [
            23.5,
            57.5,
            152.0
        ],
        [
            138.0,
            165.0,
            224.0
        ],
        [
            112.0,
            136.0,
            203.0
        ],
        [
            60.045643153526974,
            83.09128630705395,
            163.96265560165975
        ],
        [
            73.06896551724138,
            100.75862068965517,
            181.89655172413794
        ],
        [
            66.05263157894737,
            94.15789473684211,
            176.74736842105264
        ],
        [
            55.11206896551724,
            78.44827586206897,
            158.85344827586206
        ],
        [
            61.42537313432836,
            89.76119402985074,
            172.37313432835822
        ]
    ],
    "hex_colors": [
        "#3a50a1",
        "#3e56a7",
        "#173998",
        "#8aa5e0",
        "#7088cb",
        "#3c53a3",
        "#4964b5",
        "#425eb0",
        "#374e9e",
        "#3d59ac"
    ],
    "hsl_color_values": [
        [
            0.6298310954294489,
            0.6390321301071004,
            161.27609427609428
        ],
        [
            0.6283702331598601,
            0.6285413317070466,
            167.00925925925927
        ],
        [
            0.622568093385214,
            0.8453947368421053,
            152.0
        ],
        [
            0.6143410852713179,
            0.38392857142857145,
            224.0
        ],
        [
            0.6227106227106227,
            0.4482758620689655,
            203.0
        ],
        [
            0.6297050524410371,
            0.6337846387447804,
            163.96265560165975
        ],
        [
            0.624260667511618,
            0.5982938388625593,
            181.89655172413794
        ],
        [
            0.6243501965259287,
            0.6262878923232684,
            176.74736842105264
        ],
        [
            0.629175668938009,
            0.6530634395180984,
            158.85344827586206
        ],
        [
            0.624100356494249,
            0.6436488007619707,
            172.37313432835822
        ]
    ]
}