{
    "rgb_colors": [
        [
            56.0,
            75.0,
            161.0
        ],
        [
            34.73809523809524,
            54.791666666666664,
            143.69642857142858
        ],
        [
            50.0,
            69.25,
            156.75
        ],
        [
            39.111111111111114,
            58.888888888888886,
            147.85858585858585
        ],
        [
            34.34146341463415,
            53.36585365853659,
            145.17073170731706
        ],
        [
            40.53703703703704,
            60.111111111111114,
            149.03703703703704
        ],
        [
            38.073170731707314,
            57.91463414634146,
            146.90243902439025
        ],
        [
            69.0,
            89.0,
            176.0
        ],
        [
            37.02643171806167,
            56.95594713656388,
            145.9691629955947
        ],
        [
            35.98654708520179,
            55.7982062780269,
            145.26008968609867
        ]
    ],
    "hex_colors": [
        "#384ba1",
        "#22368f",
        "#32459c",
        "#273a93",
        "#223591",
        "#283c95",
        "#263992",
        "#4559b0",
        "#253891",
        "#233791"
    ],
    "hsl_color_values": [
        [
            0.6365079365079365,
            0.6521739130434783,
            161.0
        ],
        [
            0.6359919876172265,
            0.7582535934716872,
            143.69642857142858
        ],
        [
            0.6366120218579235,
            0.6810207336523126,
            156.75
        ],
        [
            0.6363551922719672,
            0.735482989479437,
            147.85858585858585
        ],
        [
            0.6380575117370891,
            0.7634408602150538,
            145.17073170731706
        ],
        [
            0.6365989645559539,
            0.728006958250497,
            149.03703703703704
        ],
        [
            0.6362804422531002,
            0.740826830483148,
            146.90243902439025
        ],
        [
            0.6355140186915887,
            0.6079545454545454,
            176.0
        ],
        [
            0.6361773823965494,
            0.7463407273275992,
            145.9691629955947
        ],
        [
            0.6364494418910046,
            0.7522612910196648,
            145.26008968609867
        ]
    ]
}