{
    "rgb_colors": [
        [
            105.0,
            118.0,
            178.0
        ],
        [
            11.0,
            33.75,
            158.5
        ],
        [
            136.0,
            151.0,
            217.0
        ],
        [
            54.95616438356164,
            67.66027397260274,
            169.54246575342466
        ],
        [
            52.94444444444444,
            68.90277777777777,
            169.81944444444446
        ],
        [
            65.85714285714286,
            79.0,
            179.85714285714286
        ],
        [
            49.93827160493827,
            65.0,
            166.1358024691358
        ],
        [
            52.92816091954023,
            66.0919540229885,
            167.5977011494253
        ],
        [
            120.0,
            133.0,
            194.5
        ],
        [
            57.29577464788733,
            71.09859154929578,
            172.3943661971831
        ]
    ],
    "hex_colors": [
        "#6976b2",
        "#0b219e",
        "#8897d9",
        "#3643a9",
        "#3444a9",
        "#414fb3",
        "#3141a6",
        "#3442a7",
        "#7885c2",
        "#3947ac"
    ],
    "hsl_color_values": [
        [
            0.636986301369863,
            0.4101123595505618,
            178.0
        ],
        [
            0.6409604519774011,
            0.9305993690851735,
            158.5
        ],
        [
            0.6358024691358025,
            0.37327188940092165,
            217.0
        ],
        [
            0.6481884404488651,
            0.6758560509348287,
            169.54246575342466
        ],
        [
            0.6439096850861556,
            0.6882309642594259,
            169.81944444444446
        ],
        [
            0.647451963241437,
            0.6338363780778395,
            179.85714285714286
        ],
        [
            0.6450630400906644,
            0.6994129449357211,
            166.1358024691358
        ],
        [
            0.6475337259324229,
            0.6841951855153967,
            167.5977011494253
        ],
        [
            0.6375838926174496,
            0.38303341902313626,
            194.5
        ],
        [
            0.646679719366944,
            0.6676470588235294,
            172.3943661971831
        ]
    ]
}