{
    "rgb_colors": [
        [
            84.0,
            92.0,
            120.0
        ],
        [
            95.37837837837839,
            103.37837837837839,
            131.3783783783784
        ],
        [
            83.0,
            91.0,
            119.0
        ],
        [
            86.0,
            94.0,
            122.0
        ],
        [
            78.28571428571429,
            86.28571428571429,
            114.28571428571429
        ],
        [
            87.0,
            95.0,
            123.0
        ],
        [
            85.0,
            93.0,
            121.0
        ],
        [
            88.4319526627219,
            96.4319526627219,
            124.4319526627219
        ],
        [
            91.17218543046357,
            99.17218543046357,
            127.17218543046357
        ],
        [
            81.224,
            89.224,
            117.224
        ]
    ],
    "hex_colors": [
        "#545c78",
        "#5f6783",
        "#535b77",
        "#565e7a",
        "#4e5672",
        "#575f7b",
        "#555d79",
        "#58607c",
        "#5b637f",
        "#515975"
    ],
    "hsl_color_values": [
        [
            0.6296296296296297,
            0.3,
            120.0
        ],
        [
            0.6296296296296297,
            0.27401769183295616,
            131.3783783783784
        ],
        [
            0.6296296296296297,
            0.3025210084033613,
            119.0
        ],
        [
            0.6296296296296297,
            0.29508196721311475,
            122.0
        ],
        [
            0.6296296296296297,
            0.315,
            114.28571428571429
        ],
        [
            0.6296296296296297,
            0.2926829268292683,
            123.0
        ],
        [
            0.6296296296296297,
            0.2975206611570248,
            121.0
        ],
        [
            0.6296296296296297,
            0.28931475581340055,
            124.4319526627219
        ],
        [
            0.6296296296296297,
            0.2830807686299016,
            127.17218543046357
        ],
        [
            0.6296296296296297,
            0.30710434723264857,
            117.224
        ]
    ]
}