{
    "rgb_colors": [
        [
            66.28571428571429,
            69.28571428571429,
            93.72380952380952
        ],
        [
            70.66417910447761,
            73.66417910447761,
            98.33582089552239
        ],
        [
            74.41958041958041,
            77.41958041958041,
            102.35664335664336
        ],
        [
            68.0,
            71.0,
            95.0
        ],
        [
            72.0,
            75.0,
            99.0
        ],
        [
            64.44680851063829,
            67.44680851063829,
            91.57446808510639
        ],
        [
            71.98,
            74.98,
            100.34
        ],
        [
            67.47169811320755,
            70.47169811320755,
            96.47169811320755
        ],
        [
            69.8029197080292,
            72.8029197080292,
            97.1970802919708
        ],
        [
            69.0,
            72.0,
            96.0
        ]
    ],
    "hex_colors": [
        "#42455d",
        "#464962",
        "#4a4d66",
        "#44475f",
        "#484b63",
        "#40435b",
        "#474a64",
        "#434660",
        "#454861",
        "#454860"
    ],
    "hsl_color_values": [
        [
            0.648443827374754,
            0.29275480134132703,
            93.72380952380952
        ],
        [
            0.6485976267529665,
            0.28139940805949765,
            98.33582089552239
        ],
        [
            0.6487692949520234,
            0.2729384436701511,
            102.35664335664336
        ],
        [
            0.6481481481481483,
            0.28421052631578947,
            95.0
        ],
        [
            0.6481481481481483,
            0.2727272727272727,
            99.0
        ],
        [
            0.6482352941176471,
            0.296236059479554,
            91.57446808510639
        ],
        [
            0.6490362012223789,
            0.2826390273071557,
            100.34
        ],
        [
            0.6494252873563218,
            0.3006062976725992,
            96.47169811320755
        ],
        [
            0.6484146016520117,
            0.2818413938119556,
            97.1970802919708
        ],
        [
            0.6481481481481483,
            0.28125,
            96.0
        ]
    ]
}