{
    "rgb_colors": [
        [
            27.47926267281106,
            65.91705069124424,
            134.91551459293396
        ],
        [
            139.36363636363637,
            199.54545454545456,
            137.27272727272728
        ],
        [
            139.97596153846155,
            228.41826923076923,
            101.9951923076923
        ],
        [
            0.0769230769230731,
            23.153846153846146,
            92.38461538461539
        ],
        [
            173.97297297297297,
            245.54054054054055,
            142.48648648648648
        ],
        [
            47.2,
            104.8,
            95.2
        ],
        [
            83.2,
            137.0,
            108.2
        ],
        [
            109.83333333333333,
            164.5,
            121.83333333333333
        ],
        [
            21.523809523809526,
            63.142857142857146,
            114.5
        ],
        [
            45.78787878787879,
            81.3030303030303,
            148.0
        ]
    ],
    "hex_colors": [
        "#1b4186",
        "#8bc789",
        "#8be465",
        "#00175c",
        "#adf58e",
        "#2f685f",
        "#53896c",
        "#6da479",
        "#153f72",
        "#2d5194"
    ],
    "hsl_color_values": [
        [
            0.6070378366527978,
            0.7963224410793579,
            134.91551459293396
        ],
        [
            0.3277372262773723,
            0.3120728929384966,
            199.54545454545456
        ],
        [
            0.28326234661799005,
            0.5534718275767717,
            228.41826923076923
        ],
        [
            0.625,
            0.9991673605328893,
            92.38461538461539
        ],
        [
            0.28241104991695076,
            0.4197028068244359,
            245.54054054054055
        ],
        [
            0.47222222222222227,
            0.5496183206106869,
            104.8
        ],
        [
            0.4107806691449814,
            0.3927007299270073,
            137.0
        ],
        [
            0.3699186991869919,
            0.3323201621073962,
            164.5
        ],
        [
            0.5920614596670934,
            0.8120191307964234,
            114.5
        ],
        [
            0.6087558059096749,
            0.6906224406224407,
            148.0
        ]
    ]
}