{
    "rgb_colors": [
        [
            52.25757575757576,
            82.72727272727273,
            163.78787878787878
        ],
        [
            35.66666666666667,
            69.33333333333333,
            155.33333333333334
        ],
        [
            49.927083333333336,
            80.57291666666667,
            161.72222222222223
        ],
        [
            46.25233644859813,
            77.08722741433021,
            157.47040498442368
        ],
        [
            102.0,
            129.0,
            182.0
        ],
        [
            17.0,
            58.0,
            146.0
        ],
        [
            125.33333333333333,
            151.66666666666666,
            202.66666666666666
        ],
        [
            48.171171171171174,
            78.990990990991,
            159.61261261261262
        ],
        [
            64.16666666666667,
            94.0,
            171.5
        ],
        [
            0.0,
            37.0,
            143.0
        ]
    ],
    "hex_colors": [
        "#3452a3",
        "#23459b",
        "#3150a1",
        "#2e4d9d",
        "#6681b6",
        "#113a92",
        "#7d97ca",
        "#304e9f",
        "#405eab",
        "#00258f"
    ],
    "hsl_color_values": [
        [
            0.6211339039079835,
            0.6809435707678076,
            163.78787878787878
        ],
        [
            0.6197771587743732,
            0.7703862660944206,
            155.33333333333334
        ],
        [
            0.6209791802548891,
            0.691278770182068,
            161.72222222222223
        ],
        [
            0.620458810677572,
            0.7062791801851706,
            157.47040498442368
        ],
        [
            0.6104166666666666,
            0.43956043956043955,
            182.0
        ],
        [
            0.6136950904392765,
            0.8835616438356164,
            146.0
        ],
        [
            0.6099137931034483,
            0.3815789473684211,
            202.66666666666666
        ],
        [
            0.6205739692805174,
            0.6981994694361348,
            159.61261261261262
        ],
        [
            0.6203416149068323,
            0.6258503401360543,
            171.5
        ],
        [
            0.6235431235431236,
            1.0,
            143.0
        ]
    ]
}