{
    "rgb_colors": [
        [
            28.442857142857143,
            62.19714285714286,
            137.24857142857144
        ],
        [
            87.25,
            112.0,
            181.75
        ],
        [
            31.29045643153527,
            64.5850622406639,
            139.90871369294607
        ],
        [
            12.857142857142858,
            51.57142857142857,
            130.57142857142858
        ],
        [
            34.96969696969697,
            68.04545454545455,
            142.66666666666666
        ],
        [
            30.170616113744074,
            63.74881516587678,
            138.01421800947867
        ],
        [
            68.0,
            95.6,
            166.6
        ],
        [
            26.571428571428573,
            60.29323308270677,
            135.78947368421052
        ],
        [
            55.33333333333333,
            81.66666666666666,
            153.16666666666666
        ],
        [
            0.0,
            31.0,
            118.0
        ]
    ],
    "hex_colors": [
        "#1c3e89",
        "#5770b5",
        "#1f408b",
        "#0c3382",
        "#22448e",
        "#1e3f8a",
        "#445fa6",
        "#1a3c87",
        "#375199",
        "#001f76"
    ],
    "hsl_color_values": [
        [
            0.6149624494511844,
            0.7927639111518204,
            137.24857142857144
        ],
        [
            0.623015873015873,
            0.5199449793672627,
            181.75
        ],
        [
            0.6155785613324675,
            0.7763509104929118,
            139.90871369294607
        ],
        [
            0.6118527508090615,
            0.9015317286652078,
            130.57142857142858
        ],
        [
            0.6154802100919152,
            0.7548853016142736,
            142.66666666666666
        ],
        [
            0.6147733098952611,
            0.781394869681673,
            138.01421800947867
        ],
        [
            0.6200135226504395,
            0.5918367346938775,
            166.6
        ],
        [
            0.6152072146495938,
            0.8043189368770765,
            135.78947368421052
        ],
        [
            0.6218057921635435,
            0.6387377584330794,
            153.16666666666666
        ],
        [
            0.6228813559322034,
            1.0,
            118.0
        ]
    ]
}