{
    "rgb_colors": [
        [
            37.91954022988506,
            69.83908045977012,
            136.05172413793105
        ],
        [
            35.77777777777778,
            67.88888888888889,
            134.44444444444446
        ],
        [
            39.04347826086956,
            70.9945652173913,
            137.13315217391303
        ],
        [
            42.24242424242424,
            74.18181818181819,
            140.4848484848485
        ],
        [
            40.02287581699346,
            71.98039215686275,
            138.16666666666666
        ],
        [
            48.0,
            79.33333333333333,
            145.0
        ],
        [
            44.0,
            75.8,
            142.2
        ],
        [
            41.02654867256637,
            73.00884955752213,
            139.12389380530973
        ],
        [
            60.0,
            92.0,
            157.0
        ],
        [
            54.5,
            85.5,
            151.5
        ]
    ],
    "hex_colors": [
        "#254588",
        "#234386",
        "#274689",
        "#2a4a8c",
        "#28478a",
        "#304f91",
        "#2c4b8e",
        "#29498b",
        "#3c5c9d",
        "#365597"
    ],
    "hsl_color_values": [
        [
            0.6124548560273304,
            0.7212858530815698,
            136.05172413793105
        ],
        [
            0.612424924924925,
            0.7338842975206612,
            134.44444444444446
        ],
        [
            0.6123777599246475,
            0.7152878232438323,
            137.13315217391303
        ],
        [
            0.6124820069915691,
            0.6993097497842968,
            140.4848484848485
        ],
        [
            0.6123967767714437,
            0.7103290049433525,
            138.16666666666666
        ],
        [
            0.6128293241695304,
            0.6689655172413793,
            145.0
        ],
        [
            0.6126951799049558,
            0.690576652601969,
            142.2
        ],
        [
            0.6123289730867539,
            0.7051078175688569,
            139.12389380530973
        ],
        [
            0.6116838487972509,
            0.6178343949044586,
            157.0
        ],
        [
            0.6134020618556701,
            0.6402640264026402,
            151.5
        ]
    ]
}