{
    "rgb_colors": [
        [
            74.0,
            82.0,
            112.0
        ],
        [
            79.859375,
            87.859375,
            117.859375
        ],
        [
            67.4,
            75.4,
            105.4
        ],
        [
            77.0,
            85.0,
            115.0
        ],
        [
            78.0,
            86.0,
            116.0
        ],
        [
            76.0,
            84.0,
            114.0
        ],
        [
            82.81632653061224,
            90.81632653061224,
            120.81632653061224
        ],
        [
            72.63380281690141,
            80.63380281690141,
            110.63380281690141
        ],
        [
            70.5,
            78.5,
            108.5
        ],
        [
            75.0,
            83.0,
            113.0
        ]
    ],
    "hex_colors": [
        "#4a5270",
        "#4f5775",
        "#434b69",
        "#4d5573",
        "#4e5674",
        "#4c5472",
        "#525a78",
        "#48506e",
        "#464e6c",
        "#4b5371"
    ],
    "hsl_color_values": [
        [
            0.6315789473684211,
            0.3392857142857143,
            112.0
        ],
        [
            0.6315789473684211,
            0.3224181360201511,
            117.859375
        ],
        [
            0.6315789473684211,
            0.3605313092979127,
            105.4
        ],
        [
            0.6315789473684211,
            0.33043478260869563,
            115.0
        ],
        [
            0.6315789473684211,
            0.3275862068965517,
            116.0
        ],
        [
            0.6315789473684211,
            0.3333333333333333,
            114.0
        ],
        [
            0.6315789473684211,
            0.314527027027027,
            120.81632653061224
        ],
        [
            0.6315789473684211,
            0.343475493316359,
            110.63380281690141
        ],
        [
            0.6315789473684211,
            0.35023041474654376,
            108.5
        ],
        [
            0.6315789473684211,
            0.336283185840708,
            113.0
        ]
    ]
}