{
    "rgb_colors": [
        [
            37.02985074626866,
            55.0,
            116.88059701492537
        ],
        [
            34.86585365853659,
            54.859756097560975,
            116.1280487804878
        ],
        [
            37.333333333333336,
            57.27160493827161,
            118.66666666666667
        ],
        [
            35.014925373134325,
            54.985074626865675,
            118.0
        ],
        [
            36.06944444444444,
            55.986111111111114,
            117.03472222222223
        ],
        [
            34.43518518518518,
            53.30555555555556,
            114.92592592592592
        ],
        [
            36.27,
            56.22,
            119.23
        ],
        [
            38.08695652173913,
            56.15942028985507,
            118.04347826086956
        ],
        [
            44.0,
            64.0,
            126.75
        ],
        [
            36.02614379084967,
            54.0,
            115.92156862745098
        ]
    ],
    "hex_colors": [
        "#253774",
        "#223674",
        "#253976",
        "#233676",
        "#243775",
        "#223572",
        "#243877",
        "#263876",
        "#2c407e",
        "#243673"
    ],
    "hsl_color_values": [
        [
            0.6291588785046729,
            0.683182224492402,
            116.88059701492537
        ],
        [
            0.6256596883519672,
            0.6997637175111577,
            116.1280487804878
        ],
        [
            0.6258095527221211,
            0.6853932584269663,
            118.66666666666667
        ],
        [
            0.6265587529976019,
            0.7032633442954718,
            118.0
        ],
        [
            0.6256682963090031,
            0.6918056132439329,
            117.03472222222223
        ],
        [
            0.6275930825568464,
            0.7003706090879793,
            114.92592592592592
        ],
        [
            0.6265871102539377,
            0.695798037406693,
            119.23
        ],
        [
            0.6289952268745092,
            0.6773480662983425,
            118.04347826086956
        ],
        [
            0.6263846928499497,
            0.6528599605522682,
            126.75
        ],
        [
            0.6291721204188482,
            0.6892196662156067,
            115.92156862745098
        ]
    ]
}