{
    "rgb_colors": [
        [
            37.0,
            71.33333333333333,
            141.83333333333334
        ],
        [
            18.932773109243698,
            56.01260504201681,
            127.90336134453781
        ],
        [
            53.0,
            86.66666666666666,
            155.66666666666666
        ],
        [
            20.40909090909091,
            57.30681818181818,
            129.0909090909091
        ],
        [
            14.515151515151516,
            52.121212121212125,
            124.27272727272727
        ],
        [
            17.941988950276244,
            54.988950276243095,
            126.99723756906077
        ],
        [
            64.0,
            96.0,
            165.0
        ],
        [
            30.11111111111111,
            64.44444444444444,
            134.66666666666666
        ],
        [
            9.1,
            48.8,
            122.4
        ],
        [
            16.806569343065693,
            53.81751824817518,
            125.81386861313868
        ]
    ],
    "hex_colors": [
        "#25478d",
        "#12387f",
        "#35569b",
        "#143981",
        "#0e347c",
        "#11367e",
        "#4060a5",
        "#1e4086",
        "#09307a",
        "#10357d"
    ],
    "hsl_color_values": [
        [
            0.6120826709062004,
            0.7391304347826088,
            141.83333333333334
        ],
        [
            0.6099543731122679,
            0.8519759534837883,
            127.90336134453781
        ],
        [
            0.612012987012987,
            0.6595289079229122,
            155.66666666666666
        ],
        [
            0.6100829499512059,
            0.8419014084507043,
            129.0909090909091
        ],
        [
            0.6095619363151114,
            0.8831992197025116,
            124.27272727272727
        ],
        [
            0.6100486346826081,
            0.8587214234441956,
            126.99723756906077
        ],
        [
            0.6138613861386139,
            0.6121212121212121,
            165.0
        ],
        [
            0.6119376549769749,
            0.7764026402640264,
            134.66666666666666
        ],
        [
            0.608267137393351,
            0.9256535947712419,
            122.4
        ],
        [
            0.6100787911253961,
            0.8664171960664868,
            125.81386861313868
        ]
    ]
}