{
    "rgb_colors": [
        [
            72.51923076923077,
            85.28846153846153,
            121.98076923076923
        ],
        [
            69.0,
            82.0,
            118.0
        ],
        [
            70.0,
            83.0,
            119.0
        ],
        [
            66.0,
            78.81666666666666,
            115.36666666666666
        ],
        [
            71.0,
            83.75,
            120.5
        ],
        [
            64.92,
            77.61333333333333,
            114.53333333333333
        ],
        [
            63.458333333333336,
            76.25,
            112.875
        ],
        [
            69.02173913043478,
            81.02173913043478,
            120.02173913043478
        ],
        [
            68.0,
            81.0,
            117.0
        ],
        [
            67.0,
            79.87730061349693,
            116.24539877300613
        ]
    ],
    "hex_colors": [
        "#485579",
        "#455276",
        "#465377",
        "#424e73",
        "#475378",
        "#404d72",
        "#3f4c70",
        "#455178",
        "#445175",
        "#434f74"
    ],
    "hsl_color_values": [
        [
            0.6236391912908243,
            0.405486362919754,
            121.98076923076923
        ],
        [
            0.6224489795918368,
            0.4152542372881356,
            118.0
        ],
        [
            0.6224489795918368,
            0.4117647058823529,
            119.0
        ],
        [
            0.6233963538149899,
            0.42791100837908114,
            115.36666666666666
        ],
        [
            0.6237373737373737,
            0.4107883817427386,
            120.5
        ],
        [
            0.624025799516259,
            0.43317811408614665,
            114.53333333333333
        ],
        [
            0.6235244519392916,
            0.4377999261720192,
            112.875
        ],
        [
            0.6274509803921569,
            0.4249230211918131,
            120.02173913043478
        ],
        [
            0.6224489795918368,
            0.4188034188034188,
            117.0
        ],
        [
            0.6230845895104024,
            0.42363310111885155,
            116.24539877300613
        ]
    ]
}