{
    "rgb_colors": [
        [
            30.876923076923077,
            67.75384615384615,
            147.4269230769231
        ],
        [
            11.545454545454543,
            56.27272727272727,
            137.8181818181818
        ],
        [
            27.693379790940767,
            64.61324041811847,
            144.2439024390244
        ],
        [
            70.66666666666666,
            103.0,
            177.33333333333334
        ],
        [
            60.125,
            92.875,
            167.625
        ],
        [
            34.40816326530612,
            70.85714285714286,
            150.0612244897959
        ],
        [
            42.27777777777778,
            77.61111111111111,
            155.16666666666666
        ],
        [
            25.670103092783506,
            62.927835051546396,
            142.0
        ],
        [
            89.0,
            120.0,
            188.0
        ],
        [
            29.262237762237763,
            66.05944055944056,
            145.55594405594405
        ]
    ],
    "hex_colors": [
        "#1e4393",
        "#0b3889",
        "#1b4090",
        "#4667b1",
        "#3c5ca7",
        "#224696",
        "#2a4d9b",
        "#193e8e",
        "#5978bc",
        "#1d4291"
    ],
    "hsl_color_values": [
        [
            0.6139326139326139,
            0.7905611645926274,
            147.4269230769231
        ],
        [
            0.6076313894888409,
            0.9162269129287599,
            137.8181818181818
        ],
        [
            0.6138714499252615,
            0.8080100487946278,
            144.2439024390244
        ],
        [
            0.6161458333333334,
            0.6015037593984963,
            177.33333333333334
        ],
        [
            0.615891472868217,
            0.6413124533929903,
            167.625
        ],
        [
            0.6141403446856067,
            0.7707058343533252,
            150.0612244897959
        ],
        [
            0.6145013123359581,
            0.7275331185105621,
            155.16666666666666
        ],
        [
            0.6132872503840247,
            0.8192246261071584,
            142.0
        ],
        [
            0.6144781144781145,
            0.526595744680851,
            188.0
        ],
        [
            0.6139306474243336,
            0.7989622618847438,
            145.55594405594405
        ]
    ]
}