{
    "rgb_colors": [
        [
            26.328125,
            66.140625,
            143.5
        ],
        [
            22.385964912280702,
            61.8421052631579,
            138.56140350877192
        ],
        [
            24.075601374570446,
            63.95876288659794,
            140.96907216494844
        ],
        [
            25.741176470588236,
            62.858823529411765,
            140.30588235294118
        ],
        [
            27.59433962264151,
            64.63207547169812,
            142.08490566037736
        ],
        [
            25.12727272727273,
            65.0060606060606,
            141.87272727272727
        ],
        [
            23.11949685534591,
            63.0251572327044,
            139.9559748427673
        ],
        [
            38.0,
            74.5,
            151.5
        ],
        [
            24.591549295774648,
            64.46478873239437,
            143.3661971830986
        ],
        [
            29.791666666666664,
            66.95833333333333,
            144.875
        ]
    ],
    "hex_colors": [
        "#1a428f",
        "#163d8a",
        "#183f8c",
        "#193e8c",
        "#1b408e",
        "#19418d",
        "#173f8b",
        "#264a97",
        "#18408f",
        "#1d4290"
    ],
    "hsl_color_values": [
        [
            0.6100368938080633,
            0.8165287456445993,
            143.5
        ],
        [
            0.6100624182019531,
            0.8384401114206128,
            138.56140350877192
        ],
        [
            0.6098012699905926,
            0.8292135927063526,
            140.96907216494844
        ],
        [
            0.6126685835558293,
            0.816535301022975,
            140.30588235294118
        ],
        [
            0.6127499450670183,
            0.805789788194675,
            142.08490566037736
        ],
        [
            0.6097354167748188,
            0.8228886325772139,
            141.87272727272727
        ],
        [
            0.6097414365433961,
            0.8348087898260909,
            139.9559748427673
        ],
        [
            0.6130690161527167,
            0.7491749174917491,
            151.5
        ],
        [
            0.6107158385706946,
            0.8284703801945181,
            143.3661971830986
        ],
        [
            0.6128409365194303,
            0.7943629565717574,
            144.875
        ]
    ]
}