{
    "rgb_colors": [
        [
            68.0,
            79.0,
            115.0
        ],
        [
            74.0,
            85.0,
            121.0
        ],
        [
            71.0,
            82.0,
            118.0
        ],
        [
            73.0,
            84.0,
            120.0
        ],
        [
            77.125,
            88.125,
            124.125
        ],
        [
            75.38636363636364,
            86.38636363636364,
            122.38636363636364
        ],
        [
            69.0,
            80.0,
            116.0
        ],
        [
            72.0,
            83.0,
            119.0
        ],
        [
            70.0,
            81.0,
            117.0
        ],
        [
            66.64,
            77.64,
            113.64
        ]
    ],
    "hex_colors": [
        "#444f73",
        "#4a5579",
        "#475276",
        "#495478",
        "#4d587c",
        "#4b567a",
        "#455074",
        "#485377",
        "#465175",
        "#424d71"
    ],
    "hsl_color_values": [
        [
            0.6276595744680851,
            0.40869565217391307,
            115.0
        ],
        [
            0.6276595744680851,
            0.3884297520661157,
            121.0
        ],
        [
            0.6276595744680851,
            0.3983050847457627,
            118.0
        ],
        [
            0.6276595744680851,
            0.39166666666666666,
            120.0
        ],
        [
            0.6276595744680851,
            0.37865055387714,
            124.125
        ],
        [
            0.6276595744680851,
            0.3840297121634169,
            122.38636363636364
        ],
        [
            0.6276595744680851,
            0.4051724137931034,
            116.0
        ],
        [
            0.6276595744680851,
            0.3949579831932773,
            119.0
        ],
        [
            0.6276595744680851,
            0.4017094017094017,
            117.0
        ],
        [
            0.6276595744680851,
            0.41358676522351284,
            113.64
        ]
    ]
}