{
    "rgb_colors": [
        [
            49.5,
            82.625,
            60.0
        ],
        [
            23.352112676056336,
            45.40845070422535,
            101.16901408450704
        ],
        [
            132.33333333333331,
            206.75,
            76.66666666666667
        ],
        [
            141.375,
            189.125,
            114.875
        ],
        [
            29.666666666666668,
            53.47866666666667,
            117.60533333333333
        ],
        [
            0.0,
            1.8181818181818201,
            35.5
        ],
        [
            99.625,
            136.875,
            87.25
        ],
        [
            166.61111111111111,
            228.94444444444443,
            122.27777777777777
        ],
        [
            15.571428571428573,
            34.8,
            76.62857142857143
        ],
        [
            11.097826086956523,
            28.869565217391305,
            51.72826086956522
        ]
    ],
    "hex_colors": [
        "#31523c",
        "#172d65",
        "#84ce4c",
        "#8dbd72",
        "#1d3575",
        "#000123",
        "#638857",
        "#a6e47a",
        "#0f224c",
        "#0b1c33"
    ],
    "hsl_color_values": [
        [
            0.3861635220125786,
            0.4009077155824508,
            82.625
        ],
        [
            0.6194268476621417,
            0.7691772240011138,
            101.16901408450704
        ],
        [
            0.26201153106982705,
            0.6291817815397016,
            206.75
        ],
        [
            0.27384960718294055,
            0.39259748843357567,
            189.125
        ],
        [
            0.621536727618239,
            0.7477438664913155,
            117.60533333333333
        ],
        [
            0.6581306017925735,
            1.0,
            35.5
        ],
        [
            0.29177162048698574,
            0.36255707762557077,
            136.875
        ],
        [
            0.2640624999999999,
            0.46590633341421983,
            228.94444444444443
        ],
        [
            0.6141787552643893,
            0.7967934377330351,
            76.62857142857143
        ],
        [
            0.5937667201712146,
            0.7854591300693423,
            51.72826086956522
        ]
    ]
}