{
    "rgb_colors": [
        [
            61.41346153846154,
            84.79807692307692,
            194.08653846153845
        ],
        [
            58.433734939759034,
            81.3012048192771,
            187.33734939759037
        ],
        [
            63.888888888888886,
            87.55555555555556,
            197.27777777777777
        ],
        [
            58.18552036199095,
            80.72398190045249,
            189.61990950226243
        ],
        [
            83.33333333333333,
            103.66666666666666,
            208.66666666666666
        ],
        [
            58.229885057471265,
            82.9080459770115,
            192.2183908045977
        ],
        [
            113.0,
            134.0,
            233.0
        ],
        [
            55.96527777777778,
            78.88888888888889,
            185.19444444444446
        ],
        [
            56.5,
            78.93137254901961,
            187.68627450980392
        ],
        [
            60.37078651685393,
            82.5,
            190.77528089887642
        ]
    ],
    "hex_colors": [
        "#3d54c2",
        "#3a51bb",
        "#3f57c5",
        "#3a50bd",
        "#5367d0",
        "#3a52c0",
        "#7186e9",
        "#374eb9",
        "#384ebb",
        "#3c52be"
    ],
    "hsl_color_values": [
        [
            0.6372904285645262,
            0.6835769135496655,
            194.08653846153845
        ],
        [
            0.6371000405022276,
            0.6880828349089974,
            187.33734939759037
        ],
        [
            0.637095654588366,
            0.6761475640664601,
            197.27777777777777
        ],
        [
            0.6380865493854787,
            0.6931465661241827,
            189.61990950226243
        ],
        [
            0.6396276595744682,
            0.6006389776357828,
            208.66666666666666
        ],
        [
            0.6359698035515141,
            0.6970639239370927,
            192.2183908045977
        ],
        [
            0.6375000000000001,
            0.5150214592274678,
            233.0
        ],
        [
            0.6371021190463395,
            0.6978026098695066,
            185.19444444444446
        ],
        [
            0.6381685474428916,
            0.6989657333890514,
            187.68627450980392
        ],
        [
            0.6383838819001667,
            0.6835502679780906,
            190.77528089887642
        ]
    ]
}