{
    "rgb_colors": [
        [
            97.33333333333333,
            109.0,
            137.0
        ],
        [
            160.0,
            170.0,
            184.5
        ],
        [
            245.04761904761904,
            241.47619047619045,
            196.16666666666666
        ],
        [
            63.75,
            86.875,
            180.0625
        ],
        [
            38.88135593220339,
            60.813559322033896,
            142.76271186440678
        ],
        [
            28.916666666666668,
            42.66666666666667,
            104.72222222222223
        ],
        [
            48.21730382293762,
            74.48893360160966,
            173.0503018108652
        ],
        [
            107.33333333333333,
            125.33333333333333,
            207.66666666666666
        ],
        [
            44.78670360110803,
            71.10526315789474,
            167.21606648199446
        ],
        [
            0.0,
            0.0,
            60.0
        ]
    ],
    "hex_colors": [
        "#616d89",
        "#a0aab8",
        "#f5f1c4",
        "#3f56b4",
        "#263c8e",
        "#1c2a68",
        "#304aad",
        "#6b7dcf",
        "#2c47a7",
        "#00003c"
    ],
    "hsl_color_values": [
        [
            0.6176470588235294,
            0.28953771289537716,
            137.0
        ],
        [
            0.598639455782313,
            0.13279132791327913,
            184.5
        ],
        [
            0.15448936515668124,
            0.19947532063738826,
            245.04761904761904
        ],
        [
            0.6335303600214939,
            0.6459562651856994,
            180.0625
        ],
        [
            0.6314787621689236,
            0.7276504808263089,
            142.76271186440678
        ],
        [
            0.6364358128740686,
            0.7238726790450928,
            104.72222222222223
        ],
        [
            0.6315909652600927,
            0.7213682766318629,
            173.0503018108652
        ],
        [
            0.636766334440753,
            0.48314606741573035,
            207.66666666666666
        ],
        [
            0.6308384430315783,
            0.7321626770479582,
            167.21606648199446
        ],
        [
            0.6666666666666666,
            1.0,
            60.0
        ]
    ]
}