{
    "rgb_colors": [
        [
            64.83333333333333,
            99.45238095238095,
            190.45238095238096
        ],
        [
            55.0,
            89.1875,
            180.125
        ],
        [
            60.035714285714285,
            94.11904761904762,
            184.9047619047619
        ],
        [
            62.50526315789474,
            96.98947368421052,
            188.01052631578946
        ],
        [
            63.47692307692308,
            98.0,
            189.06153846153848
        ],
        [
            61.38,
            95.99333333333334,
            187.01333333333332
        ],
        [
            60.481675392670155,
            95.00523560209425,
            186.01570680628274
        ],
        [
            59.0,
            94.0,
            185.11818181818182
        ],
        [
            58.46153846153846,
            92.99300699300699,
            183.96503496503496
        ],
        [
            57.1875,
            91.7109375,
            182.6328125
        ]
    ],
    "hex_colors": [
        "#4063be",
        "#3759b4",
        "#3c5eb8",
        "#3e60bc",
        "#3f62bd",
        "#3d5fbb",
        "#3c5fba",
        "#3b5eb9",
        "#3a5cb7",
        "#395bb6"
    ],
    "hsl_color_values": [
        [
            0.6207354056103108,
            0.6595824478059757,
            190.45238095238096
        ],
        [
            0.621128871128871,
            0.6946564885496184,
            180.125
        ],
        [
            0.621174563828773,
            0.6753154777234097,
            184.9047619047619
        ],
        [
            0.6208728228354161,
            0.6675438105369239,
            188.01052631578946
        ],
        [
            0.620850177630773,
            0.6642525836113599,
            189.06153846153848
        ],
        [
            0.620748209074025,
            0.6717881077998004,
            187.01333333333332
        ],
        [
            0.620831074223909,
            0.6748571589405837,
            186.01570680628274
        ],
        [
            0.6204137533338138,
            0.6812846830034868,
            185.11818181818182
        ],
        [
            0.6208094203302316,
            0.6822138594290493,
            183.96503496503496
        ],
        [
            0.6207988208673267,
            0.6868717115113145,
            182.6328125
        ]
    ]
}