{
    "rgb_colors": [
        [
            141.20634920634922,
            147.0793650793651,
            164.36507936507937
        ],
        [
            152.99056603773585,
            158.21698113207546,
            174.73584905660377
        ],
        [
            162.28571428571428,
            167.25396825396825,
            182.66666666666666
        ],
        [
            158.8279569892473,
            163.7741935483871,
            179.36559139784947
        ],
        [
            136.36170212765958,
            142.27659574468086,
            159.5744680851064
        ],
        [
            145.21830985915494,
            150.83802816901408,
            167.8661971830986
        ],
        [
            167.47826086956522,
            172.47826086956522,
            187.47826086956522
        ],
        [
            155.6122448979592,
            160.7074829931973,
            176.60544217687075
        ],
        [
            147.61946902654867,
            153.20353982300884,
            170.24778761061947
        ],
        [
            150.640243902439,
            155.92073170731706,
            172.3780487804878
        ]
    ],
    "hex_colors": [
        "#8d93a4",
        "#989eae",
        "#a2a7b6",
        "#9ea3b3",
        "#888e9f",
        "#9196a7",
        "#a7acbb",
        "#9ba0b0",
        "#9399aa",
        "#969bac"
    ],
    "hsl_color_values": [
        [
            0.6244002741603838,
            0.14089811685176237,
            164.36507936507937
        ],
        [
            0.6266088214027477,
            0.12444660403844077,
            174.73584905660377
        ],
        [
            0.6260384215991692,
            0.11157455683003129,
            182.66666666666666
        ],
        [
            0.6265270506108201,
            0.11450152868533074,
            179.36559139784947
        ],
        [
            0.6241979835013748,
            0.14546666666666663,
            159.5744680851064
        ],
        [
            0.625310945273632,
            0.13491630658220405,
            167.8661971830986
        ],
        [
            0.625,
            0.10667903525046382,
            187.47826086956522
        ],
        [
            0.6262151652624756,
            0.11887061361272679,
            176.60544217687075
        ],
        [
            0.6255377395385219,
            0.13291402432685312,
            170.24778761061947
        ],
        [
            0.6261804581580178,
            0.12610541209763007,
            172.3780487804878
        ]
    ]
}