{
    "rgb_colors": [
        [
            33.42413793103448,
            66.46551724137932,
            143.37241379310345
        ],
        [
            0.0,
            6.0,
            102.0
        ],
        [
            33.3394495412844,
            65.08256880733946,
            139.1743119266055
        ],
        [
            31.84158415841584,
            65.01980198019803,
            142.35148514851485
        ],
        [
            30.813793103448276,
            63.80689655172414,
            140.60689655172413
        ],
        [
            48.166666666666664,
            73.0,
            136.0
        ],
        [
            36.205128205128204,
            69.23076923076923,
            146.51282051282053
        ],
        [
            30.0,
            62.34426229508197,
            137.4262295081967
        ],
        [
            41.09090909090909,
            74.27272727272728,
            150.8181818181818
        ],
        [
            34.35294117647059,
            67.7983193277311,
            145.3361344537815
        ]
    ],
    "hex_colors": [
        "#21428f",
        "#000666",
        "#21418b",
        "#1f418e",
        "#1e3f8c",
        "#304988",
        "#244592",
        "#1e3e89",
        "#294a96",
        "#224391"
    ],
    "hsl_color_values": [
        [
            0.6165804192148868,
            0.7668719034104575,
            143.37241379310345
        ],
        [
            0.6568627450980392,
            1.0,
            102.0
        ],
        [
            0.6166782246879334,
            0.7604482531311799,
            139.1743119266055
        ],
        [
            0.61662858934731,
            0.7763171622326552,
            142.35148514851485
        ],
        [
            0.6165829145728643,
            0.7808514812634884,
            140.60689655172413
        ],
        [
            0.6195445920303605,
            0.6458333333333334,
            136.0
        ],
        [
            0.6167673950100728,
            0.7528876443822191,
            146.51282051282053
        ],
        [
            0.6164860877969378,
            0.7817010616724323,
            137.4262295081967
        ],
        [
            0.6162662247997791,
            0.727546714888487,
            150.8181818181818
        ],
        [
            0.6164407763559728,
            0.7636311072564326,
            145.3361344537815
        ]
    ]
}