{
    "rgb_colors": [
        [
            82.968,
            110.208,
            224.88
        ],
        [
            121.5,
            150.5,
            250.0
        ],
        [
            86.95588235294117,
            116.19117647058823,
            230.25980392156862
        ],
        [
            88.87591240875912,
            118.21897810218978,
            232.2189781021898
        ],
        [
            82.27368421052631,
            112.17894736842105,
            226.1157894736842
        ],
        [
            79.32467532467533,
            106.9090909090909,
            221.76623376623377
        ],
        [
            94.90697674418604,
            124.6046511627907,
            237.90697674418604
        ],
        [
            91.11009174311927,
            120.52293577981652,
            234.44954128440367
        ],
        [
            106.44444444444444,
            134.66666666666666,
            239.44444444444446
        ],
        [
            85.28699551569507,
            113.69506726457399,
            228.07623318385652
        ]
    ],
    "hex_colors": [
        "#526ee0",
        "#7996fa",
        "#5674e6",
        "#5876e8",
        "#5270e2",
        "#4f6add",
        "#5e7ced",
        "#5b78ea",
        "#6a86ef",
        "#5571e4"
    ],
    "hsl_color_values": [
        [
            0.6346750098652686,
            0.6310565635005335,
            224.88
        ],
        [
            0.62905317769131,
            0.514,
            250.0
        ],
        [
            0.6326651615698616,
            0.6223575245353714,
            230.25980392156862
        ],
        [
            0.6325491394235665,
            0.617275413340039,
            232.2189781021898
        ],
        [
            0.6320160995243324,
            0.6361435687351613,
            226.1157894736842
        ],
        [
            0.6343909555069293,
            0.6423049894588897,
            221.76623376623377
        ],
        [
            0.6320539925191088,
            0.6010752688172043,
            237.90697674418604
        ],
        [
            0.6324671445639187,
            0.6113872040696537,
            234.44954128440367
        ],
        [
            0.6313004734057367,
            0.5554524361948956,
            239.44444444444446
        ],
        [
            0.6335081548478948,
            0.6260592595505396,
            228.07623318385652
        ]
    ]
}