{
    "rgb_colors": [
        [
            80.0,
            92.0,
            131.0
        ],
        [
            83.0,
            95.0,
            134.0
        ],
        [
            76.52941176470588,
            88.52941176470588,
            127.52941176470588
        ],
        [
            82.0,
            94.0,
            133.0
        ],
        [
            81.0,
            93.0,
            132.0
        ],
        [
            86.25925925925925,
            98.25925925925925,
            137.25925925925927
        ],
        [
            84.0,
            96.0,
            135.0
        ],
        [
            78.0,
            90.0,
            129.0
        ],
        [
            79.0,
            91.0,
            130.0
        ],
        [
            85.0,
            97.0,
            136.0
        ]
    ],
    "hex_colors": [
        "#505c83",
        "#535f86",
        "#4c587f",
        "#525e85",
        "#515d84",
        "#566289",
        "#546087",
        "#4e5a81",
        "#4f5b82",
        "#556188"
    ],
    "hsl_color_values": [
        [
            0.6274509803921569,
            0.3893129770992366,
            131.0
        ],
        [
            0.6274509803921569,
            0.3805970149253731,
            134.0
        ],
        [
            0.6274509803921569,
            0.39990774907749077,
            127.52941176470588
        ],
        [
            0.6274509803921569,
            0.38345864661654133,
            133.0
        ],
        [
            0.6274509803921569,
            0.38636363636363635,
            132.0
        ],
        [
            0.6274509803921569,
            0.37155963302752304,
            137.25925925925927
        ],
        [
            0.6274509803921569,
            0.37777777777777777,
            135.0
        ],
        [
            0.6274509803921569,
            0.3953488372093023,
            129.0
        ],
        [
            0.6274509803921569,
            0.3923076923076923,
            130.0
        ],
        [
            0.6274509803921569,
            0.375,
            136.0
        ]
    ]
}