{
    "rgb_colors": [
        [
            48.75,
            75.5,
            144.5
        ],
        [
            36.0,
            64.0,
            135.0
        ],
        [
            33.119791666666664,
            61.854166666666664,
            131.99479166666666
        ],
        [
            34.12951807228916,
            62.8433734939759,
            133.0
        ],
        [
            32.025,
            60.7625,
            130.8125
        ],
        [
            40.583333333333336,
            68.66666666666667,
            139.58333333333334
        ],
        [
            35.11372549019608,
            63.69803921568627,
            134.0
        ],
        [
            22.0,
            52.0,
            123.0
        ],
        [
            36.65625,
            65.1875,
            135.546875
        ],
        [
            29.571428571428573,
            58.42857142857143,
            129.14285714285714
        ]
    ],
    "hex_colors": [
        "#304b90",
        "#244087",
        "#213d83",
        "#223e85",
        "#203c82",
        "#28448b",
        "#233f86",
        "#16347b",
        "#244187",
        "#1d3a81"
    ],
    "hsl_color_values": [
        [
            0.6201044386422977,
            0.6626297577854672,
            144.5
        ],
        [
            0.6195286195286195,
            0.7333333333333333,
            135.0
        ],
        [
            0.6182311420143279,
            0.7490825869076274,
            131.99479166666666
        ],
        [
            0.6182635186595583,
            0.7433870821632395,
            133.0
        ],
        [
            0.6181829684929774,
            0.7551839464882942,
            130.8125
        ],
        [
            0.6193883277216611,
            0.7092537313432835,
            139.58333333333334
        ],
        [
            0.6184895833333334,
            0.7379572724612232,
            134.0
        ],
        [
            0.6171617161716171,
            0.8211382113821138,
            123.0
        ],
        [
            0.6185811344604203,
            0.7295677233429395,
            135.546875
        ],
        [
            0.618364418938307,
            0.7710176991150443,
            129.14285714285714
        ]
    ]
}