{
    "rgb_colors": [
        [
            83.0,
            90.0,
            128.0
        ],
        [
            87.32203389830508,
            94.32203389830508,
            132.32203389830508
        ],
        [
            79.0,
            86.0,
            124.0
        ],
        [
            86.0,
            93.0,
            131.0
        ],
        [
            85.0,
            92.0,
            130.0
        ],
        [
            82.0,
            89.0,
            127.0
        ],
        [
            80.0,
            87.0,
            125.0
        ],
        [
            84.0,
            91.0,
            129.0
        ],
        [
            81.0,
            88.0,
            126.0
        ],
        [
            77.55,
            84.55,
            122.55
        ]
    ],
    "hex_colors": [
        "#535a80",
        "#575e84",
        "#4f567c",
        "#565d83",
        "#555c82",
        "#52597f",
        "#50577d",
        "#545b81",
        "#51587e",
        "#4d547a"
    ],
    "hsl_color_values": [
        [
            0.6407407407407407,
            0.3515625,
            128.0
        ],
        [
            0.6407407407407407,
            0.3400794159087998,
            132.32203389830508
        ],
        [
            0.6407407407407407,
            0.3629032258064516,
            124.0
        ],
        [
            0.6407407407407407,
            0.3435114503816794,
            131.0
        ],
        [
            0.6407407407407407,
            0.34615384615384615,
            130.0
        ],
        [
            0.6407407407407407,
            0.3543307086614173,
            127.0
        ],
        [
            0.6407407407407407,
            0.36,
            125.0
        ],
        [
            0.6407407407407407,
            0.3488372093023256,
            129.0
        ],
        [
            0.6407407407407407,
            0.35714285714285715,
            126.0
        ],
        [
            0.6407407407407407,
            0.36719706242350064,
            122.55
        ]
    ]
}