{
    "rgb_colors": [
        [
            151.17924528301887,
            155.6320754716981,
            174.5188679245283
        ],
        [
            148.36206896551724,
            152.91379310344828,
            171.83620689655172
        ],
        [
            129.79166666666666,
            134.66666666666666,
            155.29166666666666
        ],
        [
            141.90654205607476,
            146.78504672897196,
            166.61682242990653
        ],
        [
            139.93103448275863,
            144.80172413793105,
            164.43103448275863
        ],
        [
            137.59859154929578,
            142.56338028169014,
            162.4718309859155
        ],
        [
            143.86614173228347,
            148.63779527559055,
            168.18897637795277
        ],
        [
            154.95180722891567,
            159.2289156626506,
            177.9277108433735
        ],
        [
            145.92523364485982,
            150.70093457943926,
            170.00934579439252
        ],
        [
            134.20833333333334,
            139.23958333333334,
            159.29166666666666
        ]
    ],
    "hex_colors": [
        "#979bae",
        "#9498ab",
        "#81869b",
        "#8d92a6",
        "#8b90a4",
        "#898ea2",
        "#8f94a8",
        "#9a9fb1",
        "#9196aa",
        "#868b9f"
    ],
    "hsl_color_values": [
        [
            0.6348693074642955,
            0.1337369587545273,
            174.5188679245283
        ],
        [
            0.6343493695678785,
            0.13660763557919026,
            171.83620689655172
        ],
        [
            0.6348039215686274,
            0.16420713710759324,
            155.29166666666666
        ],
        [
            0.6337619768028239,
            0.14830603544985418,
            166.61682242990653
        ],
        [
            0.6335327234342012,
            0.14899863688791024,
            164.43103448275863
        ],
        [
            0.6333993959984899,
            0.15309262710762425,
            162.4718309859155
        ],
        [
            0.633970001079098,
            0.1446161048689139,
            168.18897637795277
        ],
        [
            0.6356406222688342,
            0.12913055254604544,
            177.9277108433735
        ],
        [
            0.6336179019531755,
            0.1416634599527238,
            170.00934579439252
        ],
        [
            0.633236434108527,
            0.15746795710175243,
            159.29166666666666
        ]
    ]
}