{
    "rgb_colors": [
        [
            76.39473684210526,
            81.8157894736842,
            110.34210526315789
        ],
        [
            74.35975609756098,
            78.35975609756098,
            107.35975609756098
        ],
        [
            73.0,
            77.0,
            106.0
        ],
        [
            73.93388429752066,
            80.31404958677686,
            108.52066115702479
        ],
        [
            70.6470588235294,
            74.6470588235294,
            103.6470588235294
        ],
        [
            67.60629921259843,
            74.01574803149606,
            102.21259842519684
        ],
        [
            69.0,
            76.0,
            104.0
        ],
        [
            71.54794520547945,
            78.54794520547945,
            106.54794520547945
        ],
        [
            70.0,
            77.0,
            105.0
        ],
        [
            72.0,
            76.0,
            105.0
        ]
    ],
    "hex_colors": [
        "#4c516e",
        "#4a4e6b",
        "#494d6a",
        "#49506c",
        "#464a67",
        "#434a66",
        "#454c68",
        "#474e6a",
        "#464d69",
        "#484c69"
    ],
    "hsl_color_values": [
        [
            0.6400516795865633,
            0.30765561650369666,
            110.34210526315789
        ],
        [
            0.6464646464646465,
            0.307377747486795,
            107.35975609756098
        ],
        [
            0.6464646464646465,
            0.3113207547169811,
            106.0
        ],
        [
            0.6359219434488251,
            0.31871144619602465,
            108.52066115702479
        ],
        [
            0.6464646464646465,
            0.31838819523269013,
            103.6470588235294
        ],
        [
            0.6357982555934775,
            0.33857175872428924,
            102.21259842519684
        ],
        [
            0.6333333333333333,
            0.33653846153846156,
            104.0
        ],
        [
            0.6333333333333333,
            0.3284906145538699,
            106.54794520547945
        ],
        [
            0.6333333333333333,
            0.3333333333333333,
            105.0
        ],
        [
            0.6464646464646465,
            0.3142857142857143,
            105.0
        ]
    ]
}