{
    "rgb_colors": [
        [
            30.308900523560208,
            66.13089005235602,
            143.90052356020942
        ],
        [
            27.593220338983052,
            63.610169491525426,
            141.5084745762712
        ],
        [
            34.61764705882353,
            70.5392156862745,
            148.40196078431373
        ],
        [
            31.666666666666668,
            67.54782608695652,
            145.48115942028986
        ],
        [
            38.111111111111114,
            73.55555555555556,
            151.22222222222223
        ],
        [
            50.666666666666664,
            84.0,
            160.33333333333334
        ],
        [
            29.11904761904762,
            64.89682539682539,
            142.82539682539684
        ],
        [
            24.714285714285715,
            61.714285714285715,
            139.85714285714286
        ],
        [
            33.172222222222224,
            68.94444444444444,
            146.7722222222222
        ],
        [
            62.0,
            95.0,
            171.5
        ]
    ],
    "hex_colors": [
        "#1e428f",
        "#1b3f8d",
        "#224694",
        "#1f4391",
        "#264997",
        "#3254a0",
        "#1d408e",
        "#183d8b",
        "#214492",
        "#3e5fab"
    ],
    "hsl_color_values": [
        [
            0.6141070550639135,
            0.7893760232854284,
            143.90052356020942
        ],
        [
            0.6139711352477311,
            0.8050065876152832,
            141.5084745762712
        ],
        [
            0.6140502039175139,
            0.7667305278456761,
            148.40196078431373
        ],
        [
            0.6141233297679078,
            0.7823314936940885,
            145.48115942028986
        ],
        [
            0.6144400785854617,
            0.7479794268919912,
            151.22222222222223
        ],
        [
            0.6160081053698074,
            0.6839916839916841,
            160.33333333333334
        ],
        [
            0.6142248900677044,
            0.7961213603022894,
            142.82539682539684
        ],
        [
            0.6131100082712986,
            0.8232890704800817,
            139.85714285714286
        ],
        [
            0.6141839462702139,
            0.7739884174268519,
            146.7722222222222
        ],
        [
            0.6164383561643835,
            0.6384839650145773,
            171.5
        ]
    ]
}