{
    "rgb_colors": [
        [
            83.0,
            92.0,
            130.0
        ],
        [
            86.0,
            95.0,
            133.0
        ],
        [
            81.0,
            90.0,
            128.0
        ],
        [
            79.8125,
            88.8125,
            126.8125
        ],
        [
            88.0,
            97.0,
            135.0
        ],
        [
            84.0,
            93.0,
            131.0
        ],
        [
            87.0,
            96.0,
            134.0
        ],
        [
            82.0,
            91.0,
            129.0
        ],
        [
            89.20833333333333,
            98.20833333333333,
            136.20833333333334
        ],
        [
            85.0,
            94.0,
            132.0
        ]
    ],
    "hex_colors": [
        "#535c82",
        "#565f85",
        "#515a80",
        "#4f587e",
        "#586187",
        "#545d83",
        "#576086",
        "#525b81",
        "#596288",
        "#555e84"
    ],
    "hsl_color_values": [
        [
            0.6347517730496454,
            0.36153846153846153,
            130.0
        ],
        [
            0.6347517730496454,
            0.3533834586466165,
            133.0
        ],
        [
            0.6347517730496454,
            0.3671875,
            128.0
        ],
        [
            0.6347517730496454,
            0.3706259241005421,
            126.8125
        ],
        [
            0.6347517730496454,
            0.34814814814814815,
            135.0
        ],
        [
            0.6347517730496454,
            0.35877862595419846,
            131.0
        ],
        [
            0.6347517730496454,
            0.35074626865671643,
            134.0
        ],
        [
            0.6347517730496454,
            0.3643410852713178,
            129.0
        ],
        [
            0.6347517730496454,
            0.34505965126950144,
            136.20833333333334
        ],
        [
            0.6347517730496454,
            0.3560606060606061,
            132.0
        ]
    ]
}