{
    "rgb_colors": [
        [
            82.0,
            94.0,
            133.0
        ],
        [
            88.41071428571429,
            100.41071428571429,
            139.41071428571428
        ],
        [
            83.0,
            95.0,
            134.0
        ],
        [
            78.58333333333333,
            90.58333333333333,
            129.58333333333334
        ],
        [
            84.0,
            96.0,
            135.0
        ],
        [
            85.0,
            97.0,
            136.0
        ],
        [
            92.28571428571428,
            104.28571428571428,
            143.28571428571428
        ],
        [
            86.0,
            98.0,
            137.0
        ],
        [
            80.76,
            92.76,
            131.76
        ],
        [
            87.0,
            99.0,
            138.0
        ]
    ],
    "hex_colors": [
        "#525e85",
        "#58648b",
        "#535f86",
        "#4e5a81",
        "#546087",
        "#556188",
        "#5c688f",
        "#566289",
        "#505c83",
        "#57638a"
    ],
    "hsl_color_values": [
        [
            0.6274509803921569,
            0.38345864661654133,
            133.0
        ],
        [
            0.6274509803921569,
            0.36582554118099136,
            139.41071428571428
        ],
        [
            0.6274509803921569,
            0.3805970149253731,
            134.0
        ],
        [
            0.6274509803921569,
            0.3935691318327975,
            129.58333333333334
        ],
        [
            0.6274509803921569,
            0.37777777777777777,
            135.0
        ],
        [
            0.6274509803921569,
            0.375,
            136.0
        ],
        [
            0.6274509803921569,
            0.3559322033898305,
            143.28571428571428
        ],
        [
            0.6274509803921569,
            0.3722627737226277,
            137.0
        ],
        [
            0.6274509803921569,
            0.3870673952641165,
            131.76
        ],
        [
            0.6274509803921569,
            0.3695652173913043,
            138.0
        ]
    ]
}