{
    "rgb_colors": [
        [
            111.0,
            118.0,
            145.0
        ],
        [
            109.54189944134079,
            116.54189944134079,
            143.54189944134077
        ],
        [
            120.66666666666667,
            127.66666666666667,
            154.66666666666666
        ],
        [
            100.0,
            107.0,
            134.0
        ],
        [
            112.9455252918288,
            119.9455252918288,
            146.9455252918288
        ],
        [
            107.55405405405405,
            114.55405405405405,
            141.55405405405406
        ],
        [
            103.27450980392157,
            110.27450980392157,
            137.27450980392157
        ],
        [
            115.92857142857143,
            122.92857142857143,
            149.92857142857142
        ],
        [
            118.34042553191489,
            125.34042553191489,
            152.3404255319149
        ],
        [
            105.56043956043956,
            112.56043956043956,
            139.56043956043956
        ]
    ],
    "hex_colors": [
        "#6f7691",
        "#6d748f",
        "#787f9a",
        "#646b86",
        "#707792",
        "#6b728d",
        "#676e89",
        "#737a95",
        "#767d98",
        "#69708b"
    ],
    "hsl_color_values": [
        [
            0.6323529411764706,
            0.23448275862068965,
            145.0
        ],
        [
            0.6323529411764706,
            0.23686463765859725,
            143.54189944134077
        ],
        [
            0.6323529411764706,
            0.21982758620689646,
            154.66666666666666
        ],
        [
            0.6323529411764706,
            0.2537313432835821,
            134.0
        ],
        [
            0.6323529411764706,
            0.23137826029392294,
            146.9455252918288
        ],
        [
            0.6323529411764706,
            0.24019093078758957,
            141.55405405405406
        ],
        [
            0.6323529411764706,
            0.24767890301385515,
            137.27450980392157
        ],
        [
            0.6323529411764706,
            0.22677465459742727,
            149.92857142857142
        ],
        [
            0.6323529411764706,
            0.22318435754189944,
            152.3404255319149
        ],
        [
            0.6323529411764706,
            0.24362204724409448,
            139.56043956043956
        ]
    ]
}