{
    "rgb_colors": [
        [
            132.35955056179776,
            137.8426966292135,
            159.8426966292135
        ],
        [
            125.98717948717949,
            132.01923076923077,
            153.9102564102564
        ],
        [
            116.45535714285714,
            123.91964285714286,
            146.36607142857142
        ],
        [
            122.01438848920863,
            129.9496402877698,
            152.14388489208633
        ],
        [
            137.69387755102042,
            142.57142857142858,
            163.85714285714286
        ],
        [
            112.75925925925927,
            120.66666666666667,
            142.94444444444446
        ],
        [
            147.0,
            151.5,
            172.0
        ],
        [
            119.61256544502618,
            126.76439790575917,
            148.95287958115182
        ],
        [
            124.26732673267327,
            129.15841584158414,
            150.98019801980197
        ],
        [
            128.33333333333334,
            134.5968992248062,
            156.68992248062017
        ]
    ],
    "hex_colors": [
        "#84899f",
        "#7d8499",
        "#747b92",
        "#7a8198",
        "#898ea3",
        "#70788e",
        "#9397ac",
        "#777e94",
        "#7c8196",
        "#80869c"
    ],
    "hsl_color_values": [
        [
            0.6334150994821477,
            0.17193870378180795,
            159.8426966292135
        ],
        [
            0.6306626874808693,
            0.18142440649729277,
            153.9102564102564
        ],
        [
            0.6250746268656716,
            0.20435551759897513,
            146.36607142857142
        ],
        [
            0.6227714103788601,
            0.19803291091356162,
            152.14388489208633
        ],
        [
            0.6355954238169527,
            0.15967119192925638,
            163.85714285714286
        ],
        [
            0.6230061349693252,
            0.21116724964373626,
            142.94444444444446
        ],
        [
            0.6366666666666667,
            0.14534883720930233,
            172.0
        ],
        [
            0.6260409231501308,
            0.19697715289982418,
            148.95287958115182
        ],
        [
            0.6361502347417841,
            0.1769296347301462,
            150.98019801980197
        ],
        [
            0.6298523783488245,
            0.18097264136941574,
            156.68992248062017
        ]
    ]
}