{
    "rgb_colors": [
        [
            62.128571428571426,
            92.03571428571429,
            179.97857142857143
        ],
        [
            65.09493670886076,
            94.50632911392405,
            184.373417721519
        ],
        [
            68.51851851851852,
            97.88888888888889,
            188.14814814814815
        ],
        [
            60.982608695652175,
            90.71304347826087,
            179.40869565217392
        ],
        [
            80.5,
            110.16666666666666,
            197.66666666666666
        ],
        [
            63.97196261682243,
            93.04672897196262,
            183.803738317757
        ],
        [
            62.649253731343286,
            91.6268656716418,
            182.55223880597015
        ],
        [
            59.22222222222222,
            89.19444444444444,
            177.29166666666666
        ],
        [
            63.55428571428571,
            93.56,
            181.46857142857144
        ],
        [
            66.38888888888889,
            95.56666666666666,
            186.3
        ]
    ],
    "hex_colors": [
        "#3e5cb3",
        "#415eb8",
        "#4461bc",
        "#3c5ab3",
        "#506ec5",
        "#3f5db7",
        "#3e5bb6",
        "#3b59b1",
        "#3f5db5",
        "#425fba"
    ],
    "hsl_color_values": [
        [
            0.6243711740105461,
            0.6548001746239631,
            179.97857142857143
        ],
        [
            0.6255704128196965,
            0.6469396862448937,
            184.373417721519
        ],
        [
            0.6257481940144478,
            0.6358267716535433,
            188.14814814814815
        ],
        [
            0.6248256112783611,
            0.6600911205893757,
            179.40869565217392
        ],
        [
            0.624466571834993,
            0.5927487352445193,
            197.66666666666666
        ],
        [
            0.6262283575105289,
            0.6519550516092948,
            183.803738317757
        ],
        [
            0.6263874193481463,
            0.6568146512958875,
            182.55223880597015
        ],
        [
            0.6243579186762341,
            0.6659616137877007,
            177.29166666666666
        ],
        [
            0.6242549067118972,
            0.6497780017004126,
            181.46857142857144
        ],
        [
            0.6261119347664937,
            0.6436452555615196,
            186.3
        ]
    ]
}