{
    "rgb_colors": [
        [
            124.50847457627118,
            192.84745762711864,
            119.30508474576271
        ],
        [
            126.98484848484848,
            194.75757575757575,
            121.0
        ],
        [
            125.11235955056179,
            194.87640449438203,
            121.69662921348315
        ],
        [
            128.125786163522,
            196.1069182389937,
            122.69182389937107
        ],
        [
            128.42222222222222,
            197.62222222222223,
            124.43333333333334
        ],
        [
            127.1006711409396,
            195.01342281879195,
            122.0
        ],
        [
            129.65217391304347,
            198.8695652173913,
            125.69565217391305
        ],
        [
            126.11940298507463,
            196.0,
            122.85074626865672
        ],
        [
            125.953125,
            193.9453125,
            120.53125
        ],
        [
            127.0,
            196.99212598425197,
            123.80314960629921
        ]
    ],
    "hex_colors": [
        "#7cc077",
        "#7ec279",
        "#7dc279",
        "#80c47a",
        "#80c57c",
        "#7fc37a",
        "#81c67d",
        "#7ec47a",
        "#7dc178",
        "#7fc47b"
    ],
    "hsl_color_values": [
        [
            0.32154106168856106,
            0.38134997363332745,
            192.84745762711864
        ],
        [
            0.31980964119419336,
            0.37871479695036564,
            194.75757575757575
        ],
        [
            0.3255540201647986,
            0.3755189114391144,
            194.87640449438203
        ],
        [
            0.32099717296324853,
            0.37436259260447063,
            196.1069182389937
        ],
        [
            0.32424978492991247,
            0.37034746429776233,
            197.62222222222223
        ],
        [
            0.32169010632104666,
            0.37440203737481503,
            195.01342281879195
        ],
        [
            0.3243216478510596,
            0.36794927853082643,
            198.8695652173913
        ],
        [
            0.3258858736312317,
            0.3732104782211392,
            196.0
        ],
        [
            0.3210244404242489,
            0.37852970795568985,
            193.9453125
        ],
        [
            0.32605343374574147,
            0.37153249660244625,
            196.99212598425197
        ]
    ]
}