{
    "rgb_colors": [
        [
            65.0,
            73.0,
            101.0
        ],
        [
            67.3125,
            75.3125,
            103.3125
        ],
        [
            64.0,
            72.00847457627118,
            99.99152542372882
        ],
        [
            66.0,
            74.0,
            102.0
        ],
        [
            60.98540145985402,
            68.98540145985402,
            97.01459854014598
        ],
        [
            69.52380952380952,
            77.52380952380952,
            105.52380952380952
        ],
        [
            59.605633802816904,
            67.61971830985915,
            95.6056338028169
        ],
        [
            57.30612244897959,
            65.3061224489796,
            93.3061224489796
        ],
        [
            61.99212598425197,
            69.99212598425197,
            98.00787401574803
        ],
        [
            63.0,
            71.00657894736842,
            98.99342105263158
        ]
    ],
    "hex_colors": [
        "#414965",
        "#434b67",
        "#404863",
        "#424a66",
        "#3c4461",
        "#454d69",
        "#3b435f",
        "#39415d",
        "#3d4562",
        "#3f4762"
    ],
    "hsl_color_values": [
        [
            0.6296296296296297,
            0.3564356435643564,
            101.0
        ],
        [
            0.6296296296296297,
            0.3484573502722323,
            103.3125
        ],
        [
            0.629581665489365,
            0.3599457581150945,
            99.99152542372882
        ],
        [
            0.6296296296296297,
            0.35294117647058826,
            102.0
        ],
        [
            0.6296596434359806,
            0.3713791287337295,
            97.01459854014598
        ],
        [
            0.6296296296296297,
            0.34115523465703973,
            105.52380952380952
        ],
        [
            0.6295644235785081,
            0.37654684737772537,
            95.6056338028169
        ],
        [
            0.6296296296296297,
            0.3858267716535433,
            93.3061224489796
        ],
        [
            0.629645824223874,
            0.36747810717441953,
            98.00787401574803
        ],
        [
            0.6295923962712484,
            0.3635940719080215,
            98.99342105263158
        ]
    ]
}