{
    "rgb_colors": [
        [
            21.1656050955414,
            55.031847133757964,
            127.89808917197452
        ],
        [
            42.0,
            74.66666666666666,
            146.0
        ],
        [
            57.33333333333333,
            87.33333333333333,
            154.66666666666666
        ],
        [
            22.901639344262296,
            56.540983606557376,
            129.39344262295083
        ],
        [
            19.111464968152866,
            53.00955414012739,
            125.99363057324841
        ],
        [
            46.5,
            74.0,
            140.0
        ],
        [
            7.166666666666668,
            46.5,
            120.16666666666667
        ],
        [
            28.333333333333332,
            61.0,
            134.33333333333334
        ],
        [
            17.914285714285715,
            51.792857142857144,
            124.78571428571429
        ],
        [
            20.069277108433734,
            53.984939759036145,
            126.98493975903614
        ]
    ],
    "hex_colors": [
        "#15377f",
        "#2a4a92",
        "#39579a",
        "#163881",
        "#13357d",
        "#2e4a8c",
        "#072e78",
        "#1c3d86",
        "#11337c",
        "#14357e"
    ],
    "hsl_color_values": [
        [
            0.6137832945435738,
            0.834511952191235,
            127.89808917197452
        ],
        [
            0.6143162393162394,
            0.7123287671232876,
            146.0
        ],
        [
            0.615296803652968,
            0.6293103448275862,
            154.66666666666666
        ],
        [
            0.6140188834154352,
            0.8230077283669074,
            129.39344262295083
        ],
        [
            0.6138076934537112,
            0.8483140387240281,
            125.99363057324841
        ],
        [
            0.6176470588235294,
            0.6678571428571428,
            140.0
        ],
        [
            0.6086529006882989,
            0.9403606102635228,
            120.16666666666667
        ],
        [
            0.6153039832285115,
            0.7890818858560794,
            134.33333333333334
        ],
        [
            0.6138328209241188,
            0.8564396107613051,
            124.78571428571429
        ],
        [
            0.6137968597400646,
            0.841955454351384,
            126.98493975903614
        ]
    ]
}