{
    "rgb_colors": [
        [
            27.973684210526315,
            46.00751879699248,
            136.0
        ],
        [
            27.0,
            44.84375,
            134.0
        ],
        [
            25.948453608247423,
            43.97938144329897,
            133.93814432989691
        ],
        [
            28.083333333333332,
            48.0,
            136.75
        ],
        [
            27.026378896882495,
            45.0,
            135.0
        ],
        [
            28.95,
            47.0,
            136.625
        ],
        [
            26.163265306122447,
            45.91836734693877,
            134.9591836734694
        ],
        [
            28.0,
            46.0,
            135.0
        ],
        [
            27.0,
            47.020833333333336,
            136.0
        ],
        [
            26.846153846153847,
            47.0,
            135.0
        ]
    ],
    "hex_colors": [
        "#1b2e88",
        "#1b2c86",
        "#192b85",
        "#1c3088",
        "#1b2d87",
        "#1c2f88",
        "#1a2d86",
        "#1c2e87",
        "#1b2f88",
        "#1a2f87"
    ],
    "hsl_color_values": [
        [
            0.6388434545560001,
            0.7943111455108359,
            136.0
        ],
        [
            0.6388726635514019,
            0.7985074626865671,
            134.0
        ],
        [
            0.6388385043754972,
            0.80626539408867,
            133.93814432989691
        ],
        [
            0.6361196319018405,
            0.7946374162096284,
            136.75
        ],
        [
            0.6389228206551915,
            0.7998046007638334,
            135.0
        ],
        [
            0.638727652658463,
            0.7881061299176578,
            136.625
        ],
        [
            0.6364034264990934,
            0.8061394223499169,
            134.9591836734694
        ],
        [
            0.6386292834890965,
            0.7925925925925926,
            135.0
        ],
        [
            0.6360537716615697,
            0.8014705882352942,
            136.0
        ],
        [
            0.6356092935040304,
            0.8011396011396011,
            135.0
        ]
    ]
}