{
    "rgb_colors": [
        [
            239.44117647058823,
            232.11764705882354,
            195.85294117647058
        ],
        [
            234.9078014184397,
            228.17730496453902,
            192.52482269503545
        ],
        [
            236.32804232804233,
            230.25396825396825,
            194.97354497354496
        ],
        [
            237.69060773480663,
            229.61325966850828,
            193.18232044198896
        ],
        [
            240.0185185185185,
            233.85185185185185,
            199.11111111111111
        ],
        [
            234.11475409836066,
            225.7377049180328,
            188.24590163934425
        ],
        [
            232.2,
            223.83333333333334,
            186.5
        ],
        [
            236.5,
            228.21951219512195,
            190.4878048780488
        ],
        [
            234.21666666666667,
            226.51666666666668,
            190.125
        ],
        [
            237.62244897959184,
            231.64285714285714,
            196.81632653061226
        ]
    ],
    "hex_colors": [
        "#efe8c3",
        "#eae4c0",
        "#ece6c2",
        "#ede5c1",
        "#f0e9c7",
        "#eae1bc",
        "#e8dfba",
        "#ece4be",
        "#eae2be",
        "#ede7c4"
    ],
    "hsl_color_values": [
        [
            0.13866396761133606,
            0.18204151824100237,
            239.44117647058823
        ],
        [
            0.14019968763944676,
            0.18042388744641022,
            234.9078014184397
        ],
        [
            0.142186966905493,
            0.17498768638337892,
            236.32804232804233
        ],
        [
            0.1364200595829195,
            0.1872530333317837,
            237.69060773480663
        ],
        [
            0.14154217594688398,
            0.17043438006326667,
            240.0185185185185
        ],
        [
            0.1362282582797236,
            0.195924655136195,
            234.11475409836066
        ],
        [
            0.13615365912958918,
            0.19681309216192933,
            232.2
        ],
        [
            0.13667285095856524,
            0.19455473624503683,
            236.5
        ],
        [
            0.1375606375606376,
            0.18825161887141537,
            234.21666666666667
        ],
        [
            0.14224389430691003,
            0.17172671447588778,
            237.62244897959184
        ]
    ]
}