{
    "rgb_colors": [
        [
            35.02926829268293,
            66.99756097560976,
            133.9170731707317
        ],
        [
            42.0,
            73.2,
            139.6
        ],
        [
            63.0,
            91.5,
            157.5
        ],
        [
            37.29577464788733,
            69.25352112676056,
            136.07042253521126
        ],
        [
            29.875,
            61.5,
            129.25
        ],
        [
            73.5,
            102.0,
            167.5
        ],
        [
            36.05339805825243,
            67.99514563106796,
            134.93203883495147
        ],
        [
            32.93055555555556,
            64.83333333333333,
            131.86111111111111
        ],
        [
            34.041152263374485,
            66.0,
            132.97530864197532
        ],
        [
            49.6,
            80.6,
            146.6
        ]
    ],
    "hex_colors": [
        "#234285",
        "#2a498b",
        "#3f5b9d",
        "#254588",
        "#1d3d81",
        "#4966a7",
        "#244386",
        "#204083",
        "#224284",
        "#315092"
    ],
    "hsl_color_values": [
        [
            0.6127869310707709,
            0.7384256729683458,
            133.9170731707317
        ],
        [
            0.6133879781420765,
            0.6991404011461317,
            139.6
        ],
        [
            0.6164021164021164,
            0.6,
            157.5
        ],
        [
            0.6127430010932079,
            0.7259082910671772,
            136.07042253521126
        ],
        [
            0.6136268343815514,
            0.7688588007736944,
            129.25
        ],
        [
            0.6161347517730497,
            0.5611940298507463,
            167.5
        ],
        [
            0.6128266810676354,
            0.7328032810476328,
            134.93203883495147
        ],
        [
            0.6129205858954561,
            0.7502633242047609,
            131.86111111111111
        ],
        [
            0.6128280853541866,
            0.7440039612539845,
            132.97530864197532
        ],
        [
            0.6134020618556701,
            0.6616643929058663,
            146.6
        ]
    ]
}