{
    "rgb_colors": [
        [
            55.84615384615385,
            81.76923076923077,
            182.69230769230768
        ],
        [
            47.97663551401869,
            74.07943925233644,
            173.90654205607476
        ],
        [
            50.06122448979592,
            76.07142857142857,
            175.91836734693877
        ],
        [
            52.589285714285715,
            78.60714285714286,
            179.66071428571428
        ],
        [
            47.04054054054054,
            72.97972972972973,
            172.83783783783784
        ],
        [
            63.8,
            89.8,
            190.2
        ],
        [
            48.78835978835979,
            74.78835978835978,
            175.23809523809524
        ],
        [
            50.64963503649635,
            76.63503649635037,
            178.1824817518248
        ],
        [
            45.598130841121495,
            71.85981308411215,
            170.97196261682242
        ],
        [
            49.0,
            74.98245614035088,
            177.03508771929825
        ]
    ],
    "hex_colors": [
        "#3751b6",
        "#2f4aad",
        "#324caf",
        "#344eb3",
        "#2f48ac",
        "#3f59be",
        "#304aaf",
        "#324cb2",
        "#2d47aa",
        "#314ab1"
    ],
    "hsl_color_values": [
        [
            0.6326056195674146,
            0.6943157894736842,
            182.69230769230768
        ],
        [
            0.6321199302385988,
            0.7241240326741187,
            173.90654205607476
        ],
        [
            0.6322225825631046,
            0.715429234338747,
            175.91836734693877
        ],
        [
            0.6325416900880644,
            0.7072855580956167,
            179.66071428571428
        ],
        [
            0.6323002828803667,
            0.7278342455043002,
            172.83783783783784
        ],
        [
            0.6323839662447258,
            0.6645636172450052,
            190.2
        ],
        [
            0.6323974503814664,
            0.7215881642512076,
            175.23809523809524
        ],
        [
            0.6327075702075703,
            0.715742902789726,
            178.1824817518248
        ],
        [
            0.6317554975773388,
            0.7333005356947633,
            170.97196261682242
        ],
        [
            0.6328446149630036,
            0.7232187097413537,
            177.03508771929825
        ]
    ]
}