{
    "rgb_colors": [
        [
            42.58156028368794,
            81.31914893617021,
            166.80141843971631
        ],
        [
            40.24,
            79.1,
            164.94
        ],
        [
            29.0,
            70.66666666666667,
            160.0
        ],
        [
            48.19672131147541,
            86.2327868852459,
            173.9606557377049
        ],
        [
            44.126696832579185,
            82.55203619909503,
            169.0497737556561
        ],
        [
            87.0,
            124.0,
            207.0
        ],
        [
            105.66666666666666,
            137.66666666666666,
            209.0
        ],
        [
            53.57142857142857,
            90.9047619047619,
            177.04761904761904
        ],
        [
            75.0,
            110.0,
            191.0
        ],
        [
            45.82846715328467,
            83.9014598540146,
            171.21532846715328
        ]
    ],
    "hex_colors": [
        "#2a51a6",
        "#284fa4",
        "#1d46a0",
        "#3056ad",
        "#2c52a9",
        "#577ccf",
        "#6989d1",
        "#355ab1",
        "#4b6ebf",
        "#2d53ab"
    ],
    "hsl_color_values": [
        [
            0.6146921686173755,
            0.7447170372890004,
            166.80141843971631
        ],
        [
            0.6147286821705427,
            0.756032496665454,
            164.94
        ],
        [
            0.6136556403731976,
            0.81875,
            160.0
        ],
        [
            0.6162599718442046,
            0.7229447020241999,
            173.9606557377049
        ],
        [
            0.615401332946972,
            0.7389721627408994,
            169.0497737556561
        ],
        [
            0.6152777777777777,
            0.5797101449275363,
            207.0
        ],
        [
            0.6150537634408603,
            0.49441786283891553,
            209.0
        ],
        [
            0.6162745854222909,
            0.6974179666487359,
            177.04761904761904
        ],
        [
            0.6163793103448275,
            0.6073298429319371,
            191.0
        ],
        [
            0.6160593006558776,
            0.7323343209771279,
            171.21532846715328
        ]
    ]
}