{
    "rgb_colors": [
        [
            123.125,
            195.82291666666666,
            73.05208333333333
        ],
        [
            121.88461538461539,
            194.33333333333334,
            71.61538461538461
        ],
        [
            125.17977528089888,
            198.87640449438203,
            76.07303370786516
        ],
        [
            132.25,
            206.25,
            83.25
        ],
        [
            127.0,
            200.77450980392157,
            78.18627450980392
        ],
        [
            125.125,
            196.75,
            75.41666666666667
        ],
        [
            123.8516129032258,
            196.8709677419355,
            74.06451612903226
        ],
        [
            126.05670103092784,
            199.78865979381445,
            77.11855670103093
        ],
        [
            124.49685534591195,
            198.0,
            75.0251572327044
        ],
        [
            128.2058823529412,
            202.11764705882354,
            79.3529411764706
        ]
    ],
    "hex_colors": [
        "#7bc349",
        "#79c247",
        "#7dc64c",
        "#84ce53",
        "#7fc84e",
        "#7dc44b",
        "#7bc44a",
        "#7ec74d",
        "#7cc64b",
        "#80ca4f"
    ],
    "hsl_color_values": [
        [
            0.26535720346173425,
            0.6269482419277621,
            195.82291666666666
        ],
        [
            0.2650612898732414,
            0.6314817258213485,
            194.33333333333334
        ],
        [
            0.2666864906903335,
            0.6174858757062147,
            198.87640449438203
        ],
        [
            0.2669376693766938,
            0.5963636363636363,
            206.25
        ],
        [
            0.26696790360418005,
            0.6105766883148591,
            200.77450980392157
        ],
        [
            0.26505265567765574,
            0.6166878441338416,
            196.75
        ],
        [
            0.26576481919271516,
            0.6237915779125021,
            196.8709677419355
        ],
        [
            0.26684315208560944,
            0.6139993291880596,
            199.78865979381445
        ],
        [
            0.26628479858163284,
            0.6210850644812909,
            198.0
        ],
        [
            0.267010062290369,
            0.6073923166472642,
            202.11764705882354
        ]
    ]
}