{
    "rgb_colors": [
        [
            84.62280701754386,
            96.62280701754386,
            135.62280701754386
        ],
        [
            92.32432432432432,
            104.32432432432432,
            143.32432432432432
        ],
        [
            89.0,
            101.0,
            140.0
        ],
        [
            88.0,
            100.0,
            139.0
        ],
        [
            94.37837837837839,
            106.37837837837839,
            145.3783783783784
        ],
        [
            82.39473684210526,
            94.39473684210526,
            133.39473684210526
        ],
        [
            86.0,
            98.0,
            137.0
        ],
        [
            91.0,
            103.0,
            142.0
        ],
        [
            87.0,
            99.0,
            138.0
        ],
        [
            90.0,
            102.0,
            141.0
        ]
    ],
    "hex_colors": [
        "#546087",
        "#5c688f",
        "#59658c",
        "#58648b",
        "#5e6a91",
        "#525e85",
        "#566289",
        "#5b678e",
        "#57638a",
        "#5a668d"
    ],
    "hsl_color_values": [
        [
            0.6274509803921569,
            0.37604294676929045,
            135.62280701754386
        ],
        [
            0.6274509803921569,
            0.3558363190646804,
            143.32432432432432
        ],
        [
            0.6274509803921569,
            0.36428571428571427,
            140.0
        ],
        [
            0.6274509803921569,
            0.3669064748201439,
            139.0
        ],
        [
            0.6274509803921569,
            0.350808700501952,
            145.3783783783784
        ],
        [
            0.6274509803921569,
            0.3823239297691853,
            133.39473684210526
        ],
        [
            0.6274509803921569,
            0.3722627737226277,
            137.0
        ],
        [
            0.6274509803921569,
            0.3591549295774648,
            142.0
        ],
        [
            0.6274509803921569,
            0.3695652173913043,
            138.0
        ],
        [
            0.6274509803921569,
            0.3617021276595745,
            141.0
        ]
    ]
}