{
    "rgb_colors": [
        [
            84.37647058823529,
            94.37647058823529,
            126.37647058823529
        ],
        [
            73.3,
            83.3,
            115.3
        ],
        [
            79.0,
            89.0,
            121.0
        ],
        [
            80.0,
            90.0,
            122.0
        ],
        [
            78.0,
            88.0,
            120.0
        ],
        [
            82.0,
            92.0,
            124.0
        ],
        [
            76.72033898305085,
            86.72033898305085,
            118.72033898305085
        ],
        [
            83.0,
            93.0,
            125.0
        ],
        [
            81.0,
            91.0,
            123.0
        ],
        [
            75.0,
            85.0,
            117.0
        ]
    ],
    "hex_colors": [
        "#545e7e",
        "#495373",
        "#4f5979",
        "#505a7a",
        "#4e5878",
        "#525c7c",
        "#4c5676",
        "#535d7d",
        "#515b7b",
        "#4b5575"
    ],
    "hsl_color_values": [
        [
            0.626984126984127,
            0.33234034630422643,
            126.37647058823529
        ],
        [
            0.626984126984127,
            0.3642671292281006,
            115.3
        ],
        [
            0.626984126984127,
            0.34710743801652894,
            121.0
        ],
        [
            0.626984126984127,
            0.3442622950819672,
            122.0
        ],
        [
            0.626984126984127,
            0.35,
            120.0
        ],
        [
            0.626984126984127,
            0.3387096774193548,
            124.0
        ],
        [
            0.626984126984127,
            0.35377257477336,
            118.72033898305085
        ],
        [
            0.626984126984127,
            0.336,
            125.0
        ],
        [
            0.626984126984127,
            0.34146341463414637,
            123.0
        ],
        [
            0.626984126984127,
            0.358974358974359,
            117.0
        ]
    ]
}