{
    "rgb_colors": [
        [
            27.165116279069768,
            64.0093023255814,
            143.83953488372094
        ],
        [
            26.023952095808383,
            62.880239520958085,
            142.8323353293413
        ],
        [
            29.384615384615383,
            66.20192307692308,
            145.96153846153845
        ],
        [
            24.857142857142858,
            61.857142857142854,
            140.14285714285714
        ],
        [
            19.5,
            58.0,
            137.5
        ],
        [
            79.0,
            114.0,
            186.0
        ],
        [
            85.0,
            120.0,
            190.0
        ],
        [
            28.115384615384617,
            64.97863247863248,
            144.84615384615384
        ],
        [
            12.0,
            53.0,
            132.0
        ],
        [
            26.818181818181817,
            63.753246753246756,
            141.6883116883117
        ]
    ],
    "hex_colors": [
        "#1b408f",
        "#1a3e8e",
        "#1d4291",
        "#183d8c",
        "#133a89",
        "#4f72ba",
        "#5578be",
        "#1c4090",
        "#0c3584",
        "#1a3f8d"
    ],
    "hsl_color_values": [
        [
            0.6140356122516777,
            0.8111429079562174,
            143.83953488372094
        ],
        [
            0.6140787067890159,
            0.8178006959292332,
            142.8323353293413
        ],
        [
            0.6140300230946881,
            0.7986824769433465,
            145.96153846153845
        ],
        [
            0.6131763733994218,
            0.8226299694189602,
            140.14285714285714
        ],
        [
            0.6122881355932203,
            0.8581818181818182,
            137.5
        ],
        [
            0.6121495327102804,
            0.5752688172043011,
            186.0
        ],
        [
            0.6111111111111112,
            0.5526315789473685,
            190.0
        ],
        [
            0.6140338031606566,
            0.805894848645778,
            144.84615384615384
        ],
        [
            0.6097222222222222,
            0.9090909090909091,
            132.0
        ],
        [
            0.6130770680233654,
            0.810724106324473,
            141.6883116883117
        ]
    ]
}