{
    "rgb_colors": [
        [
            34.702127659574465,
            70.25531914893617,
            151.1595744680851
        ],
        [
            40.361111111111114,
            77.09722222222223,
            158.90277777777777
        ],
        [
            33.65853658536585,
            68.71951219512195,
            149.73170731707316
        ],
        [
            34.78703703703704,
            71.72222222222223,
            153.58333333333334
        ],
        [
            36.978873239436616,
            71.9225352112676,
            152.82394366197184
        ],
        [
            36.177570093457945,
            73.03738317757009,
            154.84112149532712
        ],
        [
            37.3780487804878,
            74.08536585365853,
            155.78658536585365
        ],
        [
            43.0,
            79.76923076923077,
            161.3846153846154
        ],
        [
            38.527272727272724,
            75.39090909090909,
            157.3181818181818
        ],
        [
            32.0,
            67.13636363636364,
            147.95454545454547
        ]
    ],
    "hex_colors": [
        "#224697",
        "#284d9e",
        "#214495",
        "#224799",
        "#244798",
        "#24499a",
        "#254a9b",
        "#2b4fa1",
        "#264b9d",
        "#204393"
    ],
    "hsl_color_values": [
        [
            0.6157851466155111,
            0.7704271940319516,
            151.1595744680851
        ],
        [
            0.6150165983206405,
            0.7460012236692597,
            158.90277777777777
        ],
        [
            0.6163234573089585,
            0.7752076885486235,
            149.73170731707316
        ],
        [
            0.6148480124707717,
            0.7734973171761018,
            153.58333333333334
        ],
        [
            0.6163931104356637,
            0.7580295838901434,
            152.82394366197184
        ],
        [
            0.6148959071696726,
            0.7663568324480927,
            154.84112149532712
        ],
        [
            0.6149990559074446,
            0.7600688872362911,
            155.78658536585365
        ],
        [
            0.6149014511587612,
            0.7335557673975215,
            161.3846153846154
        ],
        [
            0.6149460472947119,
            0.7550996821727824,
            157.3181818181818
        ],
        [
            0.6161635959754345,
            0.7837173579109064,
            147.95454545454547
        ]
    ]
}