{
    "rgb_colors": [
        [
            70.44493392070484,
            80.44493392070484,
            112.44493392070484
        ],
        [
            65.3037037037037,
            75.3037037037037,
            107.3037037037037
        ],
        [
            69.0,
            79.0,
            111.0
        ],
        [
            62.54545454545455,
            72.54545454545455,
            104.54545454545455
        ],
        [
            67.56115107913669,
            77.56115107913669,
            109.56115107913669
        ],
        [
            78.47222222222223,
            88.47222222222223,
            120.47222222222223
        ],
        [
            72.97942386831275,
            82.97942386831275,
            114.97942386831275
        ],
        [
            83.5,
            93.5,
            125.5
        ],
        [
            89.5,
            99.5,
            131.5
        ],
        [
            75.86486486486487,
            85.86486486486487,
            117.86486486486487
        ]
    ],
    "hex_colors": [
        "#465070",
        "#414b6b",
        "#454f6f",
        "#3e4868",
        "#434d6d",
        "#4e5878",
        "#485272",
        "#535d7d",
        "#596383",
        "#4b5575"
    ],
    "hsl_color_values": [
        [
            0.626984126984127,
            0.37351616062683646,
            112.44493392070484
        ],
        [
            0.626984126984127,
            0.39141239817755075,
            107.3037037037037
        ],
        [
            0.626984126984127,
            0.3783783783783784,
            111.0
        ],
        [
            0.626984126984127,
            0.4017391304347826,
            104.54545454545455
        ],
        [
            0.626984126984127,
            0.38334756057521835,
            109.56115107913669
        ],
        [
            0.626984126984127,
            0.34862808392898315,
            120.47222222222223
        ],
        [
            0.626984126984127,
            0.3652827487473157,
            114.97942386831275
        ],
        [
            0.626984126984127,
            0.3346613545816733,
            125.5
        ],
        [
            0.626984126984127,
            0.3193916349809886,
            131.5
        ],
        [
            0.626984126984127,
            0.35634028892455855,
            117.86486486486487
        ]
    ]
}