{
    "rgb_colors": [
        [
            68.0,
            79.0,
            116.0
        ],
        [
            66.0,
            77.0,
            114.0
        ],
        [
            67.0,
            78.0,
            115.0
        ],
        [
            71.0,
            82.0,
            119.0
        ],
        [
            69.0,
            80.0,
            117.0
        ],
        [
            72.0,
            83.0,
            120.0
        ],
        [
            70.0,
            81.0,
            118.0
        ],
        [
            73.48780487804878,
            84.48780487804878,
            121.48780487804878
        ],
        [
            59.0,
            70.0,
            107.0
        ],
        [
            64.40566037735849,
            75.40566037735849,
            112.40566037735849
        ]
    ],
    "hex_colors": [
        "#444f74",
        "#424d72",
        "#434e73",
        "#475277",
        "#455075",
        "#485378",
        "#465176",
        "#495479",
        "#3b466b",
        "#404b70"
    ],
    "hsl_color_values": [
        [
            0.6284722222222222,
            0.41379310344827586,
            116.0
        ],
        [
            0.6284722222222222,
            0.42105263157894735,
            114.0
        ],
        [
            0.6284722222222222,
            0.41739130434782606,
            115.0
        ],
        [
            0.6284722222222222,
            0.40336134453781514,
            119.0
        ],
        [
            0.6284722222222222,
            0.41025641025641024,
            117.0
        ],
        [
            0.6284722222222222,
            0.4,
            120.0
        ],
        [
            0.6284722222222222,
            0.4067796610169492,
            118.0
        ],
        [
            0.6284722222222222,
            0.39510138526400324,
            121.48780487804878
        ],
        [
            0.6284722222222222,
            0.4485981308411215,
            107.0
        ],
        [
            0.6284722222222222,
            0.42702475870751155,
            112.40566037735849
        ]
    ]
}