{
    "rgb_colors": [
        [
            85.875,
            86.875,
            111.875
        ],
        [
            83.31515151515151,
            84.56969696969696,
            111.44242424242424
        ],
        [
            85.13392857142857,
            86.6875,
            113.51785714285714
        ],
        [
            83.3125,
            84.3125,
            109.3125
        ],
        [
            82.14583333333333,
            85.14583333333333,
            112.6875
        ],
        [
            79.58490566037736,
            81.28301886792453,
            107.87735849056604
        ],
        [
            78.0859375,
            79.8828125,
            106.75
        ],
        [
            75.95294117647059,
            77.58823529411765,
            104.15294117647059
        ],
        [
            87.01785714285714,
            89.01785714285714,
            116.125
        ],
        [
            80.93253968253968,
            82.67063492063492,
            109.66666666666667
        ]
    ],
    "hex_colors": [
        "#55566f",
        "#53546f",
        "#555671",
        "#53546d",
        "#525570",
        "#4f516b",
        "#4e4f6a",
        "#4b4d68",
        "#575974",
        "#50526d"
    ],
    "hsl_color_values": [
        [
            0.6602564102564102,
            0.2324022346368715,
            111.875
        ],
        [
            0.6592329239388063,
            0.25239286491189905,
            111.44242424242424
        ],
        [
            0.6575443011429171,
            0.2500393267264433,
            113.51785714285714
        ],
        [
            0.6602564102564102,
            0.23785020011435107,
            109.3125
        ],
        [
            0.6502955889040473,
            0.271029765206138,
            112.6875
        ],
        [
            0.6566633322218518,
            0.26226497595102755,
            107.87735849056604
        ],
        [
            0.6562187698737167,
            0.2685158079625293,
            106.75
        ],
        [
            0.6570018078153247,
            0.27075567604201967,
            104.15294117647059
        ],
        [
            0.6552147239263805,
            0.25065354451791483,
            116.125
        ],
        [
            0.6565851862081664,
            0.26201331596468375,
            109.66666666666667
        ]
    ]
}