{
    "rgb_colors": [
        [
            32.0,
            57.0,
            125.0
        ],
        [
            38.03225806451613,
            63.0,
            130.80645161290323
        ],
        [
            34.02985074626866,
            59.004975124378106,
            126.97014925373135
        ],
        [
            36.023648648648646,
            61.013513513513516,
            128.90202702702703
        ],
        [
            33.0,
            58.0,
            126.0
        ],
        [
            35.03284671532847,
            60.018248175182485,
            127.87956204379562
        ],
        [
            24.0,
            49.0,
            117.0
        ],
        [
            47.0,
            71.0,
            139.0
        ],
        [
            39.666666666666664,
            64.58333333333333,
            132.41666666666666
        ],
        [
            36.993506493506494,
            62.01298701298701,
            129.85714285714286
        ]
    ],
    "hex_colors": [
        "#20397d",
        "#263f82",
        "#223b7e",
        "#243d80",
        "#213a7e",
        "#233c7f",
        "#183175",
        "#2f478b",
        "#274084",
        "#243e81"
    ],
    "hsl_color_values": [
        [
            0.6218637992831542,
            0.744,
            125.0
        ],
        [
            0.6218127028280018,
            0.7092478421701603,
            130.80645161290323
        ],
        [
            0.621879628142676,
            0.7319854237686612,
            126.97014925373135
        ],
        [
            0.6218233182986567,
            0.7205346612501639,
            128.90202702702703
        ],
        [
            0.6218637992831542,
            0.7380952380952381,
            126.0
        ],
        [
            0.621816037735849,
            0.7260481178115814,
            127.87956204379562
        ],
        [
            0.6218637992831542,
            0.7948717948717948,
            117.0
        ],
        [
            0.6231884057971014,
            0.6618705035971223,
            139.0
        ],
        [
            0.6218927822701407,
            0.7004405286343612,
            132.41666666666666
        ],
        [
            0.6217630468731791,
            0.7151215121512152,
            129.85714285714286
        ]
    ]
}