{
    "rgb_colors": [
        [
            87.66666666666666,
            122.0,
            201.0
        ],
        [
            74.0,
            103.5,
            169.0
        ],
        [
            45.72,
            81.82,
            167.26
        ],
        [
            6.0,
            59.16666666666667,
            153.5
        ],
        [
            114.5,
            143.75,
            187.0
        ],
        [
            39.44265593561368,
            77.5814889336016,
            162.66800804828975
        ],
        [
            37.14124293785311,
            75.08474576271186,
            159.82485875706215
        ],
        [
            54.14285714285714,
            89.64285714285714,
            172.85714285714286
        ],
        [
            0.0,
            39.333333333333336,
            149.66666666666666
        ],
        [
            42.46641791044776,
            79.07089552238806,
            164.6902985074627
        ]
    ],
    "hex_colors": [
        "#577ac9",
        "#4a67a9",
        "#2d51a7",
        "#063b99",
        "#728fbb",
        "#274da2",
        "#254b9f",
        "#3659ac",
        "#002795",
        "#2a4fa4"
    ],
    "hsl_color_values": [
        [
            0.6161764705882353,
            0.5638474295190714,
            201.0
        ],
        [
            0.6149122807017543,
            0.5621301775147929,
            169.0
        ],
        [
            0.6171630738851407,
            0.7266531149109171,
            167.26
        ],
        [
            0.6065913370998116,
            0.9609120521172638,
            153.5
        ],
        [
            0.5994252873563218,
            0.3877005347593583,
            187.0
        ],
        [
            0.615082540045393,
            0.7575266556168517,
            162.66800804828975
        ],
        [
            0.6151201166628292,
            0.7676128530524232,
            159.82485875706215
        ],
        [
            0.6168271159245888,
            0.6867768595041323,
            172.85714285714286
        ],
        [
            0.6228656273199703,
            1.0,
            149.66666666666666
        ],
        [
            0.616752147189319,
            0.7421437795953508,
            164.6902985074627
        ]
    ]
}