{
    "rgb_colors": [
        [
            39.234042553191486,
            66.1063829787234,
            136.9787234042553
        ],
        [
            36.666666666666664,
            63.648809523809526,
            134.60714285714286
        ],
        [
            41.10747663551402,
            64.99532710280374,
            134.92523364485982
        ],
        [
            43.28846153846154,
            67.23076923076923,
            137.25
        ],
        [
            37.434782608695656,
            64.34782608695652,
            133.2608695652174
        ],
        [
            35.55555555555556,
            62.44444444444444,
            132.83333333333334
        ],
        [
            39.92972972972973,
            63.924324324324324,
            134.35675675675677
        ],
        [
            39.083333333333336,
            63.06944444444444,
            133.125
        ],
        [
            42.095238095238095,
            65.96825396825396,
            135.96825396825398
        ],
        [
            38.05042016806723,
            64.90756302521008,
            135.76470588235293
        ]
    ],
    "hex_colors": [
        "#274288",
        "#243f86",
        "#294086",
        "#2b4389",
        "#254085",
        "#233e84",
        "#273f86",
        "#273f85",
        "#2a4187",
        "#264087"
    ],
    "hsl_color_values": [
        [
            0.6208460310549992,
            0.7135756446101273,
            136.9787234042553
        ],
        [
            0.62075077995219,
            0.7276023702131423,
            134.60714285714286
        ],
        [
            0.6242300476498812,
            0.6953314400498719,
            134.92523364485982
        ],
        [
            0.6241983899577023,
            0.6846013731259633,
            137.25
        ],
        [
            0.6198578342407743,
            0.7190864600326264,
            133.2608695652174
        ],
        [
            0.6205977536645726,
            0.7323295692179005,
            132.83333333333334
        ],
        [
            0.624315454042399,
            0.7028081750885098,
            134.35675675675677
        ],
        [
            0.624156943829075,
            0.7064162754303599,
            133.125
        ],
        [
            0.6242813662495773,
            0.69040392248424,
            135.96825396825398
        ],
        [
            0.6208576998050682,
            0.7197326070809605,
            135.76470588235293
        ]
    ]
}