{
    "rgb_colors": [
        [
            3.75,
            51.5,
            146.0
        ],
        [
            35.92732558139535,
            73.93023255813954,
            157.19767441860466
        ],
        [
            85.0,
            113.0,
            177.0
        ],
        [
            101.66666666666666,
            129.33333333333331,
            188.33333333333334
        ],
        [
            33.86831275720164,
            70.98765432098766,
            154.679012345679
        ],
        [
            135.0,
            166.0,
            215.0
        ],
        [
            51.05882352941177,
            87.11764705882354,
            169.52941176470588
        ],
        [
            39.75449101796407,
            76.67664670658682,
            160.03592814371257
        ],
        [
            71.0,
            105.71428571428571,
            185.28571428571428
        ],
        [
            37.532188841201716,
            73.46781115879828,
            157.35622317596565
        ]
    ],
    "hex_colors": [
        "#033392",
        "#23499d",
        "#5571b1",
        "#6581bc",
        "#21469a",
        "#87a6d7",
        "#3357a9",
        "#274ca0",
        "#4769b9",
        "#25499d"
    ],
    "hsl_color_values": [
        [
            0.6107205623901582,
            0.9743150684931506,
            146.0
        ],
        [
            0.6144377591869022,
            0.771451290775945,
            157.19767441860466
        ],
        [
            0.6159420289855072,
            0.519774011299435,
            177.0
        ],
        [
            0.6134615384615385,
            0.4601769911504426,
            188.33333333333334
        ],
        [
            0.6154579827639064,
            0.7810413174767873,
            154.679012345679
        ],
        [
            0.6020833333333333,
            0.37209302325581395,
            215.0
        ],
        [
            0.6159384309831181,
            0.6988202637057599,
            169.52941176470588
        ],
        [
            0.6155058827433996,
            0.7515902117787921,
            160.03592814371257
        ],
        [
            0.6160416666666667,
            0.6168080185042405,
            185.28571428571428
        ],
        [
            0.616682784722471,
            0.7614826532838752,
            157.35622317596565
        ]
    ]
}