{
    "rgb_colors": [
        [
            82.0,
            91.0,
            129.0
        ],
        [
            84.0,
            93.0,
            131.0
        ],
        [
            89.36842105263158,
            98.36842105263158,
            136.3684210526316
        ],
        [
            81.0,
            90.0,
            128.0
        ],
        [
            86.0,
            95.0,
            133.0
        ],
        [
            87.0,
            96.0,
            134.0
        ],
        [
            85.0,
            94.0,
            132.0
        ],
        [
            83.0,
            92.0,
            130.0
        ],
        [
            88.0,
            97.0,
            135.0
        ],
        [
            80.0,
            89.0,
            127.0
        ]
    ],
    "hex_colors": [
        "#525b81",
        "#545d83",
        "#596288",
        "#515a80",
        "#565f85",
        "#576086",
        "#555e84",
        "#535c82",
        "#586187",
        "#50597f"
    ],
    "hsl_color_values": [
        [
            0.6347517730496454,
            0.3643410852713178,
            129.0
        ],
        [
            0.6347517730496454,
            0.35877862595419846,
            131.0
        ],
        [
            0.6347517730496454,
            0.3446545735237361,
            136.3684210526316
        ],
        [
            0.6347517730496454,
            0.3671875,
            128.0
        ],
        [
            0.6347517730496454,
            0.3533834586466165,
            133.0
        ],
        [
            0.6347517730496454,
            0.35074626865671643,
            134.0
        ],
        [
            0.6347517730496454,
            0.3560606060606061,
            132.0
        ],
        [
            0.6347517730496454,
            0.36153846153846153,
            130.0
        ],
        [
            0.6347517730496454,
            0.34814814814814815,
            135.0
        ],
        [
            0.6347517730496454,
            0.3700787401574803,
            127.0
        ]
    ]
}