{
    "rgb_colors": [
        [
            41.06976744186046,
            58.116279069767444,
            152.95348837209303
        ],
        [
            17.666666666666668,
            42.0,
            142.33333333333334
        ],
        [
            39.538860103626945,
            58.97409326424871,
            152.7098445595855
        ],
        [
            72.0,
            82.0,
            145.0
        ],
        [
            78.0,
            91.0,
            167.0
        ],
        [
            158.0,
            171.0,
            211.0
        ],
        [
            0.0,
            0.0,
            135.5
        ],
        [
            42.49044585987261,
            61.06687898089172,
            155.0796178343949
        ],
        [
            41.08874458874459,
            59.96969696969697,
            153.96969696969697
        ],
        [
            0.0,
            27.5,
            138.5
        ]
    ],
    "hex_colors": [
        "#293a98",
        "#112a8e",
        "#273a98",
        "#485291",
        "#4e5ba7",
        "#9eabd3",
        "#000087",
        "#2a3d9b",
        "#293b99",
        "#001b8a"
    ],
    "hsl_color_values": [
        [
            0.6412734705189496,
            0.7314885206020982,
            152.95348837209303
        ],
        [
            0.6341354723707665,
            0.8758782201405152,
            142.33333333333334
        ],
        [
            0.638044440374813,
            0.7410850609031995,
            152.7098445595855
        ],
        [
            0.6438356164383562,
            0.503448275862069,
            145.0
        ],
        [
            0.6423220973782772,
            0.5329341317365269,
            167.0
        ],
        [
            0.6257861635220126,
            0.25118483412322273,
            211.0
        ],
        [
            0.6666666666666666,
            1.0,
            135.5
        ],
        [
            0.6391678216841569,
            0.7260088304754082,
            155.0796178343949
        ],
        [
            0.6387892849609788,
            0.7331374588804228,
            153.96969696969697
        ],
        [
            0.6335740072202166,
            1.0,
            138.5
        ]
    ]
}