{
    "rgb_colors": [
        [
            87.0,
            98.0,
            135.0
        ],
        [
            85.0,
            96.0,
            133.0
        ],
        [
            83.0,
            94.0,
            131.0
        ],
        [
            81.6938775510204,
            92.6938775510204,
            129.69387755102042
        ],
        [
            84.0,
            95.0,
            132.0
        ],
        [
            89.0,
            100.0,
            137.0
        ],
        [
            90.33333333333333,
            101.33333333333333,
            138.33333333333334
        ],
        [
            86.0,
            97.0,
            134.0
        ],
        [
            88.0,
            99.0,
            136.0
        ],
        [
            92.11111111111111,
            103.11111111111111,
            140.11111111111111
        ]
    ],
    "hex_colors": [
        "#576287",
        "#556085",
        "#535e83",
        "#515c81",
        "#545f84",
        "#596489",
        "#5a658a",
        "#566186",
        "#586388",
        "#5c678c"
    ],
    "hsl_color_values": [
        [
            0.6284722222222222,
            0.35555555555555557,
            135.0
        ],
        [
            0.6284722222222222,
            0.3609022556390977,
            133.0
        ],
        [
            0.6284722222222222,
            0.366412213740458,
            131.0
        ],
        [
            0.6284722222222222,
            0.37010228166797804,
            129.69387755102042
        ],
        [
            0.6284722222222222,
            0.36363636363636365,
            132.0
        ],
        [
            0.6284722222222222,
            0.35036496350364965,
            137.0
        ],
        [
            0.6284722222222222,
            0.34698795180722897,
            138.33333333333334
        ],
        [
            0.6284722222222222,
            0.3582089552238806,
            134.0
        ],
        [
            0.6284722222222222,
            0.35294117647058826,
            136.0
        ],
        [
            0.6284722222222222,
            0.34258524980174465,
            140.11111111111111
        ]
    ]
}