{
    "rgb_colors": [
        [
            25.0,
            49.0,
            139.0
        ],
        [
            23.135135135135137,
            48.0,
            138.0
        ],
        [
            24.0,
            49.0,
            138.9641434262948
        ],
        [
            26.0,
            50.0,
            140.0
        ],
        [
            25.0,
            50.0,
            139.0
        ],
        [
            22.0,
            47.0,
            137.0
        ],
        [
            25.0,
            50.0,
            140.0
        ],
        [
            26.027173913043477,
            51.0,
            141.0
        ],
        [
            26.0,
            51.0,
            140.0
        ],
        [
            27.09090909090909,
            52.09090909090909,
            142.0
        ]
    ],
    "hex_colors": [
        "#19318b",
        "#17308a",
        "#18318a",
        "#1a328c",
        "#19328b",
        "#162f89",
        "#19328c",
        "#1a338d",
        "#1a338c",
        "#1b348e"
    ],
    "hsl_color_values": [
        [
            0.6315789473684211,
            0.8201438848920863,
            139.0
        ],
        [
            0.6305882352941176,
            0.8323540932236585,
            138.0
        ],
        [
            0.6304234821181037,
            0.8272935779816514,
            138.9641434262948
        ],
        [
            0.6315789473684211,
            0.8142857142857143,
            140.0
        ],
        [
            0.6301169590643275,
            0.8201438848920863,
            139.0
        ],
        [
            0.6304347826086957,
            0.8394160583941606,
            137.0
        ],
        [
            0.6304347826086957,
            0.8214285714285714,
            140.0
        ],
        [
            0.6304656109666745,
            0.8154101140918902,
            141.0
        ],
        [
            0.6301169590643275,
            0.8142857142857143,
            140.0
        ],
        [
            0.6304061181434598,
            0.8092189500640204,
            142.0
        ]
    ]
}