{
    "rgb_colors": [
        [
            89.0,
            97.0,
            125.0
        ],
        [
            86.68181818181819,
            94.68181818181819,
            122.68181818181819
        ],
        [
            92.0,
            100.0,
            128.0
        ],
        [
            96.42857142857143,
            104.42857142857143,
            132.42857142857142
        ],
        [
            98.46666666666667,
            106.46666666666667,
            134.46666666666667
        ],
        [
            93.0,
            101.0,
            129.0
        ],
        [
            90.0,
            98.0,
            126.0
        ],
        [
            91.0,
            99.0,
            127.0
        ],
        [
            88.0,
            96.0,
            124.0
        ],
        [
            94.40957446808511,
            102.40957446808511,
            130.4095744680851
        ]
    ],
    "hex_colors": [
        "#59617d",
        "#565e7a",
        "#5c6480",
        "#606884",
        "#626a86",
        "#5d6581",
        "#5a627e",
        "#5b637f",
        "#58607c",
        "#5e6682"
    ],
    "hsl_color_values": [
        [
            0.6296296296296297,
            0.288,
            125.0
        ],
        [
            0.6296296296296297,
            0.293442015561319,
            122.68181818181819
        ],
        [
            0.6296296296296297,
            0.28125,
            128.0
        ],
        [
            0.6296296296296297,
            0.2718446601941747,
            132.42857142857142
        ],
        [
            0.6296296296296297,
            0.2677243430837878,
            134.46666666666667
        ],
        [
            0.6296296296296297,
            0.27906976744186046,
            129.0
        ],
        [
            0.6296296296296297,
            0.2857142857142857,
            126.0
        ],
        [
            0.6296296296296297,
            0.28346456692913385,
            127.0
        ],
        [
            0.6296296296296297,
            0.2903225806451613,
            124.0
        ],
        [
            0.6296296296296297,
            0.27605335073622383,
            130.4095744680851
        ]
    ]
}