{
    "rgb_colors": [
        [
            154.3972602739726,
            158.91780821917808,
            175.16438356164383
        ],
        [
            131.09722222222223,
            136.51388888888889,
            156.43055555555554
        ],
        [
            142.87412587412587,
            148.03496503496504,
            166.23076923076923
        ],
        [
            140.15942028985506,
            145.17391304347825,
            163.8840579710145
        ],
        [
            150.5,
            155.06451612903226,
            171.49193548387098
        ],
        [
            127.17073170731707,
            132.7560975609756,
            152.5121951219512
        ],
        [
            146.48591549295776,
            151.33802816901408,
            168.71830985915494
        ],
        [
            134.1328125,
            139.421875,
            159.390625
        ],
        [
            137.27131782945736,
            142.46511627906978,
            162.1860465116279
        ],
        [
            159.11764705882354,
            163.55882352941177,
            178.76470588235293
        ]
    ],
    "hex_colors": [
        "#9a9eaf",
        "#83889c",
        "#8e94a6",
        "#8c91a3",
        "#969bab",
        "#7f8498",
        "#9297a8",
        "#868b9f",
        "#898ea2",
        "#9fa3b2"
    ],
    "hsl_color_values": [
        [
            0.6303869832893579,
            0.11855791037772742,
            175.16438356164383
        ],
        [
            0.631030701754386,
            0.16194619550741354,
            156.43055555555554
        ],
        [
            0.6298403193612773,
            0.14050734087753988,
            166.23076923076923
        ],
        [
            0.6314396253308899,
            0.14476476830562443,
            163.8840579710145
        ],
        [
            0.6304264310411064,
            0.12240771220315075,
            171.49193548387098
        ],
        [
            0.6299326275264678,
            0.16616024308331995,
            152.5121951219512
        ],
        [
            0.6302924717558865,
            0.1317722681359045,
            168.71830985915494
        ],
        [
            0.6317661614599444,
            0.15846485638662877,
            159.390625
        ],
        [
            0.631922837585563,
            0.1536182009368129,
            162.1860465116279
        ],
        [
            0.6289920159680639,
            0.10990457387298443,
            178.76470588235293
        ]
    ]
}