{
    "rgb_colors": [
        [
            100.77272727272727,
            107.5909090909091,
            133.1909090909091
        ],
        [
            85.78571428571429,
            92.64285714285714,
            119.07142857142857
        ],
        [
            96.8,
            103.6470588235294,
            129.36470588235295
        ],
        [
            87.98717948717949,
            94.91025641025641,
            121.16666666666667
        ],
        [
            98.77981651376147,
            105.65137614678899,
            131.71559633027522
        ],
        [
            94.54705882352941,
            101.47647058823529,
            127.58235294117647
        ],
        [
            103.53061224489795,
            110.24489795918367,
            135.81632653061223
        ],
        [
            90.03539823008849,
            96.96460176991151,
            123.11504424778761
        ],
        [
            107.27777777777777,
            113.5,
            138.05555555555554
        ],
        [
            92.2279792746114,
            99.16580310880829,
            125.53367875647669
        ]
    ],
    "hex_colors": [
        "#646b85",
        "#555c77",
        "#606781",
        "#575e79",
        "#626983",
        "#5e657f",
        "#676e87",
        "#5a607b",
        "#6b718a",
        "#5c637d"
    ],
    "hsl_color_values": [
        [
            0.6316133856795663,
            0.24339635519759747,
            133.1909090909091
        ],
        [
            0.6323319027181689,
            0.2795440911817636,
            119.07142857142857
        ],
        [
            0.6316233140655106,
            0.25172790105492915,
            129.36470588235295
        ],
        [
            0.6318907779495105,
            0.27383345677706067,
            121.16666666666667
        ],
        [
            0.6318941504178274,
            0.2500522393257643,
            131.71559633027522
        ],
        [
            0.631707027540361,
            0.2589330997279727,
            127.58235294117647
        ],
        [
            0.6320058997050148,
            0.23771600300525916,
            135.81632653061223
        ],
        [
            0.6317549491706794,
            0.2686889016676251,
            123.11504424778761
        ],
        [
            0.6329723225030084,
            0.22293762575452714,
            138.05555555555554
        ],
        [
            0.6319487658162207,
            0.26531286115238567,
            125.53367875647669
        ]
    ]
}