{
    "rgb_colors": [
        [
            121.58297872340425,
            189.2,
            116.47234042553191
        ],
        [
            123.328,
            191.176,
            117.464
        ],
        [
            134.83870967741936,
            202.80645161290323,
            134.90322580645162
        ],
        [
            126.23157894736842,
            193.43157894736842,
            122.48421052631579
        ],
        [
            119.59649122807018,
            187.30701754385964,
            114.26315789473685
        ],
        [
            131.8695652173913,
            199.54347826086956,
            131.3913043478261
        ],
        [
            130.07407407407408,
            197.14814814814815,
            128.2037037037037
        ],
        [
            129.0,
            198.86206896551724,
            128.6551724137931
        ],
        [
            127.63333333333334,
            195.38333333333333,
            125.16666666666667
        ],
        [
            124.05531914893616,
            191.1659574468085,
            119.86808510638298
        ]
    ],
    "hex_colors": [
        "#79bd74",
        "#7bbf75",
        "#86ca86",
        "#7ec17a",
        "#77bb72",
        "#83c783",
        "#82c580",
        "#81c680",
        "#7fc37d",
        "#7cbf77"
    ],
    "hsl_color_values": [
        [
            0.32162151619760887,
            0.3843956637128334,
            189.2
        ],
        [
            0.3200745242746545,
            0.3855714106373185,
            191.176
        ],
        [
            0.3334915361493434,
            0.335135994910132,
            202.80645161290323
        ],
        [
            0.32453016815034624,
            0.36678276012189814,
            193.43157894736842
        ],
        [
            0.32116408470437535,
            0.38996862267597054,
            187.30701754385964
        ],
        [
            0.3321637426900585,
            0.3415404728183898,
            199.54347826086956
        ],
        [
            0.32881189005282474,
            0.34970881082096567,
            197.14814814814815
        ],
        [
            0.33251473477406684,
            0.3530431766949887,
            198.86206896551724
        ],
        [
            0.3274784397499802,
            0.3593789985498592,
            195.38333333333333
        ],
        [
            0.3235452103849597,
            0.3729632267830113,
            191.1659574468085
        ]
    ]
}