{
    "rgb_colors": [
        [
            25.142857142857142,
            58.19327731092437,
            134.9747899159664
        ],
        [
            21.943396226415093,
            55.0,
            133.1320754716981
        ],
        [
            25.03125,
            58.052083333333336,
            136.80208333333334
        ],
        [
            24.06741573033708,
            57.0,
            136.0
        ],
        [
            27.0,
            59.87096774193549,
            138.0
        ],
        [
            22.913978494623656,
            56.064516129032256,
            132.91397849462365
        ],
        [
            20.467741935483872,
            54.145161290322584,
            131.90322580645162
        ],
        [
            20.53846153846154,
            56.46153846153846,
            132.48076923076923
        ],
        [
            23.019607843137255,
            56.0,
            134.8562091503268
        ],
        [
            23.96268656716418,
            57.05223880597015,
            134.17910447761193
        ]
    ],
    "hex_colors": [
        "#193a86",
        "#153785",
        "#193a88",
        "#183988",
        "#1b3b8a",
        "#163884",
        "#143683",
        "#143884",
        "#173886",
        "#173986"
    ],
    "hsl_color_values": [
        [
            0.6165136444784493,
            0.8137218279168223,
            134.9747899159664
        ],
        [
            0.6171163527348832,
            0.8351757369614513,
            133.1320754716981
        ],
        [
            0.6174277726001863,
            0.8170258128378893,
            136.80208333333334
        ],
        [
            0.6176303285819448,
            0.8230337078651686,
            136.0
        ],
        [
            0.6173108592463431,
            0.8043478260869565,
            138.0
        ],
        [
            0.6164385793418051,
            0.8276029447455708,
            132.91397849462365
        ],
        [
            0.6162975828629325,
            0.8448275862068966,
            131.90322580645162
        ],
        [
            0.6131821565595832,
            0.8449702424154448,
            132.48076923076923
        ],
        [
            0.6175169968636159,
            0.8293025735472302,
            134.8562091503268
        ],
        [
            0.6166294265014557,
            0.821412680756396,
            134.17910447761193
        ]
    ]
}