{
    "rgb_colors": [
        [
            32.050632911392405,
            61.95569620253165,
            125.99367088607595
        ],
        [
            34.0,
            64.0,
            127.96666666666667
        ],
        [
            35.86363636363637,
            64.125,
            128.92045454545453
        ],
        [
            30.942857142857143,
            60.785714285714285,
            124.88571428571429
        ],
        [
            33.96190476190476,
            60.97142857142857,
            128.9047619047619
        ],
        [
            49.0,
            78.0,
            143.0
        ],
        [
            39.0,
            68.66666666666667,
            132.66666666666666
        ],
        [
            33.86915887850467,
            61.953271028037385,
            127.08411214953271
        ],
        [
            34.91079812206573,
            63.056338028169016,
            127.92018779342723
        ],
        [
            33.07936507936508,
            63.01058201058201,
            126.994708994709
        ]
    ],
    "hex_colors": [
        "#203d7d",
        "#22407f",
        "#234080",
        "#1e3c7c",
        "#213c80",
        "#314e8f",
        "#274484",
        "#213d7f",
        "#223f7f",
        "#213f7e"
    ],
    "hsl_color_values": [
        [
            0.6136113543982574,
            0.7456171196061686,
            125.99367088607595
        ],
        [
            0.6134563083835877,
            0.7343058088043761,
            127.96666666666667
        ],
        [
            0.6160499857532463,
            0.721815777875716,
            128.92045454545453
        ],
        [
            0.613721613949716,
            0.7522306108442005,
            124.88571428571429
        ],
        [
            0.6192530176881667,
            0.7365349094939047,
            128.9047619047619
        ],
        [
            0.6152482269503546,
            0.6573426573426573,
            143.0
        ],
        [
            0.6138790035587188,
            0.7060301507537688,
            132.66666666666666
        ],
        [
            0.6164527772207741,
            0.733490219149875,
            127.08411214953271
        ],
        [
            0.616231723116787,
            0.7270892208316512,
            127.92018779342723
        ],
        [
            0.6135492957746479,
            0.7395217065244564,
            126.994708994709
        ]
    ]
}