{
    "rgb_colors": [
        [
            33.5,
            74.0,
            178.5
        ],
        [
            139.0,
            170.0,
            219.0
        ],
        [
            59.86196319018405,
            94.34355828220859,
            185.83435582822085
        ],
        [
            97.66666666666666,
            132.0,
            216.0
        ],
        [
            61.486666666666665,
            95.93333333333334,
            187.43333333333334
        ],
        [
            66.17857142857143,
            100.85714285714286,
            192.35714285714286
        ],
        [
            78.75,
            111.875,
            198.625
        ],
        [
            58.06640625,
            92.56640625,
            183.91796875
        ],
        [
            63.14503816793893,
            97.54961832061069,
            189.18320610687022
        ],
        [
            55.88235294117647,
            90.32773109243698,
            181.84873949579833
        ]
    ],
    "hex_colors": [
        "#214ab2",
        "#8baadb",
        "#3b5eb9",
        "#6184d8",
        "#3d5fbb",
        "#4264c0",
        "#4e6fc6",
        "#3a5cb7",
        "#3f61bd",
        "#375ab5"
    ],
    "hsl_color_values": [
        [
            0.6201149425287357,
            0.8123249299719888,
            178.5
        ],
        [
            0.6020833333333333,
            0.365296803652968,
            219.0
        ],
        [
            0.6210460954050697,
            0.6778746162226404,
            185.83435582822085
        ],
        [
            0.6183098591549295,
            0.5478395061728395,
            216.0
        ],
        [
            0.6210829980944315,
            0.671954472701405,
            187.43333333333334
        ],
        [
            0.6208604585338239,
            0.655959896026736,
            192.35714285714286
        ],
        [
            0.6206117483489746,
            0.6035242290748899,
            198.625
        ],
        [
            0.6209779212448527,
            0.6842809506615976,
            183.91796875
        ],
        [
            0.6211717440897987,
            0.6662228140257435,
            189.18320610687022
        ],
        [
            0.6210918390037804,
            0.6926987060998152,
            181.84873949579833
        ]
    ]
}