{
    "rgb_colors": [
        [
            129.81182795698925,
            207.11827956989248,
            78.28494623655914
        ],
        [
            134.4181818181818,
            213.78181818181818,
            83.49090909090908
        ],
        [
            128.90506329113924,
            206.06962025316454,
            77.22151898734177
        ],
        [
            131.9468085106383,
            209.9468085106383,
            80.92553191489361
        ],
        [
            127.04761904761905,
            203.83333333333334,
            75.08730158730158
        ],
        [
            124.65625,
            199.78125,
            71.875
        ],
        [
            138.6829268292683,
            218.390243902439,
            86.92682926829268
        ],
        [
            126.14666666666666,
            202.16,
            73.69333333333333
        ],
        [
            130.69421487603304,
            208.30578512396696,
            79.3801652892562
        ],
        [
            127.95588235294117,
            204.96323529411765,
            76.15441176470588
        ]
    ],
    "hex_colors": [
        "#81cf4e",
        "#86d553",
        "#80ce4d",
        "#83d150",
        "#7fcb4b",
        "#7cc747",
        "#8ada56",
        "#7eca49",
        "#82d04f",
        "#7fcc4c"
    ],
    "hsl_color_values": [
        [
            0.2666750128670589,
            0.6220278268092618,
            207.11827956989248
        ],
        [
            0.26818773839426924,
            0.6094573907127063,
            213.78181818181818
        ],
        [
            0.2664800078593182,
            0.625264903713259,
            206.06962025316454
        ],
        [
            0.2674252418645558,
            0.6145426906511274,
            209.9468085106383
        ],
        [
            0.2660687132700448,
            0.6316240314604992,
            203.83333333333334
        ],
        [
            0.26455737437902105,
            0.6402315032066322,
            199.78125
        ],
        [
            0.2677179962894249,
            0.6019656019656019,
            218.390243902439
        ],
        [
            0.26528282304099643,
            0.635470254583828,
            202.16
        ],
        [
            0.2669978632478633,
            0.6189248165046617,
            208.30578512396696
        ],
        [
            0.26630703657190696,
            0.6284484304932736,
            204.96323529411765
        ]
    ]
}