{
    "rgb_colors": [
        [
            57.6,
            79.38333333333334,
            152.26666666666668
        ],
        [
            50.375,
            71.3125,
            143.75
        ],
        [
            53.84,
            75.84,
            149.16
        ],
        [
            56.15,
            77.67777777777778,
            150.58333333333334
        ],
        [
            54.90654205607477,
            76.89719626168224,
            150.11214953271028
        ],
        [
            53.08943089430894,
            74.21951219512195,
            146.70731707317074
        ],
        [
            52.791044776119406,
            73.74626865671642,
            144.62686567164178
        ],
        [
            55.072463768115945,
            76.14492753623189,
            148.8840579710145
        ],
        [
            53.80434782608695,
            75.03804347826087,
            147.92391304347825
        ],
        [
            51.67567567567568,
            72.82432432432432,
            145.77027027027026
        ]
    ],
    "hex_colors": [
        "#394f98",
        "#32478f",
        "#354b95",
        "#384d96",
        "#364c96",
        "#354a92",
        "#344990",
        "#374c94",
        "#354b93",
        "#334891"
    ],
    "hsl_color_values": [
        [
            0.6283157276995305,
            0.6217162872154116,
            152.26666666666668
        ],
        [
            0.6292949576082106,
            0.6495652173913044,
            143.75
        ],
        [
            0.6281997482165337,
            0.6390453204612496,
            149.16
        ],
        [
            0.6286720006275249,
            0.6271167681239623,
            150.58333333333334
        ],
        [
            0.6281698897287393,
            0.6342298592952309,
            150.11214953271028
        ],
        [
            0.6290490664350847,
            0.6381269049598227,
            146.70731707317074
        ],
        [
            0.6286364375101576,
            0.634984520123839,
            144.62686567164178
        ],
        [
            0.629229105515217,
            0.6300983159739122,
            148.8840579710145
        ],
        [
            0.6290660969319012,
            0.6362701153648321,
            147.92391304347825
        ],
        [
            0.629206759538513,
            0.6454992120144618,
            145.77027027027026
        ]
    ]
}