{
    "rgb_colors": [
        [
            117.66666666666666,
            145.66666666666666,
            196.0
        ],
        [
            0.0,
            0.0,
            107.0
        ],
        [
            26.719160104986877,
            63.75853018372703,
            140.997375328084
        ],
        [
            92.33333333333333,
            118.66666666666666,
            173.33333333333334
        ],
        [
            24.26950354609929,
            61.61702127659574,
            138.17730496453902
        ],
        [
            39.15384615384615,
            74.07692307692308,
            150.23076923076923
        ],
        [
            28.619335347432024,
            65.57099697885197,
            143.0453172205438
        ],
        [
            60.800000000000004,
            93.0,
            164.8
        ],
        [
            30.971223021582734,
            67.77697841726619,
            145.19424460431654
        ],
        [
            2.5,
            43.66666666666667,
            128.0
        ]
    ],
    "hex_colors": [
        "#7591c4",
        "#00006b",
        "#1a3f8c",
        "#5c76ad",
        "#183d8a",
        "#274a96",
        "#1c418f",
        "#3c5da4",
        "#1e4391",
        "#022b80"
    ],
    "hsl_color_values": [
        [
            0.6070921985815603,
            0.3996598639455783,
            196.0
        ],
        [
            0.6666666666666666,
            1.0,
            107.0
        ],
        [
            0.6126473740621651,
            0.8104988830975428,
            140.997375328084
        ],
        [
            0.612482853223594,
            0.46730769230769237,
            173.33333333333334
        ],
        [
            0.6120208372247472,
            0.8243596981984295,
            138.17730496453902
        ],
        [
            0.6142659279778394,
            0.7393753200204812,
            150.23076923076923
        ],
        [
            0.6128448844884488,
            0.7999281912646785,
            143.0453172205438
        ],
        [
            0.6150641025641025,
            0.6310679611650485,
            164.8
        ],
        [
            0.6129621465012282,
            0.7866911108908928,
            145.19424460431654
        ],
        [
            0.6119964586100045,
            0.98046875,
            128.0
        ]
    ]
}