{
    "rgb_colors": [
        [
            228.12820512820514,
            225.25213675213678,
            108.6068376068376
        ],
        [
            43.68571428571429,
            68.68571428571428,
            120.31428571428572
        ],
        [
            161.4,
            171.3,
            127.3
        ],
        [
            113.9,
            129.1,
            111.5
        ],
        [
            65.33333333333334,
            91.66666666666667,
            103.5
        ],
        [
            13.333333333333343,
            58.88888888888889,
            105.83333333333334
        ],
        [
            247.1891891891892,
            246.64864864864865,
            141.24324324324326
        ],
        [
            46.653543307086615,
            74.20472440944883,
            139.4724409448819
        ],
        [
            204.72727272727275,
            211.27272727272728,
            141.45454545454547
        ],
        [
            49.49626865671642,
            79.98134328358209,
            153.72014925373134
        ]
    ],
    "hex_colors": [
        "#e4e16c",
        "#2b4478",
        "#a1ab7f",
        "#71816f",
        "#415b67",
        "#0d3a69",
        "#f7f68d",
        "#2e4a8b",
        "#ccd38d",
        "#314f99"
    ],
    "hsl_color_values": [
        [
            0.1626561308161709,
            0.5239219212468623,
            228.12820512820514
        ],
        [
            0.6122918220233656,
            0.636903348373308,
            120.31428571428572
        ],
        [
            0.2041666666666667,
            0.25685931115002925,
            171.3
        ],
        [
            0.31060606060606055,
            0.13632842757552283,
            129.1
        ],
        [
            0.5516739446870451,
            0.36876006441223824,
            103.5
        ],
        [
            0.5845845845845846,
            0.874015748031496,
            105.83333333333334
        ],
        [
            0.16581632653061223,
            0.4286026678329324,
            247.1891891891892
        ],
        [
            0.6171954530030539,
            0.6654999153164343,
            139.4724409448819
        ],
        [
            0.18229166666666666,
            0.33046471600688465,
            211.27272727272728
        ],
        [
            0.6179173230225786,
            0.6780105347476758,
            153.72014925373134
        ]
    ]
}