{
    "rgb_colors": [
        [
            67.0,
            72.0,
            95.0
        ],
        [
            69.7766990291262,
            74.7766990291262,
            97.7766990291262
        ],
        [
            63.0,
            68.0,
            91.0
        ],
        [
            72.83720930232558,
            77.83720930232558,
            100.83720930232558
        ],
        [
            66.0,
            71.0,
            94.0
        ],
        [
            64.0,
            69.0,
            92.0
        ],
        [
            68.0,
            73.0,
            96.0
        ],
        [
            65.0,
            70.0,
            93.0
        ],
        [
            59.34285714285714,
            64.34285714285714,
            87.34285714285714
        ],
        [
            61.640776699029125,
            66.64077669902913,
            89.64077669902913
        ]
    ],
    "hex_colors": [
        "#43485f",
        "#454a61",
        "#3f445b",
        "#484d64",
        "#42475e",
        "#40455c",
        "#444960",
        "#41465d",
        "#3b4057",
        "#3d4259"
    ],
    "hsl_color_values": [
        [
            0.6369047619047619,
            0.29473684210526313,
            95.0
        ],
        [
            0.6369047619047619,
            0.28636679575017376,
            97.7766990291262
        ],
        [
            0.6369047619047619,
            0.3076923076923077,
            91.0
        ],
        [
            0.6369047619047619,
            0.27767527675276754,
            100.83720930232558
        ],
        [
            0.6369047619047619,
            0.2978723404255319,
            94.0
        ],
        [
            0.6369047619047619,
            0.30434782608695654,
            92.0
        ],
        [
            0.6369047619047619,
            0.2916666666666667,
            96.0
        ],
        [
            0.6369047619047619,
            0.3010752688172043,
            93.0
        ],
        [
            0.6369047619047619,
            0.32057572783774946,
            87.34285714285714
        ],
        [
            0.6369047619047619,
            0.31235784685367707,
            89.64077669902913
        ]
    ]
}