{
    "rgb_colors": [
        [
            117.8080808080808,
            200.54040404040404,
            83.55050505050505
        ],
        [
            116.35714285714286,
            198.62244897959184,
            83.14285714285714
        ],
        [
            115.45283018867924,
            197.4433962264151,
            81.98113207547169
        ],
        [
            116.62758620689655,
            199.55172413793105,
            81.62758620689655
        ],
        [
            120.38095238095238,
            203.1904761904762,
            85.92857142857143
        ],
        [
            132.5,
            212.5,
            102.0
        ],
        [
            119.02150537634408,
            201.89247311827958,
            84.17204301075269
        ],
        [
            113.55639097744361,
            194.93984962406014,
            79.9172932330827
        ],
        [
            114.67142857142858,
            196.57857142857142,
            80.85714285714286
        ],
        [
            111.12,
            192.24,
            77.32
        ]
    ],
    "hex_colors": [
        "#75c853",
        "#74c653",
        "#73c551",
        "#74c751",
        "#78cb55",
        "#84d466",
        "#77c954",
        "#71c24f",
        "#72c450",
        "#6fc04d"
    ],
    "hsl_color_values": [
        [
            0.28452915443504284,
            0.5833732087541239,
            200.54040404040404
        ],
        [
            0.28539660098377073,
            0.5814025173388133,
            198.62244897959184
        ],
        [
            0.2850178391480786,
            0.5847866596588466,
            197.4433962264151
        ],
        [
            0.28386650291440046,
            0.5909452220494211,
            199.55172413793105
        ],
        [
            0.2843654822335025,
            0.5771033513006797,
            203.1904761904762
        ],
        [
            0.2873303167420815,
            0.52,
            212.5
        ],
        [
            0.283994032395567,
            0.5830847890924585,
            201.89247311827958
        ],
        [
            0.28459057828910095,
            0.590041269718826,
            194.93984962406014
        ],
        [
            0.28463263584552395,
            0.5886777370008357,
            196.57857142857142
        ],
        [
            0.2843137254901961,
            0.5977944236371203,
            192.24
        ]
    ]
}