{
    "rgb_colors": [
        [
            16.997214484679667,
            53.0,
            129.01392757660167
        ],
        [
            16.066666666666666,
            52.0,
            127.96666666666667
        ],
        [
            18.026022304832715,
            53.985130111524164,
            129.8996282527881
        ],
        [
            14.333333333333334,
            50.0,
            124.0
        ],
        [
            19.12121212121212,
            55.015151515151516,
            130.92424242424244
        ],
        [
            17.071428571428573,
            53.07142857142857,
            128.0
        ],
        [
            17.0,
            53.0,
            126.89473684210526
        ],
        [
            18.393939393939394,
            52.878787878787875,
            129.1818181818182
        ],
        [
            15.885714285714286,
            51.77142857142857,
            125.74285714285715
        ],
        [
            15.21875,
            51.0,
            126.90625
        ]
    ],
    "hex_colors": [
        "#103581",
        "#10347f",
        "#123581",
        "#0e327c",
        "#133782",
        "#113580",
        "#11357e",
        "#123481",
        "#0f337d",
        "#0f337e"
    ],
    "hsl_color_values": [
        [
            0.6130990865536049,
            0.8682528715778565,
            129.01392757660167
        ],
        [
            0.6131466587230663,
            0.8744464704350091,
            127.96666666666667
        ],
        [
            0.6130956336811324,
            0.8612311478693874,
            129.8996282527881
        ],
        [
            0.6124620060790273,
            0.8844086021505376,
            124.0
        ],
        [
            0.6131589646293536,
            0.853952088878602,
            130.92424242424244
        ],
        [
            0.6125778063962223,
            0.8666294642857143,
            128.0
        ],
        [
            0.6120689655172414,
            0.8660306926586478,
            126.89473684210526
        ],
        [
            0.6147884755652808,
            0.8576120103213699,
            129.1818181818182
        ],
        [
            0.61222366710013,
            0.8736650761190639,
            125.74285714285715
        ],
        [
            0.6132717776534228,
            0.8800787983255356,
            126.90625
        ]
    ]
}