{
    "rgb_colors": [
        [
            64.48167539267016,
            89.1151832460733,
            200.12041884816753
        ],
        [
            58.652542372881356,
            83.55084745762711,
            193.5762711864407
        ],
        [
            120.25,
            142.0,
            231.0
        ],
        [
            62.625454545454545,
            87.40727272727273,
            197.68363636363637
        ],
        [
            66.47368421052632,
            90.98947368421052,
            202.09473684210525
        ],
        [
            60.54504504504504,
            85.44594594594595,
            195.38738738738738
        ],
        [
            37.0,
            62.0,
            172.0
        ],
        [
            81.55555555555556,
            103.88888888888889,
            212.44444444444446
        ],
        [
            68.66666666666667,
            93.2156862745098,
            204.50980392156862
        ],
        [
            56.48275862068966,
            81.3103448275862,
            191.48275862068965
        ]
    ],
    "hex_colors": [
        "#4059c8",
        "#3a53c1",
        "#788ee7",
        "#3e57c5",
        "#425aca",
        "#3c55c3",
        "#253eac",
        "#5167d4",
        "#445dcc",
        "#3851bf"
    ],
    "hsl_color_values": [
        [
            0.6363981420722843,
            0.6777856264552756,
            200.12041884816753
        ],
        [
            0.6359106421288446,
            0.6970055161544524,
            193.5762711864407
        ],
        [
            0.6339352896914973,
            0.47943722943722944,
            231.0
        ],
        [
            0.636085009378674,
            0.6832036495410482,
            197.68363636363637
        ],
        [
            0.6365388595674221,
            0.6710766185738841,
            202.09473684210525
        ],
        [
            0.6358888703301598,
            0.6901281814828476,
            195.38738738738738
        ],
        [
            0.6358024691358025,
            0.7848837209302325,
            172.0
        ],
        [
            0.638228636106395,
            0.6161087866108788,
            212.44444444444446
        ],
        [
            0.6365473441108546,
            0.6642377756471715,
            204.50980392156862
        ],
        [
            0.6360153256704981,
            0.7050243111831442,
            191.48275862068965
        ]
    ]
}