{
    "rgb_colors": [
        [
            85.29113924050633,
            97.29113924050633,
            136.29113924050634
        ],
        [
            79.0,
            91.0,
            130.0
        ],
        [
            81.0,
            93.0,
            132.0
        ],
        [
            83.0,
            95.0,
            134.0
        ],
        [
            80.0,
            92.0,
            131.0
        ],
        [
            82.0,
            94.0,
            133.0
        ],
        [
            75.66666666666667,
            87.66666666666667,
            126.66666666666667
        ],
        [
            77.64285714285714,
            89.64285714285714,
            128.64285714285714
        ],
        [
            84.0,
            96.0,
            135.0
        ],
        [
            87.2,
            99.2,
            138.2
        ]
    ],
    "hex_colors": [
        "#556188",
        "#4f5b82",
        "#515d84",
        "#535f86",
        "#505c83",
        "#525e85",
        "#4b577e",
        "#4d5980",
        "#546087",
        "#57638a"
    ],
    "hsl_color_values": [
        [
            0.6274509803921569,
            0.37419894120925057,
            136.29113924050634
        ],
        [
            0.6274509803921569,
            0.3923076923076923,
            130.0
        ],
        [
            0.6274509803921569,
            0.38636363636363635,
            132.0
        ],
        [
            0.6274509803921569,
            0.3805970149253731,
            134.0
        ],
        [
            0.6274509803921569,
            0.3893129770992366,
            131.0
        ],
        [
            0.6274509803921569,
            0.38345864661654133,
            133.0
        ],
        [
            0.6274509803921569,
            0.4026315789473684,
            126.66666666666667
        ],
        [
            0.6274509803921569,
            0.3964464186563021,
            128.64285714285714
        ],
        [
            0.6274509803921569,
            0.37777777777777777,
            135.0
        ],
        [
            0.6274509803921569,
            0.3690303907380607,
            138.2
        ]
    ]
}