{
    "rgb_colors": [
        [
            22.06993006993007,
            60.0,
            133.0
        ],
        [
            21.0,
            59.0,
            132.0
        ],
        [
            24.023529411764706,
            62.0,
            135.0
        ],
        [
            23.132530120481928,
            60.98795180722892,
            132.87951807228916
        ],
        [
            22.047619047619047,
            59.923809523809524,
            131.93333333333334
        ],
        [
            20.43103448275862,
            58.36206896551724,
            130.89655172413794
        ],
        [
            31.0,
            68.0,
            140.0
        ],
        [
            24.274509803921568,
            62.01960784313725,
            133.90196078431373
        ],
        [
            23.0225988700565,
            61.0,
            134.0
        ],
        [
            25.214285714285715,
            63.023809523809526,
            135.33333333333334
        ]
    ],
    "hex_colors": [
        "#163c85",
        "#153b84",
        "#183e87",
        "#173c84",
        "#163b83",
        "#143a82",
        "#1f448c",
        "#183e85",
        "#173d86",
        "#193f87"
    ],
    "hsl_color_values": [
        [
            0.6096787072642837,
            0.8340606761659394,
            133.0
        ],
        [
            0.6096096096096096,
            0.8409090909090909,
            132.0
        ],
        [
            0.6096328492172868,
            0.8220479302832243,
            135.0
        ],
        [
            0.6091777363047536,
            0.8259135007706954,
            132.87951807228916
        ],
        [
            0.6092188131969724,
            0.8328881830650401,
            131.93333333333334
        ],
        [
            0.6094375942979035,
            0.8439146469968388,
            130.89655172413794
        ],
        [
            0.610091743119266,
            0.7785714285714286,
            140.0
        ],
        [
            0.6092827758898229,
            0.8187143066334749,
            133.90196078431373
        ],
        [
            0.6096319299496004,
            0.8281895606712202,
            134.0
        ],
        [
            0.6094414414414415,
            0.8136875439831104,
            135.33333333333334
        ]
    ]
}