{
    "rgb_colors": [
        [
            53.12844036697248,
            85.97247706422019,
            167.07339449541286
        ],
        [
            56.07729468599034,
            89.03381642512078,
            169.94685990338164
        ],
        [
            52.0,
            85.0,
            165.6216216216216
        ],
        [
            55.02290076335878,
            87.9885496183206,
            168.9618320610687
        ],
        [
            60.88235294117647,
            93.47058823529412,
            175.11764705882354
        ],
        [
            57.44615384615385,
            90.26923076923077,
            171.62307692307692
        ],
        [
            54.08955223880597,
            86.95522388059702,
            168.0497512437811
        ],
        [
            68.66666666666667,
            101.0,
            182.0
        ],
        [
            49.75,
            82.75,
            163.75
        ],
        [
            55.47727272727273,
            87.4090909090909,
            171.36363636363637
        ]
    ],
    "hex_colors": [
        "#3555a7",
        "#3859a9",
        "#3455a5",
        "#3757a8",
        "#3c5daf",
        "#395aab",
        "#3656a8",
        "#4465b6",
        "#3152a3",
        "#3757ab"
    ],
    "hsl_color_values": [
        [
            0.6186258722490606,
            0.6820053813629126,
            167.07339449541286
        ],
        [
            0.6184294259895635,
            0.6700304158731061,
            169.94685990338164
        ],
        [
            0.6182603869330796,
            0.6860313315926893,
            165.6216216216216
        ],
        [
            0.6184454419581044,
            0.674347158218126,
            168.9618320610687
        ],
        [
            0.6191211809131479,
            0.6523345649983205,
            175.11764705882354
        ],
        [
            0.6187540703811,
            0.6652772175160234,
            171.62307692307692
        ],
        [
            0.6186006577607032,
            0.6781336964888389,
            168.0497512437811
        ],
        [
            0.6191176470588236,
            0.6227106227106227,
            182.0
        ],
        [
            0.6184210526315789,
            0.6961832061068702,
            163.75
        ],
        [
            0.6207426292737138,
            0.6762599469496022,
            171.36363636363637
        ]
    ]
}