{
    "rgb_colors": [
        [
            86.95081967213115,
            97.38524590163935,
            133.38524590163934
        ],
        [
            79.25757575757575,
            89.5,
            125.5
        ],
        [
            88.67567567567568,
            99.29729729729729,
            135.2972972972973
        ],
        [
            80.8,
            91.0,
            127.0
        ],
        [
            82.75838926174497,
            93.0,
            129.0
        ],
        [
            90.42105263157895,
            100.94736842105263,
            136.94736842105263
        ],
        [
            81.72897196261682,
            92.0,
            128.0
        ],
        [
            83.68279569892474,
            94.0,
            130.0
        ],
        [
            85.70476190476191,
            96.0,
            132.0
        ],
        [
            84.69620253164557,
            95.0,
            131.0
        ]
    ],
    "hex_colors": [
        "#566185",
        "#4f597d",
        "#586387",
        "#505b7f",
        "#525d81",
        "#5a6488",
        "#515c80",
        "#535e82",
        "#556084",
        "#545f83"
    ],
    "hsl_color_values": [
        [
            0.6292144748455427,
            0.34812265716217045,
            133.38524590163934
        ],
        [
            0.6297509829619922,
            0.3684655318121454,
            125.5
        ],
        [
            0.6286956521739131,
            0.3445864962045545,
            135.2972972972973
        ],
        [
            0.6298701298701298,
            0.3637795275590551,
            127.0
        ],
        [
            0.6297532656023223,
            0.358462098746163,
            129.0
        ],
        [
            0.6289592760180995,
            0.339738662567256,
            136.94736842105263
        ],
        [
            0.6296707735810947,
            0.36149240654205606,
            128.0
        ],
        [
            0.6295414973882764,
            0.35628618693134817,
            130.0
        ],
        [
            0.6296029623534253,
            0.3507215007215007,
            132.0
        ],
        [
            0.6295790049207217,
            0.3534641028118659,
            131.0
        ]
    ]
}