{
    "rgb_colors": [
        [
            30.333333333333332,
            54.333333333333336,
            144.0
        ],
        [
            21.95744680851064,
            46.95744680851064,
            136.91489361702128
        ],
        [
            24.166666666666668,
            49.02777777777778,
            137.97222222222223
        ],
        [
            23.0,
            48.0126582278481,
            137.91392405063291
        ],
        [
            40.0,
            64.5,
            154.0
        ],
        [
            25.03174603174603,
            49.04761904761905,
            139.0
        ],
        [
            24.0,
            49.0,
            139.00448430493273
        ],
        [
            25.425,
            50.075,
            140.0
        ],
        [
            24.045801526717558,
            48.0,
            137.9618320610687
        ],
        [
            23.0,
            47.0,
            137.0
        ]
    ],
    "hex_colors": [
        "#1e3690",
        "#152e88",
        "#183189",
        "#173089",
        "#28409a",
        "#19318b",
        "#18318b",
        "#19328c",
        "#183089",
        "#172f89"
    ],
    "hsl_color_values": [
        [
            0.6314760508308895,
            0.7893518518518519,
            144.0
        ],
        [
            0.6304213708433587,
            0.8396270396270397,
            136.91489361702128
        ],
        [
            0.6302579122935481,
            0.824843970203342,
            137.97222222222223
        ],
        [
            0.6303892842193387,
            0.8332293119906014,
            137.91392405063291
        ],
        [
            0.6308479532163743,
            0.7402597402597403,
            154.0
        ],
        [
            0.6315459610027855,
            0.819915496174489,
            139.0
        ],
        [
            0.6304361953780967,
            0.8273436995935222,
            139.00448430493273
        ],
        [
            0.6308095134191577,
            0.8183928571428571,
            140.0
        ],
        [
            0.6316200942616543,
            0.8257068555303492,
            137.9618320610687
        ],
        [
            0.6315789473684211,
            0.8321167883211679,
            137.0
        ]
    ]
}