{
    "rgb_colors": [
        [
            26.058823529411764,
            53.8235294117647,
            142.80392156862746
        ],
        [
            30.026455026455025,
            55.00529100529101,
            144.88359788359787
        ],
        [
            27.189473684210526,
            55.0,
            143.93684210526317
        ],
        [
            28.20408163265306,
            56.1530612244898,
            145.0204081632653
        ],
        [
            16.5,
            45.5,
            137.5
        ],
        [
            31.142857142857142,
            56.464285714285715,
            146.0952380952381
        ],
        [
            57.5,
            79.5,
            164.5
        ],
        [
            37.666666666666664,
            61.888888888888886,
            151.0
        ],
        [
            27.98453608247423,
            52.891752577319586,
            142.85051546391753
        ],
        [
            29.036666666666665,
            54.02333333333333,
            143.90666666666667
        ]
    ],
    "hex_colors": [
        "#1a358e",
        "#1e3790",
        "#1b378f",
        "#1c3891",
        "#102d89",
        "#1f3892",
        "#394fa4",
        "#253d97",
        "#1b348e",
        "#1d368f"
    ],
    "hsl_color_values": [
        [
            0.6270294479901467,
            0.8175202526431415,
            142.80392156862746
        ],
        [
            0.6304204287205946,
            0.7927546287842822,
            144.88359788359787
        ],
        [
            0.6269648062994019,
            0.8111013602457218,
            143.93684210526317
        ],
        [
            0.6267907058001398,
            0.8055164649591894,
            145.0204081632653
        ],
        [
            0.6267217630853995,
            0.88,
            137.5
        ],
        [
            0.6299537420602044,
            0.7868318122555411,
            146.0952380952381
        ],
        [
            0.6323987538940811,
            0.6504559270516718,
            164.5
        ],
        [
            0.6310457516339869,
            0.750551876379691,
            151.0
        ],
        [
            0.6305271345659068,
            0.8040991592393462,
            142.85051546391753
        ],
        [
            0.6304131240145865,
            0.7982257018437877,
            143.90666666666667
        ]
    ]
}