{
    "rgb_colors": [
        [
            80.0,
            89.0,
            127.0
        ],
        [
            81.0,
            90.0,
            128.0
        ],
        [
            84.0,
            93.0,
            131.0
        ],
        [
            86.43478260869566,
            95.43478260869566,
            133.43478260869566
        ],
        [
            82.0,
            91.0,
            129.0
        ],
        [
            85.0,
            94.0,
            132.0
        ],
        [
            75.83333333333333,
            84.83333333333333,
            122.83333333333333
        ],
        [
            79.0,
            88.0,
            126.0
        ],
        [
            83.0,
            92.0,
            130.0
        ],
        [
            77.7032967032967,
            86.7032967032967,
            124.7032967032967
        ]
    ],
    "hex_colors": [
        "#50597f",
        "#515a80",
        "#545d83",
        "#565f85",
        "#525b81",
        "#555e84",
        "#4b547a",
        "#4f587e",
        "#535c82",
        "#4d567c"
    ],
    "hsl_color_values": [
        [
            0.6347517730496454,
            0.3700787401574803,
            127.0
        ],
        [
            0.6347517730496454,
            0.3671875,
            128.0
        ],
        [
            0.6347517730496454,
            0.35877862595419846,
            131.0
        ],
        [
            0.6347517730496454,
            0.3522319973932877,
            133.43478260869566
        ],
        [
            0.6347517730496454,
            0.3643410852713178,
            129.0
        ],
        [
            0.6347517730496454,
            0.3560606060606061,
            132.0
        ],
        [
            0.6347517730496454,
            0.3826322930800543,
            122.83333333333333
        ],
        [
            0.6347517730496454,
            0.373015873015873,
            126.0
        ],
        [
            0.6347517730496454,
            0.36153846153846153,
            130.0
        ],
        [
            0.6347517730496454,
            0.3768946069792034,
            124.7032967032967
        ]
    ]
}