{
    "rgb_colors": [
        [
            19.07719298245614,
            57.01052631578948,
            129.89122807017543
        ],
        [
            35.33333333333333,
            67.83333333333333,
            136.66666666666666
        ],
        [
            18.145061728395063,
            55.92283950617284,
            128.83333333333334
        ],
        [
            46.0,
            77.0,
            144.5
        ],
        [
            67.0,
            98.0,
            163.5
        ],
        [
            21.672727272727272,
            59.345454545454544,
            132.27272727272728
        ],
        [
            16.610526315789475,
            54.6,
            127.54736842105264
        ],
        [
            5.571428571428573,
            48.714285714285715,
            123.14285714285714
        ],
        [
            20.113333333333333,
            58.053333333333335,
            130.79333333333332
        ],
        [
            11.666666666666668,
            47.333333333333336,
            119.66666666666667
        ]
    ],
    "hex_colors": [
        "#133981",
        "#234388",
        "#123780",
        "#2e4d90",
        "#4362a3",
        "#153b84",
        "#10367f",
        "#05307b",
        "#143a82",
        "#0b2f77"
    ],
    "hsl_color_values": [
        [
            0.6096141261900239,
            0.8531294740538642,
            129.89122807017543
        ],
        [
            0.6132127192982456,
            0.7414634146341463,
            136.66666666666666
        ],
        [
            0.6097835280558422,
            0.8591586411767524,
            128.83333333333334
        ],
        [
            0.6142131979695432,
            0.6816608996539792,
            144.5
        ],
        [
            0.6131260794473229,
            0.5902140672782875,
            163.5
        ],
        [
            0.6098964326812428,
            0.8361512027491409,
            132.27272727272728
        ],
        [
            0.6095929405066894,
            0.8697697449863828,
            127.54736842105264
        ],
        [
            0.6055083029566627,
            0.9547563805104409,
            123.14285714285714
        ],
        [
            0.6095349957836405,
            0.8462205005351955,
            130.79333333333332
        ],
        [
            0.6116255144032922,
            0.9025069637883008,
            119.66666666666667
        ]
    ]
}