{
    "rgb_colors": [
        [
            37.06962025316456,
            62.5126582278481,
            156.5
        ],
        [
            35.3319587628866,
            60.57113402061856,
            154.50927835051547
        ],
        [
            42.5,
            67.35714285714286,
            160.71428571428572
        ],
        [
            71.5,
            91.0,
            180.0
        ],
        [
            88.0,
            108.0,
            194.0
        ],
        [
            33.86831275720164,
            59.27160493827161,
            153.20576131687244
        ],
        [
            47.0,
            71.85714285714286,
            164.85714285714286
        ],
        [
            57.5,
            80.16666666666666,
            172.16666666666666
        ],
        [
            32.12264150943396,
            57.820754716981135,
            151.82075471698113
        ],
        [
            18.5,
            46.5,
            142.5
        ]
    ],
    "hex_colors": [
        "#253e9c",
        "#233c9a",
        "#2a43a0",
        "#475bb4",
        "#586cc2",
        "#213b99",
        "#2f47a4",
        "#3950ac",
        "#203997",
        "#122e8e"
    ],
    "hsl_color_values": [
        [
            0.6311605723370429,
            0.7631334169126865,
            156.5
        ],
        [
            0.6313702761774594,
            0.7713279154489772,
            154.50927835051547
        ],
        [
            0.6316213494461228,
            0.7355555555555555,
            160.71428571428572
        ],
        [
            0.6367127496159753,
            0.6027777777777777,
            180.0
        ],
        [
            0.6352201257861635,
            0.5463917525773195,
            194.0
        ],
        [
            0.6311884317850041,
            0.7789357758736469,
            153.20576131687244
        ],
        [
            0.6315151515151515,
            0.7149046793760832,
            164.85714285714286
        ],
        [
            0.6337209302325583,
            0.6660212971926428,
            172.16666666666666
        ],
        [
            0.6308848255569567,
            0.7884173243024918,
            151.82075471698113
        ],
        [
            0.6290322580645161,
            0.8701754385964913,
            142.5
        ]
    ]
}