{
    "rgb_colors": [
        [
            121.73033707865169,
            126.73033707865169,
            149.37078651685394
        ],
        [
            126.25619834710744,
            131.25619834710744,
            153.46280991735537
        ],
        [
            119.6,
            124.6,
            147.2
        ],
        [
            132.231884057971,
            137.231884057971,
            159.36231884057972
        ],
        [
            133.9078947368421,
            138.9078947368421,
            161.4078947368421
        ],
        [
            138.4848484848485,
            143.4848484848485,
            165.33333333333334
        ],
        [
            124.11607142857143,
            129.11607142857142,
            151.77678571428572
        ],
        [
            130.54074074074074,
            135.54074074074074,
            158.21481481481482
        ],
        [
            127.54666666666667,
            132.54666666666665,
            155.33333333333334
        ],
        [
            129.2826086956522,
            134.2826086956522,
            156.3913043478261
        ]
    ],
    "hex_colors": [
        "#797e95",
        "#7e8399",
        "#777c93",
        "#84899f",
        "#858aa1",
        "#8a8fa5",
        "#7c8197",
        "#82879e",
        "#7f849b",
        "#81869c"
    ],
    "hsl_color_values": [
        [
            0.6365176151761518,
            0.1850458853618174,
            149.37078651685394
        ],
        [
            0.6360368570271365,
            0.17728472184824168,
            153.46280991735537
        ],
        [
            0.6364734299516908,
            0.18749999999999997,
            147.2
        ],
        [
            0.6359508547008548,
            0.1702437249909059,
            159.36231884057972
        ],
        [
            0.6363636363636364,
            0.17037580500529875,
            161.4078947368421
        ],
        [
            0.6356282919488336,
            0.16239002932551316,
            165.33333333333334
        ],
        [
            0.6365397030342157,
            0.18224601447143954,
            151.77678571428572
        ],
        [
            0.6365542469664526,
            0.17491455592490282,
            158.21481481481482
        ],
        [
            0.6366762635956494,
            0.17888412017167388,
            155.33333333333334
        ],
        [
            0.6359262229350441,
            0.17333889352237972,
            156.3913043478261
        ]
    ]
}