{
    "rgb_colors": [
        [
            60.652849740932645,
            87.30569948186529,
            191.51295336787564
        ],
        [
            56.706586826347305,
            83.0,
            186.50299401197606
        ],
        [
            69.4,
            95.4,
            198.8
        ],
        [
            62.84444444444444,
            89.5111111111111,
            193.73333333333332
        ],
        [
            59.54545454545455,
            86.04545454545455,
            190.06565656565655
        ],
        [
            57.76704545454545,
            84.10227272727273,
            187.9659090909091
        ],
        [
            55.10526315789474,
            81.39473684210526,
            184.6578947368421
        ],
        [
            89.5,
            114.5,
            217.0
        ],
        [
            58.608040201005025,
            85.04522613065326,
            189.03517587939697
        ],
        [
            78.0,
            104.0,
            208.0
        ]
    ],
    "hex_colors": [
        "#3c57bf",
        "#3853ba",
        "#455fc6",
        "#3e59c1",
        "#3b56be",
        "#3954bb",
        "#3751b8",
        "#5972d9",
        "#3a55bd",
        "#4e68d0"
    ],
    "hsl_color_values": [
        [
            0.6327209375989864,
            0.6832963584221632,
            191.51295336787564
        ],
        [
            0.6329042873838961,
            0.6959481153278111,
            186.50299401197606
        ],
        [
            0.6331787738279239,
            0.6509054325955734,
            198.8
        ],
        [
            0.6327108092812677,
            0.6756136728607479,
            193.73333333333332
        ],
        [
            0.6328277160804344,
            0.686711131188053,
            190.06565656565655
        ],
        [
            0.6329551240090189,
            0.6926727525542591,
            187.9659090909091
        ],
        [
            0.6328458257160268,
            0.7015818725951262,
            184.6578947368421
        ],
        [
            0.6339869281045751,
            0.5875576036866359,
            217.0
        ],
        [
            0.6328838374109035,
            0.6899622521133499,
            189.03517587939697
        ],
        [
            0.6333333333333333,
            0.625,
            208.0
        ]
    ]
}