{
    "rgb_colors": [
        [
            76.63803680981596,
            86.63803680981596,
            118.63803680981596
        ],
        [
            82.0,
            92.0,
            124.0
        ],
        [
            85.3157894736842,
            95.3157894736842,
            127.3157894736842
        ],
        [
            80.0,
            90.0,
            122.0
        ],
        [
            74.13829787234043,
            84.13829787234043,
            116.13829787234043
        ],
        [
            79.0,
            89.0,
            121.0
        ],
        [
            78.0,
            88.0,
            120.0
        ],
        [
            81.0,
            91.0,
            123.0
        ],
        [
            83.44961240310077,
            93.44961240310077,
            125.44961240310077
        ],
        [
            87.23076923076923,
            97.23076923076923,
            129.23076923076923
        ]
    ],
    "hex_colors": [
        "#4c5676",
        "#525c7c",
        "#555f7f",
        "#505a7a",
        "#4a5474",
        "#4f5979",
        "#4e5878",
        "#515b7b",
        "#535d7d",
        "#576181"
    ],
    "hsl_color_values": [
        [
            0.626984126984127,
            0.3540179956562209,
            118.63803680981596
        ],
        [
            0.626984126984127,
            0.3387096774193548,
            124.0
        ],
        [
            0.626984126984127,
            0.32988838362959905,
            127.3157894736842
        ],
        [
            0.626984126984127,
            0.3442622950819672,
            122.0
        ],
        [
            0.626984126984127,
            0.36163781258587524,
            116.13829787234043
        ],
        [
            0.626984126984127,
            0.34710743801652894,
            121.0
        ],
        [
            0.626984126984127,
            0.35,
            120.0
        ],
        [
            0.626984126984127,
            0.34146341463414637,
            123.0
        ],
        [
            0.626984126984127,
            0.33479577334239635,
            125.44961240310077
        ],
        [
            0.626984126984127,
            0.325,
            129.23076923076923
        ]
    ]
}