{
    "rgb_colors": [
        [
            26.82191780821918,
            61.794520547945204,
            142.6986301369863
        ],
        [
            28.0472972972973,
            63.99324324324324,
            142.00675675675674
        ],
        [
            27.928571428571427,
            63.714285714285715,
            141.0
        ],
        [
            28.04494382022472,
            63.0,
            143.82022471910113
        ],
        [
            30.15,
            66.1,
            143.875
        ],
        [
            34.4,
            69.86666666666666,
            148.66666666666666
        ],
        [
            29.12962962962963,
            64.05555555555556,
            144.7962962962963
        ],
        [
            29.041379310344826,
            64.95862068965518,
            142.89655172413794
        ],
        [
            26.74793388429752,
            62.79338842975206,
            140.77685950413223
        ],
        [
            31.5,
            67.07142857142857,
            145.75
        ]
    ],
    "hex_colors": [
        "#1a3d8e",
        "#1c3f8e",
        "#1b3f8d",
        "#1c3f8f",
        "#1e428f",
        "#224594",
        "#1d4090",
        "#1d408e",
        "#1a3e8c",
        "#1f4391"
    ],
    "hsl_color_values": [
        [
            0.6163652125940812,
            0.8120380147835269,
            142.6986301369863
        ],
        [
            0.6140954187912566,
            0.8024932197744683,
            142.00675675675674
        ],
        [
            0.6139187197304695,
            0.8019250253292807,
            141.0
        ],
        [
            0.6163464026915113,
            0.805,
            143.82022471910113
        ],
        [
            0.6139810947460981,
            0.7904430929626411,
            143.875
        ],
        [
            0.6149358226371061,
            0.768609865470852,
            148.66666666666666
        ],
        [
            0.6163411249866582,
            0.7988233789487147,
            144.7962962962963
        ],
        [
            0.6140892846326246,
            0.7967664092664093,
            142.89655172413794
        ],
        [
            0.6139820015703328,
            0.8099976517553129,
            140.77685950413223
        ],
        [
            0.6147754506616652,
            0.7838765008576329,
            145.75
        ]
    ]
}