{
    "rgb_colors": [
        [
            85.1025641025641,
            94.1025641025641,
            132.10256410256412
        ],
        [
            81.0,
            90.0,
            130.0
        ],
        [
            85.58928571428571,
            94.58928571428571,
            134.44642857142858
        ],
        [
            77.99337748344371,
            86.99337748344371,
            125.78807947019868
        ],
        [
            81.55851063829788,
            90.55851063829788,
            128.55851063829786
        ],
        [
            83.0,
            92.0,
            130.0
        ],
        [
            80.0,
            89.0,
            127.0
        ],
        [
            79.58035714285714,
            88.58035714285714,
            128.58035714285714
        ],
        [
            83.57541899441341,
            92.57541899441341,
            132.0391061452514
        ],
        [
            82.0,
            91.0,
            131.0
        ]
    ],
    "hex_colors": [
        "#555e84",
        "#515a82",
        "#555e86",
        "#4d567d",
        "#515a80",
        "#535c82",
        "#50597f",
        "#4f5880",
        "#535c84",
        "#525b83"
    ],
    "hsl_color_values": [
        [
            0.6347517730496454,
            0.3557841614906833,
            132.10256410256412
        ],
        [
            0.6360544217687075,
            0.3769230769230769,
            130.0
        ],
        [
            0.6359649122807017,
            0.3633948731571259,
            134.44642857142858
        ],
        [
            0.6352824349914554,
            0.37996209329261876,
            125.78807947019868
        ],
        [
            0.6347517730496454,
            0.36559228764119317,
            128.55851063829786
        ],
        [
            0.6347517730496454,
            0.36153846153846153,
            130.0
        ],
        [
            0.6347517730496454,
            0.3700787401574803,
            127.0
        ],
        [
            0.6360544217687075,
            0.3810846468995209,
            128.58035714285714
        ],
        [
            0.6357156580211335,
            0.3670404061772794,
            132.0391061452514
        ],
        [
            0.6360544217687075,
            0.37404580152671757,
            131.0
        ]
    ]
}