{
    "rgb_colors": [
        [
            75.35897435897436,
            83.6923076923077,
            110.02564102564102
        ],
        [
            78.86111111111111,
            86.52777777777777,
            113.19444444444444
        ],
        [
            87.31901840490798,
            94.71165644171779,
            121.50306748466258
        ],
        [
            81.2233009708738,
            88.81553398058253,
            115.51456310679612
        ],
        [
            88.83783783783784,
            96.13513513513513,
            122.94594594594595
        ],
        [
            85.4153005464481,
            92.73770491803279,
            119.5464480874317
        ],
        [
            91.54761904761905,
            98.94047619047619,
            125.73809523809524
        ],
        [
            83.30177514792899,
            90.75147928994083,
            117.52071005917159
        ],
        [
            94.47058823529412,
            102.05882352941177,
            128.76470588235293
        ],
        [
            89.8955223880597,
            97.14925373134328,
            124.0
        ]
    ],
    "hex_colors": [
        "#4b536e",
        "#4e5671",
        "#575e79",
        "#515873",
        "#58607a",
        "#555c77",
        "#5b627d",
        "#535a75",
        "#5e6680",
        "#59617c"
    ],
    "hsl_color_values": [
        [
            0.6266025641025642,
            0.31507807037986474,
            110.02564102564102
        ],
        [
            0.6294498381877024,
            0.30331288343558277,
            113.19444444444444
        ],
        [
            0.6306233548695861,
            0.28134309517798534,
            121.50306748466258
        ],
        [
            0.6297659494148736,
            0.29685661455706835,
            115.51456310679612
        ],
        [
            0.6310089804543053,
            0.2774236095845241,
            122.94594594594595
        ],
        [
            0.6309104493542534,
            0.28550532522740774,
            119.5464480874317
        ],
        [
            0.6306290622098422,
            0.27191819731111533,
            125.73809523809524
        ],
        [
            0.6303821545910426,
            0.29117365691556313,
            117.52071005917159
        ],
        [
            0.6297884505431676,
            0.2663316582914572,
            128.76470588235293
        ],
        [
            0.6312180889861415,
            0.27503610977371207,
            124.0
        ]
    ]
}