{
    "rgb_colors": [
        [
            29.945026178010473,
            54.96335078534032,
            146.60732984293193
        ],
        [
            0.0,
            6.0,
            130.66666666666666
        ],
        [
            114.0,
            129.0,
            182.0
        ],
        [
            172.0,
            188.0,
            217.0
        ],
        [
            34.327586206896555,
            58.91379310344828,
            150.22413793103448
        ],
        [
            71.0,
            90.0,
            167.5
        ],
        [
            29.375565610859727,
            54.52488687782805,
            144.54751131221718
        ],
        [
            90.0,
            101.5,
            148.0
        ],
        [
            2.1999999999999993,
            36.8,
            140.4
        ],
        [
            31.375358166189113,
            56.355300859598856,
            148.10888252148996
        ]
    ],
    "hex_colors": [
        "#1d3692",
        "#000682",
        "#7281b6",
        "#acbcd9",
        "#223a96",
        "#475aa7",
        "#1d3690",
        "#5a6594",
        "#02248c",
        "#1f3894"
    ],
    "hsl_color_values": [
        [
            0.6309248663001608,
            0.7957467323762589,
            146.60732984293193
        ],
        [
            0.6590136054421768,
            1.0,
            130.66666666666666
        ],
        [
            0.6299019607843137,
            0.37362637362637363,
            182.0
        ],
        [
            0.6074074074074075,
            0.2073732718894009,
            217.0
        ],
        [
            0.631310125954577,
            0.7714908757029726,
            150.22413793103448
        ],
        [
            0.6338514680483592,
            0.5761194029850746,
            167.5
        ],
        [
            0.6302727903717963,
            0.7967757082485523,
            144.54751131221718
        ],
        [
            0.6336206896551725,
            0.3918918918918919,
            148.0
        ],
        [
            0.624939700916546,
            0.9843304843304844,
            140.4
        ],
        [
            0.63100147275405,
            0.7881601857225768,
            148.10888252148996
        ]
    ]
}