{
    "rgb_colors": [
        [
            64.4622641509434,
            67.4622641509434,
            91.4622641509434
        ],
        [
            73.98795180722891,
            76.98795180722891,
            100.98795180722891
        ],
        [
            69.04854368932038,
            72.04854368932038,
            96.04854368932038
        ],
        [
            62.46052631578947,
            65.46052631578948,
            89.46052631578948
        ],
        [
            60.121212121212125,
            63.121212121212125,
            87.12121212121212
        ],
        [
            83.5,
            86.5,
            110.5
        ],
        [
            66.49242424242425,
            69.49242424242425,
            93.49242424242425
        ],
        [
            76.35593220338983,
            79.35593220338983,
            103.35593220338983
        ],
        [
            71.5421686746988,
            74.5421686746988,
            98.5421686746988
        ],
        [
            79.08108108108108,
            82.08108108108108,
            106.08108108108108
        ]
    ],
    "hex_colors": [
        "#40435b",
        "#494c64",
        "#454860",
        "#3e4159",
        "#3c3f57",
        "#53566e",
        "#42455d",
        "#4c4f67",
        "#474a62",
        "#4f526a"
    ],
    "hsl_color_values": [
        [
            0.6481481481481483,
            0.29520371325425476,
            91.4622641509434
        ],
        [
            0.6481481481481483,
            0.26735862562634216,
            100.98795180722891
        ],
        [
            0.6481481481481483,
            0.28110785403820887,
            96.04854368932038
        ],
        [
            0.648148148148148,
            0.3018090895719959,
            89.46052631578948
        ],
        [
            0.6481481481481483,
            0.3099130434782609,
            87.12121212121212
        ],
        [
            0.6481481481481483,
            0.24434389140271492,
            110.5
        ],
        [
            0.6481481481481483,
            0.2887934527185803,
            93.49242424242425
        ],
        [
            0.6481481481481483,
            0.26123319121023286,
            103.35593220338983
        ],
        [
            0.6481481481481483,
            0.2739943758405673,
            98.5421686746988
        ],
        [
            0.6481481481481483,
            0.25452229299363055,
            106.08108108108108
        ]
    ]
}