{
    "rgb_colors": [
        [
            85.62025316455696,
            92.62025316455696,
            129.0632911392405
        ],
        [
            87.43478260869566,
            94.43478260869566,
            131.17391304347825
        ],
        [
            82.0,
            89.0,
            126.0
        ],
        [
            84.0,
            91.0,
            128.0
        ],
        [
            85.0,
            92.0,
            127.0
        ],
        [
            84.0,
            91.0,
            126.0
        ],
        [
            79.42727272727272,
            86.42727272727272,
            122.39090909090909
        ],
        [
            83.0,
            90.0,
            127.0
        ],
        [
            83.0,
            90.0,
            125.0
        ],
        [
            81.46188340807174,
            88.46188340807174,
            124.03587443946188
        ]
    ],
    "hex_colors": [
        "#555c81",
        "#575e83",
        "#52597e",
        "#545b80",
        "#555c7f",
        "#545b7e",
        "#4f567a",
        "#535a7f",
        "#535a7d",
        "#51587c"
    ],
    "hsl_color_values": [
        [
            0.6398115773115772,
            0.3366025892506866,
            129.0632911392405
        ],
        [
            0.6399933730947648,
            0.3334438183626118,
            131.17391304347825
        ],
        [
            0.6401515151515151,
            0.3492063492063492,
            126.0
        ],
        [
            0.6401515151515151,
            0.34375,
            128.0
        ],
        [
            0.6388888888888888,
            0.33070866141732286,
            127.0
        ],
        [
            0.6388888888888888,
            0.3333333333333333,
            126.0
        ],
        [
            0.6395119198758641,
            0.3510361732154795,
            122.39090909090909
        ],
        [
            0.6401515151515151,
            0.3464566929133858,
            127.0
        ],
        [
            0.6388888888888888,
            0.336,
            125.0
        ],
        [
            0.6392633944245488,
            0.34323933477946494,
            124.03587443946188
        ]
    ]
}