{
    "rgb_colors": [
        [
            48.023809523809526,
            72.00595238095238,
            135.95238095238096
        ],
        [
            66.0,
            90.0,
            154.0
        ],
        [
            52.22222222222222,
            76.20833333333333,
            139.98611111111111
        ],
        [
            51.00735294117647,
            75.0,
            139.00735294117646
        ],
        [
            51.166666666666664,
            75.16666666666667,
            137.76666666666668
        ],
        [
            59.0,
            82.6,
            146.4
        ],
        [
            46.98412698412699,
            70.87301587301587,
            134.85714285714286
        ],
        [
            50.0078431372549,
            74.00392156862745,
            137.90980392156862
        ],
        [
            54.8,
            78.8,
            142.8
        ],
        [
            49.00694444444444,
            73.00694444444444,
            136.94097222222223
        ]
    ],
    "hex_colors": [
        "#304887",
        "#425a9a",
        "#344c8b",
        "#334b8b",
        "#334b89",
        "#3b5292",
        "#2e4686",
        "#324a89",
        "#364e8e",
        "#314988"
    ],
    "hsl_color_values": [
        [
            0.6212090441375575,
            0.6467600700525394,
            135.95238095238096
        ],
        [
            0.6212121212121212,
            0.5714285714285714,
            154.0
        ],
        [
            0.6211162103708393,
            0.62694711776962,
            139.98611111111111
        ],
        [
            0.6212260472370766,
            0.6330600370272415,
            139.00735294117646
        ],
        [
            0.6204772902232486,
            0.6285990805710139,
            137.76666666666668
        ],
        [
            0.6216628527841342,
            0.5969945355191257,
            146.4
        ],
        [
            0.6213571772639691,
            0.6516007532956686,
            134.85714285714286
        ],
        [
            0.6211688601383002,
            0.6373873233429067,
            137.90980392156862
        ],
        [
            0.6212121212121212,
            0.6162464985994398,
            142.8
        ],
        [
            0.6211780190852254,
            0.6421308856715434,
            136.94097222222223
        ]
    ]
}