{
    "rgb_colors": [
        [
            31.095238095238095,
            60.04761904761905,
            126.97619047619048
        ],
        [
            28.053333333333335,
            57.00333333333333,
            124.0
        ],
        [
            30.022988505747126,
            59.0,
            125.93103448275862
        ],
        [
            30.105263157894736,
            57.94736842105263,
            125.10526315789474
        ],
        [
            35.0,
            63.0,
            129.0
        ],
        [
            27.095238095238095,
            56.0,
            123.0
        ],
        [
            20.0,
            51.0,
            119.0
        ],
        [
            59.0,
            85.0,
            147.0
        ],
        [
            29.0,
            58.0,
            124.97630331753554
        ],
        [
            62.0,
            88.0,
            151.0
        ]
    ],
    "hex_colors": [
        "#1f3c7e",
        "#1c397c",
        "#1e3b7d",
        "#1e397d",
        "#233f81",
        "#1b387b",
        "#143377",
        "#3b5593",
        "#1d3a7c",
        "#3e5897"
    ],
    "hsl_color_values": [
        [
            0.6163397069778992,
            0.7551096943558973,
            126.97619047619048
        ],
        [
            0.6163783120251992,
            0.773763440860215,
            124.0
        ],
        [
            0.6163111217641419,
            0.7615918218327857,
            125.93103448275862
        ],
        [
            0.6178208679593721,
            0.7593605384938998,
            125.10526315789474
        ],
        [
            0.6170212765957447,
            0.7286821705426356,
            129.0
        ],
        [
            0.6164349553128105,
            0.7797135114208285,
            123.0
        ],
        [
            0.6144781144781145,
            0.8319327731092437,
            119.0
        ],
        [
            0.6174242424242425,
            0.5986394557823129,
            147.0
        ],
        [
            0.6163070136454167,
            0.7679560106181267,
            124.97630331753554
        ],
        [
            0.6179775280898876,
            0.5894039735099338,
            151.0
        ]
    ]
}