{
    "rgb_colors": [
        [
            32.58139534883721,
            65.53488372093024,
            142.45348837209303
        ],
        [
            31.406779661016948,
            67.27118644067797,
            143.35593220338984
        ],
        [
            31.53125,
            67.39583333333333,
            145.29166666666666
        ],
        [
            29.466666666666665,
            65.34666666666666,
            142.09333333333333
        ],
        [
            32.0703125,
            65.03125,
            143.90625
        ],
        [
            31.102941176470587,
            64.04411764705883,
            142.4264705882353
        ],
        [
            34.04081632653061,
            67.03061224489795,
            144.01020408163265
        ],
        [
            33.04545454545455,
            66.00568181818181,
            144.86363636363637
        ],
        [
            34.3780487804878,
            67.5548780487805,
            146.16463414634146
        ],
        [
            30.31081081081081,
            66.0,
            143.90540540540542
        ]
    ],
    "hex_colors": [
        "#20418e",
        "#1f438f",
        "#1f4391",
        "#1d418e",
        "#20418f",
        "#1f408e",
        "#224390",
        "#214290",
        "#224392",
        "#1e428f"
    ],
    "hsl_color_values": [
        [
            0.6166790136522383,
            0.7712839768182189,
            142.45348837209303
        ],
        [
            0.6132727731516527,
            0.780917474580279,
            143.35593220338984
        ],
        [
            0.6141226383420322,
            0.7829796386578721,
            145.29166666666666
        ],
        [
            0.6135708930192179,
            0.7926245660129492,
            142.09333333333333
        ],
        [
            0.6175456979857957,
            0.7771444082519001,
            143.90625
        ],
        [
            0.6173491853808896,
            0.7816210635002582,
            142.4264705882353
        ],
        [
            0.6166682131700226,
            0.7636221923049671,
            144.01020408163265
        ],
        [
            0.6175389566395664,
            0.771885786005648,
            144.86363636363637
        ],
        [
            0.6172021309478354,
            0.7647991322848442,
            146.16463414634146
        ],
        [
            0.6143032754381791,
            0.7893698938867499,
            143.90540540540542
        ]
    ]
}