{
    "rgb_colors": [
        [
            42.089285714285715,
            70.10714285714286,
            135.01785714285714
        ],
        [
            43.59090909090909,
            70.45454545454545,
            138.54545454545453
        ],
        [
            44.97986577181208,
            73.24161073825503,
            138.13422818791946
        ],
        [
            43.11764705882353,
            73.04705882352941,
            136.94117647058823
        ],
        [
            43.11678832116788,
            71.04744525547446,
            136.0036496350365
        ],
        [
            42.22222222222222,
            69.11111111111111,
            137.0
        ],
        [
            45.0,
            73.0,
            137.0
        ],
        [
            40.869565217391305,
            70.43478260869566,
            134.69565217391303
        ],
        [
            41.986111111111114,
            71.93055555555556,
            135.95833333333334
        ],
        [
            44.009433962264154,
            71.99685534591195,
            136.9685534591195
        ]
    ],
    "hex_colors": [
        "#2a4687",
        "#2b468a",
        "#2c498a",
        "#2b4988",
        "#2b4788",
        "#2a4589",
        "#2d4989",
        "#284686",
        "#294787",
        "#2c4788"
    ],
    "hsl_color_values": [
        [
            0.6164168588265437,
            0.6882687475201692,
            135.01785714285714
        ],
        [
            0.6195149194191799,
            0.6853674540682414,
            138.54545454545453
        ],
        [
            0.6161023054755043,
            0.6743756680594694,
            138.13422818791946
        ],
        [
            0.6135005224660398,
            0.6851374570446734,
            136.94117647058823
        ],
        [
            0.6165507576650557,
            0.6829732993425466,
            136.0036496350365
        ],
        [
            0.6193825713169206,
            0.6918085969180859,
            137.0
        ],
        [
            0.6159420289855072,
            0.6715328467153284,
            137.0
        ],
        [
            0.6141489033055297,
            0.696578437701743,
            134.69565217391303
        ],
        [
            0.6135579860084738,
            0.6911839820206354,
            135.95833333333334
        ],
        [
            0.6164879401914685,
            0.678689503168335,
            136.9685534591195
        ]
    ]
}