{
    "rgb_colors": [
        [
            50.69266055045872,
            81.21100917431193,
            160.77522935779817
        ],
        [
            81.0,
            109.25,
            186.25
        ],
        [
            56.10062893081761,
            86.21383647798743,
            165.24528301886792
        ],
        [
            58.435483870967744,
            88.6774193548387,
            166.98387096774192
        ],
        [
            52.44978165938865,
            82.57205240174673,
            162.25764192139738
        ],
        [
            97.5,
            125.5,
            202.5
        ],
        [
            48.4390243902439,
            78.63414634146342,
            156.9512195121951
        ],
        [
            61.63414634146341,
            91.82926829268293,
            170.3658536585366
        ],
        [
            67.375,
            97.0,
            174.875
        ],
        [
            54.003846153846155,
            84.32307692307693,
            163.82692307692307
        ]
    ],
    "hex_colors": [
        "#3251a0",
        "#516dba",
        "#3856a5",
        "#3a58a6",
        "#3452a2",
        "#617dca",
        "#304e9c",
        "#3d5baa",
        "#4361ae",
        "#3654a3"
    ],
    "hsl_color_values": [
        [
            0.6204614273411674,
            0.68469856486633,
            160.77522935779817
        ],
        [
            0.6219319081551861,
            0.5651006711409396,
            186.25
        ],
        [
            0.620683031769813,
            0.6605008753901195,
            165.24528301886792
        ],
        [
            0.620232788509163,
            0.6500531246981551,
            166.98387096774192
        ],
        [
            0.6209470028367666,
            0.6767500067282073,
            162.25764192139738
        ],
        [
            0.6222222222222222,
            0.5185185185185185,
            202.5
        ],
        [
            0.6202892035663444,
            0.6913752913752914,
            156.9512195121951
        ],
        [
            0.620382832361298,
            0.6382247673586257,
            170.3658536585366
        ],
        [
            0.6207364341085272,
            0.6147248034310222,
            174.875
        ],
        [
            0.6206544325371809,
            0.6703603709355558,
            163.82692307692307
        ]
    ]
}