{
    "rgb_colors": [
        [
            253.5,
            248.0,
            201.76923076923077
        ],
        [
            57.439655172413794,
            82.0,
            179.36206896551724
        ],
        [
            183.63636363636363,
            187.04545454545456,
            184.1818181818182
        ],
        [
            58.67054263565892,
            84.63178294573643,
            187.45348837209303
        ],
        [
            42.13636363636364,
            77.22727272727272,
            150.45454545454544
        ],
        [
            213.25,
            216.25,
            208.25
        ],
        [
            126.0,
            147.0,
            191.0
        ],
        [
            56.881578947368425,
            80.88157894736842,
            170.10526315789474
        ],
        [
            61.36008230452675,
            87.60493827160494,
            191.72633744855966
        ],
        [
            77.33333333333333,
            103.75,
            198.66666666666666
        ]
    ],
    "hex_colors": [
        "#fdf8c9",
        "#3952b3",
        "#b7bbb8",
        "#3a54bb",
        "#2a4d96",
        "#d5d8d0",
        "#7e93bf",
        "#3850aa",
        "#3d57bf",
        "#4d67c6"
    ],
    "hsl_color_values": [
        [
            0.1489467162329616,
            0.20406615081171292,
            253.5
        ],
        [
            0.6330929317212285,
            0.6797558396616361,
            179.36206896551724
        ],
        [
            0.36000000000000054,
            0.018226002430133795,
            187.04545454545456
        ],
        [
            0.6330684805072333,
            0.6870127990405888,
            187.45348837209303
        ],
        [
            0.6126731011330255,
            0.7199395770392749,
            150.45454545454544
        ],
        [
            0.22916666666666666,
            0.03699421965317919,
            216.25
        ],
        [
            0.6128205128205129,
            0.3403141361256545,
            191.0
        ],
        [
            0.631338369165214,
            0.6656095297029703,
            170.10526315789474
        ],
        [
            0.6331139450950682,
            0.6799600768413484,
            191.72633744855966
        ],
        [
            0.6303800366300366,
            0.610738255033557,
            198.66666666666666
        ]
    ]
}