{
    "rgb_colors": [
        [
            130.7117117117117,
            207.5045045045045,
            78.78378378378379
        ],
        [
            126.47787610619469,
            201.47787610619469,
            73.56637168141593
        ],
        [
            130.04,
            205.672,
            79.664
        ],
        [
            134.78571428571428,
            211.71428571428572,
            83.14285714285714
        ],
        [
            132.35238095238094,
            208.86666666666667,
            80.71428571428571
        ],
        [
            130.0054644808743,
            205.34426229508196,
            77.31693989071039
        ],
        [
            128.85211267605635,
            204.1056338028169,
            76.09859154929578
        ],
        [
            127.80985915492958,
            202.8661971830986,
            75.26760563380282
        ],
        [
            144.0,
            221.0,
            93.0
        ],
        [
            128.3448275862069,
            203.72413793103448,
            77.73563218390805
        ]
    ],
    "hex_colors": [
        "#82cf4e",
        "#7ec949",
        "#82cd4f",
        "#86d353",
        "#84d050",
        "#82cd4d",
        "#80cc4c",
        "#7fca4b",
        "#90dd5d",
        "#80cb4d"
    ],
    "hsl_color_values": [
        [
            0.2660974244120941,
            0.6203273564016845,
            207.5045045045045
        ],
        [
            0.26439048014390476,
            0.6348662537883779,
            201.47787610619469
        ],
        [
            0.26670264321842,
            0.6126648255474736,
            205.672
        ],
        [
            0.26638888888888895,
            0.6072874493927126,
            211.71428571428572
        ],
        [
            0.2661761791518034,
            0.6135607131457753,
            208.86666666666667
        ],
        [
            0.2647431246176391,
            0.6234765022087391,
            205.34426229508196
        ],
        [
            0.26464763162238,
            0.6271607494048235,
            204.1056338028169
        ],
        [
            0.2647037180123995,
            0.6289790675877391,
            202.8661971830986
        ],
        [
            0.2669270833333333,
            0.579185520361991,
            221.0
        ],
        [
            0.2663838457561658,
            0.6184269916497405,
            203.72413793103448
        ]
    ]
}