{
    "rgb_colors": [
        [
            70.57768924302789,
            98.4980079681275,
            209.40637450199202
        ],
        [
            90.33333333333333,
            118.0,
            228.0
        ],
        [
            63.827586206896555,
            91.86206896551724,
            202.75862068965517
        ],
        [
            72.52054794520548,
            100.47945205479452,
            211.3082191780822
        ],
        [
            76.07692307692308,
            103.92307692307692,
            214.69230769230768
        ],
        [
            67.0241935483871,
            95.0241935483871,
            205.88709677419354
        ],
        [
            69.13690476190476,
            97.10119047619048,
            207.85714285714286
        ],
        [
            68.04635761589404,
            95.99337748344371,
            206.89403973509934
        ],
        [
            65.77862595419847,
            93.80152671755725,
            204.70229007633588
        ],
        [
            82.0,
            109.875,
            220.25
        ]
    ],
    "hex_colors": [
        "#4662d1",
        "#5a76e4",
        "#3f5bca",
        "#4864d3",
        "#4c67d6",
        "#435fcd",
        "#4561cf",
        "#445fce",
        "#415dcc",
        "#526ddc"
    ],
    "hsl_color_values": [
        [
            0.6331477548833916,
            0.6629630334278267,
            209.40637450199202
        ],
        [
            0.6331719128329297,
            0.6038011695906433,
            228.0
        ],
        [
            0.633035492678084,
            0.685204081632653,
            202.75862068965517
        ],
        [
            0.6330915132672029,
            0.6568020485559626,
            211.3082191780822
        ],
        [
            0.6331853496115428,
            0.6456467216051593,
            214.69230769230768
        ],
        [
            0.6330603790386587,
            0.6744614179396787,
            205.88709677419354
        ],
        [
            0.6330687263105199,
            0.6673825887743414,
            207.85714285714286
        ],
        [
            0.6331202899933226,
            0.6711052783201562,
            206.89403973509934
        ],
        [
            0.6330476033481692,
            0.6786619928400954,
            204.70229007633588
        ],
        [
            0.6330620855937311,
            0.6276958002270148,
            220.25
        ]
    ]
}