{
    "rgb_colors": [
        [
            82.3015873015873,
            94.3015873015873,
            133.3015873015873
        ],
        [
            76.0,
            88.0,
            127.0
        ],
        [
            72.1875,
            84.1875,
            123.1875
        ],
        [
            74.69672131147541,
            86.69672131147541,
            125.69672131147541
        ],
        [
            80.0,
            92.0,
            131.0
        ],
        [
            77.0,
            89.0,
            128.0
        ],
        [
            78.0,
            90.0,
            129.0
        ],
        [
            81.0,
            93.0,
            132.0
        ],
        [
            79.0,
            91.0,
            130.0
        ],
        [
            84.33333333333333,
            96.33333333333333,
            135.33333333333334
        ]
    ],
    "hex_colors": [
        "#525e85",
        "#4c587f",
        "#48547b",
        "#4a567d",
        "#505c83",
        "#4d5980",
        "#4e5a81",
        "#515d84",
        "#4f5b82",
        "#546087"
    ],
    "hsl_color_values": [
        [
            0.6274509803921569,
            0.38259109311740885,
            133.3015873015873
        ],
        [
            0.6274509803921569,
            0.4015748031496063,
            127.0
        ],
        [
            0.6274509803921569,
            0.4140030441400304,
            123.1875
        ],
        [
            0.6274509803921569,
            0.4057385066840561,
            125.69672131147541
        ],
        [
            0.6274509803921569,
            0.3893129770992366,
            131.0
        ],
        [
            0.6274509803921569,
            0.3984375,
            128.0
        ],
        [
            0.6274509803921569,
            0.3953488372093023,
            129.0
        ],
        [
            0.6274509803921569,
            0.38636363636363635,
            132.0
        ],
        [
            0.6274509803921569,
            0.3923076923076923,
            130.0
        ],
        [
            0.6274509803921569,
            0.3768472906403942,
            135.33333333333334
        ]
    ]
}