{
    "rgb_colors": [
        [
            34.3433734939759,
            65.29518072289157,
            135.06626506024097
        ],
        [
            32.93055555555556,
            64.90277777777777,
            131.93055555555554
        ],
        [
            7.0,
            51.0,
            122.0
        ],
        [
            31.58695652173913,
            62.572463768115945,
            132.40579710144928
        ],
        [
            47.25,
            76.0,
            143.5
        ],
        [
            33.830882352941174,
            62.661764705882355,
            132.72058823529412
        ],
        [
            33.03862660944206,
            64.0,
            133.84978540772534
        ],
        [
            35.856617647058826,
            64.27573529411765,
            134.77205882352942
        ],
        [
            57.0,
            86.0,
            151.0
        ],
        [
            92.0,
            120.0,
            182.0
        ]
    ],
    "hex_colors": [
        "#224187",
        "#204083",
        "#07337a",
        "#1f3e84",
        "#2f4c8f",
        "#213e84",
        "#214085",
        "#234086",
        "#395697",
        "#5c78b6"
    ],
    "hsl_color_values": [
        [
            0.6154505582137161,
            0.7457294500691316,
            135.06626506024097
        ],
        [
            0.6128413767302656,
            0.7503947783977261,
            131.93055555555554
        ],
        [
            0.6028985507246377,
            0.9426229508196722,
            122.0
        ],
        [
            0.6154435899278852,
            0.7614382661996498,
            132.40579710144928
        ],
        [
            0.6168831168831169,
            0.6707317073170732,
            143.5
        ],
        [
            0.6180756933601012,
            0.7450969529085872,
            132.72058823529412
        ],
        [
            0.61547958618928,
            0.7531663834289929,
            133.84978540772534
        ],
        [
            0.6187821346713746,
            0.7339462054667467,
            134.77205882352942
        ],
        [
            0.6152482269503546,
            0.6225165562913907,
            151.0
        ],
        [
            0.6148148148148148,
            0.4945054945054945,
            182.0
        ]
    ]
}