{
    "rgb_colors": [
        [
            109.66911764705883,
            116.66911764705883,
            143.1691176470588
        ],
        [
            107.6938775510204,
            114.6938775510204,
            140.91836734693877
        ],
        [
            99.60526315789474,
            106.60526315789474,
            133.44736842105263
        ],
        [
            105.40127388535032,
            112.40127388535032,
            138.87898089171975
        ],
        [
            96.75,
            103.75,
            130.75
        ],
        [
            111.94339622641509,
            118.94339622641509,
            145.37735849056602
        ],
        [
            114.66101694915254,
            121.66101694915254,
            147.54237288135593
        ],
        [
            117.76190476190476,
            124.76190476190476,
            151.1904761904762
        ],
        [
            101.72033898305085,
            108.72033898305085,
            135.364406779661
        ],
        [
            103.56521739130434,
            110.56521739130434,
            137.40869565217392
        ]
    ],
    "hex_colors": [
        "#6d748f",
        "#6b728c",
        "#636a85",
        "#69708a",
        "#606782",
        "#6f7691",
        "#727993",
        "#757c97",
        "#656c87",
        "#676e89"
    ],
    "hsl_color_values": [
        [
            0.6318407960199005,
            0.23398900929587585,
            143.1691176470588
        ],
        [
            0.6315520065520066,
            0.23577118030412741,
            140.91836734693877
        ],
        [
            0.6321928460342146,
            0.25359889568132515,
            133.44736842105263
        ],
        [
            0.6318176052765093,
            0.2410566868464502,
            138.87898089171975
        ],
        [
            0.6323529411764706,
            0.26003824091778205,
            130.75
        ],
        [
            0.6317720090293454,
            0.22998053212199868,
            145.37735849056602
        ],
        [
            0.6311855670103093,
            0.2228604250430787,
            147.54237288135593
        ],
        [
            0.6317663817663818,
            0.22110236220472448,
            151.1904761904762
        ],
        [
            0.6319899244332494,
            0.24854441870656727,
            135.364406779661
        ],
        [
            0.6321942446043165,
            0.24629793697000385,
            137.40869565217392
        ]
    ]
}