{
    "rgb_colors": [
        [
            84.0,
            96.0,
            135.0
        ],
        [
            81.0,
            93.0,
            132.0
        ],
        [
            77.0,
            89.0,
            128.0
        ],
        [
            78.52513966480447,
            90.52513966480447,
            129.52513966480447
        ],
        [
            83.0,
            95.0,
            134.0
        ],
        [
            85.5,
            97.5,
            136.5
        ],
        [
            82.0,
            94.0,
            133.0
        ],
        [
            73.26923076923077,
            85.26923076923077,
            124.26923076923077
        ],
        [
            80.0,
            92.0,
            131.0
        ],
        [
            75.60240963855422,
            87.60240963855422,
            126.60240963855422
        ]
    ],
    "hex_colors": [
        "#546087",
        "#515d84",
        "#4d5980",
        "#4e5a81",
        "#535f86",
        "#556188",
        "#525e85",
        "#49557c",
        "#505c83",
        "#4b577e"
    ],
    "hsl_color_values": [
        [
            0.6274509803921569,
            0.37777777777777777,
            135.0
        ],
        [
            0.6274509803921569,
            0.38636363636363635,
            132.0
        ],
        [
            0.6274509803921569,
            0.3984375,
            128.0
        ],
        [
            0.6274509803921569,
            0.3937459564373517,
            129.52513966480447
        ],
        [
            0.6274509803921569,
            0.3805970149253731,
            134.0
        ],
        [
            0.6274509803921569,
            0.37362637362637363,
            136.5
        ],
        [
            0.6274509803921569,
            0.38345864661654133,
            133.0
        ],
        [
            0.6274509803921569,
            0.4103992571959146,
            124.26923076923077
        ],
        [
            0.6274509803921569,
            0.3893129770992366,
            131.0
        ],
        [
            0.6274509803921569,
            0.40283593452607536,
            126.60240963855422
        ]
    ]
}