{
    "rgb_colors": [
        [
            84.16470588235295,
            90.16470588235295,
            124.83529411764705
        ],
        [
            90.07142857142857,
            96.07142857142857,
            130.92857142857142
        ],
        [
            87.13333333333334,
            93.13333333333334,
            127.86666666666666
        ],
        [
            88.10526315789474,
            94.10526315789474,
            128.89473684210526
        ],
        [
            80.5625,
            86.5625,
            121.5625
        ],
        [
            86.1639344262295,
            92.1639344262295,
            126.8360655737705
        ],
        [
            89.07407407407408,
            95.07407407407408,
            129.92592592592592
        ],
        [
            82.81188118811882,
            88.81188118811882,
            123.45544554455445
        ],
        [
            85.17424242424242,
            91.17424242424242,
            125.82575757575758
        ],
        [
            91.28,
            97.28,
            132.28
        ]
    ],
    "hex_colors": [
        "#545a7c",
        "#5a6082",
        "#575d7f",
        "#585e80",
        "#505679",
        "#565c7e",
        "#595f81",
        "#52587b",
        "#555b7d",
        "#5b6184"
    ],
    "hsl_color_values": [
        [
            0.6420788737826632,
            0.32579398737159543,
            124.83529411764705
        ],
        [
            0.6421911421911423,
            0.31205673758865243,
            130.92857142857142
        ],
        [
            0.6421167484997272,
            0.31856100104275276,
            127.86666666666666
        ],
        [
            0.6421505376344085,
            0.3164556962025316,
            128.89473684210526
        ],
        [
            0.6422764227642276,
            0.3372750642673522,
            121.5625
        ],
        [
            0.6420798065296252,
            0.3206669251647926,
            126.8360655737705
        ],
        [
            0.6421879721970384,
            0.31442417331812994,
            129.92592592592592
        ],
        [
            0.6420625253755583,
            0.3292164568128959,
            123.45544554455445
        ],
        [
            0.6420673375574606,
            0.3230778493587814,
            125.82575757575758
        ],
        [
            0.6422764227642276,
            0.3099485938917448,
            132.28
        ]
    ]
}