{
    "rgb_colors": [
        [
            49.32098765432099,
            58.839506172839506,
            93.0
        ],
        [
            59.25714285714286,
            68.57142857142857,
            102.8
        ],
        [
            48.355555555555554,
            57.68888888888889,
            91.91111111111111
        ],
        [
            57.476190476190474,
            65.33333333333333,
            100.04761904761905
        ],
        [
            55.04054054054054,
            62.04054054054054,
            97.04054054054055
        ],
        [
            55.3125,
            65.3125,
            99.3125
        ],
        [
            46.5,
            56.3235294117647,
            90.38235294117646
        ],
        [
            53.34928229665072,
            63.34928229665072,
            97.34928229665071
        ],
        [
            52.15384615384615,
            61.69230769230769,
            95.84615384615384
        ],
        [
            50.63157894736842,
            60.43724696356275,
            94.50202429149797
        ]
    ],
    "hex_colors": [
        "#313a5d",
        "#3b4466",
        "#30395b",
        "#394164",
        "#373e61",
        "#374163",
        "#2e385a",
        "#353f61",
        "#343d5f",
        "#323c5e"
    ],
    "hsl_color_values": [
        [
            0.6303467118899566,
            0.46966679941590334,
            93.0
        ],
        [
            0.6310148731408574,
            0.42356864924958304,
            102.8
        ],
        [
            0.6309523809523809,
            0.47388781431334626,
            91.91111111111111
        ],
        [
            0.6359060402684564,
            0.4255116611137554,
            100.04761904761905
        ],
        [
            0.6388888888888888,
            0.4328088010026459,
            97.04054054054055
        ],
        [
            0.6287878787878788,
            0.4430459408432977,
            99.3125
        ],
        [
            0.6293565683646113,
            0.4855190367718841,
            90.38235294117646
        ],
        [
            0.6287878787878788,
            0.4519807333136734,
            97.34928229665071
        ],
        [
            0.630281690140845,
            0.45585874799357945,
            95.84615384615384
        ],
        [
            0.6294142980189492,
            0.46422757261588554,
            94.50202429149797
        ]
    ]
}