{
    "rgb_colors": [
        [
            0.0,
            39.0,
            139.0
        ],
        [
            34.71836734693878,
            62.71632653061224,
            151.65510204081633
        ],
        [
            25.333333333333336,
            54.333333333333336,
            146.16666666666666
        ],
        [
            33.310344827586206,
            61.06896551724138,
            149.3448275862069
        ],
        [
            48.0,
            74.5,
            163.5
        ],
        [
            81.5,
            103.0,
            186.0
        ],
        [
            37.720588235294116,
            65.58823529411765,
            156.14705882352942
        ],
        [
            98.0,
            120.0,
            199.0
        ],
        [
            67.5,
            90.5,
            173.0
        ],
        [
            36.163895486935864,
            64.13064133016627,
            153.353919239905
        ]
    ],
    "hex_colors": [
        "#00278b",
        "#223e97",
        "#193692",
        "#213d95",
        "#304aa3",
        "#5167ba",
        "#25419c",
        "#6278c7",
        "#435aad",
        "#244099"
    ],
    "hsl_color_values": [
        [
            0.6199040767386091,
            1.0,
            139.0
        ],
        [
            0.626761956287777,
            0.771070231863385,
            151.65510204081633
        ],
        [
            0.6266666666666666,
            0.8266818700114025,
            146.16666666666666
        ],
        [
            0.6267954432887568,
            0.776956822904641,
            149.3448275862069
        ],
        [
            0.6284271284271284,
            0.7064220183486238,
            163.5
        ],
        [
            0.6323763955342904,
            0.5618279569892473,
            186.0
        ],
        [
            0.6274473281178857,
            0.7584290826897722,
            156.14705882352942
        ],
        [
            0.6303630363036303,
            0.507537688442211,
            199.0
        ],
        [
            0.6303317535545023,
            0.6098265895953757,
            173.0
        ],
        [
            0.626892595820581,
            0.7641801679006226,
            153.353919239905
        ]
    ]
}