{
    "rgb_colors": [
        [
            26.996875,
            50.009375,
            118.990625
        ],
        [
            27.988317757009344,
            51.01635514018692,
            119.97897196261682
        ],
        [
            28.961904761904762,
            51.98095238095238,
            120.95238095238095
        ],
        [
            25.971830985915492,
            48.95774647887324,
            117.95774647887323
        ],
        [
            28.0,
            50.0,
            119.0
        ],
        [
            28.11111111111111,
            53.111111111111114,
            121.0
        ],
        [
            27.0,
            49.0,
            118.06666666666666
        ],
        [
            30.125,
            53.125,
            122.125
        ],
        [
            26.941176470588236,
            52.1764705882353,
            119.94117647058823
        ],
        [
            29.0,
            51.0,
            120.0
        ]
    ],
    "hex_colors": [
        "#1a3276",
        "#1b3377",
        "#1c3378",
        "#193075",
        "#1c3277",
        "#1c3579",
        "#1b3176",
        "#1e357a",
        "#1a3477",
        "#1d3378"
    ],
    "hsl_color_values": [
        [
            0.6249745227257287,
            0.7731176300653938,
            118.990625
        ],
        [
            0.6249449693521623,
            0.7667231407372788,
            119.97897196261682
        ],
        [
            0.6249611761051869,
            0.7605511811023622,
            120.95238095238095
        ],
        [
            0.6250191394885928,
            0.7798208955223881,
            117.95774647887323
        ],
        [
            0.6263736263736264,
            0.7647058823529411,
            119.0
        ],
        [
            0.6218102073365231,
            0.7676767676767676,
            121.0
        ],
        [
            0.6264031234748657,
            0.7713156408808582,
            118.06666666666666
        ],
        [
            0.625,
            0.7533265097236438,
            122.125
        ],
        [
            0.6214421252371917,
            0.775380088278568,
            119.94117647058823
        ],
        [
            0.6263736263736264,
            0.7583333333333333,
            120.0
        ]
    ]
}