{
    "rgb_colors": [
        [
            59.793103448275865,
            92.11206896551724,
            181.05172413793105
        ],
        [
            87.14285714285714,
            117.42857142857143,
            199.85714285714286
        ],
        [
            52.60669456066945,
            86.03347280334728,
            174.39330543933053
        ],
        [
            56.41379310344828,
            89.47413793103448,
            178.35344827586206
        ],
        [
            119.0,
            148.2,
            212.8
        ],
        [
            47.84375,
            81.3125,
            170.53125
        ],
        [
            32.833333333333336,
            71.0,
            168.0
        ],
        [
            104.4,
            134.6,
            215.2
        ],
        [
            76.625,
            107.625,
            191.125
        ],
        [
            54.825581395348834,
            87.77131782945736,
            176.13953488372093
        ]
    ],
    "hex_colors": [
        "#3b5cb5",
        "#5775c7",
        "#3456ae",
        "#3859b2",
        "#7794d4",
        "#2f51aa",
        "#2047a8",
        "#6886d7",
        "#4c6bbf",
        "#3657b0"
    ],
    "hsl_color_values": [
        [
            0.6222451301009526,
            0.6697457385010951,
            181.05172413793105
        ],
        [
            0.6218842416561047,
            0.5639742673338098,
            199.85714285714286
        ],
        [
            0.6209216568752076,
            0.6983445297504799,
            174.39330543933053
        ],
        [
            0.6214799104512784,
            0.6836966503939291,
            178.35344827586206
        ],
        [
            0.6147832267235253,
            0.44078947368421056,
            212.8
        ],
        [
            0.6212005433859739,
            0.7194429173538575,
            170.53125
        ],
        [
            0.6196054254007398,
            0.804563492063492,
            168.0
        ],
        [
            0.6212394705174488,
            0.5148698884758364,
            215.2
        ],
        [
            0.6215429403202329,
            0.5990843688685416,
            191.125
        ],
        [
            0.6214043047168706,
            0.6887377871666227,
            176.13953488372093
        ]
    ]
}