{
    "rgb_colors": [
        [
            67.0,
            80.0,
            116.0
        ],
        [
            74.46666666666667,
            87.46666666666667,
            123.46666666666667
        ],
        [
            69.0,
            82.0,
            118.0
        ],
        [
            70.0,
            83.0,
            119.0
        ],
        [
            72.33333333333333,
            85.33333333333333,
            121.33333333333333
        ],
        [
            63.3974358974359,
            76.3974358974359,
            112.3974358974359
        ],
        [
            68.0,
            81.0,
            117.0
        ],
        [
            66.0,
            79.0,
            115.0
        ],
        [
            65.0,
            78.0,
            114.0
        ],
        [
            71.0,
            84.0,
            120.0
        ]
    ],
    "hex_colors": [
        "#435074",
        "#4a577b",
        "#455276",
        "#465377",
        "#485579",
        "#3f4c70",
        "#445175",
        "#424f73",
        "#414e72",
        "#475478"
    ],
    "hsl_color_values": [
        [
            0.6224489795918368,
            0.4224137931034483,
            116.0
        ],
        [
            0.6224489795918368,
            0.3968682505399568,
            123.46666666666667
        ],
        [
            0.6224489795918368,
            0.4152542372881356,
            118.0
        ],
        [
            0.6224489795918368,
            0.4117647058823529,
            119.0
        ],
        [
            0.6224489795918368,
            0.40384615384615385,
            121.33333333333333
        ],
        [
            0.6224489795918368,
            0.4359530055891411,
            112.3974358974359
        ],
        [
            0.6224489795918368,
            0.4188034188034188,
            117.0
        ],
        [
            0.6224489795918368,
            0.4260869565217391,
            115.0
        ],
        [
            0.6224489795918368,
            0.4298245614035088,
            114.0
        ],
        [
            0.6224489795918368,
            0.4083333333333333,
            120.0
        ]
    ]
}