{
    "rgb_colors": [
        [
            85.5,
            110.5,
            171.0
        ],
        [
            20.033557046979865,
            57.74832214765101,
            130.99664429530202
        ],
        [
            15.369230769230768,
            54.16923076923077,
            127.44615384615385
        ],
        [
            33.75,
            68.625,
            140.5
        ],
        [
            18.53846153846154,
            56.424615384615386,
            129.44615384615383
        ],
        [
            23.78688524590164,
            61.40983606557377,
            134.39344262295083
        ],
        [
            73.0,
            99.5,
            164.5
        ],
        [
            42.25,
            75.58333333333333,
            146.0
        ],
        [
            0.0,
            36.5,
            118.75
        ],
        [
            21.497975708502025,
            59.2753036437247,
            132.26315789473685
        ]
    ],
    "hex_colors": [
        "#556eab",
        "#143982",
        "#0f367f",
        "#21448c",
        "#123881",
        "#173d86",
        "#4963a4",
        "#2a4b92",
        "#002476",
        "#153b84"
    ],
    "hsl_color_values": [
        [
            0.617933723196881,
            0.5,
            171.0
        ],
        [
            0.6100190522272961,
            0.8470681660988293,
            130.99664429530202
        ],
        [
            0.6089681994966827,
            0.879406084017383,
            127.44615384615385
        ],
        [
            0.6122170179547228,
            0.7597864768683275,
            140.5
        ],
        [
            0.6097332038655384,
            0.8567863085333967,
            129.44615384615383
        ],
        [
            0.6099748036164221,
            0.8230056111246645,
            134.39344262295083
        ],
        [
            0.6183970856102005,
            0.5562310030395137,
            164.5
        ],
        [
            0.6131191432396251,
            0.7106164383561644,
            146.0
        ],
        [
            0.6154385964912281,
            1.0,
            118.75
        ],
        [
            0.6098237021333626,
            0.837460589549726,
            132.26315789473685
        ]
    ]
}