{
    "rgb_colors": [
        [
            47.911764705882355,
            57.794117647058826,
            90.14705882352942
        ],
        [
            254.8125,
            241.875,
            209.5
        ],
        [
            65.79092702169625,
            75.04339250493096,
            112.60749506903353
        ],
        [
            145.78571428571428,
            127.64285714285714,
            98.92857142857143
        ],
        [
            44.3,
            42.1,
            63.199999999999996
        ],
        [
            174.1111111111111,
            157.1111111111111,
            121.88888888888889
        ],
        [
            56.741379310344826,
            65.70689655172414,
            96.56896551724138
        ],
        [
            62.72043010752688,
            72.3010752688172,
            104.49462365591398
        ],
        [
            30.91666666666667,
            28.583333333333336,
            50.41666666666667
        ],
        [
            68.30392156862744,
            77.68627450980392,
            115.2107843137255
        ]
    ],
    "hex_colors": [
        "#2f395a",
        "#fef1d1",
        "#414b70",
        "#917f62",
        "#2c2a3f",
        "#ae9d79",
        "#384160",
        "#3e4868",
        "#1e1c32",
        "#444d73"
    ],
    "hsl_color_values": [
        [
            0.627669452181987,
            0.46851549755301797,
            90.14705882352942
        ],
        [
            0.11908045977011494,
            0.17782683345597253,
            254.8125
        ],
        [
            0.6337279519155151,
            0.41575001751558893,
            112.60749506903353
        ],
        [
            0.10213414634146341,
            0.32141107300342964,
            145.78571428571428
        ],
        [
            0.684044233807267,
            0.33386075949367083,
            63.199999999999996
        ],
        [
            0.11241134751773048,
            0.29993618379068276,
            174.1111111111111
        ],
        [
            0.6291486291486291,
            0.4124263524370648,
            96.56896551724138
        ],
        [
            0.6284427284427284,
            0.3997736159703643,
            104.49462365591398
        ],
        [
            0.6844783715012723,
            0.43305785123966944,
            50.41666666666667
        ],
        [
            0.6333298498624029,
            0.4071395141045825,
            115.2107843137255
        ]
    ]
}