{
    "rgb_colors": [
        [
            83.66666666666667,
            123.16666666666667,
            162.22222222222223
        ],
        [
            49.400809716599184,
            84.35627530364373,
            165.75303643724698
        ],
        [
            122.52380952380952,
            163.38095238095238,
            177.0
        ],
        [
            244.75886524822695,
            251.64539007092196,
            180.2340425531915
        ],
        [
            235.89473684210526,
            241.57894736842104,
            159.60526315789474
        ],
        [
            166.88235294117646,
            199.52941176470588,
            183.11764705882354
        ],
        [
            46.141592920353986,
            80.68436578171091,
            160.05014749262537
        ],
        [
            215.25,
            231.8125,
            194.25
        ],
        [
            251.0344827586207,
            253.55172413793105,
            194.48275862068965
        ],
        [
            241.6012658227848,
            248.84810126582278,
            174.18987341772151
        ]
    ],
    "hex_colors": [
        "#537ba2",
        "#3154a5",
        "#7aa3b1",
        "#f4fbb4",
        "#ebf19f",
        "#a6c7b7",
        "#2e50a0",
        "#d7e7c2",
        "#fbfdc2",
        "#f1f8ae"
    ],
    "hsl_color_values": [
        [
            0.5828618576143328,
            0.48424657534246573,
            162.22222222222223
        ],
        [
            0.6165953350267349,
            0.7019613590288465,
            165.75303643724698
        ],
        [
            0.5416666666666666,
            0.30777508743610443,
            177.0
        ],
        [
            0.18273910020856085,
            0.2837776900963868,
            251.64539007092196
        ],
        [
            0.17822364901016585,
            0.3393246187363834,
            241.57894736842104
        ],
        [
            0.41621621621621624,
            0.16362028301886797,
            199.52941176470588
        ],
        [
            0.6161249946048599,
            0.7117054020679359,
            160.05014749262537
        ],
        [
            0.2401552967276761,
            0.16203828525208952,
            231.8125
        ],
        [
            0.17376921580073948,
            0.2329661362709099,
            253.55172413793105
        ],
        [
            0.18284446705097776,
            0.30001526018617425,
            248.84810126582278
        ]
    ]
}