{
    "rgb_colors": [
        [
            18.333333333333336,
            24.0,
            54.66666666666667
        ],
        [
            26.199999999999996,
            30.599999999999994,
            60.3
        ],
        [
            51.09375,
            55.96875,
            86.03125
        ],
        [
            62.31358885017421,
            73.17421602787456,
            110.14285714285714
        ],
        [
            47.46875,
            38.03125,
            31.15625
        ],
        [
            64.21951219512195,
            72.82926829268293,
            107.14634146341463
        ],
        [
            59.58024691358025,
            68.03703703703704,
            102.93827160493827
        ],
        [
            156.3125,
            146.875,
            140.0
        ],
        [
            52.351351351351354,
            64.21621621621621,
            100.27027027027027
        ],
        [
            65.12,
            76.04,
            113.04
        ]
    ],
    "hex_colors": [
        "#121836",
        "#1a1e3c",
        "#333756",
        "#3e496e",
        "#2f261f",
        "#40486b",
        "#3b4466",
        "#9c928c",
        "#344064",
        "#414c71"
    ],
    "hsl_color_values": [
        [
            0.6406727828746178,
            0.6646341463414634,
            54.66666666666667
        ],
        [
            0.6451612903225806,
            0.5655058043117746,
            60.3
        ],
        [
            0.6434108527131782,
            0.40610243370868143,
            86.03125
        ],
        [
            0.6288215439158836,
            0.4342475720477049,
            110.14285714285714
        ],
        [
            0.070242656449553,
            0.3436471362738644,
            47.46875
        ],
        [
            0.6332386363636364,
            0.4006373776462554,
            107.14634146341463
        ],
        [
            0.6341590736522399,
            0.4212041256896138,
            102.93827160493827
        ],
        [
            0.070242656449553,
            0.10435825669732107,
            156.3125
        ],
        [
            0.6253995111863132,
            0.4778975741239892,
            100.27027027027027
        ],
        [
            0.6286867000556483,
            0.42392073602264685,
            113.04
        ]
    ]
}