{
    "rgb_colors": [
        [
            89.0625,
            91.9375,
            116.875
        ],
        [
            84.4931506849315,
            87.4931506849315,
            113.4931506849315
        ],
        [
            81.97222222222223,
            84.97222222222223,
            110.97222222222223
        ],
        [
            77.95348837209302,
            80.06976744186046,
            104.6046511627907
        ],
        [
            84.43617021276596,
            86.56382978723404,
            111.0
        ],
        [
            79.93081761006289,
            82.18867924528301,
            106.9874213836478
        ],
        [
            83.352,
            85.648,
            110.0
        ],
        [
            87.12987012987013,
            89.76623376623377,
            114.77922077922078
        ],
        [
            82.03645833333333,
            84.21354166666667,
            108.625
        ],
        [
            85.81751824817518,
            87.89781021897811,
            112.35766423357664
        ]
    ],
    "hex_colors": [
        "#595b74",
        "#545771",
        "#51546e",
        "#4d5068",
        "#54566f",
        "#4f526a",
        "#53556e",
        "#575972",
        "#52546c",
        "#555770"
    ],
    "hsl_color_values": [
        [
            0.649438202247191,
            0.23796791443850268,
            116.875
        ],
        [
            0.6494252873563218,
            0.2555220277610139,
            113.4931506849315
        ],
        [
            0.6494252873563218,
            0.26132665832290364,
            110.97222222222223
        ],
        [
            0.6534322280395579,
            0.2547799021787462,
            104.6046511627907
        ],
        [
            0.6533173141102657,
            0.23931378186697336,
            111.0
        ],
        [
            0.6527584069425073,
            0.2528951854682265,
            106.9874213836478
        ],
        [
            0.6523066146302412,
            0.24225454545454542,
            110.0
        ],
        [
            0.6507750117426022,
            0.24089160443539265,
            114.77922077922078
        ],
        [
            0.6530199151158994,
            0.24477368622938248,
            108.625
        ],
        [
            0.6536028602860285,
            0.236211264860651,
            112.35766423357664
        ]
    ]
}