{
    "rgb_colors": [
        [
            71.0,
            82.0,
            118.34408602150538
        ],
        [
            64.65137614678899,
            75.65137614678899,
            112.3211009174312
        ],
        [
            73.83333333333333,
            84.83333333333333,
            121.54166666666667
        ],
        [
            67.0,
            78.0,
            114.51333333333334
        ],
        [
            61.3,
            72.3,
            108.9
        ],
        [
            70.0,
            81.0,
            117.44715447154472
        ],
        [
            68.0,
            79.0,
            115.55757575757576
        ],
        [
            72.28070175438596,
            83.28070175438596,
            119.50877192982456
        ],
        [
            66.0,
            77.0,
            113.6231884057971
        ],
        [
            69.0,
            80.0,
            116.6
        ]
    ],
    "hex_colors": [
        "#475276",
        "#404b70",
        "#495479",
        "#434e72",
        "#3d486c",
        "#465175",
        "#444f73",
        "#485377",
        "#424d71",
        "#455074"
    ],
    "hsl_color_values": [
        [
            0.6279430691195397,
            0.4000545157186989,
            118.34408602150538
        ],
        [
            0.6282075955863484,
            0.42440578289634895,
            112.3211009174312
        ],
        [
            0.6282387190684133,
            0.3925265683921838,
            121.54166666666667
        ],
        [
            0.6280810065010991,
            0.4149152937067008,
            114.51333333333334
        ],
        [
            0.6281512605042017,
            0.4370982552800735,
            108.9
        ],
        [
            0.628027187571396,
            0.4039872629101482,
            117.44715447154472
        ],
        [
            0.6281169024255554,
            0.4115487491477422,
            115.55757575757576
        ],
        [
            0.6278479445269936,
            0.3951849677040517,
            119.50877192982456
        ],
        [
            0.6281700142016636,
            0.41913265306122444,
            113.6231884057971
        ],
        [
            0.6281512605042017,
            0.4082332761578044,
            116.6
        ]
    ]
}