{
    "rgb_colors": [
        [
            232.6206896551724,
            226.31034482758622,
            195.10344827586206
        ],
        [
            234.41496598639455,
            228.00680272108843,
            197.0408163265306
        ],
        [
            237.04123711340208,
            230.28865979381445,
            200.4020618556701
        ],
        [
            233.8372093023256,
            228.30232558139534,
            200.25581395348837
        ],
        [
            239.61111111111111,
            233.77777777777777,
            207.27777777777777
        ],
        [
            237.28682170542635,
            231.75193798449612,
            202.73643410852713
        ],
        [
            236.55555555555554,
            230.5,
            204.53703703703704
        ],
        [
            238.39805825242718,
            233.07766990291262,
            204.80582524271844
        ],
        [
            235.55191256830602,
            230.34426229508196,
            201.6830601092896
        ],
        [
            235.70289855072463,
            229.0144927536232,
            199.1014492753623
        ]
    ],
    "hex_colors": [
        "#e8e2c3",
        "#eae4c5",
        "#ede6c8",
        "#e9e4c8",
        "#efe9cf",
        "#ede7ca",
        "#ece6cc",
        "#eee9cc",
        "#ebe6c9",
        "#ebe5c7"
    ],
    "hsl_color_values": [
        [
            0.1386335784313726,
            0.1612807589682775,
            232.6206896551724
        ],
        [
            0.13809003761679411,
            0.15943585130154678,
            234.41496598639455
        ],
        [
            0.13595010317013695,
            0.15456878180315756,
            237.04123711340208
        ],
        [
            0.13919667590027693,
            0.1436101442068623,
            233.8372093023256
        ],
        [
            0.13659793814432986,
            0.13494087642012523,
            239.61111111111111
        ],
        [
            0.1399670929623813,
            0.14560601110748117,
            237.28682170542635
        ],
        [
            0.13514555619818783,
            0.13535306090496316,
            236.55555555555554
        ],
        [
            0.14026974951830445,
            0.1409081653431073,
            238.39805825242718
        ],
        [
            0.1410401204689684,
            0.14378508792279504,
            235.55191256830602
        ],
        [
            0.13621065135616714,
            0.15528637747102406,
            235.70289855072463
        ]
    ]
}