{
    "rgb_colors": [
        [
            22.0,
            45.9375,
            135.0
        ],
        [
            23.98,
            48.0,
            138.0
        ],
        [
            23.013297872340427,
            47.01063829787234,
            137.0
        ],
        [
            22.0,
            46.0,
            136.0
        ],
        [
            20.80851063829787,
            45.06382978723404,
            135.0
        ],
        [
            22.0,
            47.0,
            137.0
        ],
        [
            22.9,
            46.9375,
            136.0
        ],
        [
            21.0,
            46.0,
            136.0
        ],
        [
            24.0,
            48.0,
            137.0
        ],
        [
            25.0,
            49.0,
            138.6
        ]
    ],
    "hex_colors": [
        "#162d87",
        "#17308a",
        "#172f89",
        "#162e88",
        "#142d87",
        "#162f89",
        "#162e88",
        "#152e88",
        "#183089",
        "#19318a"
    ],
    "hsl_color_values": [
        [
            0.6313606194690266,
            0.837037037037037,
            135.0
        ],
        [
            0.6315558673916857,
            0.826231884057971,
            138.0
        ],
        [
            0.6315787426989274,
            0.8320197235595589,
            137.0
        ],
        [
            0.6315789473684211,
            0.8382352941176471,
            136.0
        ],
        [
            0.631265138811254,
            0.8458628841607565,
            135.0
        ],
        [
            0.6304347826086957,
            0.8394160583941606,
            137.0
        ],
        [
            0.6312444739168876,
            0.8316176470588235,
            136.0
        ],
        [
            0.6304347826086957,
            0.8455882352941176,
            136.0
        ],
        [
            0.631268436578171,
            0.8248175182481752,
            137.0
        ],
        [
            0.6314553990610329,
            0.8196248196248196,
            138.6
        ]
    ]
}