{
    "rgb_colors": [
        [
            142.23076923076923,
            134.9102564102564,
            120.64102564102564
        ],
        [
            222.64285714285714,
            219.32857142857142,
            210.72857142857143
        ],
        [
            202.52767527675275,
            195.77121771217713,
            182.85239852398524
        ],
        [
            6.653333333333322,
            6.493333333333325,
            52.346666666666664
        ],
        [
            32.49438202247191,
            34.15730337078652,
            79.12359550561797
        ],
        [
            90.9655172413793,
            85.51724137931035,
            76.20689655172413
        ],
        [
            180.76712328767124,
            173.47945205479454,
            159.75342465753425
        ],
        [
            21.608108108108098,
            22.5135135135135,
            28.743243243243242
        ],
        [
            161.0,
            154.2156862745098,
            138.5751633986928
        ],
        [
            1.5446428571428612,
            1.642857142857153,
            10.25
        ]
    ],
    "hex_colors": [
        "#8e8678",
        "#dedbd2",
        "#cac3b6",
        "#060634",
        "#20224f",
        "#5a554c",
        "#b4ad9f",
        "#15161c",
        "#a19a8a",
        "#01010a"
    ],
    "hsl_color_values": [
        [
            0.11015439429928743,
            0.1517937623940869,
            142.23076923076923
        ],
        [
            0.12030375699440443,
            0.053512993262752634,
            222.64285714285714
        ],
        [
            0.10943360840210074,
            0.0971485834016579,
            202.52767527675275
        ],
        [
            0.6672482310749248,
            0.8759551706571576,
            52.346666666666664
        ],
        [
            0.6607228915662651,
            0.5893212155637603,
            79.12359550561797
        ],
        [
            0.105140186915888,
            0.1622441243366187,
            90.9655172413793
        ],
        [
            0.10886571056062588,
            0.11624734768111548,
            180.76712328767124
        ],
        [
            0.6455176767676768,
            0.24823695345557154,
            28.743243243243242
        ],
        [
            0.11624404935392989,
            0.1392846993870012,
            161.0
        ],
        [
            0.6647863247863247,
            0.8493031358885014,
            10.25
        ]
    ]
}