{
    "rgb_colors": [
        [
            11.390625,
            5.90625,
            2.984375
        ],
        [
            2.6068965517241374,
            1.1931034482758616,
            6.103448275862069
        ],
        [
            9.59375,
            6.515625,
            11.546875
        ],
        [
            29.772727272727273,
            24.18181818181818,
            20.824675324675326
        ],
        [
            22.646153846153847,
            18.861538461538462,
            20.584615384615386
        ],
        [
            34.70454545454545,
            29.136363636363637,
            26.56818181818182
        ],
        [
            18.14864864864865,
            12.5,
            8.91891891891892
        ],
        [
            22.573033707865168,
            16.870786516853933,
            12.99438202247191
        ],
        [
            26.322751322751323,
            20.486772486772487,
            16.994708994708994
        ],
        [
            16.574468085106382,
            13.25531914893617,
            15.702127659574469
        ]
    ],
    "hex_colors": [
        "#0b0502",
        "#020106",
        "#09060b",
        "#1d1814",
        "#161214",
        "#221d1a",
        "#120c08",
        "#16100c",
        "#1a1410",
        "#100d0f"
    ],
    "hsl_color_values": [
        [
            0.05793060718711276,
            0.7379972565157751,
            11.390625
        ],
        [
            0.7146535580524344,
            0.8045197740112995,
            6.103448275862069
        ],
        [
            0.7686335403726708,
            0.435723951285521,
            11.546875
        ],
        [
            0.06253023705853888,
            0.3005452562704471,
            29.772727272727273
        ],
        [
            0.924119241192412,
            0.16711956521739132,
            22.646153846153847
        ],
        [
            0.052607076350093096,
            0.23444662737393573,
            34.70454545454545
        ],
        [
            0.0646656905807711,
            0.5085629188384214,
            18.14864864864865
        ],
        [
            0.06744868035190617,
            0.4243404678944748,
            22.573033707865168
        ],
        [
            0.062393647192285906,
            0.35437185929648246,
            26.322751322751323
        ],
        [
            0.877136752136752,
            0.2002567394094993,
            16.574468085106382
        ]
    ]
}