{
    "rgb_colors": [
        [
            236.52469135802468,
            230.52469135802468,
            215.52469135802468
        ],
        [
            242.69375,
            236.69375,
            221.69375
        ],
        [
            231.43333333333334,
            225.43333333333334,
            210.43333333333334
        ],
        [
            247.54545454545453,
            241.54545454545453,
            226.54545454545453
        ],
        [
            245.325,
            239.325,
            224.325
        ],
        [
            234.02020202020202,
            228.02020202020202,
            213.02020202020202
        ],
        [
            239.0,
            233.0,
            218.0
        ],
        [
            240.0,
            234.0,
            219.0
        ],
        [
            241.0,
            235.0,
            220.0
        ],
        [
            238.0,
            232.0,
            217.0
        ]
    ],
    "hex_colors": [
        "#ece6d7",
        "#f2ecdd",
        "#e7e1d2",
        "#f7f1e2",
        "#f5efe0",
        "#eae4d5",
        "#efe9da",
        "#f0eadb",
        "#f1ebdc",
        "#eee8d9"
    ],
    "hsl_color_values": [
        [
            0.11904761904761905,
            0.08878565649711617,
            236.52469135802468
        ],
        [
            0.11904761904761905,
            0.08652880430583812,
            242.69375
        ],
        [
            0.11904761904761905,
            0.09073887368572663,
            231.43333333333334
        ],
        [
            0.11904761904761905,
            0.08483290488431877,
            247.54545454545453
        ],
        [
            0.11904761904761905,
            0.08560073372057475,
            245.325
        ],
        [
            0.11904761904761905,
            0.08973584254143646,
            234.02020202020202
        ],
        [
            0.11904761904761905,
            0.08786610878661087,
            239.0
        ],
        [
            0.11904761904761905,
            0.0875,
            240.0
        ],
        [
            0.11904761904761905,
            0.08713692946058091,
            241.0
        ],
        [
            0.11904761904761905,
            0.08823529411764706,
            238.0
        ]
    ]
}