{
    "rgb_colors": [
        [
            160.15882352941176,
            153.15882352941176,
            144.15882352941176
        ],
        [
            166.0,
            159.0,
            150.0
        ],
        [
            162.4663212435233,
            155.4663212435233,
            146.4663212435233
        ],
        [
            157.23076923076923,
            150.23076923076923,
            141.23076923076923
        ],
        [
            164.0,
            157.0,
            148.0
        ],
        [
            165.0,
            158.0,
            149.0
        ],
        [
            169.94285714285715,
            162.94285714285715,
            153.94285714285715
        ],
        [
            167.0,
            160.0,
            151.0
        ],
        [
            168.0,
            161.0,
            152.0
        ],
        [
            153.88888888888889,
            146.88888888888889,
            137.88888888888889
        ]
    ],
    "hex_colors": [
        "#a09990",
        "#a69f96",
        "#a29b92",
        "#9d968d",
        "#a49d94",
        "#a59e95",
        "#a9a299",
        "#a7a097",
        "#a8a198",
        "#999289"
    ],
    "hsl_color_values": [
        [
            0.09375,
            0.09990083373122269,
            160.15882352941176
        ],
        [
            0.09375,
            0.0963855421686747,
            166.0
        ],
        [
            0.09375,
            0.09848194922821789,
            162.4663212435233
        ],
        [
            0.09375,
            0.10176125244618396,
            157.23076923076923
        ],
        [
            0.09375,
            0.0975609756097561,
            164.0
        ],
        [
            0.09375,
            0.09696969696969697,
            165.0
        ],
        [
            0.09375,
            0.0941492938802959,
            169.94285714285715
        ],
        [
            0.09375,
            0.09580838323353294,
            167.0
        ],
        [
            0.09375,
            0.09523809523809523,
            168.0
        ],
        [
            0.09375,
            0.10397111913357401,
            153.88888888888889
        ]
    ]
}