{
    "rgb_colors": [
        [
            154.7826086956522,
            148.82608695652175,
            139.69565217391306
        ],
        [
            4.038095238095231,
            0.9190476190476176,
            1.971428571428568
        ],
        [
            49.12565445026178,
            43.56544502617801,
            38.09947643979058
        ],
        [
            39.867768595041326,
            34.22314049586777,
            28.40495867768595
        ],
        [
            57.75609756097561,
            52.103658536585364,
            46.47560975609756
        ],
        [
            67.04444444444445,
            61.70370370370371,
            54.74074074074074
        ],
        [
            26.075949367088608,
            21.088607594936708,
            16.025316455696203
        ],
        [
            116.32000000000001,
            110.38,
            101.64
        ],
        [
            133.54285714285714,
            127.57142857142857,
            118.77142857142857
        ],
        [
            90.625,
            84.9375,
            75.5
        ]
    ],
    "hex_colors": [
        "#9a948b",
        "#040001",
        "#312b26",
        "#27221c",
        "#39342e",
        "#433d36",
        "#1a1510",
        "#746e65",
        "#857f76",
        "#5a544b"
    ],
    "hsl_color_values": [
        [
            0.10086455331412099,
            0.0974719101123595,
            154.7826086956522
        ],
        [
            0.943765903307888,
            0.7724056603773585,
            4.038095238095231
        ],
        [
            0.08262108262108264,
            0.2244484706383885,
            49.12565445026178
        ],
        [
            0.08459504926700308,
            0.2875207296849089,
            39.867768595041326
        ],
        [
            0.0831531531531531,
            0.1953125,
            57.75609756097561
        ],
        [
            0.09432069034718044,
            0.183515633631643,
            67.04444444444445
        ],
        [
            0.08396305625524765,
            0.3854368932038835,
            26.075949367088608
        ],
        [
            0.0992279745685739,
            0.12620357634112797,
            116.32000000000001
        ],
        [
            0.09929078014184393,
            0.11061189559264015,
            133.54285714285714
        ],
        [
            0.10399449035812673,
            0.16689655172413792,
            90.625
        ]
    ]
}