{
    "rgb_colors": [
        [
            70.17647058823529,
            68.17647058823529,
            64.17647058823529
        ],
        [
            58.97222222222222,
            56.97222222222222,
            52.97222222222222
        ],
        [
            51.234042553191486,
            49.234042553191486,
            45.234042553191486
        ],
        [
            57.0,
            55.0,
            51.0
        ],
        [
            61.971428571428575,
            59.971428571428575,
            55.971428571428575
        ],
        [
            53.48872180451128,
            51.48872180451128,
            47.48872180451128
        ],
        [
            55.577777777777776,
            53.577777777777776,
            49.577777777777776
        ],
        [
            48.371428571428574,
            46.371428571428574,
            42.371428571428574
        ],
        [
            66.68085106382979,
            64.68085106382979,
            60.680851063829785
        ],
        [
            64.47,
            62.47,
            58.47
        ]
    ],
    "hex_colors": [
        "#464440",
        "#3a3834",
        "#33312d",
        "#393733",
        "#3d3b37",
        "#35332f",
        "#373531",
        "#302e2a",
        "#42403c",
        "#403e3a"
    ],
    "hsl_color_values": [
        [
            0.11111111111111112,
            0.08549874266554904,
            70.17647058823529
        ],
        [
            0.11111111111111112,
            0.1017428167687235,
            58.97222222222222
        ],
        [
            0.11111111111111112,
            0.11710963455149502,
            51.234042553191486
        ],
        [
            0.11111111111111112,
            0.10526315789473684,
            57.0
        ],
        [
            0.11111111111111112,
            0.09681881051175656,
            61.971428571428575
        ],
        [
            0.11111111111111112,
            0.11217317964576891,
            53.48872180451128
        ],
        [
            0.11111111111111112,
            0.10795681727309077,
            55.577777777777776
        ],
        [
            0.11111111111111112,
            0.12404016538688718,
            48.371428571428574
        ],
        [
            0.11111111111111117,
            0.08998085513720495,
            66.68085106382979
        ],
        [
            0.11111111111111112,
            0.09306654257794324,
            64.47
        ]
    ]
}