{
    "rgb_colors": [
        [
            119.46762589928058,
            82.6978417266187,
            40.87769784172662
        ],
        [
            140.54545454545456,
            106.15584415584416,
            72.32467532467533
        ],
        [
            97.66257668711657,
            60.423312883435585,
            17.69325153374233
        ],
        [
            131.26190476190476,
            95.22222222222223,
            53.89682539682539
        ],
        [
            50.59090909090909,
            23.318181818181813,
            1.5909090909090864
        ],
        [
            108.98958333333333,
            71.99479166666667,
            29.005208333333336
        ],
        [
            146.9090909090909,
            109.68181818181819,
            58.484848484848484
        ],
        [
            82.27160493827161,
            45.80246913580247,
            4.493827160493829
        ],
        [
            159.609756097561,
            122.92682926829269,
            79.51219512195122
        ],
        [
            177.7962962962963,
            140.16666666666666,
            90.53703703703704
        ]
    ],
    "hex_colors": [
        "#775228",
        "#8c6a48",
        "#613c11",
        "#835f35",
        "#321701",
        "#6c471d",
        "#926d3a",
        "#522d04",
        "#9f7a4f",
        "#b18c5a"
    ],
    "hsl_color_values": [
        [
            0.08868851458562187,
            0.6578345176442248,
            119.46762589928058
        ],
        [
            0.08265118345072657,
            0.4854001108852338,
            140.54545454545456
        ],
        [
            0.08905510804244982,
            0.8188328412588731,
            97.66257668711657
        ],
        [
            0.08902680891806869,
            0.5893947638914082,
            131.26190476190476
        ],
        [
            0.07390228818800247,
            0.968553459119497,
            50.59090909090909
        ],
        [
            0.08957912786785616,
            0.7338717385071204,
            108.98958333333333
        ],
        [
            0.09649874343157416,
            0.6018976897689768,
            146.9090909090909
        ],
        [
            0.08851851851851851,
            0.9453781512605041,
            82.27160493827161
        ],
        [
            0.09033698741372309,
            0.5018337408312958,
            159.609756097561
        ],
        [
            0.09479343520090545,
            0.4907822101864389,
            177.7962962962963
        ]
    ]
}