{
    "rgb_colors": [
        [
            90.43137254901961,
            77.44117647058823,
            60.42156862745098
        ],
        [
            84.50666666666666,
            71.50666666666666,
            54.52
        ],
        [
            87.90865384615384,
            74.91826923076923,
            57.90865384615385
        ],
        [
            76.58536585365854,
            63.58536585365854,
            46.58536585365854
        ],
        [
            93.00980392156863,
            80.01960784313725,
            63.0
        ],
        [
            74.08333333333333,
            61.083333333333336,
            44.083333333333336
        ],
        [
            104.66666666666666,
            91.66666666666666,
            74.66666666666666
        ],
        [
            81.43243243243244,
            68.43243243243244,
            51.486486486486484
        ],
        [
            97.5,
            84.5,
            67.5
        ],
        [
            79.11009174311927,
            66.11009174311927,
            49.14678899082569
        ]
    ],
    "hex_colors": [
        "#5a4d3c",
        "#544736",
        "#574a39",
        "#4c3f2e",
        "#5d503f",
        "#4a3d2c",
        "#685b4a",
        "#514433",
        "#615443",
        "#4f4231"
    ],
    "hsl_color_values": [
        [
            0.0945224872046172,
            0.3318516912402429,
            90.43137254901961
        ],
        [
            0.09441233140655103,
            0.3548437993057746,
            84.50666666666666
        ],
        [
            0.09449786324786325,
            0.34126333059885144,
            87.90865384615384
        ],
        [
            0.09444444444444443,
            0.39171974522293,
            76.58536585365854
        ],
        [
            0.0945224872046172,
            0.32265205017392223,
            93.00980392156863
        ],
        [
            0.09444444444444448,
            0.404949381327334,
            74.08333333333333
        ],
        [
            0.09444444444444444,
            0.2866242038216561,
            104.66666666666666
        ],
        [
            0.09431407942238268,
            0.36773979422502495,
            81.43243243243244
        ],
        [
            0.09444444444444444,
            0.3076923076923077,
            97.5
        ],
        [
            0.09435599101857522,
            0.3787544937956628,
            79.11009174311927
        ]
    ]
}