{
    "rgb_colors": [
        [
            21.416666666666686,
            15.416666666666686,
            16.416666666666686
        ],
        [
            107.19999999999999,
            101.19999999999999,
            102.19999999999999
        ],
        [
            196.58868894601542,
            190.58868894601542,
            181.78406169665809
        ],
        [
            2.8918918918918735,
            0.23648648648648418,
            1.0810810810810665
        ],
        [
            152.0909090909091,
            146.0909090909091,
            147.0909090909091
        ],
        [
            130.57142857142858,
            124.57142857142858,
            125.57142857142857
        ],
        [
            208.76923076923077,
            202.76923076923077,
            194.69230769230768
        ],
        [
            236.26923076923077,
            228.26923076923077,
            226.26923076923077
        ],
        [
            221.9047619047619,
            214.0952380952381,
            211.61904761904762
        ],
        [
            201.61144578313252,
            195.61144578313252,
            186.72590361445782
        ]
    ],
    "hex_colors": [
        "#150f10",
        "#6b6566",
        "#c4beb5",
        "#020001",
        "#989293",
        "#827c7d",
        "#d0cac2",
        "#ece4e2",
        "#ddd6d3",
        "#c9c3ba"
    ],
    "hsl_color_values": [
        [
            0.9722222222222222,
            0.28015564202334603,
            21.416666666666686
        ],
        [
            0.9722222222222222,
            0.05597014925373135,
            107.19999999999999
        ],
        [
            0.0991202176303757,
            0.07530762491336818,
            196.58868894601542
        ],
        [
            0.9469889737065313,
            0.9182242990654208,
            2.8918918918918735
        ],
        [
            0.9722222222222222,
            0.03945008965929468,
            152.0909090909091
        ],
        [
            0.9722222222222227,
            0.04595185995623632,
            130.57142857142858
        ],
        [
            0.09562841530054654,
            0.06742815033161394,
            208.76923076923077
        ],
        [
            0.033333333333333326,
            0.04232459710239297,
            236.26923076923077
        ],
        [
            0.04012345679012358,
            0.046351931330472065,
            221.9047619047619
        ],
        [
            0.0994873870227978,
            0.07383282288787632,
            201.61144578313252
        ]
    ]
}