{
    "rgb_colors": [
        [
            244.3709677419355,
            238.3709677419355,
            222.66129032258064
        ],
        [
            241.9278350515464,
            235.9278350515464,
            218.9278350515464
        ],
        [
            238.98717948717947,
            232.98717948717947,
            215.98717948717947
        ],
        [
            234.9795918367347,
            228.9795918367347,
            212.89115646258503
        ],
        [
            241.0,
            235.0,
            220.0
        ],
        [
            238.5121951219512,
            232.5121951219512,
            217.5121951219512
        ],
        [
            233.42696629213484,
            227.42696629213484,
            210.98876404494382
        ],
        [
            231.70212765957447,
            225.70212765957447,
            210.27659574468086
        ],
        [
            230.0909090909091,
            224.0909090909091,
            207.54545454545453
        ],
        [
            236.61832061068702,
            230.61832061068702,
            214.94656488549617
        ]
    ],
    "hex_colors": [
        "#f4eede",
        "#f1ebda",
        "#eee8d7",
        "#eae4d4",
        "#f1ebdc",
        "#eee8d9",
        "#e9e3d2",
        "#e7e1d2",
        "#e6e0cf",
        "#ece6d6"
    ],
    "hsl_color_values": [
        [
            0.120604259534423,
            0.08883902052669794,
            244.3709677419355
        ],
        [
            0.12318840579710144,
            0.09506967230579111,
            241.9278350515464
        ],
        [
            0.12318840579710144,
            0.09623947213132343,
            238.98717948717947
        ],
        [
            0.12139410738117239,
            0.0940015054136993,
            234.9795918367347
        ],
        [
            0.11904761904761905,
            0.08713692946058091,
            241.0
        ],
        [
            0.11904761904761905,
            0.08804581245526127,
            238.5121951219512
        ],
        [
            0.12209981639125356,
            0.09612515042117932,
            233.42696629213484
        ],
        [
            0.11999337967560408,
            0.09247015610651972,
            231.70212765957447
        ],
        [
            0.12231182795698929,
            0.09798498617147379,
            230.0909090909091
        ],
        [
            0.12052365856522251,
            0.09158950866212863,
            236.61832061068702
        ]
    ]
}