{
    "rgb_colors": [
        [
            62.900763358778626,
            57.87022900763359,
            54.88549618320611
        ],
        [
            54.026737967914436,
            51.657754010695186,
            47.780748663101605
        ],
        [
            59.91570881226053,
            55.04214559386973,
            52.0
        ],
        [
            49.93055555555556,
            47.59722222222222,
            43.708333333333336
        ],
        [
            60.666666666666664,
            58.666666666666664,
            54.666666666666664
        ],
        [
            56.61797752808989,
            51.61797752808989,
            48.61797752808989
        ],
        [
            66.25806451612902,
            61.193548387096776,
            58.225806451612904
        ],
        [
            58.0,
            53.0,
            50.0
        ],
        [
            57.034188034188034,
            55.034188034188034,
            51.034188034188034
        ],
        [
            43.89473684210526,
            41.89473684210526,
            37.89473684210526
        ]
    ],
    "hex_colors": [
        "#3e3936",
        "#36332f",
        "#3b3734",
        "#312f2b",
        "#3c3a36",
        "#383330",
        "#423d3a",
        "#3a3532",
        "#393733",
        "#2b2925"
    ],
    "hsl_color_values": [
        [
            0.0620634920634921,
            0.1274271844660194,
            62.900763358778626
        ],
        [
            0.10345319634703198,
            0.11560922498267835,
            54.026737967914436
        ],
        [
            0.06405292029687003,
            0.13211408108453762,
            59.91570881226053
        ],
        [
            0.10416666666666659,
            0.1246175243393602,
            49.93055555555556
        ],
        [
            0.11111111111111112,
            0.09890109890109891,
            60.666666666666664
        ],
        [
            0.0625,
            0.1412978765628101,
            56.61797752808989
        ],
        [
            0.0615796519410978,
            0.12122687439143125,
            66.25806451612902
        ],
        [
            0.0625,
            0.13793103448275862,
            58.0
        ],
        [
            0.11111111111111112,
            0.1052000599430541,
            57.034188034188034
        ],
        [
            0.11111111111111112,
            0.1366906474820144,
            43.89473684210526
        ]
    ]
}