{
    "rgb_colors": [
        [
            61.833333333333336,
            33.833333333333336,
            5.833333333333334
        ],
        [
            76.41059602649007,
            48.40397350993378,
            20.423841059602648
        ],
        [
            74.44221105527639,
            46.4070351758794,
            18.512562814070353
        ],
        [
            82.44117647058823,
            54.44117647058823,
            26.323529411764707
        ],
        [
            77.96825396825396,
            49.92063492063492,
            22.0
        ],
        [
            70.21084337349397,
            42.16265060240964,
            14.30722891566265
        ],
        [
            86.5,
            58.5,
            30.5
        ],
        [
            79.8,
            51.8,
            23.8
        ],
        [
            67.19101123595506,
            39.17977528089888,
            11.213483146067416
        ],
        [
            72.54545454545455,
            44.50717703349282,
            16.62200956937799
        ]
    ],
    "hex_colors": [
        "#3d2105",
        "#4c3014",
        "#4a2e12",
        "#52361a",
        "#4d3116",
        "#462a0e",
        "#563a1e",
        "#4f3317",
        "#43270b",
        "#482c10"
    ],
    "hsl_color_values": [
        [
            0.08333333333333333,
            0.9056603773584905,
            61.833333333333336
        ],
        [
            0.08329390426622506,
            0.7327093083723348,
            76.41059602649007
        ],
        [
            0.08312368972746331,
            0.7513163223977319,
            74.44221105527639
        ],
        [
            0.08350803633822501,
            0.6806992508027113,
            82.44117647058823
        ],
        [
            0.0831442616751749,
            0.7178338762214983,
            77.96825396825396
        ],
        [
            0.08304597701149426,
            0.7962247962247962,
            70.21084337349397
        ],
        [
            0.08333333333333333,
            0.6473988439306358,
            86.5
        ],
        [
            0.08333333333333333,
            0.7017543859649124,
            79.8
        ],
        [
            0.08326642579954503,
            0.8331103678929765,
            67.19101123595506
        ],
        [
            0.0831051791010723,
            0.7708745548080728,
            72.54545454545455
        ]
    ]
}