{
    "rgb_colors": [
        [
            241.0,
            235.0,
            220.0
        ],
        [
            238.58510638297872,
            232.58510638297872,
            217.58510638297872
        ],
        [
            248.60526315789474,
            242.60526315789474,
            227.60526315789474
        ],
        [
            236.25,
            230.25,
            215.25
        ],
        [
            233.10256410256412,
            227.10256410256412,
            212.10256410256412
        ],
        [
            244.0,
            238.0,
            223.0
        ],
        [
            245.86153846153846,
            239.86153846153846,
            224.86153846153846
        ],
        [
            243.0,
            237.0,
            222.0
        ],
        [
            242.0,
            236.0,
            221.0
        ],
        [
            240.0,
            234.0,
            219.0
        ]
    ],
    "hex_colors": [
        "#f1ebdc",
        "#eee8d9",
        "#f8f2e3",
        "#ece6d7",
        "#e9e3d4",
        "#f4eedf",
        "#f5efe0",
        "#f3edde",
        "#f2ecdd",
        "#f0eadb"
    ],
    "hsl_color_values": [
        [
            0.11904761904761905,
            0.08713692946058091,
            241.0
        ],
        [
            0.11904761904761905,
            0.08801890578320774,
            238.58510638297872
        ],
        [
            0.11904761904761905,
            0.08447126071768815,
            248.60526315789474
        ],
        [
            0.11904761904761905,
            0.08888888888888889,
            236.25
        ],
        [
            0.11904761904761905,
            0.0900890991090089,
            233.10256410256412
        ],
        [
            0.11904761904761905,
            0.0860655737704918,
            244.0
        ],
        [
            0.11904761904761905,
            0.08541392904073587,
            245.86153846153846
        ],
        [
            0.11904761904761905,
            0.08641975308641975,
            243.0
        ],
        [
            0.11904761904761905,
            0.08677685950413223,
            242.0
        ],
        [
            0.11904761904761905,
            0.0875,
            240.0
        ]
    ]
}