{
    "rgb_colors": [
        [
            59.00819672131147,
            29.237704918032783,
            3.327868852459016
        ],
        [
            73.35849056603774,
            46.0188679245283,
            19.0188679245283
        ],
        [
            200.42105263157896,
            175.10526315789474,
            146.21052631578948
        ],
        [
            99.1025641025641,
            62.30128205128205,
            16.403846153846153
        ],
        [
            83.42857142857143,
            49.20634920634921,
            7.015873015873016
        ],
        [
            44.515957446808514,
            12.72872340425532,
            0.962765957446809
        ],
        [
            254.0,
            237.33333333333331,
            206.41666666666666
        ],
        [
            116.02790697674419,
            77.5906976744186,
            27.61860465116279
        ],
        [
            132.53416149068323,
            94.91304347826087,
            46.27329192546584
        ],
        [
            155.65714285714284,
            120.19999999999999,
            74.65714285714286
        ]
    ],
    "hex_colors": [
        "#3b1d03",
        "#492e13",
        "#c8af92",
        "#633e10",
        "#533107",
        "#2c0c00",
        "#feedce",
        "#744d1b",
        "#845e2e",
        "#9b784a"
    ],
    "hsl_color_values": [
        [
            0.0775553265616566,
            0.943603278233088,
            59.00819672131147
        ],
        [
            0.0828125,
            0.7407407407407408,
            73.35849056603774
        ],
        [
            0.08883495145631067,
            0.27048319327731096,
            200.42105263157896
        ],
        [
            0.09249928946076531,
            0.8344760672703753,
            99.1025641025641
        ],
        [
            0.09202326547569589,
            0.9159056316590564,
            83.42857142857143
        ],
        [
            0.04502524018889433,
            0.9783725654200025,
            44.515957446808514
        ],
        [
            0.10828955049620544,
            0.18733595800524938,
            254.0
        ],
        [
            0.09420594837261503,
            0.7619658462278521,
            116.02790697674419
        ],
        [
            0.09397801459293394,
            0.6508576248945543,
            132.53416149068323
        ],
        [
            0.09370958259847147,
            0.520374449339207,
            155.65714285714284
        ]
    ]
}