{
    "rgb_colors": [
        [
            41.445945945945944,
            34.79729729729729,
            25.87837837837838
        ],
        [
            122.52542372881356,
            115.27683615819208,
            105.69491525423729
        ],
        [
            74.76744186046511,
            67.63565891472868,
            56.54263565891473
        ],
        [
            25.815789473684212,
            19.236842105263165,
            9.894736842105267
        ],
        [
            135.13253012048193,
            127.27710843373495,
            116.93975903614458
        ],
        [
            111.08181818181818,
            103.0090909090909,
            92.60909090909091
        ],
        [
            66.10091743119266,
            59.49541284403669,
            48.88990825688073
        ],
        [
            85.09375,
            78.90625,
            69.64583333333333
        ],
        [
            55.73033707865169,
            49.19101123595506,
            39.258426966292134
        ],
        [
            99.91596638655463,
            91.6218487394958,
            80.5798319327731
        ]
    ],
    "hex_colors": [
        "#292219",
        "#7a7369",
        "#4a4338",
        "#191309",
        "#877f74",
        "#6f675c",
        "#423b30",
        "#554e45",
        "#373127",
        "#635b50"
    ],
    "hsl_color_values": [
        [
            0.09548611111111105,
            0.37561134659276163,
            41.445945945945944
        ],
        [
            0.09488642721271111,
            0.13736339742703005,
            122.52542372881356
        ],
        [
            0.10144619310931517,
            0.24375324002073603,
            74.76744186046511
        ],
        [
            0.09779614325068875,
            0.6167176350662588,
            25.815789473684212
        ],
        [
            0.09470198675496698,
            0.1346291012838802,
            135.13253012048193
        ],
        [
            0.09383202099737527,
            0.16629838775677222,
            111.08181818181818
        ],
        [
            0.10270078180525942,
            0.26037473976405273,
            66.10091743119266
        ],
        [
            0.09991009215554059,
            0.18153996817235898,
            85.09375
        ],
        [
            0.10050022737608007,
            0.2955645161290323,
            55.73033707865169
        ],
        [
            0.09517601043024775,
            0.19352396972245597,
            99.91596638655463
        ]
    ]
}