{
    "rgb_colors": [
        [
            42.55595667870036,
            19.56678700361011,
            18.451263537906136
        ],
        [
            236.25,
            228.05,
            222.10000000000002
        ],
        [
            199.03174603174602,
            190.23809523809524,
            181.46031746031747
        ],
        [
            11.536231884057969,
            1.246376811594203,
            0.7971014492753596
        ],
        [
            219.50980392156862,
            210.0686274509804,
            201.7941176470588
        ],
        [
            27.073684210526316,
            9.305263157894736,
            7.094736842105263
        ],
        [
            37.61032863849765,
            15.882629107981217,
            14.267605633802816
        ],
        [
            57.76923076923077,
            51.30769230769231,
            51.53846153846154
        ],
        [
            179.2463768115942,
            171.7536231884058,
            161.59420289855072
        ],
        [
            147.14285714285714,
            140.42857142857144,
            141.28571428571428
        ]
    ],
    "hex_colors": [
        "#2a1312",
        "#ece4de",
        "#c7beb5",
        "#0b0100",
        "#dbd2c9",
        "#1b0907",
        "#250f0e",
        "#393333",
        "#b3aba1",
        "#938c8d"
    ],
    "hsl_color_values": [
        [
            0.007713044780590095,
            0.5664234815066169,
            42.55595667870036
        ],
        [
            0.07008244994110717,
            0.0598941798941798,
            236.25
        ],
        [
            0.08325805480277026,
            0.08828455219714483,
            199.03174603174602
        ],
        [
            0.006972559604138599,
            0.9309045226130656,
            11.536231884057969
        ],
        [
            0.07784541597491242,
            0.08070567217507818,
            219.50980392156862
        ],
        [
            0.018440463645943095,
            0.7379471228615864,
            27.073684210526316
        ],
        [
            0.011531241619737176,
            0.6206466109099987,
            37.61032863849765
        ],
        [
            0.994047619047619,
            0.11185086551264978,
            57.76923076923077
        ],
        [
            0.09592227695675994,
            0.09847994825355753,
            179.2463768115942
        ],
        [
            0.9787234042553197,
            0.04563106796116491,
            147.14285714285714
        ]
    ]
}