{
    "rgb_colors": [
        [
            54.297872340425535,
            42.51063829787234,
            27.617021276595747
        ],
        [
            82.54054054054055,
            54.54054054054054,
            23.54054054054054
        ],
        [
            44.75,
            30.785714285714285,
            14.5
        ],
        [
            14.276923076923069,
            0.4615384615384528,
            0.3230769230769184
        ],
        [
            104.45341614906832,
            76.86335403726709,
            45.17391304347826
        ],
        [
            115.11004784688996,
            88.27272727272728,
            56.631578947368425
        ],
        [
            109.57337883959045,
            82.39590443686006,
            50.5358361774744
        ],
        [
            27.25,
            20.25,
            8.25
        ],
        [
            123.10989010989012,
            98.80219780219781,
            70.93406593406594
        ],
        [
            92.73972602739727,
            64.76712328767124,
            33.76712328767123
        ]
    ],
    "hex_colors": [
        "#362a1b",
        "#523617",
        "#2c1e0e",
        "#0e0000",
        "#684c2d",
        "#735838",
        "#6d5232",
        "#1b1408",
        "#7b6246",
        "#5c4021"
    ],
    "hsl_color_values": [
        [
            0.0930356193514088,
            0.49137931034482757,
            54.297872340425535
        ],
        [
            0.08757062146892654,
            0.714800261951539,
            82.54054054054055
        ],
        [
            0.089728453364817,
            0.6759776536312849,
            44.75
        ],
        [
            0.001653803748621785,
            0.9773706896551727,
            14.276923076923069
        ],
        [
            0.08909611623358482,
            0.5675209609323898,
            104.45341614906832
        ],
        [
            0.09017891234386081,
            0.5080222794912295,
            115.11004784688996
        ],
        [
            0.08994296065055689,
            0.538794580283445,
            109.57337883959045
        ],
        [
            0.10526315789473684,
            0.6972477064220184,
            27.25
        ],
        [
            0.08901993821960123,
            0.4238150495403017,
            123.10989010989012
        ],
        [
            0.08761130468447542,
            0.63589364844904,
            92.73972602739727
        ]
    ]
}