{
    "rgb_colors": [
        [
            61.63076923076923,
            55.87692307692308,
            51.53846153846154
        ],
        [
            78.69798657718121,
            72.59060402684564,
            65.34228187919463
        ],
        [
            20.96825396825397,
            17.07936507936508,
            15.841269841269842
        ],
        [
            41.48,
            34.81333333333333,
            32.62
        ],
        [
            13.042553191489361,
            8.787234042553191,
            6.595744680851066
        ],
        [
            49.21518987341772,
            42.962025316455694,
            40.58227848101266
        ],
        [
            88.41379310344828,
            81.5344827586207,
            73.44827586206897
        ],
        [
            3.8735632183908066,
            0.7011494252873547,
            0.6379310344827616
        ],
        [
            70.79807692307692,
            64.65384615384616,
            58.08653846153847
        ],
        [
            34.49629629629629,
            28.22222222222222,
            26.148148148148145
        ]
    ],
    "hex_colors": [
        "#3d3733",
        "#4e4841",
        "#14110f",
        "#292220",
        "#0d0806",
        "#312a28",
        "#585149",
        "#030000",
        "#46403a",
        "#221c1a"
    ],
    "hsl_color_values": [
        [
            0.07164634146341463,
            0.163754368447329,
            61.63076923076923
        ],
        [
            0.09045226130653267,
            0.16970834044004782,
            78.69798657718121
        ],
        [
            0.04024767801857584,
            0.2445117335352006,
            20.96825396825397
        ],
        [
            0.041259092049159805,
            0.21359691417550628,
            41.48
        ],
        [
            0.0566556655665566,
            0.494290375203915,
            13.042553191489361
        ],
        [
            0.04594330400782012,
            0.17541152263374485,
            49.21518987341772
        ],
        [
            0.09005376344086025,
            0.16926677067082688,
            88.41379310344828
        ],
        [
            0.003256364712847607,
            0.8353115727002961,
            3.8735632183908066
        ],
        [
            0.08610690872415538,
            0.17954638055140557,
            70.79807692307692
        ],
        [
            0.04140786749482406,
            0.24200128838307924,
            34.49629629629629
        ]
    ]
}