{
    "rgb_colors": [
        [
            90.73076923076923,
            59.730769230769226,
            30.73076923076923
        ],
        [
            116.66666666666667,
            85.66666666666667,
            56.666666666666664
        ],
        [
            103.47183098591549,
            72.47887323943662,
            43.46478873239437
        ],
        [
            111.3896103896104,
            80.3896103896104,
            51.38961038961039
        ],
        [
            108.38028169014085,
            77.38028169014085,
            48.38028169014085
        ],
        [
            94.07894736842105,
            63.078947368421055,
            34.078947368421055
        ],
        [
            97.04697986577182,
            66.06711409395973,
            37.02684563758389
        ],
        [
            105.9494382022472,
            74.9494382022472,
            45.949438202247194
        ],
        [
            99.0,
            68.02739726027397,
            38.97260273972603
        ],
        [
            100.92307692307692,
            69.9326923076923,
            40.91346153846154
        ]
    ],
    "hex_colors": [
        "#5a3b1e",
        "#745538",
        "#67482b",
        "#6f5033",
        "#6c4d30",
        "#5e3f22",
        "#614225",
        "#694a2d",
        "#634426",
        "#644528"
    ],
    "hsl_color_values": [
        [
            0.08055555555555555,
            0.6612971598134804,
            90.73076923076923
        ],
        [
            0.08055555555555556,
            0.5142857142857143,
            116.66666666666667
        ],
        [
            0.0805852208269765,
            0.5799360239569863,
            103.47183098591549
        ],
        [
            0.08055555555555556,
            0.5386498775795733,
            111.3896103896104
        ],
        [
            0.08055555555555555,
            0.5536062378167641,
            108.38028169014085
        ],
        [
            0.08055555555555555,
            0.6377622377622377,
            94.07894736842105
        ],
        [
            0.08064035185806402,
            0.6184647302904565,
            97.04697986577182
        ],
        [
            0.08055555555555555,
            0.566307863619492,
            105.9494382022472
        ],
        [
            0.08067092651757189,
            0.6063373460633734,
            99.0
        ],
        [
            0.08059605832398654,
            0.5946074695121951,
            100.92307692307692
        ]
    ]
}