{
    "rgb_colors": [
        [
            207.7987421383648,
            201.8427672955975,
            192.71069182389937
        ],
        [
            202.0,
            196.00900900900902,
            186.981981981982
        ],
        [
            198.328125,
            192.3671875,
            183.25
        ],
        [
            211.125,
            205.225,
            195.925
        ],
        [
            200.57432432432432,
            194.5810810810811,
            185.5608108108108
        ],
        [
            193.75,
            187.75,
            178.75
        ],
        [
            204.03669724770643,
            198.11009174311926,
            188.88990825688074
        ],
        [
            203.0,
            197.01098901098902,
            187.97802197802199
        ],
        [
            195.5,
            189.54761904761904,
            180.4047619047619
        ],
        [
            205.484375,
            199.5,
            190.453125
        ]
    ],
    "hex_colors": [
        "#cfc9c0",
        "#cac4ba",
        "#c6c0b7",
        "#d3cdc3",
        "#c8c2b9",
        "#c1bbb2",
        "#ccc6bc",
        "#cbc5bb",
        "#c3bdb4",
        "#cdc7be"
    ],
    "hsl_color_values": [
        [
            0.10087536473530649,
            0.07260895883777245,
            207.7987421383648
        ],
        [
            0.10017996400719864,
            0.07434662385157431,
            202.0
        ],
        [
            0.10077720207253886,
            0.07602615614905854,
            198.328125
        ],
        [
            0.10197368421052622,
            0.07199526346950853,
            211.125
        ],
        [
            0.1001350135013503,
            0.07485261916792994,
            200.57432432432432
        ],
        [
            0.09999999999999999,
            0.07741935483870968,
            193.75
        ],
        [
            0.10145366444579022,
            0.07423561151079135,
            204.03669724770643
        ],
        [
            0.10021945866861749,
            0.07399989173388184,
            203.0
        ],
        [
            0.10094637223974755,
            0.07721349409328952,
            195.5
        ],
        [
            0.1003118503118503,
            0.07315033077332522,
            205.484375
        ]
    ]
}