{
    "rgb_colors": [
        [
            182.8220640569395,
            171.84341637010675,
            159.84697508896798
        ],
        [
            36.40740740740742,
            28.18518518518519,
            18.77777777777777
        ],
        [
            220.8974358974359,
            210.7948717948718,
            200.69230769230768
        ],
        [
            201.06666666666666,
            190.36666666666667,
            179.2
        ],
        [
            86.0,
            78.73333333333333,
            69.64444444444445
        ],
        [
            102.66071428571429,
            95.5,
            86.44642857142858
        ],
        [
            242.07142857142856,
            232.10714285714283,
            222.10714285714283
        ],
        [
            189.19270833333334,
            178.19791666666666,
            166.31770833333334
        ],
        [
            119.73469387755102,
            112.24489795918367,
            103.08163265306123
        ],
        [
            65.8,
            57.84,
            48.519999999999996
        ]
    ],
    "hex_colors": [
        "#b6ab9f",
        "#241c12",
        "#dcd2c8",
        "#c9beb3",
        "#564e45",
        "#665f56",
        "#f2e8de",
        "#bdb2a6",
        "#777067",
        "#413930"
    ],
    "hsl_color_values": [
        [
            0.08702498967368848,
            0.12566912580538409,
            182.8220640569395
        ],
        [
            0.0889355742296919,
            0.48423194303153644,
            36.40740740740742
        ],
        [
            0.08333333333333333,
            0.0914683691236217,
            220.8974358974359
        ],
        [
            0.0851117886178863,
            0.10875331564986741,
            201.06666666666666
        ],
        [
            0.0926177536231884,
            0.19018087855297156,
            86.0
        ],
        [
            0.09306167400881049,
            0.15794051139328572,
            102.66071428571429
        ],
        [
            0.08348240906380437,
            0.08247270581292421,
            242.07142857142856
        ],
        [
            0.08655889496053416,
            0.12090846524432208,
            189.19270833333334
        ],
        [
            0.09170751633986923,
            0.13908300664734952,
            119.73469387755102
        ],
        [
            0.08989197530864206,
            0.26261398176291795,
            65.8
        ]
    ]
}