{
    "rgb_colors": [
        [
            150.00487804878048,
            140.58048780487806,
            129.42926829268293
        ],
        [
            129.58823529411765,
            119.58823529411765,
            109.58823529411765
        ],
        [
            156.3679245283019,
            147.03773584905662,
            135.69811320754718
        ],
        [
            143.94904458598725,
            134.37579617834396,
            123.52229299363057
        ],
        [
            162.07692307692307,
            152.53846153846155,
            141.6153846153846
        ],
        [
            147.02777777777777,
            137.6,
            126.45555555555555
        ],
        [
            116.52631578947368,
            106.52631578947368,
            96.52631578947368
        ],
        [
            152.94074074074075,
            143.52592592592592,
            132.35555555555555
        ],
        [
            141.24752475247524,
            131.4950495049505,
            121.0
        ],
        [
            137.16483516483515,
            127.28571428571428,
            117.04395604395604
        ]
    ],
    "hex_colors": [
        "#968c81",
        "#81776d",
        "#9c9387",
        "#8f867b",
        "#a2988d",
        "#93897e",
        "#746a60",
        "#988f84",
        "#8d8379",
        "#897f75"
    ],
    "hsl_color_values": [
        [
            0.09032716927453778,
            0.13716627101557666,
            150.00487804878048
        ],
        [
            0.08333333333333333,
            0.15433499773036768,
            129.58823529411765
        ],
        [
            0.09143465692986462,
            0.1321870286576169,
            156.3679245283019
        ],
        [
            0.08855628313065185,
            0.1419026548672566,
            143.94904458598725
        ],
        [
            0.08897243107769437,
            0.1262458471760797,
            162.07692307692307
        ],
        [
            0.09028715455936627,
            0.13992064991498207,
            147.02777777777777
        ],
        [
            0.08333333333333333,
            0.17163504968383017,
            116.52631578947368
        ],
        [
            0.09044020630922384,
            0.1345958250593307,
            152.94074074074075
        ],
        [
            0.0863895680521597,
            0.14334781999158835,
            141.24752475247524
        ],
        [
            0.08483524485709082,
            0.1466912353789456,
            137.16483516483515
        ]
    ]
}