{
    "rgb_colors": [
        [
            198.09677419354838,
            189.67741935483872,
            177.35483870967744
        ],
        [
            181.54545454545456,
            173.9318181818182,
            162.36363636363637
        ],
        [
            90.9245283018868,
            78.22641509433961,
            64.49056603773585
        ],
        [
            110.97359735973598,
            96.27062706270627,
            82.2904290429043
        ],
        [
            38.64516129032258,
            28.032258064516128,
            14.064516129032256
        ],
        [
            147.75925925925927,
            138.3148148148148,
            126.44444444444444
        ],
        [
            171.50340136054422,
            164.16326530612244,
            152.8843537414966
        ],
        [
            60.21568627450981,
            50.86274509803921,
            38.627450980392155
        ],
        [
            122.80588235294118,
            108.78823529411764,
            95.0
        ],
        [
            221.0,
            212.28571428571428,
            197.61904761904762
        ]
    ],
    "hex_colors": [
        "#c6bdb1",
        "#b5ada2",
        "#5a4e40",
        "#6e6052",
        "#261c0e",
        "#938a7e",
        "#aba498",
        "#3c3226",
        "#7a6c5f",
        "#ddd4c5"
    ],
    "hsl_color_values": [
        [
            0.09901503369621567,
            0.10470607392932736,
            198.09677419354838
        ],
        [
            0.10051342812006313,
            0.10565848773159742,
            181.54545454545456
        ],
        [
            0.08660480609088743,
            0.290724216642457,
            90.9245283018868
        ],
        [
            0.08123345990104702,
            0.25846840148698885,
            110.97359735973598
        ],
        [
            0.0947069116360455,
            0.6360601001669449,
            38.64516129032258
        ],
        [
            0.09281783955980301,
            0.14425366587291646,
            147.75925925925927
        ],
        [
            0.10096212398002673,
            0.10856372218476062,
            171.50340136054422
        ],
        [
            0.09445958219800178,
            0.35851514164767184,
            60.21568627450981
        ],
        [
            0.08264579366758333,
            0.22642142070220822,
            122.80588235294118
        ],
        [
            0.10454854039375418,
            0.10579616461969403,
            221.0
        ]
    ]
}