{
    "rgb_colors": [
        [
            206.0,
            193.0,
            170.0
        ],
        [
            212.89506172839506,
            199.89506172839506,
            176.89506172839506
        ],
        [
            209.47333333333333,
            196.47333333333333,
            173.47333333333333
        ],
        [
            211.0,
            198.0,
            175.0
        ],
        [
            218.25,
            205.25,
            182.25
        ],
        [
            224.875,
            211.875,
            188.875
        ],
        [
            203.15025906735752,
            190.15025906735752,
            167.15025906735752
        ],
        [
            215.5084745762712,
            202.5084745762712,
            179.5084745762712
        ],
        [
            200.36170212765958,
            187.36170212765958,
            164.36170212765958
        ],
        [
            208.0,
            195.0,
            172.0
        ]
    ],
    "hex_colors": [
        "#cec1aa",
        "#d4c7b0",
        "#d1c4ad",
        "#d3c6af",
        "#dacdb6",
        "#e0d3bc",
        "#cbbea7",
        "#d7cab3",
        "#c8bba4",
        "#d0c3ac"
    ],
    "hsl_color_values": [
        [
            0.10648148148148147,
            0.17475728155339806,
            206.0
        ],
        [
            0.10648148148148147,
            0.16909739337179971,
            212.89506172839506
        ],
        [
            0.10648148148148147,
            0.17185958435441265,
            209.47333333333333
        ],
        [
            0.10648148148148147,
            0.17061611374407584,
            211.0
        ],
        [
            0.10648148148148147,
            0.16494845360824742,
            218.25
        ],
        [
            0.10648148148148147,
            0.16008893829905502,
            224.875
        ],
        [
            0.10648148148148147,
            0.17720873291165068,
            203.15025906735752
        ],
        [
            0.10648148148148147,
            0.16704679512386944,
            215.5084745762712
        ],
        [
            0.10648148148148147,
            0.17967505575023893,
            200.36170212765958
        ],
        [
            0.10648148148148147,
            0.17307692307692307,
            208.0
        ]
    ]
}