{
    "rgb_colors": [
        [
            10.598930481283423,
            7.983957219251337,
            6.663101604278076
        ],
        [
            27.914285714285715,
            22.042857142857144,
            16.771428571428572
        ],
        [
            82.07142857142857,
            73.92857142857142,
            67.14285714285714
        ],
        [
            37.24418604651163,
            30.36046511627907,
            22.19767441860465
        ],
        [
            69.61538461538461,
            61.5,
            54.23076923076923
        ],
        [
            3.4907975460122707,
            1.5429447852760738,
            0.9969325153374236
        ],
        [
            60.906976744186046,
            50.674418604651166,
            41.55813953488372
        ],
        [
            51.53846153846154,
            43.13846153846154,
            34.66153846153846
        ],
        [
            18.746031746031747,
            15.380952380952381,
            12.920634920634921
        ],
        [
            43.938271604938265,
            37.0,
            28.666666666666664
        ]
    ],
    "hex_colors": [
        "#0a0706",
        "#1b1610",
        "#524943",
        "#251e16",
        "#453d36",
        "#030100",
        "#3c3229",
        "#332b22",
        "#120f0c",
        "#2b251c"
    ],
    "hsl_color_values": [
        [
            0.05593297101449274,
            0.3713420787083753,
            10.598930481283423
        ],
        [
            0.07884615384615386,
            0.3991811668372569,
            27.914285714285715
        ],
        [
            0.07575757575757565,
            0.18189730200174067,
            82.07142857142857
        ],
        [
            0.09041731066460586,
            0.40399625351233226,
            37.24418604651163
        ],
        [
            0.07874999999999999,
            0.22099447513812148,
            69.61538461538461
        ],
        [
            0.03649036490364902,
            0.7144112478031635,
            3.4907975460122707
        ],
        [
            0.07852564102564104,
            0.31767850324551355,
            60.906976744186046
        ],
        [
            0.08371315709510789,
            0.32746268656716415,
            51.53846153846154
        ],
        [
            0.0703905540417802,
            0.31075359864521596,
            18.746031746031747
        ],
        [
            0.0909458367016977,
            0.34756954200618145,
            43.938271604938265
        ]
    ]
}