{
    "rgb_colors": [
        [
            109.61946902654867,
            70.53982300884955,
            19.858407079646017
        ],
        [
            145.17241379310343,
            107.79310344827587,
            57.03448275862069
        ],
        [
            114.82142857142857,
            76.53061224489795,
            27.841836734693878
        ],
        [
            134.20987654320987,
            96.24691358024691,
            46.48148148148148
        ],
        [
            50.0,
            13.279069767441861,
            0.6860465116279073
        ],
        [
            127.47802197802199,
            88.87362637362638,
            38.2967032967033
        ],
        [
            89.05405405405405,
            56.91891891891892,
            22.135135135135137
        ],
        [
            99.94545454545454,
            60.945454545454545,
            10.509090909090911
        ],
        [
            70.50980392156862,
            34.80392156862745,
            6.137254901960784
        ],
        [
            121.47422680412372,
            82.5979381443299,
            32.22164948453608
        ]
    ],
    "hex_colors": [
        "#6d4613",
        "#916b39",
        "#724c1b",
        "#86602e",
        "#320d00",
        "#7f5826",
        "#593816",
        "#633c0a",
        "#462206",
        "#795220"
    ],
    "hsl_color_values": [
        [
            0.09410430839002266,
            0.81884233470574,
            109.61946902654867
        ],
        [
            0.09598330725091292,
            0.6071258907363419,
            145.17241379310343
        ],
        [
            0.09329540122008446,
            0.7575205509886692,
            114.82142857142857
        ],
        [
            0.09454451637114177,
            0.6536657161254714,
            134.20987654320987
        ],
        [
            0.04256071681207263,
            0.9862790697674418,
            50.0
        ],
        [
            0.09452077300638695,
            0.6995819145726477,
            127.47802197802199
        ],
        [
            0.08663166397415185,
            0.75144157814871,
            89.05405405405405
        ],
        [
            0.09398929321677847,
            0.8948517373112607,
            99.94545454545454
        ],
        [
            0.07422073306934714,
            0.9129588431590656,
            70.50980392156862
        ],
        [
            0.09407065165078449,
            0.7347449715692098,
            121.47422680412372
        ]
    ]
}