{
    "rgb_colors": [
        [
            154.86896551724138,
            145.15862068965518,
            132.91034482758621
        ],
        [
            161.0304347826087,
            152.22173913043477,
            138.51304347826087
        ],
        [
            148.20388349514562,
            137.50485436893203,
            126.66990291262135
        ],
        [
            165.21666666666667,
            156.57083333333333,
            142.5375
        ],
        [
            123.0,
            114.33333333333334,
            105.5
        ],
        [
            40.621621621621614,
            33.621621621621614,
            23.810810810810807
        ],
        [
            62.37931034482759,
            55.41379310344827,
            45.44827586206897
        ],
        [
            168.9607843137255,
            160.6013071895425,
            146.45098039215685
        ],
        [
            87.69696969696969,
            80.9090909090909,
            71.72727272727272
        ],
        [
            140.5625,
            130.125,
            120.0
        ]
    ],
    "hex_colors": [
        "#9a9184",
        "#a1988a",
        "#94897e",
        "#a59c8e",
        "#7b7269",
        "#282117",
        "#3e372d",
        "#a8a092",
        "#575047",
        "#8c8278"
    ],
    "hsl_color_values": [
        [
            0.09296482412060304,
            0.14178838617741354,
            154.86896551724138
        ],
        [
            0.1014674647615369,
            0.13983313983313983,
            161.0304347826087
        ],
        [
            0.08385933273219116,
            0.1452997052079921,
            148.20388349514562
        ],
        [
            0.10312940167799615,
            0.137269242408958,
            165.21666666666667
        ],
        [
            0.08412698412698422,
            0.14227642276422764,
            123.0
        ],
        [
            0.09726688102893888,
            0.4138389886892881,
            40.621621621621614
        ],
        [
            0.09809911744738621,
            0.271420674405749,
            62.37931034482759
        ],
        [
            0.10477158343012011,
            0.13322502030869224,
            168.9607843137255
        ],
        [
            0.09582542694497159,
            0.1821008984105045,
            87.69696969696969
        ],
        [
            0.08206686930091185,
            0.1462872387727879,
            140.5625
        ]
    ]
}