{
    "rgb_colors": [
        [
            242.99019607843138,
            234.63725490196077,
            220.421568627451
        ],
        [
            231.91525423728814,
            223.32203389830508,
            209.1864406779661
        ],
        [
            234.67757009345794,
            226.3644859813084,
            212.1355140186916
        ],
        [
            239.45,
            233.45,
            218.45
        ],
        [
            236.3111111111111,
            228.6,
            214.17037037037036
        ],
        [
            240.51162790697674,
            231.51162790697674,
            217.51162790697674
        ],
        [
            245.31914893617022,
            236.95744680851064,
            222.74468085106383
        ],
        [
            238.20975609756098,
            229.9268292682927,
            215.68780487804878
        ],
        [
            242.0,
            233.0,
            219.0
        ],
        [
            249.25,
            240.25,
            226.25
        ]
    ],
    "hex_colors": [
        "#f2eadc",
        "#e7dfd1",
        "#eae2d4",
        "#efe9da",
        "#ece4d6",
        "#f0e7d9",
        "#f5ecde",
        "#eee5d7",
        "#f2e9db",
        "#f9f0e2"
    ],
    "hsl_color_values": [
        [
            0.10498117578916867,
            0.09287875731289083,
            242.99019607843138
        ],
        [
            0.1036539895600298,
            0.0980048235036177,
            231.91525423728814
        ],
        [
            0.10520315091210608,
            0.09605543497739986,
            234.67757009345794
        ],
        [
            0.11904761904761905,
            0.08770098141574442,
            239.45
        ],
        [
            0.10862049737927959,
            0.09369318538022695,
            236.3111111111111
        ],
        [
            0.10144927536231885,
            0.09562947205569522,
            240.51162790697674
        ],
        [
            0.10493245366006905,
            0.09202081526452734,
            245.31914893617022
        ],
        [
            0.10537145332466973,
            0.09454672045542976,
            238.20975609756098
        ],
        [
            0.10144927536231885,
            0.09504132231404959,
            242.0
        ],
        [
            0.10144927536231885,
            0.09227683049147442,
            249.25
        ]
    ]
}