{
    "rgb_colors": [
        [
            194.97101449275362,
            188.97101449275362,
            180.05797101449275
        ],
        [
            204.3768115942029,
            198.3768115942029,
            189.63768115942028
        ],
        [
            208.08235294117648,
            202.08235294117648,
            194.11764705882354
        ],
        [
            211.05882352941177,
            205.05882352941177,
            197.7058823529412
        ],
        [
            199.79807692307693,
            193.79807692307693,
            185.52884615384616
        ],
        [
            202.8582089552239,
            196.8582089552239,
            188.57462686567163
        ],
        [
            198.01129943502823,
            192.01129943502823,
            183.38418079096044
        ],
        [
            201.42944785276075,
            195.42944785276075,
            186.67484662576686
        ],
        [
            206.13861386138615,
            200.13861386138615,
            191.8910891089109
        ],
        [
            190.16666666666666,
            184.16666666666666,
            175.16666666666666
        ]
    ],
    "hex_colors": [
        "#c2bcb4",
        "#ccc6bd",
        "#d0cac2",
        "#d3cdc5",
        "#c7c1b9",
        "#cac4bc",
        "#c6c0b7",
        "#c9c3ba",
        "#cec8bf",
        "#beb8af"
    ],
    "hsl_color_values": [
        [
            0.09961127308066087,
            0.07648851557273473,
            194.97101449275362
        ],
        [
            0.09882005899705022,
            0.0721174301517516,
            204.3768115942029
        ],
        [
            0.09505756809884865,
            0.06711143777915984,
            208.08235294117648
        ],
        [
            0.09177679882525693,
            0.06326644370122626,
            211.05882352941177
        ],
        [
            0.09658580413297396,
            0.07141825881899996,
            199.79807692307693
        ],
        [
            0.0966562173458726,
            0.07041165434278784,
            202.8582089552239
        ],
        [
            0.09830050212437232,
            0.07387012097694588,
            198.01129943502823
        ],
        [
            0.09889119889119898,
            0.07324947461395556,
            201.42944785276075
        ],
        [
            0.096479036367848,
            0.06911623439000958,
            206.13861386138615
        ],
        [
            0.09999999999999999,
            0.07887817703768625,
            190.16666666666666
        ]
    ]
}