{
    "rgb_colors": [
        [
            76.83783783783784,
            49.18918918918919,
            22.64864864864865
        ],
        [
            125.171875,
            113.78125,
            102.578125
        ],
        [
            70.91287878787878,
            43.21590909090909,
            16.44318181818182
        ],
        [
            139.07954545454544,
            127.6590909090909,
            116.7159090909091
        ],
        [
            108.04545454545455,
            96.02272727272728,
            84.11363636363637
        ],
        [
            63.025423728813564,
            36.228813559322035,
            7.372881355932201
        ],
        [
            86.88571428571429,
            73.22857142857143,
            59.42857142857143
        ],
        [
            53.095238095238095,
            28.095238095238095,
            5.285714285714285
        ],
        [
            167.44117647058823,
            157.45588235294116,
            143.41176470588235
        ],
        [
            153.79310344827587,
            142.74137931034483,
            128.89655172413794
        ]
    ],
    "hex_colors": [
        "#4c3116",
        "#7d7166",
        "#462b10",
        "#8b7f74",
        "#6c6054",
        "#3f2407",
        "#56493b",
        "#351c05",
        "#a79d8f",
        "#998e80"
    ],
    "hsl_color_values": [
        [
            0.08162926018287615,
            0.7052409426661977,
            76.83783783783784
        ],
        [
            0.0826417704011065,
            0.18050181001123455,
            125.171875
        ],
        [
            0.08191933240611964,
            0.768121361038406,
            70.91287878787878
        ],
        [
            0.08155487804878052,
            0.1607974507721218,
            139.07954545454544
        ],
        [
            0.08293763849319406,
            0.2214976861590239,
            108.04545454545455
        ],
        [
            0.0864169331506015,
            0.8830173457039129,
            63.025423728813564
        ],
        [
            0.0837669094693028,
            0.3160144689246958,
            86.88571428571429
        ],
        [
            0.07951527224435591,
            0.9004484304932736,
            53.095238095238095
        ],
        [
            0.0974092207262341,
            0.14350957316002108,
            167.44117647058823
        ],
        [
            0.0926823638042474,
            0.1618834080717489,
            153.79310344827587
        ]
    ]
}