{
    "rgb_colors": [
        [
            49.25490196078431,
            38.33986928104575,
            26.666666666666664
        ],
        [
            81.81102362204724,
            73.81889763779527,
            64.38582677165354
        ],
        [
            101.94339622641509,
            94.84276729559748,
            85.88679245283019
        ],
        [
            93.49579831932773,
            86.25210084033614,
            77.5126050420168
        ],
        [
            122.78666666666666,
            115.78666666666666,
            106.36
        ],
        [
            135.2235294117647,
            128.2235294117647,
            118.18823529411765
        ],
        [
            59.337078651685395,
            49.13483146067416,
            38.20224719101124
        ],
        [
            110.83783783783784,
            103.82432432432432,
            94.77027027027027
        ],
        [
            151.0566037735849,
            144.0566037735849,
            133.81132075471697
        ],
        [
            69.9,
            61.03333333333333,
            51.18888888888888
        ]
    ],
    "hex_colors": [
        "#31261a",
        "#514940",
        "#655e55",
        "#5d564d",
        "#7a736a",
        "#878076",
        "#3b3126",
        "#6e675e",
        "#979085",
        "#453d33"
    ],
    "hsl_color_values": [
        [
            0.0861304012345679,
            0.4585987261146497,
            49.25490196078431
        ],
        [
            0.09022443139026963,
            0.21299326275264682,
            81.81102362204724
        ],
        [
            0.09296252774513643,
            0.15750508976494532,
            101.94339622641509
        ],
        [
            0.0911321416053278,
            0.17095092575948237,
            93.49579831932773
        ],
        [
            0.09564393939393938,
            0.1337821696166793,
            122.78666666666666
        ],
        [
            0.09818139963167587,
            0.1259787715329737,
            135.2235294117647
        ],
        [
            0.08621300726563881,
            0.3561825411853815,
            59.337078651685395
        ],
        [
            0.09391645640594333,
            0.14496464277005605,
            110.83783783783784
        ],
        [
            0.09901531728665207,
            0.1141643767174619,
            151.0566037735849
        ],
        [
            0.08768804433887567,
            0.2676839930058816,
            69.9
        ]
    ]
}