{
    "rgb_colors": [
        [
            234.18367346938774,
            222.18367346938774,
            203.18367346938774
        ],
        [
            222.0,
            210.0,
            191.0
        ],
        [
            217.90740740740742,
            205.90740740740742,
            186.90740740740742
        ],
        [
            223.54193548387096,
            211.54193548387096,
            192.54193548387096
        ],
        [
            229.45945945945945,
            217.45945945945945,
            198.45945945945945
        ],
        [
            225.0,
            213.0,
            194.0
        ],
        [
            231.45945945945945,
            219.45945945945945,
            200.45945945945945
        ],
        [
            226.0,
            214.0,
            195.0
        ],
        [
            227.44303797468353,
            215.44303797468353,
            196.44303797468353
        ],
        [
            220.61,
            208.61,
            189.61
        ]
    ],
    "hex_colors": [
        "#eadecb",
        "#ded2bf",
        "#d9cdba",
        "#dfd3c0",
        "#e5d9c6",
        "#e1d5c2",
        "#e7dbc8",
        "#e2d6c3",
        "#e3d7c4",
        "#dcd0bd"
    ],
    "hsl_color_values": [
        [
            0.10215053763440861,
            0.1323747276688453,
            234.18367346938774
        ],
        [
            0.10215053763440861,
            0.13963963963963963,
            222.0
        ],
        [
            0.10215053763440861,
            0.14226225885952237,
            217.90740740740742
        ],
        [
            0.10215053763440861,
            0.13867644087852463,
            223.54193548387096
        ],
        [
            0.10215053763440861,
            0.13510011778563016,
            229.45945945945945
        ],
        [
            0.10215053763440861,
            0.13777777777777778,
            225.0
        ],
        [
            0.10215053763440861,
            0.13393274170948155,
            231.45945945945945
        ],
        [
            0.10215053763440861,
            0.13716814159292035,
            226.0
        ],
        [
            0.10215053763440861,
            0.13629786286731968,
            227.44303797468353
        ],
        [
            0.10215053763440861,
            0.14051946874575041,
            220.61
        ]
    ]
}