{
    "rgb_colors": [
        [
            205.9,
            199.28,
            187.46
        ],
        [
            133.4262295081967,
            126.36065573770492,
            115.40983606557377
        ],
        [
            65.72566371681415,
            59.123893805309734,
            54.07079646017699
        ],
        [
            43.577380952380956,
            37.42261904761905,
            33.86309523809524
        ],
        [
            22.24390243902438,
            16.170731707317074,
            10.487804878048777
        ],
        [
            98.70370370370371,
            91.68518518518519,
            80.27777777777777
        ],
        [
            161.5855855855856,
            154.82882882882882,
            144.05405405405406
        ],
        [
            187.32432432432432,
            180.81081081081084,
            167.83783783783784
        ],
        [
            147.72727272727272,
            140.93006993006992,
            130.03496503496504
        ],
        [
            52.38277511961723,
            46.65071770334929,
            42.95693779904306
        ]
    ],
    "hex_colors": [
        "#cdc7bb",
        "#857e73",
        "#413b36",
        "#2b2521",
        "#16100a",
        "#625b50",
        "#a19a90",
        "#bbb4a7",
        "#938c82",
        "#342e2a"
    ],
    "hsl_color_values": [
        [
            0.10683297180043379,
            0.0895580378824672,
            205.9
        ],
        [
            0.10130421595389753,
            0.13502887332596136,
            133.4262295081967
        ],
        [
            0.07226018729435586,
            0.17732597280193876,
            65.72566371681415
        ],
        [
            0.0610702614379085,
            0.222920366070209,
            43.577380952380956
        ],
        [
            0.0805670816044261,
            0.5285087719298245,
            22.24390243902438
        ],
        [
            0.10318257956448913,
            0.18667917448405263,
            98.70370370370371
        ],
        [
            0.10243233984241162,
            0.10849687778768953,
            161.5855855855856
        ],
        [
            0.11095700416088787,
            0.10402539316116,
            187.32432432432432
        ],
        [
            0.10263504611330691,
            0.11976331360946738,
            147.72727272727272
        ],
        [
            0.06531302876480548,
            0.17994154183412503,
            52.38277511961723
        ]
    ]
}