{
    "rgb_colors": [
        [
            74.97872340425532,
            59.97872340425532,
            39.97872340425532
        ],
        [
            71.02247191011236,
            56.02247191011236,
            36.02247191011236
        ],
        [
            65.67213114754098,
            50.67213114754098,
            30.67213114754098
        ],
        [
            68.43835616438356,
            53.43835616438356,
            33.43835616438356
        ],
        [
            81.85858585858585,
            66.85858585858585,
            46.85858585858586
        ],
        [
            84.53846153846153,
            69.53846153846153,
            49.53846153846154
        ],
        [
            93.42857142857143,
            78.42857142857143,
            58.42857142857143
        ],
        [
            73.0,
            58.0,
            38.0
        ],
        [
            78.55364806866953,
            63.55364806866953,
            43.55364806866953
        ],
        [
            87.94736842105263,
            72.94736842105263,
            52.94736842105263
        ]
    ],
    "hex_colors": [
        "#4a3b27",
        "#473824",
        "#41321e",
        "#443521",
        "#51422e",
        "#544531",
        "#5d4e3a",
        "#493a26",
        "#4e3f2b",
        "#574834"
    ],
    "hsl_color_values": [
        [
            0.09523809523809523,
            0.4667990919409762,
            74.97872340425532
        ],
        [
            0.09523809523809523,
            0.49280177187153934,
            71.02247191011236
        ],
        [
            0.09523809523809523,
            0.5329505741387919,
            65.67213114754098
        ],
        [
            0.09523809523809523,
            0.5114091273018415,
            68.43835616438356
        ],
        [
            0.09523809523809523,
            0.42756663376110554,
            81.85858585858585
        ],
        [
            0.09523809523809523,
            0.41401273885350315,
            84.53846153846153
        ],
        [
            0.09523809523809523,
            0.3746177370030581,
            93.42857142857143
        ],
        [
            0.09523809523809523,
            0.4794520547945205,
            73.0
        ],
        [
            0.09523809523809523,
            0.44555537343604873,
            78.55364806866953
        ],
        [
            0.09523809523809523,
            0.3979652902453621,
            87.94736842105263
        ]
    ]
}