{
    "rgb_colors": [
        [
            168.95714285714286,
            149.95714285714286,
            115.98571428571428
        ],
        [
            162.06179775280899,
            143.06179775280899,
            109.07865168539325
        ],
        [
            164.4954954954955,
            145.4954954954955,
            111.57657657657657
        ],
        [
            175.8923076923077,
            156.8923076923077,
            122.92307692307692
        ],
        [
            149.2,
            130.2,
            96.23333333333333
        ],
        [
            156.08163265306123,
            137.08163265306123,
            103.13265306122449
        ],
        [
            153.1290322580645,
            134.1290322580645,
            100.16129032258064
        ],
        [
            159.09655172413792,
            140.09655172413792,
            106.1103448275862
        ],
        [
            171.92857142857142,
            152.92857142857142,
            118.92857142857143
        ],
        [
            166.44329896907217,
            147.44329896907217,
            113.51546391752578
        ]
    ],
    "hex_colors": [
        "#a89573",
        "#a28f6d",
        "#a4916f",
        "#af9c7a",
        "#958260",
        "#9c8967",
        "#998664",
        "#9f8c6a",
        "#ab9876",
        "#a69371"
    ],
    "hsl_color_values": [
        [
            0.10688601222581806,
            0.3135199120656126,
            168.95714285714286
        ],
        [
            0.10689923302583677,
            0.3269317433355288,
            162.06179775280899
        ],
        [
            0.1068266939053456,
            0.32170436497069943,
            164.4954954954955
        ],
        [
            0.10688353180365961,
            0.301145806000175,
            175.8923076923077
        ],
        [
            0.10688063771764211,
            0.3550044682752457,
            149.2
        ],
        [
            0.10686066679514357,
            0.3392390167364017,
            156.08163265306123
        ],
        [
            0.10688185140073081,
            0.3459026753739204,
            153.1290322580645
        ],
        [
            0.10690268558288862,
            0.333044345225194,
            159.09655172413792
        ],
        [
            0.10691823899371067,
            0.3082675529705026,
            171.92857142857142
        ],
        [
            0.10683677444487731,
            0.31799318674512234,
            166.44329896907217
        ]
    ]
}