{
    "rgb_colors": [
        [
            114.12751677852349,
            100.95302013422818,
            88.53691275167785
        ],
        [
            171.88888888888889,
            159.0,
            144.88888888888889
        ],
        [
            122.0,
            109.46308724832215,
            97.63758389261744
        ],
        [
            97.0253164556962,
            86.65822784810126,
            78.56962025316456
        ],
        [
            147.96,
            135.52,
            124.92
        ],
        [
            132.38541666666666,
            119.52083333333333,
            106.98958333333333
        ],
        [
            81.67924528301887,
            75.60377358490567,
            71.54716981132076
        ],
        [
            55.115830115830114,
            49.86872586872587,
            48.66023166023166
        ],
        [
            66.52631578947368,
            61.31578947368421,
            59.671052631578945
        ],
        [
            106.96124031007751,
            94.28682170542636,
            82.62015503875969
        ]
    ],
    "hex_colors": [
        "#726458",
        "#ab9f90",
        "#7a6d61",
        "#61564e",
        "#93877c",
        "#84776a",
        "#514b47",
        "#373130",
        "#423d3b",
        "#6a5e52"
    ],
    "hsl_color_values": [
        [
            0.08086371186292508,
            0.22422816818582772,
            114.12751677852349
        ],
        [
            0.08710562414266121,
            0.1570782159017453,
            171.88888888888889
        ],
        [
            0.08089990817263552,
            0.1996919353064144,
            122.0
        ],
        [
            0.07304526748971191,
            0.19021526418786688,
            97.0253164556962
        ],
        [
            0.07667824074074077,
            0.15571776155717765,
            147.96
        ],
        [
            0.08223954060705498,
            0.19183255960343062,
            132.38541666666666
        ],
        [
            0.06672873991309752,
            0.12404712404712406,
            81.67924528301887
        ],
        [
            0.031200159489633172,
            0.1171278458844133,
            55.115830115830114
        ],
        [
            0.039987204094689775,
            0.10304588607594942,
            66.52631578947368
        ],
        [
            0.07988322717622086,
            0.22756921292941001,
            106.96124031007751
        ]
    ]
}