{
    "rgb_colors": [
        [
            165.02380952380952,
            146.02380952380952,
            114.02380952380952
        ],
        [
            174.4102564102564,
            155.4102564102564,
            123.4017094017094
        ],
        [
            158.97619047619048,
            139.97619047619048,
            107.97619047619048
        ],
        [
            161.97222222222223,
            142.97222222222223,
            110.97222222222223
        ],
        [
            155.63636363636363,
            136.63636363636363,
            104.63636363636364
        ],
        [
            167.8918918918919,
            148.8918918918919,
            116.89189189189189
        ],
        [
            151.72131147540983,
            132.72131147540983,
            100.72131147540983
        ],
        [
            178.83636363636364,
            159.83636363636364,
            127.81818181818181
        ],
        [
            170.8345864661654,
            151.8345864661654,
            119.83458646616542
        ],
        [
            147.53333333333333,
            128.53333333333333,
            96.53333333333333
        ]
    ],
    "hex_colors": [
        "#a59272",
        "#ae9b7b",
        "#9e8b6b",
        "#a18e6e",
        "#9b8868",
        "#a79474",
        "#978464",
        "#b29f7f",
        "#aa9777",
        "#938060"
    ],
    "hsl_color_values": [
        [
            0.10457516339869281,
            0.3090463136632521,
            165.02380952380952
        ],
        [
            0.10458556747095622,
            0.2924630010781143,
            174.4102564102564
        ],
        [
            0.10457516339869281,
            0.3208027557286206,
            158.97619047619048
        ],
        [
            0.10457516339869281,
            0.314868804664723,
            161.97222222222223
        ],
        [
            0.10457516339869279,
            0.32768691588785037,
            155.63636363636363
        ],
        [
            0.10457516339869283,
            0.30376690276883456,
            167.8918918918919
        ],
        [
            0.10457516339869281,
            0.3361426256077796,
            151.72131147540983
        ],
        [
            0.10459729151817536,
            0.2852785685237902,
            178.83636363636364
        ],
        [
            0.10457516339869279,
            0.298534395493156,
            170.8345864661654
        ],
        [
            0.10457516339869281,
            0.3456845910528694,
            147.53333333333333
        ]
    ]
}