{
    "rgb_colors": [
        [
            22.546666666666667,
            19.066666666666666,
            14.693333333333333
        ],
        [
            55.84210526315789,
            49.84210526315789,
            41.89473684210526
        ],
        [
            3.9444444444444464,
            1.2986111111111107,
            0.4513888888888893
        ],
        [
            40.894366197183096,
            35.02816901408451,
            27.119718309859156
        ],
        [
            30.621794871794872,
            25.397435897435898,
            18.71794871794872
        ],
        [
            36.2,
            30.535135135135135,
            22.924324324324324
        ],
        [
            16.424242424242422,
            13.53030303030303,
            9.924242424242424
        ],
        [
            50.17647058823529,
            44.17647058823529,
            36.0
        ],
        [
            9.981481481481481,
            7.111111111111111,
            4.7592592592592595
        ],
        [
            45.13265306122449,
            39.14285714285714,
            30.714285714285715
        ]
    ],
    "hex_colors": [
        "#16130e",
        "#373129",
        "#030100",
        "#28231b",
        "#1e1912",
        "#241e16",
        "#100d09",
        "#322c24",
        "#090704",
        "#2d271e"
    ],
    "hsl_color_values": [
        [
            0.09281267685342387,
            0.34831460674157305,
            22.546666666666667
        ],
        [
            0.09496855345911948,
            0.24976437323279924,
            55.84210526315789
        ],
        [
            0.04042412193505627,
            0.8855633802816901,
            3.9444444444444464
        ],
        [
            0.09568847989093394,
            0.3368348544859652,
            40.894366197183096
        ],
        [
            0.09352001436007899,
            0.38873770148628845,
            30.621794871794872
        ],
        [
            0.09554831704668837,
            0.3667313722562342,
            36.2
        ],
        [
            0.09246309246309248,
            0.3957564575645756,
            16.424242424242422
        ],
        [
            0.09612724757952973,
            0.28253223915592024,
            50.17647058823529
        ],
        [
            0.07505910165484632,
            0.523191094619666,
            9.981481481481481
        ],
        [
            0.09742863882991266,
            0.31946642550305215,
            45.13265306122449
        ]
    ]
}