{
    "rgb_colors": [
        [
            91.01418439716312,
            59.765957446808514,
            25.51063829787234
        ],
        [
            82.18,
            50.25,
            18.04
        ],
        [
            88.9261744966443,
            57.16778523489933,
            24.44295302013423
        ],
        [
            83.675,
            52.675,
            17.575
        ],
        [
            100.07142857142857,
            68.78571428571428,
            34.64285714285714
        ],
        [
            85.13168724279835,
            53.35390946502058,
            20.679012345679013
        ],
        [
            93.26436781609195,
            61.839080459770116,
            28.0
        ],
        [
            96.05660377358491,
            64.62264150943396,
            30.358490566037737
        ],
        [
            79.75555555555556,
            48.044444444444444,
            14.955555555555556
        ],
        [
            87.32894736842105,
            55.89473684210526,
            22.19736842105263
        ]
    ],
    "hex_colors": [
        "#5b3b19",
        "#523212",
        "#583918",
        "#533411",
        "#644422",
        "#553514",
        "#5d3d1c",
        "#60401e",
        "#4f300e",
        "#573716"
    ],
    "hsl_color_values": [
        [
            0.0871589432654829,
            0.7197070053767631,
            91.01418439716312
        ],
        [
            0.08369712088140525,
            0.7804818690678998,
            82.18
        ],
        [
            0.08458229253399945,
            0.7251320754716981,
            88.9261744966443
        ],
        [
            0.08850226928895612,
            0.7899611592470869,
            83.675
        ],
        [
            0.08697234352256185,
            0.6538187009279087,
            100.07142857142857
        ],
        [
            0.08449325330949646,
            0.7570938270411369,
            85.13168724279835
        ],
        [
            0.08641540448514735,
            0.6997781612028592,
            93.26436781609195
        ],
        [
            0.08692322420065096,
            0.6839520722844236,
            96.05660377358491
        ],
        [
            0.08510516689529035,
            0.8124825856784621,
            79.75555555555556
        ],
        [
            0.08622895622895621,
            0.74581889407865,
            87.32894736842105
        ]
    ]
}