{
    "rgb_colors": [
        [
            239.85,
            233.85,
            216.85
        ],
        [
            242.6060606060606,
            236.6060606060606,
            219.6060606060606
        ],
        [
            236.0,
            230.0,
            213.0
        ],
        [
            233.0,
            227.0,
            210.0
        ],
        [
            235.0,
            229.0,
            212.0
        ],
        [
            227.8235294117647,
            221.8235294117647,
            204.8235294117647
        ],
        [
            237.0,
            231.0,
            214.0
        ],
        [
            234.0,
            228.0,
            211.0
        ],
        [
            231.2,
            225.2,
            208.2
        ],
        [
            238.0,
            232.0,
            215.0
        ]
    ],
    "hex_colors": [
        "#efe9d8",
        "#f2ecdb",
        "#ece6d5",
        "#e9e3d2",
        "#ebe5d4",
        "#e3ddcc",
        "#ede7d6",
        "#eae4d3",
        "#e7e1d0",
        "#eee8d7"
    ],
    "hsl_color_values": [
        [
            0.12318840579710144,
            0.09589326662497394,
            239.85
        ],
        [
            0.12318840579710144,
            0.09480389707719211,
            242.6060606060606
        ],
        [
            0.12318840579710144,
            0.09745762711864407,
            236.0
        ],
        [
            0.12318840579710144,
            0.09871244635193133,
            233.0
        ],
        [
            0.12318840579710144,
            0.09787234042553192,
            235.0
        ],
        [
            0.12318840579710144,
            0.10095533178414666,
            227.8235294117647
        ],
        [
            0.12318840579710144,
            0.0970464135021097,
            237.0
        ],
        [
            0.12318840579710144,
            0.09829059829059829,
            234.0
        ],
        [
            0.12318840579710144,
            0.0994809688581315,
            231.2
        ],
        [
            0.12318840579710144,
            0.09663865546218488,
            238.0
        ]
    ]
}