{
    "rgb_colors": [
        [
            123.2,
            114.2,
            115.8
        ],
        [
            21.75,
            6.170454545454547,
            9.25
        ],
        [
            78.40490797546012,
            44.852760736196316,
            6.319018404907979
        ],
        [
            39.31999999999999,
            42.519999999999996,
            57.879999999999995
        ],
        [
            92.73949579831933,
            58.8109243697479,
            17.483193277310924
        ],
        [
            187.46428571428572,
            181.21428571428572,
            180.17857142857142
        ],
        [
            109.3963963963964,
            73.89189189189189,
            30.08108108108108
        ],
        [
            253.11574074074073,
            252.5185185185185,
            251.4537037037037
        ],
        [
            64.24242424242425,
            67.86363636363636,
            87.25757575757575
        ],
        [
            59.81081081081081,
            28.540540540540533,
            4.189189189189179
        ]
    ],
    "hex_colors": [
        "#7b7273",
        "#150609",
        "#4e2c06",
        "#272a39",
        "#5c3a11",
        "#bbb5b4",
        "#6d491e",
        "#fdfcfb",
        "#404357",
        "#3b1c04"
    ],
    "hsl_color_values": [
        [
            0.9703703703703704,
            0.07305194805194805,
            123.2
        ],
        [
            0.9670556771213227,
            0.7163009404388714,
            21.75
        ],
        [
            0.08909219858156027,
            0.9194053208137715,
            78.40490797546012
        ],
        [
            0.6379310344827586,
            0.3206634416033173,
            57.879999999999995
        ],
        [
            0.09152662237358793,
            0.8114806089162739,
            92.73949579831933
        ],
        [
            0.023692810457516738,
            0.03886454562773872,
            187.46428571428572
        ],
        [
            0.09206042707860063,
            0.7250267643910072,
            109.3963963963964
        ],
        [
            0.10677808727947945,
            0.006566312439412511,
            253.11574074074073
        ],
        [
            0.6404432740838271,
            0.263761069630144,
            87.25757575757575
        ],
        [
            0.07296728215095562,
            0.9299593312245822,
            59.81081081081081
        ]
    ]
}