{
    "rgb_colors": [
        [
            237.3680981595092,
            229.25153374233128,
            212.95705521472394
        ],
        [
            232.48684210526315,
            223.48684210526315,
            207.48684210526315
        ],
        [
            231.5408163265306,
            225.5408163265306,
            208.5408163265306
        ],
        [
            243.1891891891892,
            235.0810810810811,
            218.78378378378378
        ],
        [
            233.91256830601094,
            227.91256830601094,
            210.91256830601094
        ],
        [
            229.42105263157896,
            221.3684210526316,
            205.05263157894737
        ],
        [
            229.60256410256412,
            223.60256410256412,
            206.60256410256412
        ],
        [
            234.82051282051282,
            225.82051282051282,
            209.82051282051282
        ],
        [
            237.47058823529412,
            231.47058823529412,
            214.47058823529412
        ],
        [
            240.67924528301887,
            232.21698113207546,
            216.03773584905662
        ]
    ],
    "hex_colors": [
        "#ede5d4",
        "#e8dfcf",
        "#e7e1d0",
        "#f3ebda",
        "#e9e3d2",
        "#e5ddcd",
        "#e5dfce",
        "#eae1d1",
        "#ede7d6",
        "#f0e8d8"
    ],
    "hsl_color_values": [
        [
            0.11125073301499529,
            0.10284045385231703,
            237.3680981595092
        ],
        [
            0.10666666666666667,
            0.1075329673439357,
            232.48684210526315
        ],
        [
            0.12318840579710144,
            0.09933453792252435,
            231.5408163265306
        ],
        [
            0.11129568106312303,
            0.10035563458546348,
            243.1891891891892
        ],
        [
            0.12318840579710144,
            0.09832733728916507,
            233.91256830601094
        ],
        [
            0.11159107271418288,
            0.10621702225281032,
            229.42105263157896
        ],
        [
            0.12318840579710144,
            0.10017309732536712,
            229.60256410256412
        ],
        [
            0.10666666666666667,
            0.10646429351386766,
            234.82051282051282
        ],
        [
            0.12318840579710144,
            0.09685409957889522,
            237.47058823529412
        ],
        [
            0.1094308320571719,
            0.10238319222326744,
            240.67924528301887
        ]
    ]
}