{
    "rgb_colors": [
        [
            124.4468085106383,
            86.98936170212767,
            34.57446808510638
        ],
        [
            165.64705882352942,
            127.28676470588235,
            69.72794117647058
        ],
        [
            114.07731958762886,
            77.28350515463917,
            30.25773195876289
        ],
        [
            133.0625,
            95.4625,
            44.5875
        ],
        [
            146.73611111111111,
            109.72222222222223,
            56.0
        ],
        [
            92.22784810126582,
            55.21518987341772,
            6.2278481012658204
        ],
        [
            193.53488372093022,
            156.48837209302326,
            99.44186046511628
        ],
        [
            73.06818181818181,
            37.43181818181818,
            0.8409090909090864
        ],
        [
            178.73684210526315,
            140.33082706766916,
            81.71428571428572
        ],
        [
            106.1006711409396,
            69.25503355704699,
            19.838926174496645
        ]
    ],
    "hex_colors": [
        "#7c5622",
        "#a57f45",
        "#724d1e",
        "#855f2c",
        "#926d38",
        "#5c3706",
        "#c19c63",
        "#492500",
        "#b28c51",
        "#6a4513"
    ],
    "hsl_color_values": [
        [
            0.09720249368686869,
            0.7221747307232005,
            124.4468085106383
        ],
        [
            0.10001277628721093,
            0.5790571732954546,
            165.64705882352942
        ],
        [
            0.09350593444437612,
            0.7347611947042609,
            114.07731958762886
        ],
        [
            0.0958368654045399,
            0.6649131047440112,
            133.0625
        ],
        [
            0.09867850400530641,
            0.6183625177472788,
            146.73611111111111
        ],
        [
            0.0949367088607595,
            0.9324732363436729,
            92.22784810126582
        ],
        [
            0.10104630087329051,
            0.4861812064407594,
            193.53488372093022
        ],
        [
            0.08443465491923641,
            0.9884914463452565,
            73.06818181818181
        ],
        [
            0.10069229179582558,
            0.5428234898199562,
            178.73684210526315
        ],
        [
            0.09547706112710393,
            0.8130179011955215,
            106.1006711409396
        ]
    ]
}