{
    "rgb_colors": [
        [
            193.60227272727272,
            178.60227272727272,
            158.60227272727272
        ],
        [
            201.46107784431138,
            186.46107784431138,
            166.46107784431138
        ],
        [
            191.16666666666666,
            176.16666666666666,
            156.16666666666666
        ],
        [
            197.44019138755982,
            182.44019138755982,
            162.44019138755982
        ],
        [
            199.0,
            184.0,
            164.0
        ],
        [
            203.7972972972973,
            188.7972972972973,
            168.7972972972973
        ],
        [
            200.0,
            185.0,
            165.0
        ],
        [
            186.0,
            171.0,
            151.0
        ],
        [
            195.53284671532847,
            180.53284671532847,
            160.53284671532847
        ],
        [
            206.73809523809524,
            191.73809523809524,
            171.73809523809524
        ]
    ],
    "hex_colors": [
        "#c1b29e",
        "#c9baa6",
        "#bfb09c",
        "#c5b6a2",
        "#c7b8a4",
        "#cbbca8",
        "#c8b9a5",
        "#baab97",
        "#c3b4a0",
        "#cebfab"
    ],
    "hsl_color_values": [
        [
            0.09523809523809523,
            0.18078300170217762,
            193.60227272727272
        ],
        [
            0.09523809523809523,
            0.17373082867673284,
            201.46107784431138
        ],
        [
            0.09523809523809523,
            0.18308631211857018,
            191.16666666666666
        ],
        [
            0.09523809523809523,
            0.17726887192536048,
            197.44019138755982
        ],
        [
            0.09523809523809523,
            0.17587939698492464,
            199.0
        ],
        [
            0.09523809523809523,
            0.17173927458391353,
            203.7972972972973
        ],
        [
            0.09523809523809523,
            0.175,
            200.0
        ],
        [
            0.09523809523809523,
            0.1881720430107527,
            186.0
        ],
        [
            0.09523809523809523,
            0.17899805883231296,
            195.53284671532847
        ],
        [
            0.09523809523809523,
            0.16929632615455487,
            206.73809523809524
        ]
    ]
}