{
    "rgb_colors": [
        [
            63.13333333333334,
            54.28,
            46.96
        ],
        [
            25.73913043478261,
            16.55072463768116,
            9.536231884057973
        ],
        [
            128.14285714285714,
            119.35714285714285,
            112.14285714285714
        ],
        [
            9.788135593220339,
            2.805084745762713,
            0.8474576271186436
        ],
        [
            30.382513661202186,
            25.595628415300546,
            24.683060109289617
        ],
        [
            78.68571428571428,
            71.22857142857143,
            64.94285714285715
        ],
        [
            98.78947368421052,
            90.71052631578948,
            83.18421052631578
        ],
        [
            34.82105263157895,
            24.83157894736842,
            16.705263157894738
        ],
        [
            35.937777777777775,
            31.59111111111111,
            30.68888888888889
        ],
        [
            50.10112359550562,
            42.438202247191015,
            37.70786516853933
        ]
    ],
    "hex_colors": [
        "#3f362e",
        "#191009",
        "#807770",
        "#090200",
        "#1e1918",
        "#4e4740",
        "#625a53",
        "#221810",
        "#231f1e",
        "#322a25"
    ],
    "hsl_color_values": [
        [
            0.07543281121187136,
            0.25617740232312575,
            63.13333333333334
        ],
        [
            0.07215265354800238,
            0.6295045045045045,
            25.73913043478261
        ],
        [
            0.07514880952380946,
            0.12486064659977704,
            128.14285714285714
        ],
        [
            0.036492890995260686,
            0.9134199134199135,
            9.788135593220339
        ],
        [
            0.02668584212208373,
            0.18758992805755398,
            30.382513661202186
        ],
        [
            0.07623007623007617,
            0.1746550472040667,
            78.68571428571428
        ],
        [
            0.08038223721191695,
            0.1579648375066596,
            98.78947368421052
        ],
        [
            0.07476273484408287,
            0.5202539298669892,
            34.82105263157895
        ],
        [
            0.02864803838554895,
            0.14605490972050447,
            35.937777777777775
        ],
        [
            0.06361438501057724,
            0.2473648800179412,
            50.10112359550562
        ]
    ]
}