{
    "rgb_colors": [
        [
            172.98076923076923,
            156.98076923076923,
            123.98076923076923
        ],
        [
            161.97029702970298,
            145.97029702970298,
            112.97029702970298
        ],
        [
            165.5430463576159,
            149.5430463576159,
            116.54304635761589
        ],
        [
            168.93283582089552,
            152.93283582089552,
            119.93283582089552
        ],
        [
            181.64285714285714,
            165.64285714285714,
            132.64285714285714
        ],
        [
            151.2888888888889,
            135.2888888888889,
            102.28888888888889
        ],
        [
            159.0650406504065,
            143.0650406504065,
            110.0650406504065
        ],
        [
            155.79012345679013,
            139.79012345679013,
            106.79012345679013
        ],
        [
            187.27272727272728,
            171.27272727272728,
            138.27272727272728
        ],
        [
            177.19298245614036,
            161.19298245614036,
            128.19298245614036
        ]
    ],
    "hex_colors": [
        "#ac9c7b",
        "#a19170",
        "#a59574",
        "#a89877",
        "#b5a584",
        "#978766",
        "#9f8f6e",
        "#9b8b6a",
        "#bbab8a",
        "#b1a180"
    ],
    "hsl_color_values": [
        [
            0.11224489795918369,
            0.28326848249027237,
            172.98076923076923
        ],
        [
            0.11224489795918369,
            0.3025246041934103,
            161.97029702970298
        ],
        [
            0.11224489795918369,
            0.29599551946233554,
            165.5430463576159
        ],
        [
            0.11224489795918369,
            0.2900561028404824,
            168.93283582089552
        ],
        [
            0.11224489795918369,
            0.2697601258356272,
            181.64285714285714
        ],
        [
            0.11224489795918369,
            0.3238836662749706,
            151.2888888888889
        ],
        [
            0.11224489795918369,
            0.30805008944543827,
            159.0650406504065
        ],
        [
            0.11224489795918369,
            0.31452571519137806,
            155.79012345679013
        ],
        [
            0.11224489795918369,
            0.2616504854368932,
            187.27272727272728
        ],
        [
            0.11224489795918369,
            0.2765346534653465,
            177.19298245614036
        ]
    ]
}