{
    "rgb_colors": [
        [
            235.0,
            229.0,
            212.0
        ],
        [
            237.0,
            231.0,
            214.0
        ],
        [
            238.8495575221239,
            232.8495575221239,
            215.8495575221239
        ],
        [
            228.42857142857142,
            222.42857142857142,
            205.42857142857142
        ],
        [
            241.475,
            235.475,
            218.475
        ],
        [
            234.0,
            228.0,
            211.0
        ],
        [
            231.5,
            225.5,
            208.5
        ],
        [
            230.0,
            224.0,
            207.0
        ],
        [
            236.0,
            230.0,
            213.0
        ],
        [
            233.0,
            227.0,
            210.0
        ]
    ],
    "hex_colors": [
        "#ebe5d4",
        "#ede7d6",
        "#eee8d7",
        "#e4decd",
        "#f1ebda",
        "#eae4d3",
        "#e7e1d0",
        "#e6e0cf",
        "#ece6d5",
        "#e9e3d2"
    ],
    "hsl_color_values": [
        [
            0.12318840579710144,
            0.09787234042553192,
            235.0
        ],
        [
            0.12318840579710144,
            0.0970464135021097,
            237.0
        ],
        [
            0.12318840579710144,
            0.09629492404594295,
            238.8495575221239
        ],
        [
            0.12318840579710144,
            0.10068792995622264,
            228.42857142857142
        ],
        [
            0.12318840579710144,
            0.09524795527487318,
            241.475
        ],
        [
            0.12318840579710144,
            0.09829059829059829,
            234.0
        ],
        [
            0.12318840579710144,
            0.09935205183585313,
            231.5
        ],
        [
            0.12318840579710144,
            0.1,
            230.0
        ],
        [
            0.12318840579710144,
            0.09745762711864407,
            236.0
        ],
        [
            0.12318840579710144,
            0.09871244635193133,
            233.0
        ]
    ]
}