{
    "rgb_colors": [
        [
            76.0,
            94.34939759036145,
            123.36144578313252
        ],
        [
            92.21929824561404,
            118.69298245614036,
            154.12280701754386
        ],
        [
            153.75471698113208,
            182.04716981132074,
            217.5754716981132
        ],
        [
            241.69642857142856,
            251.48214285714283,
            253.67857142857142
        ],
        [
            126.35344827586206,
            156.70689655172413,
            199.1293103448276
        ],
        [
            107.96330275229357,
            138.70642201834863,
            179.77064220183485
        ],
        [
            54.36842105263159,
            65.8421052631579,
            87.0701754385965
        ],
        [
            202.5,
            231.66326530612244,
            252.48469387755102
        ],
        [
            148.41935483870967,
            153.6290322580645,
            161.80645161290323
        ],
        [
            176.2,
            205.272,
            241.176
        ]
    ],
    "hex_colors": [
        "#4c5e7b",
        "#5c769a",
        "#99b6d9",
        "#f1fbfd",
        "#7e9cc7",
        "#6b8ab3",
        "#364157",
        "#cae7fc",
        "#9499a1",
        "#b0cdf1"
    ],
    "hsl_color_values": [
        [
            0.6020944628169254,
            0.3839242113487645,
            123.36144578313252
        ],
        [
            0.5953899201738228,
            0.40165054069436534,
            154.12280701754386
        ],
        [
            0.5927814732692781,
            0.29332697394094437,
            217.5754716981132
        ],
        [
            0.5305514157973176,
            0.047233563283119825,
            253.67857142857142
        ],
        [
            0.5971531232725263,
            0.3654703666825404,
            199.1293103448276
        ],
        [
            0.5953111025935862,
            0.3994386323041592,
            179.77064220183485
        ],
        [
            0.6081902718168813,
            0.3755792867217408,
            87.0701754385965
        ],
        [
            0.5694260147664251,
            0.19797118435144584,
            252.48469387755102
        ],
        [
            0.6018072289156627,
            0.08273524720893152,
            161.80645161290323
        ],
        [
            0.5920955429697119,
            0.26941320861113877,
            241.176
        ]
    ]
}