{
    "rgb_colors": [
        [
            240.97368421052633,
            235.84736842105264,
            222.81578947368422
        ],
        [
            254.8324607329843,
            253.2408376963351,
            240.31413612565444
        ],
        [
            212.08695652173913,
            205.17391304347825,
            190.6086956521739
        ],
        [
            229.30555555555554,
            223.44444444444446,
            208.83333333333334
        ],
        [
            236.75757575757575,
            231.62121212121212,
            218.03030303030303
        ],
        [
            251.89655172413794,
            246.85057471264366,
            233.3448275862069
        ],
        [
            244.6,
            239.5,
            226.48636363636365
        ],
        [
            217.5,
            210.3095238095238,
            195.9047619047619
        ],
        [
            222.5263157894737,
            216.05263157894737,
            201.39473684210526
        ],
        [
            248.10687022900763,
            243.0229007633588,
            229.75572519083968
        ]
    ],
    "hex_colors": [
        "#f0ebde",
        "#fefdf0",
        "#d4cdbe",
        "#e5dfd0",
        "#ece7da",
        "#fbf6e9",
        "#f4efe2",
        "#d9d2c3",
        "#ded8c9",
        "#f8f3e5"
    ],
    "hsl_color_values": [
        [
            0.11961352657004824,
            0.07535218958174075,
            240.97368421052633
        ],
        [
            0.14839523981247768,
            0.056972037885480664,
            254.8324607329843
        ],
        [
            0.11302294197031036,
            0.1012710127101271,
            212.08695652173913
        ],
        [
            0.11895070104025345,
            0.08927922471229549,
            229.30555555555554
        ],
        [
            0.12095469255663438,
            0.07909893766798921,
            236.75757575757575
        ],
        [
            0.1213341594382485,
            0.07364818617385357,
            251.89655172413794
        ],
        [
            0.11974069427017986,
            0.07405411432394254,
            244.6
        ],
        [
            0.11117236310180072,
            0.09928845101258897,
            217.5
        ],
        [
            0.1156081361560813,
            0.09496215704824984,
            222.5263157894737
        ],
        [
            0.12049362174154206,
            0.073964679096671,
            248.10687022900763
        ]
    ]
}