{
    "rgb_colors": [
        [
            142.71223021582733,
            108.41007194244605,
            64.89928057553956
        ],
        [
            47.33333333333334,
            21.888888888888886,
            0.0
        ],
        [
            158.60377358490567,
            124.00943396226415,
            79.4245283018868
        ],
        [
            183.16417910447763,
            147.22388059701493,
            95.8507462686567
        ],
        [
            100.27338129496403,
            64.01438848920863,
            20.02158273381295
        ],
        [
            130.43548387096774,
            94.41129032258064,
            51.32258064516129
        ],
        [
            79.75806451612902,
            44.16129032258065,
            3.6290322580645196
        ],
        [
            109.63829787234043,
            73.35460992907801,
            28.148936170212764
        ],
        [
            91.90163934426229,
            55.057377049180324,
            11.83606557377049
        ],
        [
            120.29565217391304,
            83.19130434782609,
            36.78260869565217
        ]
    ],
    "hex_colors": [
        "#8e6c40",
        "#2f1500",
        "#9e7c4f",
        "#b7935f",
        "#644014",
        "#825e33",
        "#4f2c03",
        "#6d491c",
        "#5b370b",
        "#785324"
    ],
    "hsl_color_values": [
        [
            0.09319526627218938,
            0.5452437364520845,
            142.71223021582733
        ],
        [
            0.07707355242566506,
            1.0,
            47.33333333333334
        ],
        [
            0.09384804797648834,
            0.4992267428027599,
            158.60377358490567
        ],
        [
            0.09806267806267806,
            0.4766949152542374,
            183.16417910447763
        ],
        [
            0.0913641117585537,
            0.8003300330033003,
            100.27338129496403
        ],
        [
            0.09077471967380224,
            0.6065289971559293,
            130.43548387096774
        ],
        [
            0.0887358757062147,
            0.9544994944388271,
            79.75806451612902
        ],
        [
            0.09245720916739192,
            0.7432563555210557,
            109.63829787234043
        ],
        [
            0.08997065247065246,
            0.8712094184801997,
            91.90163934426229
        ],
        [
            0.09261765930862143,
            0.6942316032962267,
            120.29565217391304
        ]
    ]
}