{
    "rgb_colors": [
        [
            67.27727272727273,
            63.65909090909091,
            62.0
        ],
        [
            16.81967213114754,
            11.786885245901637,
            9.360655737704917
        ],
        [
            29.57333333333333,
            25.03333333333333,
            22.906666666666666
        ],
        [
            76.83211678832117,
            73.18248175182481,
            71.34306569343066
        ],
        [
            56.31818181818182,
            52.56060606060606,
            51.18939393939394
        ],
        [
            169.0,
            163.5,
            158.0
        ],
        [
            219.83333333333331,
            214.16666666666666,
            207.83333333333331
        ],
        [
            42.87356321839081,
            38.95402298850575,
            37.44827586206897
        ],
        [
            88.47435897435898,
            84.57692307692308,
            82.3076923076923
        ],
        [
            254.0,
            250.08333333333331,
            243.25
        ]
    ],
    "hex_colors": [
        "#433f3e",
        "#100b09",
        "#1d1916",
        "#4c4947",
        "#383433",
        "#a9a39e",
        "#dbd6cf",
        "#2a2625",
        "#585452",
        "#fefaf3"
    ],
    "hsl_color_values": [
        [
            0.05239735859890887,
            0.07844064590230394,
            67.27727272727273
        ],
        [
            0.054212454212454166,
            0.4434697855750488,
            16.81967213114754
        ],
        [
            0.05316666666666664,
            0.22542831379621275,
            29.57333333333333
        ],
        [
            0.055851063829786884,
            0.07144214326429796,
            76.83211678832117
        ],
        [
            0.044559330379123664,
            0.09106806564433689,
            56.31818181818182
        ],
        [
            0.08333333333333333,
            0.0650887573964497,
            169.0
        ],
        [
            0.08796296296296309,
            0.05458680818802123,
            219.83333333333331
        ],
        [
            0.046257062146892625,
            0.1265415549597855,
            42.87356321839081
        ],
        [
            0.061330561330561396,
            0.06970004347196064,
            88.47435897435898
        ],
        [
            0.10594315245478007,
            0.04232283464566929,
            254.0
        ]
    ]
}