{
    "rgb_colors": [
        [
            56.38095238095238,
            54.38095238095238,
            50.38095238095238
        ],
        [
            45.57333333333333,
            43.57333333333333,
            39.57333333333333
        ],
        [
            51.0,
            49.0,
            45.0
        ],
        [
            47.0,
            45.0,
            41.0
        ],
        [
            48.0,
            46.0,
            42.0
        ],
        [
            54.26086956521739,
            52.26086956521739,
            48.26086956521739
        ],
        [
            50.0,
            48.0,
            44.0
        ],
        [
            49.0,
            47.0,
            43.0
        ],
        [
            42.90526315789474,
            40.90526315789474,
            36.90526315789474
        ],
        [
            52.44736842105263,
            50.44736842105263,
            46.44736842105263
        ]
    ],
    "hex_colors": [
        "#383632",
        "#2d2b27",
        "#33312d",
        "#2f2d29",
        "#302e2a",
        "#363430",
        "#32302c",
        "#312f2b",
        "#2a2824",
        "#34322e"
    ],
    "hsl_color_values": [
        [
            0.11111111111111112,
            0.10641891891891893,
            56.38095238095238
        ],
        [
            0.11111111111111112,
            0.13165593914569926,
            45.57333333333333
        ],
        [
            0.11111111111111112,
            0.11764705882352941,
            51.0
        ],
        [
            0.11111111111111112,
            0.1276595744680851,
            47.0
        ],
        [
            0.11111111111111112,
            0.125,
            48.0
        ],
        [
            0.11111111111111112,
            0.11057692307692307,
            54.26086956521739
        ],
        [
            0.11111111111111112,
            0.12,
            50.0
        ],
        [
            0.11111111111111112,
            0.12244897959183673,
            49.0
        ],
        [
            0.11111111111111112,
            0.13984298331697742,
            42.90526315789474
        ],
        [
            0.11111111111111112,
            0.11440040140491721,
            52.44736842105263
        ]
    ]
}