{
    "rgb_colors": [
        [
            56.15436241610738,
            32.61073825503356,
            11.691275167785236
        ],
        [
            180.1311475409836,
            170.344262295082,
            155.21311475409837
        ],
        [
            140.49411764705883,
            128.94117647058823,
            116.35294117647058
        ],
        [
            113.34117647058824,
            87.38823529411765,
            64.87058823529412
        ],
        [
            154.53932584269663,
            143.42696629213484,
            131.28089887640448
        ],
        [
            86.42647058823529,
            59.8014705882353,
            36.77205882352941
        ],
        [
            72.40310077519379,
            45.93023255813954,
            22.76744186046512
        ],
        [
            168.33098591549296,
            157.9718309859155,
            143.45774647887325
        ],
        [
            121.61538461538461,
            106.42307692307692,
            91.07692307692308
        ],
        [
            100.97540983606558,
            73.5327868852459,
            48.99180327868852
        ]
    ],
    "hex_colors": [
        "#38200b",
        "#b4aa9b",
        "#8c8074",
        "#715740",
        "#9a8f83",
        "#563b24",
        "#482d16",
        "#a89d8f",
        "#796a5b",
        "#644930"
    ],
    "hsl_color_values": [
        [
            0.07841509433962264,
            0.7918011234612167,
            56.15436241610738
        ],
        [
            0.10120614035087738,
            0.13833272661084806,
            180.1311475409836
        ],
        [
            0.0869070825211176,
            0.17183051415173348,
            140.49411764705883
        ],
        [
            0.07742718446601941,
            0.42765206560099644,
            113.34117647058824
        ],
        [
            0.08703703703703713,
            0.15050167224080277,
            154.53932584269663
        ],
        [
            0.07729897823189695,
            0.574527820316488,
            86.42647058823529
        ],
        [
            0.07777604248008747,
            0.6855460385438972,
            72.40310077519379
        ],
        [
            0.09725368063420152,
            0.14776387901100277,
            168.33098591549296
        ],
        [
            0.08375314861460954,
            0.2511068943706514,
            121.61538461538461
        ],
        [
            0.07868180384736674,
            0.5148145141651108,
            100.97540983606558
        ]
    ]
}