{
    "rgb_colors": [
        [
            50.96907216494846,
            43.02061855670103,
            32.623711340206185
        ],
        [
            123.03278688524591,
            115.98360655737704,
            102.04918032786885
        ],
        [
            77.97637795275591,
            71.05511811023622,
            59.36220472440945
        ],
        [
            91.82051282051282,
            85.03418803418803,
            72.53846153846155
        ],
        [
            138.9736842105263,
            131.5,
            117.44736842105263
        ],
        [
            107.22988505747126,
            99.93103448275862,
            87.20689655172414
        ],
        [
            12.480519480519476,
            4.896103896103895,
            1.4415584415584348
        ],
        [
            63.70854271356784,
            55.82914572864321,
            45.37688442211055
        ],
        [
            34.548780487804876,
            27.585365853658537,
            18.21951219512195
        ],
        [
            169.0,
            160.9047619047619,
            144.88095238095238
        ]
    ],
    "hex_colors": [
        "#322b20",
        "#7b7366",
        "#4d473b",
        "#5b5548",
        "#8a8375",
        "#6b6357",
        "#0c0401",
        "#3f372d",
        "#221b12",
        "#a9a090"
    ],
    "hsl_color_values": [
        [
            0.09445537135899595,
            0.3599312297734628,
            50.96907216494846
        ],
        [
            0.11067708333333322,
            0.1705529646902066,
            123.03278688524591
        ],
        [
            0.1046954314720812,
            0.23871554074522874,
            77.97637795275591
        ],
        [
            0.10800827423167847,
            0.2099972074839429,
            91.82051282051282
        ],
        [
            0.10880195599022013,
            0.15489490626775224,
            138.9736842105263
        ],
        [
            0.10591274397244543,
            0.1867295530067531,
            107.22988505747126
        ],
        [
            0.05215686274509812,
            0.884495317377732,
            12.480519480519476
        ],
        [
            0.09502923976608185,
            0.28774254614292477,
            63.70854271356784
        ],
        [
            0.09559372666168785,
            0.47264384045181784,
            34.548780487804876
        ],
        [
            0.11072721289897987,
            0.1427162581008735,
            169.0
        ]
    ]
}