{
    "rgb_colors": [
        [
            87.16129032258064,
            83.61290322580645,
            81.61290322580645
        ],
        [
            31.394736842105267,
            28.026315789473685,
            27.68421052631579
        ],
        [
            62.81025641025641,
            59.05128205128205,
            57.06153846153846
        ],
        [
            16.0,
            10.333333333333336,
            7.75
        ],
        [
            71.05581395348837,
            66.70697674418605,
            64.70232558139534
        ],
        [
            55.530973451327434,
            52.24778761061947,
            50.50442477876106
        ],
        [
            47.53,
            44.45,
            43.49
        ],
        [
            100.05000000000001,
            97.05000000000001,
            95.05000000000001
        ],
        [
            78.20555555555555,
            74.01666666666667,
            72.0111111111111
        ],
        [
            40.434782608695656,
            37.3768115942029,
            36.94202898550725
        ]
    ],
    "hex_colors": [
        "#575351",
        "#1f1c1b",
        "#3e3b39",
        "#100a07",
        "#474240",
        "#373432",
        "#2f2c2b",
        "#64615f",
        "#4e4a48",
        "#282524"
    ],
    "hsl_color_values": [
        [
            0.06007751937984498,
            0.06365655070318281,
            87.16129032258064
        ],
        [
            0.015366430260047229,
            0.11818943839061197,
            31.394736842105267
        ],
        [
            0.05768658935474282,
            0.0915251469627694,
            62.81025641025641
        ],
        [
            0.05218855218855223,
            0.515625,
            16.0
        ],
        [
            0.052586627623231096,
            0.08941546115074953,
            71.05581395348837
        ],
        [
            0.05780516431924879,
            0.09051792828685257,
            55.530973451327434
        ],
        [
            0.03960396039603964,
            0.08499894803282136,
            47.53
        ],
        [
            0.06666666666666667,
            0.04997501249375312,
            100.05000000000001
        ],
        [
            0.053961136023916424,
            0.07920721744689918,
            78.20555555555555
        ],
        [
            0.020746887966804812,
            0.08637992831541219,
            40.434782608695656
        ]
    ]
}