{
    "rgb_colors": [
        [
            92.0,
            60.63265306122449,
            27.163265306122447
        ],
        [
            103.76623376623377,
            63.61038961038961,
            16.31168831168831
        ],
        [
            121.85,
            83.30555555555556,
            36.15555555555556
        ],
        [
            58.34693877551021,
            25.89795918367347,
            0.4387755102040849
        ],
        [
            130.23684210526315,
            91.21710526315789,
            43.68421052631579
        ],
        [
            113.81645569620252,
            75.5253164556962,
            29.10759493670886
        ],
        [
            139.0608695652174,
            99.94782608695652,
            52.11304347826087
        ],
        [
            77.56190476190476,
            42.52380952380952,
            7.171428571428571
        ],
        [
            122.24242424242425,
            87.36363636363636,
            50.45454545454545
        ],
        [
            148.98245614035088,
            110.73684210526315,
            63.28070175438596
        ]
    ],
    "hex_colors": [
        "#5c3c1b",
        "#673f10",
        "#795324",
        "#3a1900",
        "#825b2b",
        "#714b1d",
        "#8b6334",
        "#4d2a07",
        "#7a5732",
        "#946e3f"
    ],
    "hsl_color_values": [
        [
            0.0860350435421257,
            0.7047471162377995,
            92.0
        ],
        [
            0.09013959013959012,
            0.8428035043804756,
            103.76623376623377
        ],
        [
            0.09170178282009726,
            0.7032781653216613,
            121.85
        ],
        [
            0.07327459618208516,
            0.9924798880727527,
            58.34693877551021
        ],
        [
            0.09152984696462958,
            0.664578702768236,
            130.23684210526315
        ],
        [
            0.09132795377565252,
            0.7442584663293109,
            113.81645569620252
        ],
        [
            0.0916925025835917,
            0.6252501250625313,
            139.0608695652174
        ],
        [
            0.08370540747756279,
            0.9075392927308449,
            77.56190476190476
        ],
        [
            0.08569016462642465,
            0.5872583044124938,
            122.24242424242425
        ],
        [
            0.09228932105083587,
            0.5752472915685352,
            148.98245614035088
        ]
    ]
}