{
    "rgb_colors": [
        [
            231.4074074074074,
            216.51851851851853,
            207.74074074074073
        ],
        [
            15.31578947368422,
            9.26315789473685,
            4.84210526315789
        ],
        [
            132.57377049180326,
            121.327868852459,
            109.01639344262296
        ],
        [
            196.81493506493507,
            187.86363636363637,
            178.15584415584416
        ],
        [
            209.15447154471545,
            200.0487804878049,
            192.52845528455285
        ],
        [
            72.8,
            63.44999999999999,
            55.14999999999999
        ],
        [
            189.16964285714286,
            179.28571428571428,
            170.20535714285714
        ],
        [
            154.17441860465115,
            142.47674418604652,
            131.19767441860466
        ],
        [
            171.89655172413794,
            160.57471264367817,
            152.367816091954
        ],
        [
            103.84057971014492,
            93.63768115942028,
            82.13043478260869
        ]
    ],
    "hex_colors": [
        "#e7d8cf",
        "#0f0904",
        "#84796d",
        "#c4bbb2",
        "#d1c8c0",
        "#483f37",
        "#bdb3aa",
        "#9a8e83",
        "#aba098",
        "#675d52"
    ],
    "hsl_color_values": [
        [
            0.06181533646322398,
            0.10227272727272724,
            231.4074074074074
        ],
        [
            0.07035175879396995,
            0.6838487972508596,
            15.31578947368422
        ],
        [
            0.08710276038042215,
            0.17769259305057483,
            132.57377049180326
        ],
        [
            0.08671190766196861,
            0.09480525907718701,
            196.81493506493507
        ],
        [
            0.07538712306438478,
            0.0794915649537433,
            209.15447154471545
        ],
        [
            0.0783758262511803,
            0.24244505494505503,
            72.8
        ],
        [
            0.07980225988700558,
            0.10025015339595039,
            189.16964285714286
        ],
        [
            0.08181511470985159,
            0.14903084697186803,
            154.17441860465115
        ],
        [
            0.07004120070629792,
            0.11360748913406896,
            171.89655172413794
        ],
        [
            0.08834000890075655,
            0.20907187718073975,
            103.84057971014492
        ]
    ]
}