{
    "rgb_colors": [
        [
            230.0,
            222.0,
            203.0
        ],
        [
            235.84939759036143,
            227.84939759036143,
            208.84939759036143
        ],
        [
            232.0,
            224.0,
            205.0
        ],
        [
            227.53947368421052,
            219.53947368421052,
            200.53947368421052
        ],
        [
            231.0,
            223.0,
            204.0
        ],
        [
            233.49068322981367,
            225.49068322981367,
            206.49068322981367
        ],
        [
            239.08235294117648,
            231.08235294117648,
            212.08235294117648
        ],
        [
            225.65714285714284,
            217.65714285714284,
            198.65714285714284
        ],
        [
            223.16666666666666,
            215.16666666666666,
            196.16666666666666
        ],
        [
            229.0,
            221.0,
            202.0
        ]
    ],
    "hex_colors": [
        "#e6decb",
        "#ebe3d0",
        "#e8e0cd",
        "#e3dbc8",
        "#e7dfcc",
        "#e9e1ce",
        "#efe7d4",
        "#e1d9c6",
        "#dfd7c4",
        "#e5ddca"
    ],
    "hsl_color_values": [
        [
            0.11728395061728396,
            0.11739130434782609,
            230.0
        ],
        [
            0.11728395061728396,
            0.11447983448698629,
            235.84939759036143
        ],
        [
            0.11728395061728396,
            0.11637931034482758,
            232.0
        ],
        [
            0.11728395061728396,
            0.11866072977505349,
            227.53947368421052
        ],
        [
            0.11728395061728396,
            0.11688311688311688,
            231.0
        ],
        [
            0.11728395061728396,
            0.11563630559693551,
            233.49068322981367
        ],
        [
            0.11728395061728396,
            0.11293179805137289,
            239.08235294117648
        ],
        [
            0.11728395061728396,
            0.1196505444416308,
            225.65714285714284
        ],
        [
            0.11728395061728396,
            0.12098581030619866,
            223.16666666666666
        ],
        [
            0.11728395061728396,
            0.11790393013100436,
            229.0
        ]
    ]
}