{
    "rgb_colors": [
        [
            185.0887573964497,
            175.28402366863907,
            165.49112426035504
        ],
        [
            122.875,
            113.625,
            102.5
        ],
        [
            10.026315789473685,
            3.723684210526315,
            1.973684210526315
        ],
        [
            235.66666666666666,
            226.0,
            215.66666666666666
        ],
        [
            74.72108843537416,
            65.87755102040816,
            54.13605442176871
        ],
        [
            205.72602739726028,
            196.32876712328766,
            185.2876712328767
        ],
        [
            59.83125,
            51.762499999999996,
            41.262499999999996
        ],
        [
            174.28148148148148,
            164.34444444444443,
            154.31851851851852
        ],
        [
            36.361445783132524,
            28.481927710843365,
            18.951807228915655
        ],
        [
            152.5,
            143.1,
            131.0
        ]
    ],
    "hex_colors": [
        "#b9afa5",
        "#7a7166",
        "#0a0301",
        "#ebe2d7",
        "#4a4136",
        "#cdc4b9",
        "#3b3329",
        "#aea49a",
        "#241c12",
        "#988f83"
    ],
    "hsl_color_values": [
        [
            0.08328301127214183,
            0.10588235294117639,
            185.0887573964497
        ],
        [
            0.09100204498977504,
            0.16581892166836215,
            122.875
        ],
        [
            0.03622004357298475,
            0.8031496062992127,
            10.026315789473685
        ],
        [
            0.0861111111111112,
            0.08486562942008487,
            235.66666666666666
        ],
        [
            0.09506499228905041,
            0.2754916241806264,
            74.72108843537416
        ],
        [
            0.09003574620196597,
            0.09934744972699434,
            205.72602739726028
        ],
        [
            0.09424436216762033,
            0.3103520317559804,
            59.83125
        ],
        [
            0.08370439084724794,
            0.11454437266235974,
            174.28148148148148
        ],
        [
            0.09123414071510956,
            0.4787939032471837,
            36.361445783132524
        ],
        [
            0.09379844961240306,
            0.14098360655737704,
            152.5
        ]
    ]
}