{
    "rgb_colors": [
        [
            152.87428571428572,
            143.74857142857144,
            131.24571428571429
        ],
        [
            170.56410256410257,
            161.56410256410257,
            147.56410256410257
        ],
        [
            145.83435582822085,
            136.40490797546013,
            125.34969325153374
        ],
        [
            104.16666666666667,
            94.16666666666667,
            86.16666666666667
        ],
        [
            157.90425531914894,
            148.7712765957447,
            135.95212765957447
        ],
        [
            59.777777777777786,
            49.777777777777786,
            41.777777777777786
        ],
        [
            166.29133858267716,
            157.28346456692913,
            143.39370078740157
        ],
        [
            162.36458333333334,
            153.34375,
            139.71875
        ],
        [
            128.25,
            118.25,
            109.08333333333334
        ],
        [
            138.66216216216216,
            129.0810810810811,
            118.45945945945945
        ]
    ],
    "hex_colors": [
        "#988f83",
        "#aaa193",
        "#91887d",
        "#685e56",
        "#9d9487",
        "#3b3129",
        "#a69d8f",
        "#a2998b",
        "#80766d",
        "#8a8176"
    ],
    "hsl_color_values": [
        [
            0.09634522236900049,
            0.14147946024744892,
            152.87428571428572
        ],
        [
            0.10144927536231885,
            0.13484666265784725,
            170.56410256410257
        ],
        [
            0.08994708994709011,
            0.14046527281140886,
            145.83435582822085
        ],
        [
            0.07407407407407407,
            0.17279999999999998,
            104.16666666666667
        ],
        [
            0.09732654874404334,
            0.1390217610995082,
            157.90425531914894
        ],
        [
            0.07407407407407407,
            0.3011152416356877,
            59.777777777777786
        ],
        [
            0.10110041265474552,
            0.13769591363227424,
            166.29133858267716
        ],
        [
            0.10027598896044154,
            0.13947520369538724,
            162.36458333333334
        ],
        [
            0.0797101449275362,
            0.14944769330734237,
            128.25
        ],
        [
            0.08762541806020081,
            0.14569730045804508,
            138.66216216216216
        ]
    ]
}