{
    "rgb_colors": [
        [
            244.06666666666666,
            233.06666666666666,
            222.06666666666666
        ],
        [
            186.88666666666666,
            175.88666666666666,
            164.88666666666666
        ],
        [
            195.91666666666666,
            184.91666666666666,
            173.91666666666666
        ],
        [
            191.91071428571428,
            180.91071428571428,
            169.91071428571428
        ],
        [
            216.19230769230768,
            205.19230769230768,
            194.19230769230768
        ],
        [
            205.06666666666666,
            194.06666666666666,
            183.06666666666666
        ],
        [
            181.0281690140845,
            170.0281690140845,
            159.0281690140845
        ],
        [
            184.1298245614035,
            173.1298245614035,
            162.1298245614035
        ],
        [
            189.38888888888889,
            178.38888888888889,
            167.38888888888889
        ],
        [
            174.11764705882354,
            163.11764705882354,
            152.11764705882354
        ]
    ],
    "hex_colors": [
        "#f4e9de",
        "#baafa4",
        "#c3b8ad",
        "#bfb4a9",
        "#d8cdc2",
        "#cdc2b7",
        "#b5aa9f",
        "#b8ada2",
        "#bdb2a7",
        "#aea398"
    ],
    "hsl_color_values": [
        [
            0.08333333333333333,
            0.09013930620049167,
            244.06666666666666
        ],
        [
            0.08333333333333333,
            0.11771840331038419,
            186.88666666666666
        ],
        [
            0.08333333333333333,
            0.11229264142917908,
            195.91666666666666
        ],
        [
            0.08333333333333333,
            0.11463664278403275,
            191.91071428571428
        ],
        [
            0.08333333333333333,
            0.10176125244618396,
            216.19230769230768
        ],
        [
            0.08333333333333333,
            0.10728218465539661,
            205.06666666666666
        ],
        [
            0.08333333333333333,
            0.12152804792655411,
            181.0281690140845
        ],
        [
            0.08333333333333333,
            0.11948091544867276,
            184.1298245614035
        ],
        [
            0.08333333333333333,
            0.11616309768260487,
            189.38888888888889
        ],
        [
            0.08333333333333333,
            0.12635135135135134,
            174.11764705882354
        ]
    ]
}