{
    "rgb_colors": [
        [
            237.58860759493672,
            228.58860759493672,
            214.05696202531647
        ],
        [
            242.36065573770492,
            233.36065573770492,
            217.36065573770492
        ],
        [
            240.65254237288136,
            231.65254237288136,
            217.0084745762712
        ],
        [
            242.61333333333334,
            233.61333333333334,
            219.34666666666666
        ],
        [
            233.93617021276594,
            224.93617021276594,
            209.46099290780143
        ],
        [
            244.61764705882354,
            235.61764705882354,
            221.08823529411765
        ],
        [
            236.06593406593407,
            227.06593406593407,
            212.0879120879121
        ],
        [
            239.30555555555554,
            230.30555555555554,
            215.06944444444446
        ],
        [
            231.50632911392404,
            222.50632911392404,
            207.36708860759495
        ],
        [
            229.3125,
            220.3125,
            204.75
        ]
    ],
    "hex_colors": [
        "#ede4d6",
        "#f2e9d9",
        "#f0e7d9",
        "#f2e9db",
        "#e9e0d1",
        "#f4ebdd",
        "#ece3d4",
        "#efe6d7",
        "#e7decf",
        "#e5dccc"
    ],
    "hsl_color_values": [
        [
            0.10292271830733368,
            0.09904366125895735,
            237.58860759493672
        ],
        [
            0.10666666666666667,
            0.10315205627705627,
            242.36065573770492
        ],
        [
            0.10322580645161288,
            0.09824981512131559,
            240.65254237288136
        ],
        [
            0.10219675262655209,
            0.09590019784568042,
            242.61333333333334
        ],
        [
            0.10538008306770978,
            0.10462331362740632,
            233.93617021276594
        ],
        [
            0.10291666666666667,
            0.096188529517855,
            244.61764705882354
        ],
        [
            0.10410937977390773,
            0.10157341029699286,
            236.06593406593407
        ],
        [
            0.10477554918815657,
            0.10127684271619258,
            239.30555555555554
        ],
        [
            0.1045271805628386,
            0.10427032642572027,
            231.50632911392404
        ],
        [
            0.10559796437659034,
            0.107113654946852,
            229.3125
        ]
    ]
}