{
    "rgb_colors": [
        [
            80.88659793814433,
            65.88659793814433,
            45.88659793814433
        ],
        [
            83.76923076923077,
            68.76923076923077,
            48.769230769230774
        ],
        [
            64.44444444444444,
            49.44444444444444,
            29.444444444444443
        ],
        [
            75.0281124497992,
            60.028112449799195,
            40.028112449799195
        ],
        [
            67.28767123287672,
            52.28767123287671,
            32.28767123287671
        ],
        [
            69.515625,
            54.515625,
            34.515625
        ],
        [
            77.85326086956522,
            62.85326086956522,
            42.85326086956522
        ],
        [
            71.0,
            56.0,
            36.0
        ],
        [
            72.5,
            57.5,
            37.5
        ],
        [
            87.88888888888889,
            72.88888888888889,
            52.888888888888886
        ]
    ],
    "hex_colors": [
        "#50412d",
        "#534430",
        "#40311d",
        "#4b3c28",
        "#433420",
        "#453622",
        "#4d3e2a",
        "#473824",
        "#483925",
        "#574834"
    ],
    "hsl_color_values": [
        [
            0.09523809523809525,
            0.43270456283456543,
            80.88659793814433
        ],
        [
            0.09523809523809523,
            0.4178145087235996,
            83.76923076923077
        ],
        [
            0.09523809523809523,
            0.5431034482758621,
            64.44444444444444
        ],
        [
            0.09523809523809523,
            0.46649181029868325,
            75.0281124497992
        ],
        [
            0.09523809523809522,
            0.5201547231270359,
            67.28767123287672
        ],
        [
            0.09523809523809523,
            0.5034839289728029,
            69.515625
        ],
        [
            0.09523809523809523,
            0.44956369982547995,
            77.85326086956522
        ],
        [
            0.09523809523809523,
            0.49295774647887325,
            71.0
        ],
        [
            0.09523809523809523,
            0.4827586206896552,
            72.5
        ],
        [
            0.09523809523809523,
            0.39823008849557523,
            87.88888888888889
        ]
    ]
}