{
    "rgb_colors": [
        [
            100.48333333333333,
            85.48333333333333,
            63.55
        ],
        [
            85.5657894736842,
            70.61842105263158,
            48.6578947368421
        ],
        [
            91.45454545454545,
            76.4969696969697,
            54.49090909090909
        ],
        [
            87.56818181818181,
            72.56818181818181,
            50.56818181818182
        ],
        [
            79.8780487804878,
            64.95121951219512,
            43.09756097560975
        ],
        [
            92.97826086956522,
            78.0,
            56.03260869565217
        ],
        [
            94.84313725490196,
            79.87581699346406,
            57.875816993464056
        ],
        [
            97.3529411764706,
            82.41176470588235,
            60.5
        ],
        [
            89.50340136054422,
            74.55102040816327,
            52.54421768707483
        ],
        [
            83.1,
            68.14444444444445,
            46.144444444444446
        ]
    ],
    "hex_colors": [
        "#64553f",
        "#554630",
        "#5b4c36",
        "#574832",
        "#4f402b",
        "#5c4e38",
        "#5e4f39",
        "#61523c",
        "#594a34",
        "#53442e"
    ],
    "hsl_color_values": [
        [
            0.09897713598074609,
            0.36755680875767127,
            100.48333333333333
        ],
        [
            0.09916815210932857,
            0.4313393818237736,
            85.5657894736842
        ],
        [
            0.09922391648904194,
            0.4041749502982107,
            91.45454545454545
        ],
        [
            0.09909909909909909,
            0.4225279003373994,
            87.56818181818181
        ],
        [
            0.09902740937223697,
            0.4604580152671756,
            79.8780487804878
        ],
        [
            0.0990977738550554,
            0.39735796118774847,
            92.97826086956522
        ],
        [
            0.0991867043847242,
            0.38977327544621315,
            94.84313725490196
        ],
        [
            0.09909550412343704,
            0.37854984894259824,
            97.3529411764706
        ],
        [
            0.0992392171298853,
            0.41293607965341644,
            89.50340136054422
        ],
        [
            0.09921828021647627,
            0.4447118598743147,
            83.1
        ]
    ]
}