{
    "rgb_colors": [
        [
            204.4,
            190.4,
            170.4
        ],
        [
            217.5,
            203.5,
            183.5
        ],
        [
            222.66666666666666,
            208.66666666666666,
            188.66666666666666
        ],
        [
            214.07258064516128,
            200.07258064516128,
            180.07258064516128
        ],
        [
            207.1494252873563,
            193.1494252873563,
            173.1494252873563
        ],
        [
            219.8050847457627,
            205.8050847457627,
            185.8050847457627
        ],
        [
            211.46323529411765,
            197.46323529411765,
            177.46323529411765
        ],
        [
            216.0,
            202.0,
            182.0
        ],
        [
            209.58139534883722,
            195.58139534883722,
            175.58139534883722
        ],
        [
            225.6,
            211.6,
            191.6
        ]
    ],
    "hex_colors": [
        "#ccbeaa",
        "#d9cbb7",
        "#ded0bc",
        "#d6c8b4",
        "#cfc1ad",
        "#dbcdb9",
        "#d3c5b1",
        "#d8cab6",
        "#d1c3af",
        "#e1d3bf"
    ],
    "hsl_color_values": [
        [
            0.09803921568627451,
            0.16634050880626222,
            204.4
        ],
        [
            0.09803921568627451,
            0.15632183908045977,
            217.5
        ],
        [
            0.09803921568627451,
            0.15269461077844312,
            222.66666666666666
        ],
        [
            0.09803921568627451,
            0.15882463740817482,
            214.07258064516128
        ],
        [
            0.09803921568627451,
            0.16413272666740653,
            207.1494252873563
        ],
        [
            0.09803921568627451,
            0.1546824999036126,
            219.8050847457627
        ],
        [
            0.09803921568627451,
            0.1607844500851907,
            211.46323529411765
        ],
        [
            0.09803921568627451,
            0.1574074074074074,
            216.0
        ],
        [
            0.09803921568627451,
            0.1622281402574345,
            209.58139534883722
        ],
        [
            0.09803921568627451,
            0.15070921985815602,
            225.6
        ]
    ]
}