{
    "rgb_colors": [
        [
            231.97014925373134,
            221.97014925373134,
            203.80597014925374
        ],
        [
            237.92307692307693,
            227.92307692307693,
            209.69230769230768
        ],
        [
            227.125,
            217.125,
            198.76923076923077
        ],
        [
            228.61146496815286,
            218.61146496815286,
            200.44585987261146
        ],
        [
            223.0,
            213.0,
            194.76543209876544
        ],
        [
            224.23333333333332,
            214.23333333333332,
            195.81666666666666
        ],
        [
            221.28155339805826,
            211.28155339805826,
            193.02912621359224
        ],
        [
            225.61184210526315,
            215.61184210526315,
            197.48026315789474
        ],
        [
            230.1909090909091,
            220.1909090909091,
            201.79090909090908
        ],
        [
            234.66,
            224.66,
            206.48
        ]
    ],
    "hex_colors": [
        "#e7ddcb",
        "#ede3d1",
        "#e3d9c6",
        "#e4dac8",
        "#dfd5c2",
        "#e0d6c3",
        "#ddd3c1",
        "#e1d7c5",
        "#e6dcc9",
        "#eae0ce"
    ],
    "hsl_color_values": [
        [
            0.1074898427839604,
            0.12141294556685105,
            231.97014925373134
        ],
        [
            0.10762942779291558,
            0.11865502748140973,
            237.92307692307693
        ],
        [
            0.10788968011755395,
            0.12484653486304557,
            227.125
        ],
        [
            0.10749283883612241,
            0.12320294215981274,
            228.61146496815286
        ],
        [
            0.10763737064567845,
            0.12661241211315943,
            223.0
        ],
        [
            0.10801564027370476,
            0.12672811059907832,
            224.23333333333332
        ],
        [
            0.10767468499427264,
            0.1276763776763777,
            221.28155339805826
        ],
        [
            0.10742126598066726,
            0.12469017000554045,
            225.61184210526315
        ],
        [
            0.107981220657277,
            0.12337585403420089,
            230.1909090909091
        ],
        [
            0.10752306600425836,
            0.12008863888178645,
            234.66
        ]
    ]
}