{
    "rgb_colors": [
        [
            131.17299578059072,
            90.78481012658227,
            40.586497890295355
        ],
        [
            159.15,
            119.45,
            67.95
        ],
        [
            70.16417910447761,
            37.35820895522388,
            6.089552238805972
        ],
        [
            120.93548387096774,
            81.00921658986175,
            31.24884792626728
        ],
        [
            87.21875,
            53.953125,
            18.984375
        ],
        [
            142.08928571428572,
            101.66071428571428,
            51.33035714285714
        ],
        [
            125.3529411764706,
            94.11764705882354,
            58.17647058823529
        ],
        [
            109.02127659574468,
            70.02127659574468,
            21.52482269503546
        ],
        [
            42.90196078431373,
            8.07843137254902,
            0.5490196078431389
        ],
        [
            54.32786885245901,
            19.032786885245898,
            1.9508196721311464
        ]
    ],
    "hex_colors": [
        "#835a28",
        "#9f7743",
        "#462506",
        "#78511f",
        "#573512",
        "#8e6533",
        "#7d5e3a",
        "#6d4615",
        "#2a0800",
        "#361301"
    ],
    "hsl_color_values": [
        [
            0.09235797351219587,
            0.6905880082346886,
            131.17299578059072
        ],
        [
            0.0941154970760234,
            0.5730442978322338,
            159.15
        ],
        [
            0.08133395449957294,
            0.9132099553286533,
            70.16417910447761
        ],
        [
            0.09247079779399171,
            0.7416072857523912,
            120.93548387096774
        ],
        [
            0.08541332722692925,
            0.7823360802579721,
            87.21875
        ],
        [
            0.09242498770290208,
            0.6387457584516778,
            142.08928571428572
        ],
        [
            0.08917104495037946,
            0.5358986391365557,
            125.3529411764706
        ],
        [
            0.09237794169301017,
            0.8025631017434296,
            109.02127659574468
        ],
        [
            0.029629629629629634,
            0.9872029250457038,
            42.90196078431373
        ],
        [
            0.05435576421491913,
            0.9640917320458661,
            54.32786885245901
        ]
    ]
}