{
    "rgb_colors": [
        [
            170.64566929133858,
            164.64566929133858,
            155.64566929133858
        ],
        [
            168.45625,
            162.45625,
            153.45625
        ],
        [
            162.5664739884393,
            156.5664739884393,
            147.5664739884393
        ],
        [
            159.67142857142858,
            153.67142857142858,
            144.67142857142858
        ],
        [
            166.5054347826087,
            160.5054347826087,
            151.5054347826087
        ],
        [
            164.0,
            158.0,
            149.0
        ],
        [
            174.08695652173913,
            168.08695652173913,
            159.08695652173913
        ],
        [
            165.0,
            159.0,
            150.0
        ],
        [
            157.42857142857142,
            151.42857142857142,
            142.42857142857142
        ],
        [
            161.0,
            155.0,
            146.0
        ]
    ],
    "hex_colors": [
        "#aaa49b",
        "#a8a299",
        "#a29c93",
        "#9f9990",
        "#a6a097",
        "#a49e95",
        "#aea89f",
        "#a59f96",
        "#9d978e",
        "#a19b92"
    ],
    "hsl_color_values": [
        [
            0.09999999999999999,
            0.08790143964562569,
            170.64566929133858
        ],
        [
            0.09999999999999999,
            0.08904389121804622,
            168.45625
        ],
        [
            0.09999999999999999,
            0.0922699473759067,
            162.5664739884393
        ],
        [
            0.09999999999999999,
            0.09394291849333453,
            159.67142857142858
        ],
        [
            0.09999999999999999,
            0.09008714952508405,
            166.5054347826087
        ],
        [
            0.09999999999999999,
            0.09146341463414634,
            164.0
        ],
        [
            0.09999999999999999,
            0.08616383616383616,
            174.08695652173913
        ],
        [
            0.09999999999999999,
            0.09090909090909091,
            165.0
        ],
        [
            0.09999999999999999,
            0.09528130671506353,
            157.42857142857142
        ],
        [
            0.09999999999999999,
            0.09316770186335403,
            161.0
        ]
    ]
}