{
    "rgb_colors": [
        [
            17.82352941176471,
            13.617647058823536,
            11.882352941176478
        ],
        [
            99.0,
            95.07692307692308,
            93.07692307692308
        ],
        [
            175.8148148148148,
            167.88888888888889,
            160.27777777777777
        ],
        [
            189.28571428571428,
            182.21428571428572,
            177.75
        ],
        [
            159.94650205761317,
            152.5102880658436,
            143.6872427983539
        ],
        [
            57.333333333333336,
            54.333333333333336,
            52.333333333333336
        ],
        [
            131.33333333333334,
            126.33333333333333,
            124.33333333333333
        ],
        [
            203.91304347826087,
            196.95652173913044,
            192.43478260869566
        ],
        [
            165.76109215017064,
            158.320819112628,
            149.46757679180888
        ],
        [
            3.683098591549296,
            0.7077464788732328,
            1.042253521126753
        ]
    ],
    "hex_colors": [
        "#110d0b",
        "#635f5d",
        "#afa7a0",
        "#bdb6b1",
        "#9f988f",
        "#393634",
        "#837e7c",
        "#cbc4c0",
        "#a59e95",
        "#030001"
    ],
    "hsl_color_values": [
        [
            0.048679867986798686,
            0.3333333333333331,
            17.82352941176471
        ],
        [
            0.056277056277056314,
            0.0598290598290598,
            99.0
        ],
        [
            0.08164481525625748,
            0.08837160311775859,
            175.8148148148148
        ],
        [
            0.06449948400412814,
            0.06094339622641506,
            189.28571428571428
        ],
        [
            0.09044123850501969,
            0.10165435973962492,
            159.94650205761317
        ],
        [
            0.06666666666666667,
            0.0872093023255814,
            57.333333333333336
        ],
        [
            0.047619047619047526,
            0.053299492385786906,
            131.33333333333334
        ],
        [
            0.06565656565656564,
            0.05628997867803839,
            203.91304347826087
        ],
        [
            0.09055997765675187,
            0.0982951737769724,
            165.76109215017064
        ],
        [
            0.9812623274161737,
            0.8078393881453173,
            3.683098591549296
        ]
    ]
}