{
    "rgb_colors": [
        [
            112.79207920792079,
            94.46534653465346,
            73.82178217821783
        ],
        [
            218.6346153846154,
            204.71153846153845,
            184.05769230769232
        ],
        [
            171.46753246753246,
            156.9090909090909,
            137.2987012987013
        ],
        [
            187.24675324675326,
            172.75324675324674,
            153.75324675324674
        ],
        [
            98.6355140186916,
            80.64485981308411,
            60.028037383177576
        ],
        [
            138.78787878787878,
            122.43434343434343,
            101.8080808080808
        ],
        [
            125.5909090909091,
            108.01136363636364,
            87.44318181818181
        ],
        [
            79.27142857142857,
            62.65714285714286,
            41.957142857142856
        ],
        [
            160.37593984962405,
            145.1578947368421,
            124.93984962406014
        ],
        [
            149.93706293706293,
            134.4055944055944,
            113.94405594405595
        ]
    ],
    "hex_colors": [
        "#705e49",
        "#daccb8",
        "#ab9c89",
        "#bbac99",
        "#62503c",
        "#8a7a65",
        "#7d6c57",
        "#4f3e29",
        "#a0917c",
        "#958671"
    ],
    "hsl_color_values": [
        [
            0.08828760162601623,
            0.345505617977528,
            112.79207920792079
        ],
        [
            0.0995550611790878,
            0.15814935350514553,
            218.6346153846154
        ],
        [
            0.09565437729633852,
            0.19927289252442623,
            171.46753246753246
        ],
        [
            0.09454568954375075,
            0.1788736301844917,
            187.24675324675326
        ],
        [
            0.08900185588638744,
            0.39141557703240476,
            98.6355140186916
        ],
        [
            0.09296185013202223,
            0.266448326055313,
            138.78787878787878
        ],
        [
            0.08986197994240892,
            0.3037459283387623,
            125.5909090909091
        ],
        [
            0.09245788667687597,
            0.47071544422418454,
            79.27142857142857
        ],
        [
            0.09509159063583005,
            0.22095639943741208,
            160.37593984962405
        ],
        [
            0.09474774949808946,
            0.24005410195419985,
            149.93706293706293
        ]
    ]
}