{
    "rgb_colors": [
        [
            203.66666666666666,
            191.66666666666666,
            170.66666666666666
        ],
        [
            219.50877192982455,
            207.50877192982455,
            186.50877192982455
        ],
        [
            215.04433497536945,
            203.04433497536945,
            182.04433497536945
        ],
        [
            224.81159420289856,
            212.81159420289856,
            191.81159420289856
        ],
        [
            210.47826086956522,
            198.47826086956522,
            177.47826086956522
        ],
        [
            212.52991452991452,
            200.52991452991452,
            179.52991452991452
        ],
        [
            217.44117647058823,
            205.44117647058823,
            184.44117647058823
        ],
        [
            221.95620437956205,
            209.95620437956205,
            188.95620437956205
        ],
        [
            228.0,
            216.0,
            195.0
        ],
        [
            207.54054054054055,
            195.54054054054055,
            174.54054054054055
        ]
    ],
    "hex_colors": [
        "#cbbfaa",
        "#dbcfba",
        "#d7cbb6",
        "#e0d4bf",
        "#d2c6b1",
        "#d4c8b3",
        "#d9cdb8",
        "#ddd1bc",
        "#e4d8c3",
        "#cfc3ae"
    ],
    "hsl_color_values": [
        [
            0.10606060606060606,
            0.16202945990180034,
            203.66666666666666
        ],
        [
            0.10606060606060606,
            0.15033567774936063,
            219.50877192982455
        ],
        [
            0.10606060606060606,
            0.15345672790580475,
            215.04433497536945
        ],
        [
            0.10606060606060606,
            0.14678958225889632,
            224.81159420289856
        ],
        [
            0.10606060606060606,
            0.15678578806031812,
            210.47826086956522
        ],
        [
            0.10606060606060606,
            0.15527225930990107,
            212.52991452991452
        ],
        [
            0.10606060606060606,
            0.15176518328148247,
            217.44117647058823
        ],
        [
            0.10606060606060606,
            0.14867797947908445,
            221.95620437956205
        ],
        [
            0.10606060606060606,
            0.14473684210526316,
            228.0
        ],
        [
            0.10606060606060606,
            0.1590050787863003,
            207.54054054054055
        ]
    ]
}