{
    "rgb_colors": [
        [
            81.76190476190476,
            66.66666666666667,
            46.34920634920635
        ],
        [
            122.85714285714286,
            107.71428571428571,
            86.04761904761905
        ],
        [
            100.16949152542372,
            85.04237288135593,
            62.20338983050848
        ],
        [
            108.28421052631579,
            93.22105263157894,
            70.84210526315789
        ],
        [
            113.640625,
            98.40625,
            76.171875
        ],
        [
            87.1917808219178,
            72.13013698630137,
            51.56164383561644
        ],
        [
            104.08695652173913,
            88.92391304347827,
            66.30434782608695
        ],
        [
            95.90151515151516,
            80.78787878787878,
            58.38636363636363
        ],
        [
            74.65625,
            59.5625,
            39.38541666666667
        ],
        [
            91.73880597014926,
            76.67164179104478,
            55.06716417910448
        ]
    ],
    "hex_colors": [
        "#51422e",
        "#7a6b56",
        "#64553e",
        "#6c5d46",
        "#71624c",
        "#574833",
        "#685842",
        "#5f503a",
        "#4a3b27",
        "#5b4c37"
    ],
    "hsl_color_values": [
        [
            0.09562229194681011,
            0.4331197825664919,
            81.76190476190476
        ],
        [
            0.09810263044415692,
            0.2996124031007752,
            122.85714285714286
        ],
        [
            0.10026041666666667,
            0.37901861252115054,
            100.16949152542372
        ],
        [
            0.09961578108893261,
            0.3457762224166424,
            108.28421052631579
        ],
        [
            0.09890186266333056,
            0.3297126357761584,
            113.640625
        ],
        [
            0.09621299500192233,
            0.40864100549882165,
            87.1917808219178
        ],
        [
            0.09977943996931342,
            0.3629908103592314,
            104.08695652173913
        ],
        [
            0.09952207862143238,
            0.39118413776759625,
            95.90151515151516
        ],
        [
            0.09534357156920653,
            0.47244314217943345,
            74.65625
        ],
        [
            0.09818884818884817,
            0.399739689254047,
            91.73880597014926
        ]
    ]
}