{
    "rgb_colors": [
        [
            3.3724137931034477,
            2.262068965517244,
            9.189655172413794
        ],
        [
            225.75838926174498,
            214.0738255033557,
            212.58389261744966
        ],
        [
            210.61702127659572,
            197.38297872340425,
            195.59574468085106
        ],
        [
            95.18181818181819,
            66.3896103896104,
            67.11688311688312
        ],
        [
            165.28301886792454,
            141.9811320754717,
            141.26415094339623
        ],
        [
            198.65384615384616,
            169.8846153846154,
            171.59615384615384
        ],
        [
            62.75,
            19.697368421052644,
            18.67105263157896
        ],
        [
            123.39583333333333,
            102.27083333333334,
            101.54166666666667
        ],
        [
            252.7049180327869,
            249.6065573770492,
            247.5409836065574
        ],
        [
            238.91812865497076,
            226.6549707602339,
            225.0877192982456
        ]
    ],
    "hex_colors": [
        "#030209",
        "#e1d6d4",
        "#d2c5c3",
        "#5f4243",
        "#a58d8d",
        "#c6a9ab",
        "#3e1312",
        "#7b6665",
        "#fcf9f7",
        "#eee2e1"
    ],
    "hsl_color_values": [
        [
            0.6933797909407664,
            0.7538461538461536,
            9.189655172413794
        ],
        [
            0.018848700967906102,
            0.058356620488733045,
            225.75838926174498
        ],
        [
            0.019830028328611953,
            0.07132033538741281,
            210.61702127659572
        ],
        [
            0.9957901067508645,
            0.3024969300040933,
            95.18181818181819
        ],
        [
            0.004975124378109375,
            0.14531963470319637,
            165.28301886792454
        ],
        [
            0.9900846702317291,
            0.1448209099709584,
            198.65384615384616
        ],
        [
            0.00388059701492538,
            0.70245334451667,
            62.75
        ],
        [
            0.005560851604702932,
            0.17710619618436596,
            123.39583333333333
        ],
        [
            0.06666666666666649,
            0.0204346415828738,
            252.7049180327869
        ],
        [
            0.018886539816772536,
            0.05788765145025099,
            238.91812865497076
        ]
    ]
}