{
    "rgb_colors": [
        [
            159.5855855855856,
            151.19819819819818,
            141.7072072072072
        ],
        [
            151.66666666666666,
            141.7027027027027,
            131.97297297297297
        ],
        [
            96.2,
            86.2,
            77.53333333333333
        ],
        [
            168.96987951807228,
            161.39156626506025,
            152.33132530120483
        ],
        [
            136.39285714285714,
            126.60714285714286,
            118.67857142857143
        ],
        [
            110.04761904761905,
            100.52380952380952,
            93.0
        ],
        [
            186.5818181818182,
            176.85454545454544,
            166.94545454545454
        ],
        [
            175.67,
            167.25,
            157.99
        ],
        [
            164.33673469387756,
            156.843537414966,
            147.64625850340136
        ],
        [
            78.66666666666667,
            69.16666666666667,
            61.16666666666667
        ]
    ],
    "hex_colors": [
        "#9f978d",
        "#978d83",
        "#60564d",
        "#a8a198",
        "#887e76",
        "#6e645d",
        "#bab0a6",
        "#afa79d",
        "#a49c93",
        "#4e453d"
    ],
    "hsl_color_values": [
        [
            0.0884773662551439,
            0.11203003274246363,
            159.5855855855856
        ],
        [
            0.08234217749313827,
            0.12984852984852982,
            151.66666666666666
        ],
        [
            0.0773809523809524,
            0.1940401940401941,
            96.2
        ],
        [
            0.09075549118995907,
            0.0984705337088665,
            168.96987951807228
        ],
        [
            0.07459677419354843,
            0.1298769311338046,
            136.39285714285714
        ],
        [
            0.07355679702048411,
            0.15491129381220253,
            110.04761904761905
        ],
        [
            0.08410493827160485,
            0.10524264275969605,
            186.5818181818182
        ],
        [
            0.0872926093514329,
            0.10064325155120385,
            175.67
        ],
        [
            0.09184158684871957,
            0.10156266169926531,
            164.33673469387756
        ],
        [
            0.0761904761904762,
            0.22245762711864406,
            78.66666666666667
        ]
    ]
}