{
    "rgb_colors": [
        [
            127.80000000000001,
            117.02857142857144,
            107.74285714285715
        ],
        [
            105.5625,
            94.625,
            87.71875
        ],
        [
            196.6086956521739,
            187.893115942029,
            178.3605072463768
        ],
        [
            173.69565217391303,
            163.08695652173913,
            155.8840579710145
        ],
        [
            216.2528735632184,
            208.24137931034483,
            200.41379310344828
        ],
        [
            84.23333333333333,
            72.2,
            62.33333333333333
        ],
        [
            185.83495145631068,
            175.46601941747574,
            167.27184466019418
        ],
        [
            147.36363636363637,
            136.45454545454544,
            125.96969696969697
        ],
        [
            159.4313725490196,
            148.80392156862746,
            142.37254901960785
        ],
        [
            67.125,
            55.0625,
            48.3125
        ]
    ],
    "hex_colors": [
        "#7f756b",
        "#695e57",
        "#c4bbb2",
        "#ada39b",
        "#d8d0c8",
        "#54483e",
        "#b9afa7",
        "#93887d",
        "#9f948e",
        "#433730"
    ],
    "hsl_color_values": [
        [
            0.07716049382716052,
            0.1569416498993964,
            127.80000000000001
        ],
        [
            0.0645067133683596,
            0.16903493191237418,
            105.5625
        ],
        [
            0.08706442966345691,
            0.09281475748194011,
            196.6086956521739
        ],
        [
            0.06739896935177647,
            0.10254484772632448,
            173.69565217391303
        ],
        [
            0.08236574746008696,
            0.07324332943552674,
            216.2528735632184
        ],
        [
            0.07508878741755458,
            0.2599920854768501,
            84.23333333333333
        ],
        [
            0.0735704323570433,
            0.09989028786374796,
            185.83495145631068
        ],
        [
            0.08168083097261553,
            0.1451778737404895,
            147.36363636363637
        ],
        [
            0.06283524904214564,
            0.10699790923625632,
            159.4313725490196
        ],
        [
            0.059800664451827246,
            0.2802607076350093,
            67.125
        ]
    ]
}