{
    "rgb_colors": [
        [
            42.66494845360825,
            36.618556701030926,
            27.72680412371134
        ],
        [
            60.8,
            54.05,
            43.65
        ],
        [
            68.2127659574468,
            61.234042553191486,
            50.27659574468085
        ],
        [
            26.914285714285715,
            20.057142857142857,
            9.342857142857145
        ],
        [
            76.48387096774194,
            69.48387096774194,
            58.483870967741936
        ],
        [
            46.85326086956522,
            40.65217391304348,
            31.47826086956522
        ],
        [
            39.08108108108108,
            33.020270270270274,
            24.216216216216218
        ],
        [
            35.166666666666664,
            29.12878787878788,
            20.189393939393938
        ],
        [
            86.97727272727272,
            79.97727272727272,
            68.97727272727272
        ],
        [
            52.83720930232558,
            46.333333333333336,
            36.713178294573645
        ]
    ],
    "hex_colors": [
        "#2a241b",
        "#3c362b",
        "#443d32",
        "#1a1409",
        "#4c453a",
        "#2e281f",
        "#272118",
        "#231d14",
        "#564f44",
        "#342e24"
    ],
    "hsl_color_values": [
        [
            0.09920634920634919,
            0.3501268575570859,
            42.66494845360825
        ],
        [
            0.10106899902818271,
            0.2820723684210526,
            60.8
        ],
        [
            0.10181890075128508,
            0.2629444791016844,
            68.2127659574468
        ],
        [
            0.10162601626016259,
            0.6528662420382165,
            26.914285714285715
        ],
        [
            0.10185185185185186,
            0.23534373681990722,
            76.48387096774194
        ],
        [
            0.09944621185342284,
            0.32815218652128525,
            46.85326086956522
        ],
        [
            0.09871212121212125,
            0.38035961272475793,
            39.08108108108108
        ],
        [
            0.09947732254257295,
            0.4258940112020681,
            35.166666666666664
        ],
        [
            0.10185185185185186,
            0.2069506140580089,
            86.97727272727272
        ],
        [
            0.09943910256410256,
            0.3051643192488263,
            52.83720930232558
        ]
    ]
}