{
    "rgb_colors": [
        [
            73.325,
            70.025,
            62.1
        ],
        [
            32.8,
            29.457142857142856,
            26.057142857142857
        ],
        [
            21.28140703517588,
            16.914572864321606,
            14.50251256281407
        ],
        [
            57.229166666666664,
            54.20833333333333,
            48.6875
        ],
        [
            12.430493273542602,
            8.103139013452914,
            5.887892376681613
        ],
        [
            5.053571428571431,
            1.3601190476190474,
            0.5922619047619051
        ],
        [
            87.69047619047619,
            83.61904761904762,
            76.26190476190476
        ],
        [
            150.0625,
            148.0,
            140.3125
        ],
        [
            103.15555555555555,
            99.77777777777779,
            92.33333333333334
        ],
        [
            126.2,
            123.275,
            116.22500000000001
        ]
    ],
    "hex_colors": [
        "#49463e",
        "#201d1a",
        "#15100e",
        "#393630",
        "#0c0805",
        "#050100",
        "#57534c",
        "#96948c",
        "#67635c",
        "#7e7b74"
    ],
    "hsl_color_values": [
        [
            0.11766889383815893,
            0.1530855779065803,
            73.325
        ],
        [
            0.08403954802259887,
            0.205574912891986,
            32.8
        ],
        [
            0.05930318754633055,
            0.3185360094451004,
            21.28140703517588
        ],
        [
            0.1077235772357723,
            0.14925373134328354,
            57.229166666666664
        ],
        [
            0.0564313456705506,
            0.5263347763347765,
            12.430493273542602
        ],
        [
            0.028685790527017974,
            0.8828032979976442,
            5.053571428571431
        ],
        [
            0.10729166666666672,
            0.13032853651914203,
            87.69047619047619
        ],
        [
            0.13141025641025642,
            0.06497292794668888,
            150.0625
        ],
        [
            0.11464750171115685,
            0.10491167600172327,
            103.15555555555555
        ],
        [
            0.11779448621553885,
            0.07904120443740091,
            126.2
        ]
    ]
}