{
    "rgb_colors": [
        [
            30.6,
            25.44,
            23.12
        ],
        [
            18.372093023255815,
            14.441860465116278,
            13.852713178294573
        ],
        [
            37.89473684210526,
            32.89473684210526,
            29.894736842105264
        ],
        [
            9.243478260869566,
            5.495652173913044,
            4.034782608695652
        ],
        [
            6.137931034482759,
            2.724137931034483,
            0.9482758620689653
        ],
        [
            12.121951219512194,
            8.225609756097562,
            7.219512195121951
        ],
        [
            14.926470588235293,
            11.176470588235293,
            10.433823529411764
        ],
        [
            2.5384615384615383,
            0.4567307692307683,
            0.08653846153846168
        ],
        [
            44.89473684210526,
            39.89473684210526,
            36.89473684210526
        ],
        [
            22.602150537634408,
            18.258064516129032,
            17.462365591397848
        ]
    ],
    "hex_colors": [
        "#1e1917",
        "#120e0d",
        "#25201d",
        "#090504",
        "#060200",
        "#0c0807",
        "#0e0b0a",
        "#020000",
        "#2c2724",
        "#161211"
    ],
    "hsl_color_values": [
        [
            0.05169340463458111,
            0.24444444444444444,
            30.6
        ],
        [
            0.021726700971983964,
            0.24599156118143464,
            18.372093023255815
        ],
        [
            0.062499999999999944,
            0.21111111111111103,
            37.89473684210526
        ],
        [
            0.046744574290484155,
            0.5634995296331139,
            9.243478260869566
        ],
        [
            0.05703211517165006,
            0.8455056179775281,
            6.137931034482759
        ],
        [
            0.03420398009950252,
            0.40442655935613675,
            12.121951219512194
        ],
        [
            0.02755046372067647,
            0.30098522167487685,
            14.926470588235293
        ],
        [
            0.025163398692810385,
            0.9659090909090908,
            2.5384615384615383
        ],
        [
            0.0625,
            0.17819460726846426,
            44.89473684210526
        ],
        [
            0.025801952580195298,
            0.22740247383444342,
            22.602150537634408
        ]
    ]
}