{
    "rgb_colors": [
        [
            199.96236559139786,
            192.96236559139786,
            182.4784946236559
        ],
        [
            166.0,
            159.0,
            150.0
        ],
        [
            207.94972067039106,
            200.9608938547486,
            190.97206703910615
        ],
        [
            109.0,
            102.0,
            93.0
        ],
        [
            143.0,
            136.0,
            127.0
        ],
        [
            195.35294117647058,
            188.35294117647058,
            177.87394957983193
        ],
        [
            60.22222222222223,
            53.666666666666686,
            44.666666666666686
        ],
        [
            217.53846153846155,
            210.84615384615384,
            200.15384615384616
        ],
        [
            232.28571428571428,
            225.28571428571428,
            214.28571428571428
        ],
        [
            203.89719626168224,
            196.90342679127727,
            186.8348909657321
        ]
    ],
    "hex_colors": [
        "#c7c0b6",
        "#a69f96",
        "#cfc8be",
        "#6d665d",
        "#8f887f",
        "#c3bcb1",
        "#3c352c",
        "#d9d2c8",
        "#e8e1d6",
        "#cbc4ba"
    ],
    "hsl_color_values": [
        [
            0.0999384993849939,
            0.08743580781329827,
            199.96236559139786
        ],
        [
            0.09375,
            0.0963855421686747,
            166.0
        ],
        [
            0.09805857189865087,
            0.0816430701448029,
            207.94972067039106
        ],
        [
            0.09375,
            0.14678899082568808,
            109.0
        ],
        [
            0.09375,
            0.11188811188811189,
            143.0
        ],
        [
            0.09991987179487177,
            0.08947391061212197,
            195.35294117647058
        ],
        [
            0.09642857142857149,
            0.25830258302583003,
            60.22222222222223
        ],
        [
            0.1025073746312683,
            0.07991513437057993,
            217.53846153846155
        ],
        [
            0.10185185185185186,
            0.07749077490774908,
            232.28571428571428
        ],
        [
            0.0983506785953382,
            0.08368092160547584,
            203.89719626168224
        ]
    ]
}