{
    "rgb_colors": [
        [
            128.41477272727272,
            87.51136363636364,
            34.17613636363637
        ],
        [
            136.3135135135135,
            95.71891891891892,
            42.95675675675676
        ],
        [
            103.88888888888889,
            64.5679012345679,
            17.4320987654321
        ],
        [
            60.42857142857142,
            30.896103896103895,
            6.844155844155843
        ],
        [
            150.9344262295082,
            109.9672131147541,
            57.55737704918033
        ],
        [
            48.96969696969697,
            19.727272727272727,
            0.5606060606060588
        ],
        [
            94.859375,
            54.40625,
            4.375
        ],
        [
            79.90740740740742,
            41.66666666666667,
            5.907407407407408
        ],
        [
            117.94736842105263,
            77.83333333333333,
            25.56140350877193
        ],
        [
            143.67808219178082,
            102.88356164383562,
            49.671232876712324
        ]
    ],
    "hex_colors": [
        "#805722",
        "#885f2a",
        "#674011",
        "#3c1e06",
        "#966d39",
        "#301300",
        "#5e3604",
        "#4f2905",
        "#754d19",
        "#8f6631"
    ],
    "hsl_color_values": [
        [
            0.09432654045580612,
            0.733861333569311,
            128.41477272727272
        ],
        [
            0.09419450717001525,
            0.6848679514632405,
            136.3135135135135
        ],
        [
            0.09086581941072873,
            0.8322043969102793,
            103.88888888888889
        ],
        [
            0.07481014703506221,
            0.8867397378035676,
            60.42857142857142
        ],
        [
            0.09354517790262172,
            0.618659715433909,
            150.9344262295082
        ],
        [
            0.0659885237350026,
            0.9885519801980198,
            48.96969696969697
        ],
        [
            0.09215449260346514,
            0.9538790973480481,
            94.859375
        ],
        [
            0.08053887220553886,
            0.926071842410197,
            79.90740740740742
        ],
        [
            0.09429991138118748,
            0.7832812732411126,
            117.94736842105263
        ],
        [
            0.09434122647237403,
            0.6542880297468656,
            143.67808219178082
        ]
    ]
}