{
    "rgb_colors": [
        [
            81.13812154696133,
            66.10497237569061,
            46.20441988950276
        ],
        [
            78.50526315789473,
            63.473684210526315,
            43.56842105263158
        ],
        [
            70.03703703703704,
            55.03703703703704,
            35.03703703703704
        ],
        [
            96.93181818181819,
            81.93181818181819,
            61.93181818181818
        ],
        [
            75.78021978021978,
            60.76923076923077,
            40.8021978021978
        ],
        [
            91.84848484848484,
            76.84848484848484,
            56.84848484848485
        ],
        [
            114.66666666666666,
            99.66666666666666,
            79.66666666666666
        ],
        [
            103.93103448275862,
            88.93103448275862,
            68.93103448275862
        ],
        [
            84.5,
            69.49056603773585,
            49.5188679245283
        ],
        [
            87.90184049079754,
            72.90184049079754,
            52.90184049079755
        ]
    ],
    "hex_colors": [
        "#51422e",
        "#4e3f2b",
        "#463723",
        "#60513d",
        "#4b3c28",
        "#5b4c38",
        "#72634f",
        "#675844",
        "#544531",
        "#574834"
    ],
    "hsl_color_values": [
        [
            0.09494438294058727,
            0.4305460983249354,
            81.13812154696133
        ],
        [
            0.09495832077935122,
            0.4450254759989273,
            78.50526315789473
        ],
        [
            0.09523809523809523,
            0.49973558963511366,
            70.03703703703704
        ],
        [
            0.09523809523809525,
            0.3610785463071513,
            96.93181818181819
        ],
        [
            0.09514085244528221,
            0.4615719257540603,
            75.78021978021978
        ],
        [
            0.09523809523809523,
            0.38106235565819857,
            91.84848484848484
        ],
        [
            0.09523809523809523,
            0.3052325581395349,
            114.66666666666666
        ],
        [
            0.09523809523809523,
            0.3367617783676178,
            103.93103448275862
        ],
        [
            0.09515462064005753,
            0.41397789438428045,
            84.5
        ],
        [
            0.09523809523809523,
            0.39817141261864875,
            87.90184049079754
        ]
    ]
}