{
    "rgb_colors": [
        [
            222.2125,
            211.3875,
            192.3875
        ],
        [
            229.8987341772152,
            218.9240506329114,
            199.9240506329114
        ],
        [
            224.07142857142858,
            213.0164835164835,
            194.0164835164835
        ],
        [
            231.94642857142858,
            220.58928571428572,
            201.58928571428572
        ],
        [
            220.83823529411765,
            209.39705882352942,
            190.39705882352942
        ],
        [
            225.50943396226415,
            215.50943396226415,
            196.50943396226415
        ],
        [
            233.37777777777777,
            222.62222222222223,
            203.62222222222223
        ],
        [
            227.93055555555554,
            217.08796296296296,
            198.08796296296296
        ],
        [
            226.4368932038835,
            214.4368932038835,
            195.4368932038835
        ],
        [
            218.1,
            206.5,
            187.5
        ]
    ],
    "hex_colors": [
        "#ded3c0",
        "#e5dac7",
        "#e0d5c2",
        "#e7dcc9",
        "#dcd1be",
        "#e1d7c4",
        "#e9decb",
        "#e3d9c6",
        "#e2d6c3",
        "#dacebb"
    ],
    "hsl_color_values": [
        [
            0.10617490919251182,
            0.13421837205377743,
            222.2125
        ],
        [
            0.10564470720720714,
            0.1303821165069927,
            229.8987341772152
        ],
        [
            0.10536258379037163,
            0.13413109045879218,
            224.07142857142858
        ],
        [
            0.10431372549019606,
            0.13087997536376936,
            231.94642857142858
        ],
        [
            0.10402576489533012,
            0.13784377705267362,
            220.83823529411765
        ],
        [
            0.10919540229885057,
            0.12859772423025434,
            225.50943396226415
        ],
        [
            0.10642270351008225,
            0.12749952390020938,
            233.37777777777777
        ],
        [
            0.10611231771641332,
            0.130928442304958,
            227.93055555555554
        ],
        [
            0.10215053763440861,
            0.13690348582943876,
            226.4368932038835
        ],
        [
            0.10348583877995644,
            0.140302613480055,
            218.1
        ]
    ]
}