{
    "rgb_colors": [
        [
            82.3798076923077,
            73.15384615384616,
            67.7548076923077
        ],
        [
            124.40425531914893,
            112.52127659574468,
            108.23404255319149
        ],
        [
            66.07373271889401,
            55.884792626728114,
            51.2073732718894
        ],
        [
            44.78102189781022,
            29.810218978102192,
            27.22627737226278
        ],
        [
            106.82608695652173,
            43.91304347826087,
            50.34782608695652
        ],
        [
            156.5128205128205,
            109.7948717948718,
            108.05128205128204
        ],
        [
            128.54347826086956,
            79.5,
            79.45652173913044
        ],
        [
            164.78846153846155,
            131.30769230769232,
            130.42307692307693
        ],
        [
            243.6153846153846,
            214.76923076923077,
            212.23076923076923
        ],
        [
            99.08333333333333,
            88.94871794871796,
            84.0
        ]
    ],
    "hex_colors": [
        "#524943",
        "#7c706c",
        "#423733",
        "#2c1d1b",
        "#6a2b32",
        "#9c6d6c",
        "#804f4f",
        "#a48382",
        "#f3d6d4",
        "#635854"
    ],
    "hsl_color_values": [
        [
            0.06152750383519621,
            0.17753136854391596,
            82.3798076923077
        ],
        [
            0.0441885964912281,
            0.12998118693347013,
            124.40425531914893
        ],
        [
            0.052438520355445384,
            0.22499651276328633,
            66.07373271889401
        ],
        [
            0.024532224532224516,
            0.39201303993480024,
            44.78102189781022
        ],
        [
            0.9829532365814329,
            0.5889295889295889,
            106.82608695652173
        ],
        [
            0.005996472663139352,
            0.30963302752293576,
            156.5128205128205
        ],
        [
            0.00014762326542662926,
            0.38187045492981564,
            128.54347826086956
        ],
        [
            0.0042902443573960185,
            0.20854242035243317,
            164.78846153846155
        ],
        [
            0.01348039215686279,
            0.12882854436375119,
            243.6153846153846
        ],
        [
            0.05468196628417632,
            0.152228763666947,
            99.08333333333333
        ]
    ]
}