{
    "rgb_colors": [
        [
            61.153846153846146,
            28.230769230769226,
            5.038461538461533
        ],
        [
            138.5546218487395,
            98.7983193277311,
            46.33613445378151
        ],
        [
            101.3,
            86.1,
            75.7
        ],
        [
            116.63422818791946,
            77.04362416107382,
            24.91946308724832
        ],
        [
            106.17605633802816,
            66.82394366197184,
            17.19014084507042
        ],
        [
            227.60000000000002,
            209.9,
            192.9
        ],
        [
            81.86666666666667,
            50.6,
            20.933333333333334
        ],
        [
            254.23684210526315,
            252.92105263157893,
            245.80263157894737
        ],
        [
            126.20503597122303,
            86.52158273381295,
            34.02158273381295
        ],
        [
            34.959999999999994,
            7.519999999999996,
            0.7999999999999972
        ]
    ],
    "hex_colors": [
        "#3d1c05",
        "#8a622e",
        "#65564b",
        "#744d18",
        "#6a4211",
        "#e3d1c0",
        "#513214",
        "#fefcf5",
        "#7e5622",
        "#220700"
    ],
    "hsl_color_values": [
        [
            0.06888279643591501,
            0.9176100628930819,
            61.153846153846146
        ],
        [
            0.09481501731365045,
            0.6655749636098981,
            138.5546218487395
        ],
        [
            0.0677083333333333,
            0.2527147087857847,
            101.3
        ],
        [
            0.09472150061590623,
            0.7863451966510344,
            116.63422818791946
        ],
        [
            0.09296190777672263,
            0.8380977648073225,
            106.17605633802816
        ],
        [
            0.0816522574447646,
            0.15246045694200358,
            227.60000000000002
        ],
        [
            0.08114514952589351,
            0.744299674267101,
            81.86666666666667
        ],
        [
            0.1406656266250648,
            0.033174619604595765,
            254.23684210526315
        ],
        [
            0.09491942092324501,
            0.7304261080233718,
            126.20503597122303
        ],
        [
            0.03278688524590164,
            0.9771167048054921,
            34.959999999999994
        ]
    ]
}