{
    "rgb_colors": [
        [
            231.06730769230768,
            221.06730769230768,
            203.06730769230768
        ],
        [
            233.0,
            223.0,
            205.0
        ],
        [
            234.41414141414143,
            224.41414141414143,
            206.41414141414143
        ],
        [
            225.0,
            215.0,
            197.0
        ],
        [
            236.41509433962264,
            226.41509433962264,
            208.41509433962264
        ],
        [
            226.42446043165467,
            216.42446043165467,
            198.42446043165467
        ],
        [
            238.33333333333334,
            228.33333333333334,
            210.33333333333334
        ],
        [
            223.5982905982906,
            213.5982905982906,
            195.5982905982906
        ],
        [
            228.52325581395348,
            218.52325581395348,
            200.52325581395348
        ],
        [
            221.28,
            211.28,
            193.28
        ]
    ],
    "hex_colors": [
        "#e7ddcb",
        "#e9dfcd",
        "#eae0ce",
        "#e1d7c5",
        "#ece2d0",
        "#e2d8c6",
        "#eee4d2",
        "#dfd5c3",
        "#e4dac8",
        "#ddd3c1"
    ],
    "hsl_color_values": [
        [
            0.10714285714285714,
            0.12117681328284301,
            231.06730769230768
        ],
        [
            0.10714285714285714,
            0.12017167381974249,
            233.0
        ],
        [
            0.10714285714285714,
            0.11944671866247253,
            234.41414141414143
        ],
        [
            0.10714285714285714,
            0.12444444444444444,
            225.0
        ],
        [
            0.10714285714285714,
            0.11843575418994413,
            236.41509433962264
        ],
        [
            0.10714285714285714,
            0.12366155117084486,
            226.42446043165467
        ],
        [
            0.10714285714285714,
            0.11748251748251748,
            238.33333333333334
        ],
        [
            0.10714285714285714,
            0.12522457092618786,
            223.5982905982906
        ],
        [
            0.10714285714285714,
            0.12252582302956291,
            228.52325581395348
        ],
        [
            0.10714285714285714,
            0.1265365148228489,
            221.28
        ]
    ]
}