{
    "rgb_colors": [
        [
            47.0,
            45.0,
            41.0
        ],
        [
            40.60526315789474,
            38.60526315789474,
            34.60526315789474
        ],
        [
            57.8,
            55.8,
            51.8
        ],
        [
            37.72941176470588,
            35.72941176470588,
            31.729411764705883
        ],
        [
            48.39506172839506,
            46.39506172839506,
            42.39506172839506
        ],
        [
            45.397905759162306,
            43.397905759162306,
            39.397905759162306
        ],
        [
            53.56603773584906,
            51.56603773584906,
            47.56603773584906
        ],
        [
            55.45833333333333,
            53.45833333333333,
            49.45833333333333
        ],
        [
            43.09057971014493,
            41.09057971014493,
            37.09057971014493
        ],
        [
            51.0,
            49.0,
            45.0
        ]
    ],
    "hex_colors": [
        "#2f2d29",
        "#282622",
        "#393733",
        "#25231f",
        "#302e2a",
        "#2d2b27",
        "#35332f",
        "#373531",
        "#2b2925",
        "#33312d"
    ],
    "hsl_color_values": [
        [
            0.11111111111111112,
            0.1276595744680851,
            47.0
        ],
        [
            0.11111111111111112,
            0.1477640959170447,
            40.60526315789474
        ],
        [
            0.11111111111111112,
            0.10380622837370243,
            57.8
        ],
        [
            0.11111111111111109,
            0.15902712815715614,
            37.72941176470588
        ],
        [
            0.11111111111111112,
            0.1239795918367347,
            48.39506172839506
        ],
        [
            0.11111111111111112,
            0.13216468688732555,
            45.397905759162306
        ],
        [
            0.11111111111111112,
            0.11201127157449806,
            53.56603773584906
        ],
        [
            0.11111111111111112,
            0.1081893313298272,
            55.45833333333333
        ],
        [
            0.11111111111111112,
            0.13924157067182374,
            43.09057971014493
        ],
        [
            0.11111111111111112,
            0.11764705882352941,
            51.0
        ]
    ]
}