{
    "rgb_colors": [
        [
            177.3913043478261,
            168.95652173913044,
            155.8913043478261
        ],
        [
            165.9438202247191,
            159.1011235955056,
            148.73408239700373
        ],
        [
            162.75833333333333,
            155.8125,
            145.29583333333332
        ],
        [
            116.0,
            107.76190476190476,
            97.9047619047619
        ],
        [
            149.85,
            142.975,
            134.05
        ],
        [
            106.84615384615384,
            100.07692307692307,
            92.15384615384616
        ],
        [
            169.91724137931035,
            163.09655172413792,
            152.53793103448277
        ],
        [
            182.5142857142857,
            173.9142857142857,
            160.74285714285713
        ],
        [
            159.4973544973545,
            152.48677248677248,
            141.77777777777777
        ],
        [
            129.4,
            120.66666666666666,
            109.4
        ]
    ],
    "hex_colors": [
        "#b1a89b",
        "#a59f94",
        "#a29b91",
        "#746b61",
        "#958e86",
        "#6a645c",
        "#a9a398",
        "#b6ada0",
        "#9f988d",
        "#81786d"
    ],
    "hsl_color_values": [
        [
            0.10128075497135151,
            0.12120098039215686,
            177.3913043478261
        ],
        [
            0.10039898440333694,
            0.10370821766312331,
            165.9438202247191
        ],
        [
            0.10037381690925007,
            0.1072909733244586,
            162.75833333333333
        ],
        [
            0.09078947368421053,
            0.15599343185550088,
            116.0
        ],
        [
            0.09414556962025307,
            0.10543877210543866,
            149.85
        ],
        [
            0.08987783595113426,
            0.13750899928005747,
            106.84615384615384
        ],
        [
            0.10125661375661361,
            0.10228102930432666,
            169.91724137931035
        ],
        [
            0.10083114610673671,
            0.11928616155291172,
            182.5142857142857
        ],
        [
            0.10072658505026366,
            0.11109636755680885,
            159.4973544973545
        ],
        [
            0.09388888888888876,
            0.1545595054095827,
            129.4
        ]
    ]
}