{
    "rgb_colors": [
        [
            243.0,
            236.0,
            224.0
        ],
        [
            244.48235294117646,
            237.48235294117646,
            225.48235294117646
        ],
        [
            241.0,
            234.0,
            222.0
        ],
        [
            235.0188679245283,
            228.0188679245283,
            216.0188679245283
        ],
        [
            240.0,
            233.0,
            221.0
        ],
        [
            246.0,
            239.0,
            227.0
        ],
        [
            237.56589147286823,
            230.56589147286823,
            218.56589147286823
        ],
        [
            247.89090909090908,
            240.89090909090908,
            228.89090909090908
        ],
        [
            242.0,
            235.0,
            223.0
        ],
        [
            239.0,
            232.0,
            220.0
        ]
    ],
    "hex_colors": [
        "#f3ece0",
        "#f4ede1",
        "#f1eade",
        "#ebe4d8",
        "#f0e9dd",
        "#f6efe3",
        "#ede6da",
        "#f7f0e4",
        "#f2ebdf",
        "#efe8dc"
    ],
    "hsl_color_values": [
        [
            0.10526315789473684,
            0.07818930041152264,
            243.0
        ],
        [
            0.10526315789473684,
            0.0777152206342332,
            244.48235294117646
        ],
        [
            0.10526315789473684,
            0.07883817427385892,
            241.0
        ],
        [
            0.10526315789473684,
            0.08084457289659601,
            235.0188679245283
        ],
        [
            0.10526315789473684,
            0.07916666666666666,
            240.0
        ],
        [
            0.10526315789473684,
            0.07723577235772358,
            246.0
        ],
        [
            0.10526315789473684,
            0.07997781113359002,
            237.56589147286823
        ],
        [
            0.10526315789473684,
            0.07664661874724953,
            247.89090909090908
        ],
        [
            0.10526315789473684,
            0.07851239669421488,
            242.0
        ],
        [
            0.10526315789473684,
            0.0794979079497908,
            239.0
        ]
    ]
}