{
    "rgb_colors": [
        [
            236.0,
            230.0,
            213.0
        ],
        [
            239.41666666666666,
            233.41666666666666,
            216.41666666666666
        ],
        [
            233.36708860759495,
            226.91139240506328,
            210.0632911392405
        ],
        [
            231.0655737704918,
            224.4262295081967,
            207.63934426229508
        ],
        [
            242.36363636363637,
            235.13636363636363,
            218.54545454545453
        ],
        [
            235.0,
            229.0,
            212.0
        ],
        [
            237.71052631578948,
            231.2842105263158,
            214.42631578947368
        ],
        [
            240.96428571428572,
            231.96428571428572,
            215.96428571428572
        ],
        [
            236.9904761904762,
            227.9904761904762,
            211.9904761904762
        ],
        [
            228.43333333333334,
            222.33333333333334,
            205.36666666666667
        ]
    ],
    "hex_colors": [
        "#ece6d5",
        "#efe9d8",
        "#e9e2d2",
        "#e7e0cf",
        "#f2ebda",
        "#ebe5d4",
        "#ede7d6",
        "#f0e7d7",
        "#ece3d3",
        "#e4decd"
    ],
    "hsl_color_values": [
        [
            0.12318840579710144,
            0.09745762711864407,
            236.0
        ],
        [
            0.12318840579710144,
            0.09606682909850331,
            239.41666666666666
        ],
        [
            0.12049610718812226,
            0.09985897157734873,
            233.36708860759495
        ],
        [
            0.11943083741544201,
            0.10138346931536002,
            231.0655737704918
        ],
        [
            0.1160941475826971,
            0.09827456864216064,
            242.36363636363637
        ],
        [
            0.12318840579710144,
            0.09787234042553192,
            235.0
        ],
        [
            0.12066757082579875,
            0.09795195394664015,
            237.71052631578948
        ],
        [
            0.10666666666666667,
            0.10374981473247369,
            240.96428571428572
        ],
        [
            0.10666666666666667,
            0.105489471146118,
            236.9904761904762
        ],
        [
            0.12259152215799618,
            0.10097767401138186,
            228.43333333333334
        ]
    ]
}