{
    "rgb_colors": [
        [
            98.2,
            92.2,
            85.2
        ],
        [
            36.06845965770171,
            31.102689486552567,
            26.246943765281173
        ],
        [
            69.46666666666667,
            65.06666666666666,
            58.16666666666667
        ],
        [
            48.7,
            43.83,
            38.61
        ],
        [
            130.16666666666666,
            124.16666666666666,
            117.16666666666666
        ],
        [
            29.769736842105264,
            25.013157894736842,
            19.703947368421055
        ],
        [
            57.74509803921569,
            53.21568627450981,
            46.86274509803921
        ],
        [
            159.4,
            153.4,
            146.4
        ],
        [
            41.74285714285714,
            36.8,
            32.20952380952381
        ],
        [
            21.137254901960784,
            16.11764705882353,
            11.666666666666668
        ]
    ],
    "hex_colors": [
        "#625c55",
        "#241f1a",
        "#45413a",
        "#302b26",
        "#827c75",
        "#1d1913",
        "#39352e",
        "#9f9992",
        "#292420",
        "#15100b"
    ],
    "hsl_color_values": [
        [
            0.08974358974358974,
            0.13238289205702647,
            98.2
        ],
        [
            0.0823998008464028,
            0.27230206073752705,
            36.06845965770171
        ],
        [
            0.10176991150442467,
            0.16266794625719766,
            69.46666666666667
        ],
        [
            0.08622398414271552,
            0.20718685831622183,
            48.7
        ],
        [
            0.08974358974358974,
            0.09987195902688861,
            130.16666666666666
        ],
        [
            0.08790849673202612,
            0.3381215469613259,
            29.769736842105264
        ],
        [
            0.09729729729729732,
            0.18845500848896446,
            57.74509803921569
        ],
        [
            0.08974358974358974,
            0.08155583437892094,
            159.4
        ],
        [
            0.08025308025308024,
            0.22838238649326942,
            41.74285714285714
        ],
        [
            0.07832988267770875,
            0.448051948051948,
            21.137254901960784
        ]
    ]
}