{
    "rgb_colors": [
        [
            112.91379310344828,
            99.89655172413794,
            90.58620689655172
        ],
        [
            51.212765957446805,
            48.04255319148936,
            46.765957446808514
        ],
        [
            71.60655737704919,
            67.1311475409836,
            64.77049180327869
        ],
        [
            84.6896551724138,
            77.79310344827586,
            72.13793103448276
        ],
        [
            94.78461538461539,
            86.32307692307693,
            79.32307692307693
        ],
        [
            123.06521739130434,
            109.3913043478261,
            99.95652173913044
        ],
        [
            60.223684210526315,
            57.203947368421055,
            56.328947368421055
        ],
        [
            135.09375,
            122.125,
            113.5625
        ],
        [
            103.13432835820896,
            92.6268656716418,
            84.73134328358209
        ],
        [
            55.337801608579085,
            52.442359249329755,
            51.54423592493298
        ]
    ],
    "hex_colors": [
        "#70635a",
        "#33302e",
        "#474340",
        "#544d48",
        "#5e564f",
        "#7b6d63",
        "#3c3938",
        "#877a71",
        "#675c54",
        "#373433"
    ],
    "hsl_color_values": [
        [
            0.06949806949806954,
            0.19774011299435043,
            112.91379310344828
        ],
        [
            0.04784688995215303,
            0.08683007893643528,
            51.212765957446805
        ],
        [
            0.057553956834532315,
            0.09546703296703304,
            71.60655737704919
        ],
        [
            0.075091575091575,
            0.14820846905537458,
            84.6896551724138
        ],
        [
            0.07545605306799334,
            0.16312286966401562,
            94.78461538461539
        ],
        [
            0.06804640953276893,
            0.187776011305423,
            123.06521739130434
        ],
        [
            0.037443693693693714,
            0.06467118199694118,
            60.223684210526315
        ],
        [
            0.06627963231736816,
            0.15938006014341893,
            135.09375
        ],
        [
            0.07150581238172478,
            0.1784370477568741,
            103.13432835820896
        ],
        [
            0.03945818610129548,
            0.06855288018991319,
            55.337801608579085
        ]
    ]
}