{
    "rgb_colors": [
        [
            79.44444444444444,
            74.81481481481481,
            68.55555555555556
        ],
        [
            58.70754716981132,
            56.198113207547166,
            51.783018867924525
        ],
        [
            24.607142857142858,
            20.0,
            15.25
        ],
        [
            64.296875,
            60.9375,
            56.453125
        ],
        [
            49.794520547945204,
            47.619863013698634,
            43.852739726027394
        ],
        [
            34.78260869565217,
            30.347826086956523,
            25.608695652173914
        ],
        [
            46.116883116883116,
            43.38961038961039,
            39.688311688311686
        ],
        [
            52.5219512195122,
            50.395121951219515,
            46.40975609756097
        ],
        [
            87.25,
            82.375,
            76.91666666666666
        ],
        [
            54.837078651685395,
            52.674157303370784,
            48.646067415730336
        ]
    ],
    "hex_colors": [
        "#4f4a44",
        "#3a3833",
        "#18140f",
        "#403c38",
        "#312f2b",
        "#221e19",
        "#2e2b27",
        "#34322e",
        "#57524c",
        "#363430"
    ],
    "hsl_color_values": [
        [
            0.09580498866213144,
            0.137062937062937,
            79.44444444444444
        ],
        [
            0.10626702997275199,
            0.11794954202153307,
            58.70754716981132
        ],
        [
            0.08460559796437657,
            0.3802612481857765,
            24.607142857142858
        ],
        [
            0.09528552456839308,
            0.12199270959902794,
            64.296875
        ],
        [
            0.10566762728146029,
            0.1193259972489684,
            49.794520547945204
        ],
        [
            0.08609794628751978,
            0.26374999999999993,
            34.78260869565217
        ],
        [
            0.09595959595959598,
            0.1393973528583498,
            46.116883116883116
        ],
        [
            0.10867251928704451,
            0.1163741060648278,
            52.5219512195122
        ],
        [
            0.08803763440860223,
            0.11843361986628473,
            87.25
        ],
        [
            0.10843920145190551,
            0.11289826862001849,
            54.837078651685395
        ]
    ]
}