{
    "rgb_colors": [
        [
            246.0,
            239.0,
            227.0
        ],
        [
            250.41176470588235,
            243.41176470588235,
            231.41176470588235
        ],
        [
            238.53246753246754,
            231.53246753246754,
            219.53246753246754
        ],
        [
            241.0,
            234.0,
            222.0
        ],
        [
            243.0,
            236.0,
            224.0
        ],
        [
            240.0,
            233.0,
            221.0
        ],
        [
            242.0,
            235.0,
            223.0
        ],
        [
            235.98305084745763,
            228.98305084745763,
            216.98305084745763
        ],
        [
            247.66929133858267,
            240.66929133858267,
            228.66929133858267
        ],
        [
            244.48192771084337,
            237.48192771084337,
            225.48192771084337
        ]
    ],
    "hex_colors": [
        "#f6efe3",
        "#faf3e7",
        "#eee7db",
        "#f1eade",
        "#f3ece0",
        "#f0e9dd",
        "#f2ebdf",
        "#ebe4d8",
        "#f7f0e4",
        "#f4ede1"
    ],
    "hsl_color_values": [
        [
            0.10526315789473684,
            0.07723577235772358,
            246.0
        ],
        [
            0.10526315789473684,
            0.07587502936340146,
            250.41176470588235
        ],
        [
            0.10526315789473684,
            0.07965372679261719,
            238.53246753246754
        ],
        [
            0.10526315789473684,
            0.07883817427385892,
            241.0
        ],
        [
            0.10526315789473684,
            0.07818930041152264,
            243.0
        ],
        [
            0.10526315789473684,
            0.07916666666666666,
            240.0
        ],
        [
            0.10526315789473684,
            0.07851239669421488,
            242.0
        ],
        [
            0.10526315789473684,
            0.08051425698484521,
            235.98305084745763
        ],
        [
            0.10526315789473684,
            0.07671520315381192,
            247.66929133858267
        ],
        [
            0.10526315789473684,
            0.07771535580524346,
            244.48192771084337
        ]
    ]
}