{
    "rgb_colors": [
        [
            95.59722222222223,
            88.29166666666667,
            82.72222222222223
        ],
        [
            250.19402985074626,
            239.11194029850748,
            223.44029850746267
        ],
        [
            55.73626373626372,
            47.747252747252745,
            42.1098901098901
        ],
        [
            235.0054644808743,
            223.93442622950818,
            209.43715846994536
        ],
        [
            122.65116279069767,
            112.81395348837209,
            103.76744186046511
        ],
        [
            21.935483870967744,
            16.19354838709677,
            12.64516129032259
        ],
        [
            204.65486725663717,
            192.53982300884957,
            178.00884955752213
        ],
        [
            164.625,
            153.83333333333334,
            142.79166666666666
        ],
        [
            74.72289156626506,
            66.75301204819277,
            60.06024096385542
        ],
        [
            222.80838323353294,
            211.10778443113773,
            196.69461077844312
        ]
    ],
    "hex_colors": [
        "#5f5852",
        "#faefdf",
        "#372f2a",
        "#ebdfd1",
        "#7a7067",
        "#15100c",
        "#ccc0b2",
        "#a4998e",
        "#4a423c",
        "#ded3c4"
    ],
    "hsl_color_values": [
        [
            0.07209636821287306,
            0.1346796455034142,
            95.59722222222223
        ],
        [
            0.09762900976290112,
            0.10693193342480467,
            250.19402985074626
        ],
        [
            0.06895161290322589,
            0.24447949526813875,
            55.73626373626372
        ],
        [
            0.09450024934102717,
            0.10879877226433517,
            235.0054644808743
        ],
        [
            0.07984400656814454,
            0.1539628365566932,
            122.65116279069767
        ],
        [
            0.06365740740740718,
            0.4235294117647055,
            21.935483870967744
        ],
        [
            0.09088896269235029,
            0.13019977514485861,
            204.65486725663717
        ],
        [
            0.0842875318066159,
            0.13262465198683884,
            164.625
        ],
        [
            0.07607504793207343,
            0.19622702354079333,
            74.72289156626506
        ],
        [
            0.09198960483069633,
            0.11720282727297157,
            222.80838323353294
        ]
    ]
}