{
    "rgb_colors": [
        [
            61.08064516129032,
            53.54838709677419,
            45.79032258064516
        ],
        [
            64.7816091954023,
            59.95402298850575,
            56.67816091954023
        ],
        [
            87.44444444444444,
            83.375,
            81.38888888888889
        ],
        [
            37.55555555555556,
            29.555555555555557,
            24.0
        ],
        [
            68.72185430463576,
            64.6158940397351,
            61.966887417218544
        ],
        [
            52.52777777777778,
            44.91666666666667,
            36.80555555555556
        ],
        [
            72.85786802030456,
            69.0253807106599,
            66.78680203045685
        ],
        [
            81.843537414966,
            78.00680272108843,
            76.55102040816327
        ],
        [
            77.26363636363637,
            73.3,
            71.60909090909091
        ],
        [
            93.48837209302326,
            89.69767441860465,
            87.69767441860465
        ]
    ],
    "hex_colors": [
        "#3d352d",
        "#403b38",
        "#575351",
        "#251d18",
        "#44403d",
        "#342c24",
        "#484542",
        "#514e4c",
        "#4d4947",
        "#5d5957"
    ],
    "hsl_color_values": [
        [
            0.08456399437412095,
            0.250330076577766,
            61.08064516129032
        ],
        [
            0.06737588652482272,
            0.12508871540099353,
            64.7816091954023
        ],
        [
            0.0546636085626912,
            0.06925031766200765,
            87.44444444444444
        ],
        [
            0.06830601092896177,
            0.3609467455621302,
            37.55555555555556
        ],
        [
            0.06535947712418298,
            0.09829430471234452,
            68.72185430463576
        ],
        [
            0.0859835100117786,
            0.29931253305129557,
            52.52777777777778
        ],
        [
            0.06145484949832788,
            0.08332752734619933,
            72.85786802030456
        ],
        [
            0.04584404455869734,
            0.06466627877981886,
            81.843537414966
        ],
        [
            0.049839228295819826,
            0.0731850805977174,
            77.26363636363637
        ],
        [
            0.05756358768406957,
            0.061940298507462736,
            93.48837209302326
        ]
    ]
}