{
    "rgb_colors": [
        [
            122.04807692307692,
            110.29807692307692,
            90.51923076923077
        ],
        [
            88.33333333333334,
            77.46875,
            59.708333333333336
        ],
        [
            70.23809523809524,
            59.35714285714286,
            41.78571428571429
        ],
        [
            154.6890243902439,
            142.84756097560975,
            121.89024390243902
        ],
        [
            226.04255319148936,
            216.95744680851064,
            193.36170212765956
        ],
        [
            200.46938775510205,
            187.51020408163265,
            165.23469387755102
        ],
        [
            105.95035460992908,
            94.92198581560284,
            75.41843971631207
        ],
        [
            138.97029702970298,
            127.2871287128713,
            107.46534653465346
        ],
        [
            186.6326530612245,
            173.51020408163265,
            151.01020408163265
        ],
        [
            169.68421052631578,
            157.6390977443609,
            136.1203007518797
        ]
    ],
    "hex_colors": [
        "#7a6e5a",
        "#584d3b",
        "#463b29",
        "#9a8e79",
        "#e2d8c1",
        "#c8bba5",
        "#695e4b",
        "#8a7f6b",
        "#baad97",
        "#a99d88"
    ],
    "hsl_color_values": [
        [
            0.10455423401443527,
            0.2583313637437957,
            122.04807692307692
        ],
        [
            0.10340853954391067,
            0.324056603773585,
            88.33333333333334
        ],
        [
            0.10292887029288704,
            0.4050847457627118,
            70.23809523809524
        ],
        [
            0.10649439177046538,
            0.21203043084078993,
            154.6890243902439
        ],
        [
            0.12033420138888891,
            0.14457831325301213,
            226.04255319148936
        ],
        [
            0.10536731344724391,
            0.17576096915402628,
            200.46938775510205
        ],
        [
            0.10646535036778937,
            0.28817189905616164,
            105.95035460992908
        ],
        [
            0.1048606746281165,
            0.22670276432031922,
            138.97029702970298
        ],
        [
            0.10527069607562305,
            0.19086932750136687,
            186.6326530612245
        ],
        [
            0.1068548387096774,
            0.19780219780219768,
            169.68421052631578
        ]
    ]
}