{
    "rgb_colors": [
        [
            132.2685185185185,
            88.38888888888889,
            30.88888888888889
        ],
        [
            114.01785714285714,
            69.71428571428572,
            11.544642857142858
        ],
        [
            135.24742268041237,
            91.58762886597938,
            34.30927835051546
        ],
        [
            125.16431924882629,
            80.41784037558685,
            22.633802816901408
        ],
        [
            129.1169590643275,
            84.70760233918129,
            27.210526315789473
        ],
        [
            106.33333333333333,
            62.515151515151516,
            4.0
        ],
        [
            142.02439024390245,
            98.29268292682927,
            42.21951219512195
        ],
        [
            120.14074074074074,
            75.52592592592592,
            17.496296296296297
        ],
        [
            147.77777777777777,
            104.66666666666666,
            47.77777777777777
        ],
        [
            138.31944444444446,
            94.83333333333333,
            37.986111111111114
        ]
    ],
    "hex_colors": [
        "#84581e",
        "#72450b",
        "#875b22",
        "#7d5016",
        "#81541b",
        "#6a3e04",
        "#8e622a",
        "#784b11",
        "#93682f",
        "#8a5e25"
    ],
    "hsl_color_values": [
        [
            0.0945291807471002,
            0.7664683234161708,
            132.2685185185185
        ],
        [
            0.09460950887281812,
            0.8987470634299138,
            114.01785714285714
        ],
        [
            0.09457665202737209,
            0.7463221282109918,
            135.24742268041237
        ],
        [
            0.09392981974144114,
            0.8191672918229558,
            125.16431924882629
        ],
        [
            0.09403573204789778,
            0.7892567598170207,
            129.1169590643275
        ],
        [
            0.09530154969894385,
            0.9623824451410659,
            106.33333333333333
        ],
        [
            0.09363799283154121,
            0.7027305512622359,
            142.02439024390245
        ],
        [
            0.09422433908253348,
            0.8543683334360935,
            120.14074074074074
        ],
        [
            0.0948148148148148,
            0.6766917293233083,
            147.77777777777777
        ],
        [
            0.09443060169804353,
            0.7253740335375037,
            138.31944444444446
        ]
    ]
}