{
    "rgb_colors": [
        [
            162.42857142857142,
            149.42857142857142,
            134.42857142857142
        ],
        [
            57.93939393939394,
            44.39393939393939,
            29.492424242424242
        ],
        [
            68.16170212765958,
            54.285106382978725,
            38.731914893617024
        ],
        [
            47.44444444444444,
            35.0,
            20.51851851851852
        ],
        [
            72.98850574712644,
            59.18390804597701,
            43.88505747126437
        ],
        [
            63.96085409252669,
            50.096085409252666,
            34.854092526690394
        ],
        [
            60.205882352941174,
            47.30882352941177,
            32.963235294117645
        ],
        [
            53.227722772277225,
            41.05940594059406,
            26.990099009900987
        ],
        [
            89.6923076923077,
            76.38461538461539,
            61.07692307692308
        ],
        [
            128.2,
            115.60000000000001,
            101.0
        ]
    ],
    "hex_colors": [
        "#a29586",
        "#392c1d",
        "#443626",
        "#2f2314",
        "#483b2b",
        "#3f3222",
        "#3c2f20",
        "#35291a",
        "#594c3d",
        "#807365"
    ],
    "hsl_color_values": [
        [
            0.08928571428571429,
            0.17238346525945472,
            162.42857142857142
        ],
        [
            0.08730581446959608,
            0.49097803347280333,
            57.93939393939394
        ],
        [
            0.08808077887025252,
            0.4317642652016482,
            68.16170212765958
        ],
        [
            0.0896377808344796,
            0.5675253708040593,
            47.44444444444444
        ],
        [
            0.08761190100052658,
            0.398740157480315,
            72.98850574712644
        ],
        [
            0.08727635815299344,
            0.45507149613308845,
            63.96085409252669
        ],
        [
            0.08776428250112463,
            0.45249145090376164,
            60.205882352941174
        ],
        [
            0.08937106918238996,
            0.49293154761904767,
            53.227722772277225
        ],
        [
            0.08915770609318996,
            0.31903945111492277,
            89.6923076923077
        ],
        [
            0.08946078431372557,
            0.2121684867394695,
            128.2
        ]
    ]
}