{
    "rgb_colors": [
        [
            29.557692307692307,
            19.826923076923077,
            12.423076923076923
        ],
        [
            49.36842105263158,
            40.80701754385965,
            34.03508771929825
        ],
        [
            50.46078431372549,
            38.8578431372549,
            23.558823529411764
        ],
        [
            43.82,
            33.03,
            20.68
        ],
        [
            66.76595744680851,
            56.06382978723404,
            46.765957446808514
        ],
        [
            59.758620689655174,
            48.224137931034484,
            33.6551724137931
        ],
        [
            64.78740157480316,
            52.889763779527556,
            39.511811023622045
        ],
        [
            38.46739130434783,
            27.130434782608695,
            14.91304347826087
        ],
        [
            57.2,
            47.58181818181818,
            40.8
        ],
        [
            55.42528735632184,
            43.60919540229885,
            28.28735632183908
        ]
    ],
    "hex_colors": [
        "#1d130c",
        "#312822",
        "#322617",
        "#2b2114",
        "#42382e",
        "#3b3021",
        "#403427",
        "#261b0e",
        "#392f28",
        "#372b1c"
    ],
    "hsl_color_values": [
        [
            0.0720164609053498,
            0.5797007156798959,
            29.557692307692307
        ],
        [
            0.07360793287566743,
            0.310589907604833,
            49.36842105263158
        ],
        [
            0.09478255587949465,
            0.5331260928696328,
            50.46078431372549
        ],
        [
            0.08895131086142323,
            0.5280693747147421,
            43.82
        ],
        [
            0.07748226950354607,
            0.2995538559592097,
            66.76595744680851
        ],
        [
            0.09302069572875386,
            0.4368147720715522,
            59.758620689655174
        ],
        [
            0.08821391484942882,
            0.39013125911521646,
            64.78740157480316
        ],
        [
            0.0864482387325027,
            0.6123198643684657,
            38.46739130434783
        ],
        [
            0.06892091648189207,
            0.2867132867132868,
            57.2
        ],
        [
            0.09409854581392067,
            0.48963085856491084,
            55.42528735632184
        ]
    ]
}