{
    "rgb_colors": [
        [
            236.30379746835442,
            230.30379746835442,
            214.0253164556962
        ],
        [
            232.27403846153845,
            226.27403846153845,
            210.47596153846155
        ],
        [
            242.725,
            236.725,
            220.775
        ],
        [
            234.54128440366972,
            228.54128440366972,
            211.54128440366972
        ],
        [
            234.52808988764045,
            228.52808988764045,
            213.52808988764045
        ],
        [
            244.8,
            238.8,
            222.6
        ],
        [
            238.94078947368422,
            232.94078947368422,
            217.0328947368421
        ],
        [
            237.51546391752578,
            231.51546391752578,
            215.48453608247422
        ],
        [
            240.79591836734693,
            234.79591836734693,
            219.14285714285714
        ],
        [
            230.08823529411765,
            224.08823529411765,
            207.73529411764707
        ]
    ],
    "hex_colors": [
        "#ece6d6",
        "#e8e2d2",
        "#f2ecdc",
        "#eae4d3",
        "#eae4d5",
        "#f4eede",
        "#eee8d9",
        "#ede7d7",
        "#f0eadb",
        "#e6e0cf"
    ],
    "hsl_color_values": [
        [
            0.12178030303030297,
            0.09427898007285185,
            236.30379746835442
        ],
        [
            0.12079106013821495,
            0.09384637675159888,
            232.27403846153845
        ],
        [
            0.12110858010630217,
            0.09043155834792456,
            242.725
        ],
        [
            0.12318840579710144,
            0.09806375904557012,
            234.54128440366972
        ],
        [
            0.11904761904761905,
            0.08954151295932544,
            234.52808988764045
        ],
        [
            0.12162162162162166,
            0.09068627450980399,
            244.8
        ],
        [
            0.12102102102102104,
            0.0916875464632837,
            238.94078947368422
        ],
        [
            0.12127593199188896,
            0.09275576196883549,
            237.51546391752578
        ],
        [
            0.12048382029531886,
            0.08992287481989997,
            240.79591836734693
        ],
        [
            0.12192982456140349,
            0.09714943116451485,
            230.08823529411765
        ]
    ]
}