{
    "rgb_colors": [
        [
            161.48557692307693,
            154.48557692307693,
            143.48557692307693
        ],
        [
            166.859375,
            159.859375,
            148.859375
        ],
        [
            157.28666666666666,
            150.28666666666666,
            139.28666666666666
        ],
        [
            182.66666666666666,
            175.66666666666666,
            164.66666666666666
        ],
        [
            163.8927203065134,
            156.8927203065134,
            145.8927203065134
        ],
        [
            174.8125,
            167.8125,
            156.8125
        ],
        [
            159.0,
            152.0,
            141.0
        ],
        [
            154.2962962962963,
            147.2962962962963,
            136.2962962962963
        ],
        [
            160.0,
            153.0,
            142.0
        ],
        [
            169.875,
            162.875,
            151.875
        ]
    ],
    "hex_colors": [
        "#a19a8f",
        "#a69f94",
        "#9d968b",
        "#b6afa4",
        "#a39c91",
        "#aea79c",
        "#9f988d",
        "#9a9388",
        "#a0998e",
        "#a9a297"
    ],
    "hsl_color_values": [
        [
            0.10185185185185186,
            0.11146506296704277,
            161.48557692307693
        ],
        [
            0.10185185185185186,
            0.10787526921996442,
            166.859375
        ],
        [
            0.10185185185185186,
            0.11444072394354259,
            157.28666666666666
        ],
        [
            0.10185185185185186,
            0.09854014598540146,
            182.66666666666666
        ],
        [
            0.10185185185185186,
            0.10982794090144006,
            163.8927203065134
        ],
        [
            0.10185185185185186,
            0.10296746514122274,
            174.8125
        ],
        [
            0.10185185185185186,
            0.11320754716981132,
            159.0
        ],
        [
            0.10185185185185186,
            0.11665866538646183,
            154.2962962962963
        ],
        [
            0.10185185185185186,
            0.1125,
            160.0
        ],
        [
            0.10185185185185186,
            0.10596026490066225,
            169.875
        ]
    ]
}