{
    "rgb_colors": [
        [
            179.4102564102564,
            160.4102564102564,
            126.43589743589743
        ],
        [
            163.48888888888888,
            144.5,
            110.5111111111111
        ],
        [
            166.07142857142858,
            147.07142857142858,
            113.07857142857142
        ],
        [
            169.01960784313727,
            150.01960784313727,
            116.0718954248366
        ],
        [
            154.6595744680851,
            135.6595744680851,
            101.72340425531915
        ],
        [
            157.97345132743362,
            138.97345132743362,
            105.0
        ],
        [
            175.2391304347826,
            156.2391304347826,
            122.28260869565217
        ],
        [
            160.896,
            141.912,
            107.944
        ],
        [
            149.69387755102042,
            130.69387755102042,
            96.71428571428572
        ],
        [
            171.93798449612405,
            152.93798449612405,
            118.96124031007751
        ]
    ],
    "hex_colors": [
        "#b3a07e",
        "#a3906e",
        "#a69371",
        "#a99674",
        "#9a8765",
        "#9d8a69",
        "#af9c7a",
        "#a08d6b",
        "#958260",
        "#ab9876"
    ],
    "hsl_color_values": [
        [
            0.1068893191352049,
            0.29526940117193085,
            179.4102564102564
        ],
        [
            0.10692813199105149,
            0.3240451270898464,
            163.48888888888888
        ],
        [
            0.10691018555959925,
            0.3190967741935485,
            166.07142857142858
        ],
        [
            0.10685923548533105,
            0.3132637277648879,
            169.01960784313727
        ],
        [
            0.10684619506966775,
            0.3422754161507773,
            154.6595744680851
        ],
        [
            0.10688829491034635,
            0.3353313539857711,
            157.97345132743362
        ],
        [
            0.10686918445539134,
            0.30219575735020465,
            175.2391304347826
        ],
        [
            0.10691443823336862,
            0.3291070007955449,
            160.896
        ],
        [
            0.10689522342064717,
            0.35391956373551464,
            149.69387755102042
        ],
        [
            0.10689201053555752,
            0.30811541929666375,
            171.93798449612405
        ]
    ]
}