{
    "rgb_colors": [
        [
            46.37065637065637,
            44.37065637065637,
            39.359073359073356
        ],
        [
            23.41860465116279,
            21.88372093023256,
            17.0
        ],
        [
            40.156028368794324,
            38.156028368794324,
            33.716312056737586
        ],
        [
            49.716312056737586,
            47.716312056737586,
            42.39716312056738
        ],
        [
            7.833333333333336,
            7.833333333333336,
            3.3333333333333357
        ],
        [
            43.39148936170213,
            41.39148936170213,
            36.71063829787234
        ],
        [
            55.0,
            53.0,
            47.1875
        ],
        [
            16.923076923076923,
            16.46153846153846,
            11.076923076923077
        ],
        [
            28.70212765957447,
            26.78723404255319,
            21.595744680851062
        ],
        [
            35.61333333333333,
            33.61333333333333,
            28.786666666666665
        ]
    ],
    "hex_colors": [
        "#2e2c27",
        "#171511",
        "#282621",
        "#312f2a",
        "#070703",
        "#2b2924",
        "#37352f",
        "#10100b",
        "#1c1a15",
        "#23211c"
    ],
    "hsl_color_values": [
        [
            0.11912628487518356,
            0.15120732722731062,
            46.37065637065637
        ],
        [
            0.1268115942028986,
            0.2740814299900695,
            23.41860465116279
        ],
        [
            0.11490455212922174,
            0.1603673613564112,
            40.156028368794324
        ],
        [
            0.12112403100775192,
            0.1472182596291012,
            49.716312056737586
        ],
        [
            0.16666666666666666,
            0.5744680851063828,
            7.833333333333336
        ],
        [
            0.11677282377919318,
            0.15396685299597915,
            43.39148936170213
        ],
        [
            0.124,
            0.14204545454545456,
            55.0
        ],
        [
            0.1535087719298245,
            0.34545454545454546,
            16.923076923076923
        ],
        [
            0.1217564870259481,
            0.2475908080059304,
            28.70212765957447
        ],
        [
            0.11783854166666664,
            0.19168850617746158,
            35.61333333333333
        ]
    ]
}