{
    "rgb_colors": [
        [
            19.42105263157896,
            13.061403508771932,
            9.175438596491233
        ],
        [
            171.92727272727274,
            144.5090909090909,
            137.16363636363636
        ],
        [
            160.97619047619048,
            116.16666666666667,
            110.73809523809524
        ],
        [
            136.28301886792454,
            99.43396226415095,
            92.66037735849056
        ],
        [
            202.7981651376147,
            189.63302752293578,
            180.9816513761468
        ],
        [
            87.88333333333333,
            47.65,
            43.45
        ],
        [
            43.4320987654321,
            37.530864197530875,
            32.833333333333336
        ],
        [
            182.72697368421052,
            171.62171052631578,
            161.49671052631578
        ],
        [
            62.54117647058823,
            13.0,
            9.28235294117647
        ],
        [
            104.3,
            72.7,
            68.925
        ]
    ],
    "hex_colors": [
        "#130d09",
        "#ab9089",
        "#a0746e",
        "#88635c",
        "#cabdb4",
        "#572f2b",
        "#2b2520",
        "#b6aba1",
        "#3e0d09",
        "#684844"
    ],
    "hsl_color_values": [
        [
            0.0632134703196346,
            0.5275519421860886,
            19.42105263157896
        ],
        [
            0.035216178521617826,
            0.2021996615905246,
            171.92727272727274
        ],
        [
            0.018009478672985784,
            0.3120840112409407,
            160.97619047619048
        ],
        [
            0.025879469434832787,
            0.3200886058424478,
            136.28301886792454
        ],
        [
            0.0660919540229884,
            0.10757747116037095,
            202.7981651376147
        ],
        [
            0.015753938484621144,
            0.5055945382135406,
            87.88333333333333
        ],
        [
            0.07386915162104457,
            0.2440306992609437,
            43.4320987654321
        ],
        [
            0.0794855903315773,
            0.11618570991376985,
            182.72697368421052
        ],
        [
            0.011633900301892356,
            0.8515801354401806,
            62.54117647058823
        ],
        [
            0.017785630153121346,
            0.33916586768935764,
            104.3
        ]
    ]
}