{
    "rgb_colors": [
        [
            77.49019607843137,
            65.88235294117648,
            48.92156862745098
        ],
        [
            199.69337979094075,
            190.76306620209058,
            178.1567944250871
        ],
        [
            97.05555555555556,
            85.13333333333333,
            68.8
        ],
        [
            151.7012987012987,
            139.01298701298703,
            121.4025974025974
        ],
        [
            113.3932584269663,
            100.9438202247191,
            84.10112359550561
        ],
        [
            226.75714285714287,
            216.5142857142857,
            202.1142857142857
        ],
        [
            186.5,
            174.22857142857143,
            155.9142857142857
        ],
        [
            210.14285714285714,
            201.29761904761904,
            188.2202380952381
        ],
        [
            169.0,
            156.6206896551724,
            138.6206896551724
        ],
        [
            133.78125,
            121.359375,
            104.84375
        ]
    ],
    "hex_colors": [
        "#4d4130",
        "#c7beb2",
        "#615544",
        "#978b79",
        "#716454",
        "#e2d8ca",
        "#baae9b",
        "#d2c9bc",
        "#a99c8a",
        "#857968"
    ],
    "hsl_color_values": [
        [
            0.09894760924273627,
            0.36867408906882587,
            77.49019607843137
        ],
        [
            0.09755702960685975,
            0.10784826912339474,
            199.69337979094075
        ],
        [
            0.09634290208415253,
            0.29112764739553526,
            97.05555555555556
        ],
        [
            0.09687098156879564,
            0.19972605085181067,
            151.7012987012987
        ],
        [
            0.09583173507224141,
            0.25832342449464935,
            113.3932584269663
        ],
        [
            0.09739130434782602,
            0.10867510867510878,
            226.75714285714287
        ],
        [
            0.09979760236649542,
            0.16399846801991577,
            186.5
        ],
        [
            0.09942076205991483,
            0.10432245637888053,
            210.14285714285714
        ],
        [
            0.09875141884222476,
            0.1797592328096307,
            169.0
        ],
        [
            0.09512239020878328,
            0.21630460172856808,
            133.78125
        ]
    ]
}