{
    "rgb_colors": [
        [
            121.66666666666667,
            107.66666666666667,
            97.6888888888889
        ],
        [
            32.3170731707317,
            28.268292682926827,
            26.78048780487805
        ],
        [
            95.1640625,
            82.6875,
            72.0234375
        ],
        [
            49.0,
            44.94444444444444,
            43.888888888888886
        ],
        [
            80.52229299363057,
            69.26114649681529,
            59.496815286624205
        ],
        [
            102.94011976047904,
            89.8443113772455,
            79.87425149700599
        ],
        [
            68.10958904109589,
            61.0,
            55.205479452054796
        ],
        [
            87.78894472361809,
            75.90954773869346,
            65.51256281407035
        ],
        [
            13.274999999999991,
            10.200000000000003,
            9.449999999999996
        ],
        [
            110.875,
            97.475,
            87.375
        ]
    ],
    "hex_colors": [
        "#796b61",
        "#201c1a",
        "#5f5248",
        "#312c2b",
        "#50453b",
        "#66594f",
        "#443d37",
        "#574b41",
        "#0d0a09",
        "#6e6157"
    ],
    "hsl_color_values": [
        [
            0.06935434043867778,
            0.1970776255707762,
            121.66666666666667
        ],
        [
            0.04478707782672534,
            0.171320754716981,
            32.3170731707317
        ],
        [
            0.07680621201890614,
            0.24316558574829653,
            95.1640625
        ],
        [
            0.034420289855072485,
            0.1043083900226758,
            49.0
        ],
        [
            0.07740078764010905,
            0.26111374782471125,
            80.52229299363057
        ],
        [
            0.0720404984423676,
            0.22407073468675467,
            102.94011976047904
        ],
        [
            0.07484076433121019,
            0.18946098149637966,
            68.10958904109589
        ],
        [
            0.07778780359425519,
            0.2537492844876932,
            87.78894472361809
        ],
        [
            0.03267973856209185,
            0.2881355932203388,
            13.274999999999991
        ],
        [
            0.07163120567375882,
            0.21195039458850057,
            110.875
        ]
    ]
}