{
    "rgb_colors": [
        [
            234.0,
            228.0,
            211.0
        ],
        [
            240.0,
            234.0,
            217.0
        ],
        [
            242.87719298245614,
            236.87719298245614,
            219.87719298245614
        ],
        [
            230.23076923076923,
            224.23076923076923,
            207.23076923076923
        ],
        [
            239.0,
            233.0,
            216.0
        ],
        [
            235.0,
            229.0,
            212.0
        ],
        [
            241.0,
            235.0,
            218.0
        ],
        [
            236.46192893401016,
            230.46192893401016,
            213.46192893401016
        ],
        [
            238.0,
            232.0,
            215.0
        ],
        [
            232.58441558441558,
            226.58441558441558,
            209.58441558441558
        ]
    ],
    "hex_colors": [
        "#eae4d3",
        "#f0ead9",
        "#f2ecdb",
        "#e6e0cf",
        "#efe9d8",
        "#ebe5d4",
        "#f1ebda",
        "#ece6d5",
        "#eee8d7",
        "#e8e2d1"
    ],
    "hsl_color_values": [
        [
            0.12318840579710144,
            0.09829059829059829,
            234.0
        ],
        [
            0.12318840579710144,
            0.09583333333333334,
            240.0
        ],
        [
            0.12318840579710144,
            0.09469806414331118,
            242.87719298245614
        ],
        [
            0.12318840579710144,
            0.09989976612094888,
            230.23076923076923
        ],
        [
            0.12318840579710144,
            0.09623430962343096,
            239.0
        ],
        [
            0.12318840579710144,
            0.09787234042553192,
            235.0
        ],
        [
            0.12318840579710144,
            0.0954356846473029,
            241.0
        ],
        [
            0.12318840579710144,
            0.0972672434149797,
            236.46192893401016
        ],
        [
            0.12318840579710144,
            0.09663865546218488,
            238.0
        ],
        [
            0.12318840579710144,
            0.0988888268468368,
            232.58441558441558
        ]
    ]
}