{
    "rgb_colors": [
        [
            119.408,
            115.2,
            114.36
        ],
        [
            31.83333333333333,
            30.941176470588232,
            34.627450980392155
        ],
        [
            137.87704918032787,
            132.7377049180328,
            132.87704918032787
        ],
        [
            204.78571428571428,
            197.42857142857144,
            194.57142857142856
        ],
        [
            77.96062992125985,
            74.81889763779527,
            78.28346456692913
        ],
        [
            173.73831775700933,
            167.3177570093458,
            169.49532710280374
        ],
        [
            92.23837209302326,
            91.34302325581396,
            99.73255813953489
        ],
        [
            157.525,
            150.63333333333333,
            153.8
        ],
        [
            247.26666666666665,
            237.86666666666667,
            233.6
        ],
        [
            57.318681318681314,
            56.417582417582416,
            58.35164835164835
        ]
    ],
    "hex_colors": [
        "#777372",
        "#1f1e22",
        "#898484",
        "#ccc5c2",
        "#4d4a4e",
        "#ada7a9",
        "#5c5b63",
        "#9d9699",
        "#f7ede9",
        "#39383a"
    ],
    "hsl_color_values": [
        [
            0.027733755942947802,
            0.04227522444057351,
            119.408
        ],
        [
            0.7070035460992906,
            0.10645526613816539,
            34.627450980392155
        ],
        [
            0.9954811270600744,
            0.037274835027644025,
            137.87704918032787
        ],
        [
            0.046620046620047116,
            0.04987792117195679,
            204.78571428571428
        ],
        [
            0.8178030303030311,
            0.04425668879501099,
            78.28346456692913
        ],
        [
            0.9434740417273166,
            0.0369553523399676,
            173.73831775700933
        ],
        [
            0.6844536844536844,
            0.08412032179083592,
            99.73255813953489
        ],
        [
            0.9234179766223294,
            0.043749669364651196,
            157.525
        ],
        [
            0.052032520325203446,
            0.05527096252359123,
            247.26666666666665
        ],
        [
            0.7443181818181815,
            0.03314500941619586,
            58.35164835164835
        ]
    ]
}