{
    "rgb_colors": [
        [
            118.78082191780823,
            112.34246575342465,
            101.63013698630137
        ],
        [
            6.9718309859154886,
            2.8626760563380245,
            1.6056338028169037
        ],
        [
            78.05960264900662,
            68.0,
            54.0728476821192
        ],
        [
            88.50892857142857,
            77.65178571428571,
            63.419642857142854
        ],
        [
            58.1578947368421,
            48.12280701754386,
            35.473684210526315
        ],
        [
            106.76288659793815,
            100.28865979381443,
            90.65979381443299
        ],
        [
            39.29166666666667,
            31.0,
            22.0
        ],
        [
            67.68468468468468,
            57.37837837837838,
            43.972972972972975
        ],
        [
            99.9367088607595,
            88.67088607594937,
            74.26582278481013
        ],
        [
            131.61111111111111,
            125.47222222222221,
            113.75
        ]
    ],
    "hex_colors": [
        "#767065",
        "#060201",
        "#4e4436",
        "#584d3f",
        "#3a3023",
        "#6a645a",
        "#271f16",
        "#43392b",
        "#63584a",
        "#837d71"
    ],
    "hsl_color_values": [
        [
            0.10410010649627251,
            0.14438934378964371,
            118.78082191780823
        ],
        [
            0.03904199475065603,
            0.7696969696969692,
            6.9718309859154886
        ],
        [
            0.09676974047487578,
            0.3072876898277764,
            78.05960264900662
        ],
        [
            0.09454329774614471,
            0.28346615555331384,
            88.50892857142857
        ],
        [
            0.09293632379479251,
            0.3900452488687783,
            58.1578947368421
        ],
        [
            0.09965855740503626,
            0.1508304364619545,
            106.76288659793815
        ],
        [
            0.0867469879518072,
            0.44008483563096507,
            39.29166666666667
        ],
        [
            0.09422492401215805,
            0.350326101424198,
            67.68468468468468
        ],
        [
            0.09352399737015123,
            0.25687143761874603,
            99.9367088607595
        ],
        [
            0.10938310005184022,
            0.1357112705783031,
            131.61111111111111
        ]
    ]
}