{
    "rgb_colors": [
        [
            137.49295774647888,
            127.28873239436619,
            111.97183098591549
        ],
        [
            128.01666666666665,
            118.0,
            102.05
        ],
        [
            154.3125,
            144.4875,
            130.9
        ],
        [
            132.98666666666668,
            122.94666666666666,
            107.06666666666666
        ],
        [
            141.6281407035176,
            131.16582914572865,
            116.60301507537689
        ],
        [
            151.10852713178295,
            140.86821705426357,
            127.48837209302326
        ],
        [
            144.94594594594594,
            134.33333333333334,
            120.66666666666667
        ],
        [
            162.11363636363637,
            152.97727272727272,
            139.04545454545456
        ],
        [
            157.35616438356163,
            147.8904109589041,
            134.12328767123287
        ],
        [
            147.7117117117117,
            137.03603603603602,
            123.78378378378379
        ]
    ],
    "hex_colors": [
        "#897f6f",
        "#807666",
        "#9a9082",
        "#847a6b",
        "#8d8374",
        "#978c7f",
        "#908678",
        "#a2988b",
        "#9d9386",
        "#93897b"
    ],
    "hsl_color_values": [
        [
            0.10002759381898452,
            0.1856177012907192,
            137.49295774647888
        ],
        [
            0.10237483953786913,
            0.20283817211300606,
            128.01666666666665
        ],
        [
            0.09672539597793207,
            0.15172134467395704,
            154.3125
        ],
        [
            0.1021090534979423,
            0.19490675756968126,
            132.98666666666668
        ],
        [
            0.0969879518072289,
            0.1766959977292081,
            141.6281407035176
        ],
        [
            0.0944098019910294,
            0.15631252244395424,
            151.10852713178295
        ],
        [
            0.09381570810142248,
            0.16750574926968728,
            144.94594594594594
        ],
        [
            0.10065681444991775,
            0.14229636898920506,
            162.11363636363637
        ],
        [
            0.09876179245283027,
            0.14764516409854614,
            157.35616438356163
        ],
        [
            0.09230672690763046,
            0.1619907294462063,
            147.7117117117117
        ]
    ]
}