{
    "rgb_colors": [
        [
            59.06382978723404,
            43.40425531914894,
            26.53191489361702
        ],
        [
            81.5,
            66.93243243243244,
            51.391891891891895
        ],
        [
            67.44878048780488,
            52.170731707317074,
            35.40975609756097
        ],
        [
            45.4,
            31.4,
            14.399999999999999
        ],
        [
            75.20833333333333,
            60.5,
            44.391666666666666
        ],
        [
            89.32692307692308,
            74.9423076923077,
            59.09615384615385
        ],
        [
            98.1219512195122,
            83.97560975609755,
            67.41463414634146
        ],
        [
            64.71764705882353,
            49.241176470588236,
            32.43529411764706
        ],
        [
            70.57603686635944,
            55.617511520737324,
            39.24884792626728
        ],
        [
            61.94318181818182,
            46.26136363636364,
            29.329545454545453
        ]
    ],
    "hex_colors": [
        "#3b2b1a",
        "#514233",
        "#433423",
        "#2d1f0e",
        "#4b3c2c",
        "#594a3b",
        "#625343",
        "#403120",
        "#463727",
        "#3d2e1d"
    ],
    "hsl_color_values": [
        [
            0.08643993895792457,
            0.5507925072046109,
            59.06382978723404
        ],
        [
            0.08602633153800121,
            0.3694246393632896,
            81.5
        ],
        [
            0.08719041818920016,
            0.4750126563969047,
            67.44878048780488
        ],
        [
            0.09139784946236558,
            0.6828193832599119,
            45.4
        ],
        [
            0.08711916351180819,
            0.4097506925207756,
            75.20833333333333
        ],
        [
            0.08736217133163697,
            0.33842841765339077,
            89.32692307692308
        ],
        [
            0.08988615303150645,
            0.31295053442704457,
            98.1219512195122
        ],
        [
            0.08676506316812438,
            0.4988183966551536,
            64.71764705882353
        ],
        [
            0.08708443659899971,
            0.44387855044074437,
            70.57603686635944
        ],
        [
            0.08652729384436704,
            0.5265088974500092,
            61.94318181818182
        ]
    ]
}