{
    "rgb_colors": [
        [
            69.4820143884892,
            53.97841726618705,
            35.489208633093526
        ],
        [
            71.47260273972603,
            55.842465753424655,
            37.73287671232877
        ],
        [
            75.8993710691824,
            60.23899371069182,
            42.22012578616352
        ],
        [
            86.60606060606061,
            70.6969696969697,
            53.42424242424242
        ],
        [
            65.36781609195403,
            49.91954022988506,
            31.264367816091955
        ],
        [
            78.80459770114942,
            62.97701149425287,
            45.45977011494253
        ],
        [
            63.0,
            47.84090909090909,
            28.31818181818182
        ],
        [
            82.17460317460318,
            66.3015873015873,
            48.920634920634924
        ],
        [
            67.50877192982456,
            52.1140350877193,
            33.29824561403509
        ],
        [
            73.54605263157895,
            57.98684210526316,
            39.66447368421053
        ]
    ],
    "hex_colors": [
        "#453523",
        "#473725",
        "#4b3c2a",
        "#564635",
        "#41311f",
        "#4e3e2d",
        "#3f2f1c",
        "#524230",
        "#433421",
        "#493927"
    ],
    "hsl_color_values": [
        [
            0.090652557319224,
            0.4892317249948229,
            69.4820143884892
        ],
        [
            0.08945730139396398,
            0.47206516530905607,
            71.47260273972603
        ],
        [
            0.08916900093370679,
            0.4437354988399072,
            75.8993710691824
        ],
        [
            0.08675799086757992,
            0.3831350594821554,
            86.60606060606061
        ],
        [
            0.0911695315133131,
            0.5217161948303147,
            65.36781609195403
        ],
        [
            0.08755601516718374,
            0.4231330221703617,
            78.80459770114942
        ],
        [
            0.09381826124945392,
            0.5505050505050505,
            63.0
        ],
        [
            0.08711217183770882,
            0.40467452192389414,
            82.17460317460318
        ],
        [
            0.09166666666666667,
            0.5067567567567567,
            67.50877192982456
        ],
        [
            0.09012944983818771,
            0.4606852133464531,
            73.54605263157895
        ]
    ]
}