{
    "rgb_colors": [
        [
            230.35714285714286,
            221.75,
            205.61904761904762
        ],
        [
            234.82456140350877,
            228.82456140350877,
            211.82456140350877
        ],
        [
            239.20967741935485,
            231.2258064516129,
            214.88709677419354
        ],
        [
            237.40506329113924,
            228.40506329113924,
            212.40506329113924
        ],
        [
            228.3148148148148,
            220.17592592592592,
            203.88888888888889
        ],
        [
            232.94358974358974,
            224.7128205128205,
            208.45641025641027
        ],
        [
            225.20833333333334,
            216.83333333333334,
            200.625
        ],
        [
            235.14285714285714,
            226.58857142857144,
            210.44
        ],
        [
            226.390243902439,
            218.78048780487805,
            202.3170731707317
        ],
        [
            231.56521739130434,
            223.2173913043478,
            207.0
        ]
    ],
    "hex_colors": [
        "#e6ddcd",
        "#eae4d3",
        "#efe7d6",
        "#ede4d4",
        "#e4dccb",
        "#e8e0d0",
        "#e1d8c8",
        "#ebe2d2",
        "#e2daca",
        "#e7dfcf"
    ],
    "hsl_color_values": [
        [
            0.10867821623355789,
            0.10739018087855298,
            230.35714285714286
        ],
        [
            0.12318840579710144,
            0.0979454613373179,
            234.82456140350877
        ],
        [
            0.11195844385499552,
            0.10167891578450551,
            239.20967741935485
        ],
        [
            0.10666666666666667,
            0.10530525193281791,
            237.40506329113924
        ],
        [
            0.11113217083649231,
            0.1069835347554546,
            228.3148148148148
        ],
        [
            0.11064572425828971,
            0.10512064107079952,
            232.94358974358974
        ],
        [
            0.10988700564971754,
            0.10915818686401484,
            225.20833333333334
        ],
        [
            0.10895211658570447,
            0.10505467800729039,
            235.14285714285714
        ],
        [
            0.1139817629179332,
            0.10633484162895925,
            226.390243902439
        ],
        [
            0.11002949852507367,
            0.10608336462636123,
            231.56521739130434
        ]
    ]
}