{
    "rgb_colors": [
        [
            65.40414507772022,
            68.00518134715026,
            87.44559585492227
        ],
        [
            253.89583333333334,
            253.19583333333333,
            251.4
        ],
        [
            117.73584905660377,
            107.81132075471697,
            99.0377358490566
        ],
        [
            223.06666666666666,
            221.06666666666666,
            224.93333333333334
        ],
        [
            69.33505154639175,
            42.0360824742268,
            15.474226804123717
        ],
        [
            15.21138211382113,
            4.8617886178861625,
            5.8943089430894275
        ],
        [
            41.85714285714286,
            44.12857142857143,
            58.2
        ],
        [
            50.33333333333333,
            26.548387096774192,
            3.86021505376344
        ],
        [
            191.83333333333331,
            185.1111111111111,
            185.16666666666666
        ],
        [
            150.32,
            144.2,
            142.4
        ]
    ],
    "hex_colors": [
        "#414457",
        "#fdfdfb",
        "#756b63",
        "#dfdde0",
        "#452a0f",
        "#0f0405",
        "#292c3a",
        "#321a03",
        "#bfb9b9",
        "#96908e"
    ],
    "hsl_color_values": [
        [
            0.6469989029932613,
            0.2520590152278247,
            87.44559585492227
        ],
        [
            0.11992209237618146,
            0.009830146877820642,
            253.89583333333334
        ],
        [
            0.07820383451059532,
            0.15881410256410253,
            117.73584905660377
        ],
        [
            0.7528735632183906,
            0.017190278601067015,
            224.93333333333334
        ],
        [
            0.08219287332121095,
            0.776819567318415,
            69.33505154639175
        ],
        [
            0.9833726106310551,
            0.6803848209513639,
            15.21138211382113
        ],
        [
            0.643502331002331,
            0.28080510554737353,
            58.2
        ],
        [
            0.0813666512417091,
            0.923306985686819,
            50.33333333333333
        ],
        [
            0.99862258953168,
            0.035041992470315704,
            191.83333333333331
        ],
        [
            0.03787878787878759,
            0.05268759978712073,
            150.32
        ]
    ]
}