{
    "rgb_colors": [
        [
            84.98717948717949,
            50.64102564102564,
            9.217948717948719
        ],
        [
            106.5909090909091,
            74.85353535353535,
            41.378787878787875
        ],
        [
            100.47598253275109,
            68.65065502183405,
            35.61135371179039
        ],
        [
            97.4308943089431,
            64.08943089430895,
            24.6260162601626
        ],
        [
            112.79629629629629,
            80.79629629629629,
            47.342592592592595
        ],
        [
            132.86486486486487,
            99.13513513513513,
            54.91891891891892
        ],
        [
            74.68571428571428,
            40.82857142857143,
            1.4000000000000021
        ],
        [
            91.9367088607595,
            57.962025316455694,
            16.78481012658228
        ],
        [
            121.12698412698413,
            86.31746031746032,
            42.46031746031746
        ],
        [
            108.1891891891892,
            73.67567567567568,
            30.27027027027027
        ]
    ],
    "hex_colors": [
        "#543209",
        "#6a4a29",
        "#644423",
        "#614018",
        "#70502f",
        "#846336",
        "#4a2801",
        "#5b3910",
        "#79562a",
        "#6c491e"
    ],
    "hsl_color_values": [
        [
            0.09111675126903555,
            0.8915371850957913,
            84.98717948717949
        ],
        [
            0.08555349029326724,
            0.6117981520966596,
            106.5909090909091
        ],
        [
            0.08489295812575735,
            0.6455734712503802,
            100.47598253275109
        ],
        [
            0.09034059184812954,
            0.7472463284379173,
            97.4308943089431
        ],
        [
            0.08518413731315129,
            0.5802823838450172,
            112.79629629629629
        ],
        [
            0.09454461396208969,
            0.5866558177379984,
            132.86486486486487
        ],
        [
            0.08966861598440545,
            0.9812547819433817,
            74.68571428571428
        ],
        [
            0.09131997080455899,
            0.8174308137133417,
            91.9367088607595
        ],
        [
            0.09291767554479417,
            0.649456165640152,
            121.12698412698413
        ],
        [
            0.09284310324893051,
            0.7202098426180364,
            108.1891891891892
        ]
    ]
}