{
    "rgb_colors": [
        [
            33.30337078651685,
            30.303370786516854,
            28.415730337078653
        ],
        [
            40.970873786407765,
            37.970873786407765,
            36.067961165048544
        ],
        [
            42.50704225352113,
            39.50704225352113,
            37.521126760563384
        ],
        [
            34.91208791208791,
            31.912087912087912,
            30.35164835164835
        ],
        [
            39.924050632911396,
            36.924050632911396,
            35.075949367088604
        ],
        [
            46.89090909090909,
            43.89090909090909,
            41.89090909090909
        ],
        [
            38.3756345177665,
            35.3756345177665,
            33.52791878172589
        ],
        [
            44.433734939759034,
            41.433734939759034,
            39.48192771084337
        ],
        [
            30.0,
            27.0,
            25.454545454545453
        ],
        [
            36.47239263803681,
            33.47239263803681,
            31.533742331288344
        ]
    ],
    "hex_colors": [
        "#211e1c",
        "#282524",
        "#2a2725",
        "#221f1e",
        "#272423",
        "#2e2b29",
        "#262321",
        "#2c2927",
        "#1e1b19",
        "#24211f"
    ],
    "hsl_color_values": [
        [
            0.06436781609195406,
            0.14676113360323875,
            33.30337078651685
        ],
        [
            0.06468646864686463,
            0.11966824644549758,
            40.970873786407765
        ],
        [
            0.06638418079096041,
            0.11729622266401585,
            42.50704225352113
        ],
        [
            0.05702811244979924,
            0.13062637708530064,
            34.91208791208791
        ],
        [
            0.06353350739773729,
            0.12143310082435017,
            39.924050632911396
        ],
        [
            0.06666666666666667,
            0.10663047692904226,
            46.89090909090909
        ],
        [
            0.06352530541012223,
            0.1263227513227514,
            38.3756345177665
        ],
        [
            0.0656934306569343,
            0.11144251626898047,
            44.433734939759034
        ],
        [
            0.0566666666666667,
            0.15151515151515155,
            30.0
        ],
        [
            0.0654244306418219,
            0.1354079058031959,
            36.47239263803681
        ]
    ]
}