{
    "rgb_colors": [
        [
            21.266666666666666,
            27.42222222222222,
            40.9037037037037
        ],
        [
            199.55555555555554,
            202.77777777777777,
            187.66666666666666
        ],
        [
            40.265625,
            40.765625,
            37.645833333333336
        ],
        [
            8.058441558441558,
            13.038961038961034,
            24.590909090909086
        ],
        [
            144.1142857142857,
            148.34285714285716,
            136.9142857142857
        ],
        [
            95.90566037735849,
            100.0,
            98.84905660377359
        ],
        [
            175.43589743589743,
            179.2051282051282,
            159.3846153846154
        ],
        [
            44.06923076923077,
            49.276923076923076,
            59.54615384615384
        ],
        [
            69.55555555555556,
            74.1358024691358,
            76.67901234567901
        ],
        [
            116.79069767441861,
            121.11627906976744,
            120.6046511627907
        ]
    ],
    "hex_colors": [
        "#151b28",
        "#c7cabb",
        "#282825",
        "#080d18",
        "#909488",
        "#5f6462",
        "#afb39f",
        "#2c313b",
        "#454a4c",
        "#747978"
    ],
    "hsl_color_values": [
        [
            0.6144222306048032,
            0.48007968127490036,
            40.9037037037037
        ],
        [
            0.20220588235294126,
            0.0745205479452055,
            202.77777777777777
        ],
        [
            0.1933778519755148,
            0.0765299603935096,
            40.765625
        ],
        [
            0.6164571877454832,
            0.6722999735938737,
            24.590909090909086
        ],
        [
            0.22833333333333364,
            0.07704160246533139,
            148.34285714285716
        ],
        [
            0.4531490015360986,
            0.04094339622641513,
            100.0
        ],
        [
            0.19836136265631743,
            0.11060237516096721,
            179.2051282051282
        ],
        [
            0.61058648111332,
            0.2599147396977134,
            59.54615384615384
        ],
        [
            0.5595031773541307,
            0.09289969409112862,
            76.67901234567901
        ],
        [
            0.48028673835125457,
            0.03571428571428569,
            121.11627906976744
        ]
    ]
}