{
    "rgb_colors": [
        [
            13.712962962962962,
            4.333333333333336,
            0.5833333333333357
        ],
        [
            93.17948717948718,
            82.74358974358975,
            67.87179487179486
        ],
        [
            70.71428571428571,
            59.252100840336134,
            43.24369747899159
        ],
        [
            51.31543624161074,
            39.895973154362416,
            24.251677852348994
        ],
        [
            114.58823529411765,
            105.29411764705883,
            95.6470588235294
        ],
        [
            81.36111111111111,
            71.125,
            55.84722222222222
        ],
        [
            26.022222222222222,
            17.555555555555554,
            7.866666666666667
        ],
        [
            59.88461538461539,
            48.457264957264954,
            32.495726495726494
        ],
        [
            40.373333333333335,
            29.479999999999997,
            15.266666666666666
        ],
        [
            128.88235294117646,
            120.6470588235294,
            111.58823529411765
        ]
    ],
    "hex_colors": [
        "#0d0400",
        "#5d5243",
        "#463b2b",
        "#332718",
        "#72695f",
        "#514737",
        "#1a1107",
        "#3b3020",
        "#281d0f",
        "#80786f"
    ],
    "hsl_color_values": [
        [
            0.047602256699576885,
            0.9574611748818365,
            13.712962962962962
        ],
        [
            0.09793988517392778,
            0.2716015410016512,
            93.17948717948718
        ],
        [
            0.0971245029060875,
            0.3884729649435532,
            70.71428571428571
        ],
        [
            0.09634221946683197,
            0.527399947685064,
            51.31543624161074
        ],
        [
            0.08488612836438925,
            0.1652977412731007,
            114.58823529411765
        ],
        [
            0.09980039920159679,
            0.3135882553772619,
            81.36111111111111
        ],
        [
            0.08894328845369236,
            0.6976942783945346,
            26.022222222222222
        ],
        [
            0.09712903729130906,
            0.45736102190822814,
            59.88461538461539
        ],
        [
            0.09435298282881925,
            0.6218626155878468,
            40.373333333333335
        ],
        [
            0.08730158730158726,
            0.1341853035143769,
            128.88235294117646
        ]
    ]
}