{
    "rgb_colors": [
        [
            89.91304347826087,
            84.91304347826087,
            76.47826086956522
        ],
        [
            64.45454545454545,
            61.88636363636364,
            56.29545454545455
        ],
        [
            12.757575757575758,
            10.303030303030301,
            8.797979797979796
        ],
        [
            3.9535603715170247,
            1.2724458204334361,
            1.1671826625386998
        ],
        [
            52.351063829787236,
            50.86170212765957,
            46.51063829787234
        ],
        [
            113.0,
            112.2,
            107.60000000000001
        ],
        [
            76.73469387755102,
            72.30612244897958,
            64.42857142857142
        ],
        [
            30.823529411764707,
            28.58823529411765,
            26.016806722689076
        ],
        [
            20.728070175438596,
            18.289473684210527,
            17.026315789473685
        ],
        [
            41.04545454545455,
            38.78181818181818,
            35.93636363636364
        ]
    ],
    "hex_colors": [
        "#59544c",
        "#403d38",
        "#0c0a08",
        "#030101",
        "#34322e",
        "#71706b",
        "#4c4840",
        "#1e1c1a",
        "#141211",
        "#292623"
    ],
    "hsl_color_values": [
        [
            0.10463861920172601,
            0.14941972920696328,
            89.91304347826087
        ],
        [
            0.11420612813370483,
            0.12658674188998587,
            64.45454545454545
        ],
        [
            0.0633503401360544,
            0.3103721298495647,
            12.757575757575758
        ],
        [
            0.0062962962962962625,
            0.7047768206734532,
            3.9535603715170247
        ],
        [
            0.1241651487553125,
            0.11156269051005897,
            52.351063829787236
        ],
        [
            0.14197530864197536,
            0.04778761061946895,
            113.0
        ],
        [
            0.10668877833056922,
            0.1603723404255321,
            76.73469387755102
        ],
        [
            0.08916083916083921,
            0.15594329334787352,
            30.823529411764707
        ],
        [
            0.056872037914691975,
            0.17858654253068126,
            20.728070175438596
        ],
        [
            0.09282325029655984,
            0.12447397563676633,
            41.04545454545455
        ]
    ]
}