{
    "rgb_colors": [
        [
            229.55789473684212,
            220.55789473684212,
            204.55789473684212
        ],
        [
            237.0,
            228.0,
            212.0
        ],
        [
            239.35294117647058,
            230.35294117647058,
            214.35294117647058
        ],
        [
            241.78571428571428,
            232.78571428571428,
            216.78571428571428
        ],
        [
            234.57777777777778,
            225.57777777777778,
            209.57777777777778
        ],
        [
            233.0,
            224.0,
            208.0
        ],
        [
            227.0754716981132,
            218.0754716981132,
            202.0754716981132
        ],
        [
            231.56737588652481,
            222.56737588652481,
            206.56737588652481
        ],
        [
            236.0,
            227.0,
            211.0
        ],
        [
            238.0,
            229.0,
            213.0
        ]
    ],
    "hex_colors": [
        "#e5dccc",
        "#ede4d4",
        "#efe6d6",
        "#f1e8d8",
        "#eae1d1",
        "#e9e0d0",
        "#e3daca",
        "#e7dece",
        "#ece3d3",
        "#eee5d5"
    ],
    "hsl_color_values": [
        [
            0.10666666666666667,
            0.10890498899486427,
            229.55789473684212
        ],
        [
            0.10666666666666667,
            0.10548523206751055,
            237.0
        ],
        [
            0.10666666666666667,
            0.10444826738756452,
            239.35294117647058
        ],
        [
            0.10666666666666667,
            0.103397341211226,
            241.78571428571428
        ],
        [
            0.10666666666666667,
            0.10657446002273588,
            234.57777777777778
        ],
        [
            0.10666666666666667,
            0.1072961373390558,
            233.0
        ],
        [
            0.10666666666666667,
            0.1100955546323224,
            227.0754716981132
        ],
        [
            0.10666666666666667,
            0.10795993997121069,
            231.56737588652481
        ],
        [
            0.10666666666666667,
            0.1059322033898305,
            236.0
        ],
        [
            0.10666666666666667,
            0.10504201680672269,
            238.0
        ]
    ]
}