{
    "rgb_colors": [
        [
            221.25510204081633,
            208.74489795918367,
            190.0
        ],
        [
            218.02173913043478,
            205.3695652173913,
            186.69565217391303
        ],
        [
            228.71428571428572,
            216.42857142857142,
            197.57142857142858
        ],
        [
            226.69158878504672,
            214.14953271028037,
            195.42056074766356
        ],
        [
            222.76190476190476,
            210.23376623376623,
            191.4978354978355
        ],
        [
            219.76795580110496,
            207.292817679558,
            188.5303867403315
        ],
        [
            216.3,
            203.7,
            185.0
        ],
        [
            224.7659574468085,
            212.25531914893617,
            193.51063829787233
        ],
        [
            214.77777777777777,
            202.22222222222223,
            183.5
        ],
        [
            231.36363636363637,
            219.3030303030303,
            200.33333333333334
        ]
    ],
    "hex_colors": [
        "#ddd0be",
        "#dacdba",
        "#e4d8c5",
        "#e2d6c3",
        "#ded2bf",
        "#dbcfbc",
        "#d8cbb9",
        "#e0d4c1",
        "#d6cab7",
        "#e7dbc8"
    ],
    "hsl_color_values": [
        [
            0.09995646969202308,
            0.1412627403957017,
            221.25510204081633
        ],
        [
            0.09935230164237803,
            0.14368331837670759,
            218.02173913043478
        ],
        [
            0.10091743119266043,
            0.13616489693941283,
            228.71428571428572
        ],
        [
            0.09982068141063956,
            0.13794525065963054,
            226.69158878504672
        ],
        [
            0.09987999630757871,
            0.14034746783784835,
            222.76190476190476
        ],
        [
            0.10010611956137244,
            0.14213887073256568,
            219.76795580110496
        ],
        [
            0.09957401490947808,
            0.14470642625982436,
            216.3
        ],
        [
            0.09995461765373274,
            0.13905717531238165,
            224.7659574468085
        ],
        [
            0.09976317347542929,
            0.14562855664769786,
            214.77777777777777
        ],
        [
            0.10188802083333333,
            0.1341191879502292,
            231.36363636363637
        ]
    ]
}