{
    "rgb_colors": [
        [
            74.2877358490566,
            70.95754716981132,
            70.18867924528301
        ],
        [
            52.333333333333336,
            48.14285714285714,
            45.833333333333336
        ],
        [
            116.4,
            112.6,
            110.2
        ],
        [
            60.34188034188034,
            57.085470085470085,
            56.02564102564102
        ],
        [
            70.11,
            66.77,
            66.09
        ],
        [
            90.09859154929578,
            87.04225352112675,
            86.87323943661971
        ],
        [
            78.92631578947369,
            75.73684210526315,
            74.96842105263158
        ],
        [
            65.92899408284023,
            62.76331360946746,
            62.02958579881657
        ],
        [
            84.40298507462687,
            81.1044776119403,
            80.16417910447761
        ],
        [
            97.47826086956522,
            94.13043478260869,
            93.43478260869566
        ]
    ],
    "hex_colors": [
        "#4a4646",
        "#34302d",
        "#74706e",
        "#3c3938",
        "#464242",
        "#5a5756",
        "#4e4b4a",
        "#413e3e",
        "#545150",
        "#615e5d"
    ],
    "hsl_color_values": [
        [
            0.031261986958189714,
            0.05517810654644747,
            74.2877358490566
        ],
        [
            0.05921855921855904,
            0.12420382165605096,
            52.333333333333336
        ],
        [
            0.0645161290322578,
            0.05326460481099658,
            116.4
        ],
        [
            0.04092409240924103,
            0.07152974504249296,
            60.34188034188034
        ],
        [
            0.028192371475953288,
            0.05733846812152327,
            70.11
        ],
        [
            0.008733624454148345,
            0.035798030326715725,
            90.09859154929578
        ],
        [
            0.03235815602836826,
            0.050146705788210205,
            78.92631578947369
        ],
        [
            0.031360647445624834,
            0.05914557530066409,
            65.92899408284023
        ],
        [
            0.03697183098591541,
            0.05022104332449165,
            84.40298507462687
        ],
        [
            0.028673835125447595,
            0.04148082069580729,
            97.47826086956522
        ]
    ]
}