{
    "rgb_colors": [
        [
            74.2962962962963,
            75.88888888888889,
            94.88888888888889
        ],
        [
            20.24358974358975,
            21.974358974358978,
            28.92307692307692
        ],
        [
            2.476744186046517,
            4.965116279069775,
            41.383720930232556
        ],
        [
            123.62962962962963,
            123.11111111111111,
            133.59259259259258
        ],
        [
            36.28125,
            40.84375,
            82.84375
        ],
        [
            210.41809290953546,
            205.6601466992665,
            193.19315403422982
        ],
        [
            236.9090909090909,
            235.9659090909091,
            231.02272727272728
        ],
        [
            175.64444444444445,
            172.33333333333334,
            165.44444444444446
        ],
        [
            1.9405940594059388,
            3.2376237623762307,
            13.465346534653463
        ],
        [
            18.5151515151515,
            22.4040404040404,
            70.84848484848484
        ]
    ],
    "hex_colors": [
        "#4a4b5e",
        "#14151c",
        "#020429",
        "#7b7b85",
        "#242852",
        "#d2cdc1",
        "#ecebe7",
        "#afaca5",
        "#01030d",
        "#121646"
    ],
    "hsl_color_values": [
        [
            0.6537769784172663,
            0.21701795472287264,
            94.88888888888889
        ],
        [
            0.6334318069916298,
            0.3000886524822691,
            28.92307692307692
        ],
        [
            0.6560071727435743,
            0.9401517280134868,
            41.383720930232556
        ],
        [
            0.6749116607773852,
            0.07845855281397272,
            133.59259259259258
        ],
        [
            0.6503355704697986,
            0.5620520558279894,
            82.84375
        ],
        [
            0.120629287911048,
            0.08186054077921481,
            210.41809290953546
        ],
        [
            0.13996138996139007,
            0.024846508058326895,
            236.9090909090909
        ],
        [
            0.11256354393609302,
            0.05807186234817807,
            175.64444444444445
        ],
        [
            0.64790950744559,
            0.8558823529411765,
            13.465346534653463
        ],
        [
            0.6542816702052371,
            0.7386655260906759,
            70.84848484848484
        ]
    ]
}