{
    "rgb_colors": [
        [
            73.87671232876713,
            69.24657534246575,
            62.3013698630137
        ],
        [
            17.708333333333336,
            12.75,
            9.541666666666668
        ],
        [
            44.241610738255034,
            38.04697986577181,
            33.48322147651007
        ],
        [
            56.04651162790698,
            50.25581395348837,
            45.51162790697674
        ],
        [
            38.14529914529915,
            32.205128205128204,
            27.470085470085472
        ],
        [
            83.12307692307692,
            78.67692307692309,
            68.95384615384616
        ],
        [
            49.48039215686275,
            43.68627450980392,
            39.294117647058826
        ],
        [
            3.6761363636363633,
            0.4147727272727266,
            0.14772727272727337
        ],
        [
            65.11290322580645,
            60.20967741935483,
            54.096774193548384
        ],
        [
            26.945945945945944,
            22.56756756756757,
            19.135135135135137
        ]
    ],
    "hex_colors": [
        "#49453e",
        "#110c09",
        "#2c2621",
        "#38322d",
        "#26201b",
        "#534e44",
        "#312b27",
        "#030000",
        "#413c36",
        "#1a1613"
    ],
    "hsl_color_values": [
        [
            0.09999999999999987,
            0.1566845911366587,
            73.87671232876713
        ],
        [
            0.06547619047619045,
            0.4611764705882353,
            17.708333333333336
        ],
        [
            0.07070076939072568,
            0.2431735436893204,
            44.241610738255034
        ],
        [
            0.07505518763796908,
            0.18796680497925322,
            56.04651162790698
        ],
        [
            0.07392580731251663,
            0.27985659870042573,
            38.14529914529915
        ],
        [
            0.11436844010133924,
            0.1704608550805108,
            83.12307692307692
        ],
        [
            0.07186397176772535,
            0.20586487021993263,
            49.48039215686275
        ],
        [
            0.012614063338700965,
            0.9598145285935084,
            3.6761363636363633
        ],
        [
            0.09248413860419713,
            0.16918503839484766,
            65.11290322580645
        ],
        [
            0.0732410611303345,
            0.28986960882647933,
            26.945945945945944
        ]
    ]
}