{
    "rgb_colors": [
        [
            60.548611111111114,
            58.548611111111114,
            53.201388888888886
        ],
        [
            69.54545454545455,
            67.54545454545455,
            62.63636363636364
        ],
        [
            52.13333333333333,
            50.13333333333333,
            45.82222222222222
        ],
        [
            65.28985507246377,
            63.289855072463766,
            58.65217391304348
        ],
        [
            57.53804347826087,
            55.53804347826087,
            50.505434782608695
        ],
        [
            63.06666666666667,
            61.06666666666667,
            55.92
        ],
        [
            54.84297520661157,
            52.84297520661157,
            47.83471074380165
        ],
        [
            49.728155339805824,
            47.728155339805824,
            43.28155339805825
        ],
        [
            43.50704225352113,
            41.50704225352113,
            37.50704225352113
        ],
        [
            47.04504504504504,
            45.04504504504504,
            40.95495495495496
        ]
    ],
    "hex_colors": [
        "#3c3a35",
        "#45433e",
        "#34322d",
        "#413f3a",
        "#393732",
        "#3f3d37",
        "#36342f",
        "#312f2b",
        "#2b2925",
        "#2f2d28"
    ],
    "hsl_color_values": [
        [
            0.12129804662885953,
            0.12134419084757436,
            60.548611111111114
        ],
        [
            0.11842105263157893,
            0.09934640522875814,
            69.54545454545455
        ],
        [
            0.11384976525821595,
            0.12105711849957372,
            52.13333333333333
        ],
        [
            0.11644832605531295,
            0.10166481687014428,
            65.28985507246377
        ],
        [
            0.11926841834106129,
            0.12222537073769715,
            57.53804347826087
        ],
        [
            0.12002487562189057,
            0.11331923890063426,
            63.06666666666667
        ],
        [
            0.11910377358490566,
            0.12778782399035565,
            54.84297520661157
        ],
        [
            0.11495983935742972,
            0.12963686060132762,
            49.728155339805824
        ],
        [
            0.11111111111111112,
            0.13790870831984461,
            43.50704225352113
        ],
        [
            0.11193293885601574,
            0.12945231711987737,
            47.04504504504504
        ]
    ]
}