{
    "rgb_colors": [
        [
            69.2051282051282,
            1.5897435897435912,
            1.3333333333333357
        ],
        [
            158.3846153846154,
            81.53846153846155,
            80.46153846153847
        ],
        [
            109.59537572254335,
            28.034682080924856,
            27.54335260115607
        ],
        [
            82.46875,
            3.572916666666668,
            3.572916666666668
        ],
        [
            96.95555555555555,
            16.36111111111111,
            15.955555555555556
        ],
        [
            128.25531914893617,
            50.02127659574468,
            49.51063829787234
        ],
        [
            91.90526315789474,
            9.147368421052631,
            8.842105263157896
        ],
        [
            139.6086956521739,
            62.17391304347826,
            61.391304347826086
        ],
        [
            102.8,
            21.403636363636362,
            21.036363636363635
        ],
        [
            117.93975903614458,
            38.53012048192771,
            38.168674698795186
        ]
    ],
    "hex_colors": [
        "#450101",
        "#9e5150",
        "#6d1c1b",
        "#520303",
        "#60100f",
        "#803231",
        "#5b0908",
        "#8b3e3d",
        "#661515",
        "#752626"
    ],
    "hsl_color_values": [
        [
            0.0006296436217100854,
            0.9807336050389032,
            69.2051282051282
        ],
        [
            0.0023033892727871152,
            0.4919864011656144,
            158.3846153846154
        ],
        [
            0.0009980039920159574,
            0.748681434599156,
            109.59537572254335
        ],
        [
            0.0,
            0.9566755083996463,
            82.46875
        ],
        [
            0.0008344764517604167,
            0.8354343341737337,
            96.95555555555555
        ],
        [
            0.0010807889759524663,
            0.6139681486396815,
            128.25531914893617
        ],
        [
            0.0006125121446373671,
            0.9037910892223113,
            91.90526315789474
        ],
        [
            0.0016675931072817802,
            0.5602616007474306,
            139.6086956521739
        ],
        [
            0.0007486472463123691,
            0.795366112486735,
            102.8
        ],
        [
            0.0007551729346020145,
            0.6763714373276126,
            117.93975903614458
        ]
    ]
}