{
    "rgb_colors": [
        [
            178.32,
            162.32,
            127.34
        ],
        [
            156.325,
            140.325,
            105.4
        ],
        [
            165.98857142857142,
            149.98857142857142,
            115.02857142857142
        ],
        [
            172.40939597315437,
            156.40939597315437,
            121.41610738255034
        ],
        [
            169.04575163398692,
            153.04575163398692,
            118.09150326797386
        ],
        [
            159.11711711711712,
            143.11711711711712,
            108.12612612612612
        ],
        [
            184.35714285714286,
            168.35714285714286,
            133.35714285714286
        ],
        [
            148.22222222222223,
            132.22222222222223,
            97.25925925925927
        ],
        [
            162.42439024390245,
            146.42439024390245,
            111.44878048780488
        ],
        [
            152.93333333333334,
            136.93333333333334,
            101.98333333333333
        ]
    ],
    "hex_colors": [
        "#b2a27f",
        "#9c8c69",
        "#a59573",
        "#ac9c79",
        "#a99976",
        "#9f8f6c",
        "#b8a885",
        "#948461",
        "#a2926f",
        "#988865"
    ],
    "hsl_color_values": [
        [
            0.11435857198901529,
            0.2858905338716913,
            178.32
        ],
        [
            0.11430207821960398,
            0.32576363345594106,
            156.325
        ],
        [
            0.11433804290947147,
            0.3070090884053979,
            165.98857142857142
        ],
        [
            0.11437220321137143,
            0.2957686169177469,
            172.40939597315437
        ],
        [
            0.11433213613819053,
            0.30142282709557683,
            169.04575163398692
        ],
        [
            0.11436984687868079,
            0.3204620088325218,
            159.11711711711712
        ],
        [
            0.11437908496732026,
            0.27663696241766755,
            184.35714285714286
        ],
        [
            0.11434108527131782,
            0.34382808595702147,
            148.22222222222223
        ],
        [
            0.11435406698564594,
            0.31384208787578466,
            162.42439024390245
        ],
        [
            0.11432777232580964,
            0.333151700087184,
            152.93333333333334
        ]
    ]
}