{
    "rgb_colors": [
        [
            35.55223880597015,
            29.328358208955223,
            24.328358208955223
        ],
        [
            42.919642857142854,
            36.35714285714286,
            32.580357142857146
        ],
        [
            75.44660194174757,
            69.68932038834951,
            62.0
        ],
        [
            86.6,
            81.0125,
            71.0125
        ],
        [
            48.76966292134831,
            42.46629213483146,
            38.241573033707866
        ],
        [
            63.309859154929576,
            58.12676056338029,
            51.88732394366197
        ],
        [
            7.53125,
            4.53125,
            4.1875
        ],
        [
            21.55,
            19.259999999999998,
            17.68
        ],
        [
            15.094827586206897,
            12.99137931034483,
            12.24137931034483
        ],
        [
            54.92481203007519,
            48.97744360902256,
            44.5187969924812
        ]
    ],
    "hex_colors": [
        "#231d18",
        "#2a2420",
        "#4b453e",
        "#565147",
        "#302a26",
        "#3f3a33",
        "#070404",
        "#151311",
        "#0f0c0c",
        "#36302c"
    ],
    "hsl_color_values": [
        [
            0.07424645390070922,
            0.31570109151973136,
            35.55223880597015
        ],
        [
            0.06088082901554409,
            0.2408986894112751,
            42.919642857142854
        ],
        [
            0.09530685920577615,
            0.17822674044524514,
            75.44660194174757
        ],
        [
            0.10692328254477418,
            0.17999422632794448,
            86.6
        ],
        [
            0.06688011383849167,
            0.21587374726414005,
            48.76966292134831
        ],
        [
            0.09103986847513369,
            0.18042269187986656,
            63.309859154929576
        ],
        [
            0.017133956386292837,
            0.44398340248962653,
            7.53125
        ],
        [
            0.06804478897502143,
            0.1795823665893272,
            21.55
        ],
        [
            0.04380664652567978,
            0.18903483723586512,
            15.094827586206897
        ],
        [
            0.07141136801541431,
            0.18945927446954147,
            54.92481203007519
        ]
    ]
}