{
    "rgb_colors": [
        [
            75.82352941176471,
            70.82352941176471,
            65.82352941176471
        ],
        [
            67.67910447761194,
            62.32835820895522,
            57.32835820895522
        ],
        [
            63.5311004784689,
            58.047846889952154,
            53.047846889952154
        ],
        [
            61.57017543859649,
            56.026315789473685,
            51.026315789473685
        ],
        [
            69.41441441441441,
            63.96396396396396,
            58.96396396396396
        ],
        [
            72.0,
            66.925,
            61.925
        ],
        [
            59.08620689655172,
            53.827586206896555,
            48.827586206896555
        ],
        [
            66.49090909090908,
            61.0,
            56.0
        ],
        [
            65.3444976076555,
            59.655502392344495,
            54.655502392344495
        ],
        [
            80.2,
            75.2,
            70.2
        ]
    ],
    "hex_colors": [
        "#4b4641",
        "#433e39",
        "#3f3a35",
        "#3d3833",
        "#453f3a",
        "#48423d",
        "#3b3530",
        "#423d38",
        "#413b36",
        "#504b46"
    ],
    "hsl_color_values": [
        [
            0.08333333333333333,
            0.13188518231186966,
            75.82352941176471
        ],
        [
            0.08050949291035804,
            0.15293858198257806,
            67.67910447761194
        ],
        [
            0.07949186064202039,
            0.16500979063111915,
            63.5311004784689
        ],
        [
            0.0790349417637271,
            0.17124946573585983,
            61.57017543859649
        ],
        [
            0.07974137931034486,
            0.1505515898767034,
            69.41441441441441
        ],
        [
            0.08271298593879238,
            0.13993055555555559,
            72.0
        ],
        [
            0.08123249299719892,
            0.17362124306974022,
            59.08620689655172
        ],
        [
            0.0794338532640093,
            0.15777960076565484,
            66.49090909090908
        ],
        [
            0.07796180244703076,
            0.16357911693636962,
            65.3444976076555
        ],
        [
            0.08333333333333333,
            0.12468827930174563,
            80.2
        ]
    ]
}