{
    "rgb_colors": [
        [
            93.17213114754098,
            88.45081967213115,
            85.31967213114754
        ],
        [
            149.24719101123594,
            144.31460674157302,
            137.28089887640448
        ],
        [
            65.52027027027027,
            60.986486486486484,
            58.14189189189189
        ],
        [
            221.66666666666669,
            216.06666666666666,
            211.06666666666666
        ],
        [
            135.3936170212766,
            129.7872340425532,
            122.12765957446808
        ],
        [
            47.64,
            43.24,
            41.339999999999996
        ],
        [
            115.43333333333334,
            110.01111111111112,
            104.62222222222222
        ],
        [
            185.21052631578948,
            178.78947368421052,
            173.5263157894737
        ],
        [
            250.8125,
            246.375,
            242.3125
        ],
        [
            77.21030042918454,
            72.75965665236052,
            69.98712446351931
        ]
    ],
    "hex_colors": [
        "#5d5855",
        "#959089",
        "#413c3a",
        "#ddd8d3",
        "#87817a",
        "#2f2b29",
        "#736e68",
        "#b9b2ad",
        "#faf6f2",
        "#4d4845"
    ],
    "hsl_color_values": [
        [
            0.06645789839944327,
            0.08427905340019351,
            93.17213114754098
        ],
        [
            0.09796557120500778,
            0.08017767070691864,
            149.24719101123594
        ],
        [
            0.06425518925518924,
            0.11261214808703734,
            65.52027027027027
        ],
        [
            0.07861635220125769,
            0.047819548872180546,
            221.66666666666669
        ],
        [
            0.09623095429029664,
            0.097980671014379,
            135.3936170212766
        ],
        [
            0.05026455026455038,
            0.1322418136020152,
            47.64
        ],
        [
            0.08307639602603643,
            0.09365675233419968,
            115.43333333333334
        ],
        [
            0.07507507507507483,
            0.06308610400682006,
            185.21052631578948
        ],
        [
            0.07965686274509803,
            0.03388985796162472,
            250.8125
        ],
        [
            0.0639730639730642,
            0.09355197331851027,
            77.21030042918454
        ]
    ]
}