{
    "rgb_colors": [
        [
            135.97727272727272,
            85.06818181818181,
            81.68181818181817
        ],
        [
            193.80281690140845,
            185.57276995305165,
            175.69953051643193
        ],
        [
            188.66666666666666,
            157.33333333333334,
            150.58333333333334
        ],
        [
            227.79411764705884,
            211.97058823529412,
            202.02941176470588
        ],
        [
            81.1,
            22.299999999999983,
            23.299999999999983
        ],
        [
            198.88864142538975,
            190.4543429844098,
            180.88195991091314
        ],
        [
            117.76190476190476,
            54.5952380952381,
            53.380952380952394
        ],
        [
            163.1153846153846,
            115.15384615384616,
            111.69230769230768
        ],
        [
            150.79591836734693,
            99.0,
            95.53061224489797
        ],
        [
            208.6216216216216,
            198.72972972972974,
            189.57657657657657
        ]
    ],
    "hex_colors": [
        "#875551",
        "#c1b9af",
        "#bc9d96",
        "#e3d3ca",
        "#511617",
        "#c6beb4",
        "#753635",
        "#a3736f",
        "#96635f",
        "#d0c6bd"
    ],
    "hsl_color_values": [
        [
            0.010394865355099777,
            0.39929801103125523,
            135.97727272727272
        ],
        [
            0.09089730290456433,
            0.09341085271317823,
            193.80281690140845
        ],
        [
            0.029540481400437652,
            0.20185512367491157,
            188.66666666666666
        ],
        [
            0.06430745814307452,
            0.11310522918011626,
            227.79411764705884
        ],
        [
            0.9971655328798186,
            0.7250308261405674,
            81.1
        ],
        [
            0.08860028860028868,
            0.0905365001511741,
            198.88864142538975
        ],
        [
            0.003143491124260341,
            0.5467044076021026,
            117.76190476190476
        ],
        [
            0.011219147344801858,
            0.3152558358877624,
            163.1153846153846
        ],
        [
            0.01046282619399308,
            0.36649072946271477,
            150.79591836734693
        ],
        [
            0.08010091453800078,
            0.09128989074577881,
            208.6216216216216
        ]
    ]
}