{
    "rgb_colors": [
        [
            227.5,
            220.5,
            205.83333333333334
        ],
        [
            233.5,
            224.5,
            210.5
        ],
        [
            242.05050505050505,
            234.23232323232324,
            219.83838383838383
        ],
        [
            232.1060606060606,
            226.1060606060606,
            211.1060606060606
        ],
        [
            236.87292817679557,
            228.6685082872928,
            214.40331491712706
        ],
        [
            230.94,
            222.57,
            208.36
        ],
        [
            238.6883116883117,
            230.15584415584416,
            216.0
        ],
        [
            239.84666666666666,
            231.76666666666668,
            217.46
        ],
        [
            235.0,
            226.0,
            212.0
        ],
        [
            235.62962962962962,
            227.1851851851852,
            213.0
        ]
    ],
    "hex_colors": [
        "#e3dccd",
        "#e9e0d2",
        "#f2eadb",
        "#e8e2d3",
        "#ece4d6",
        "#e6ded0",
        "#eee6d8",
        "#efe7d9",
        "#ebe2d4",
        "#ebe3d5"
    ],
    "hsl_color_values": [
        [
            0.1128205128205128,
            0.09523809523809519,
            227.5
        ],
        [
            0.10144927536231885,
            0.09850107066381156,
            233.5
        ],
        [
            0.10800363801728063,
            0.09176647331302427,
            242.05050505050505
        ],
        [
            0.11904761904761905,
            0.09047587962660748,
            232.1060606060606
        ],
        [
            0.10581099909843457,
            0.0948593553202407,
            236.87292817679557
        ],
        [
            0.10488633008562143,
            0.09777431367454743,
            230.94
        ],
        [
            0.10398778858996376,
            0.0950541378747484,
            238.6883116883117
        ],
        [
            0.10651181258685734,
            0.09333741001195203,
            239.84666666666666
        ],
        [
            0.10144927536231885,
            0.09787234042553192,
            235.0
        ],
        [
            0.10447354064375351,
            0.09603898145237343,
            235.62962962962962
        ]
    ]
}