{
    "rgb_colors": [
        [
            69.94927536231884,
            64.52173913043478,
            59.52173913043478
        ],
        [
            57.09090909090909,
            51.72727272727273,
            46.72727272727273
        ],
        [
            65.35329341317365,
            59.64670658682635,
            54.64670658682635
        ],
        [
            74.03252032520325,
            68.8780487804878,
            63.8780487804878
        ],
        [
            63.42622950819672,
            57.5327868852459,
            52.5327868852459
        ],
        [
            61.16417910447761,
            55.25373134328358,
            50.25373134328358
        ],
        [
            71.76288659793815,
            66.5360824742268,
            61.5360824742268
        ],
        [
            67.70434782608696,
            61.91304347826087,
            56.91304347826087
        ],
        [
            77.0,
            71.96000000000001,
            66.96000000000001
        ],
        [
            79.73684210526315,
            74.73684210526315,
            69.73684210526315
        ]
    ],
    "hex_colors": [
        "#45403b",
        "#39332e",
        "#413b36",
        "#4a443f",
        "#3f3934",
        "#3d3732",
        "#47423d",
        "#433d38",
        "#4d4742",
        "#4f4a45"
    ],
    "hsl_color_values": [
        [
            0.07991660875608059,
            0.14907282710038336,
            69.94927536231884
        ],
        [
            0.08040935672514617,
            0.1815286624203822,
            57.09090909090909
        ],
        [
            0.07783370618941093,
            0.16382627817482123,
            65.35329341317365
        ],
        [
            0.0820656525220176,
            0.137162310564463,
            74.03252032520325
        ],
        [
            0.0764986205166792,
            0.17174980615146038,
            63.42622950819672
        ],
        [
            0.07637938896488829,
            0.17837969741337234,
            61.16417910447761
        ],
        [
            0.08148521505376338,
            0.14250826030742716,
            71.76288659793815
        ],
        [
            0.07722266988987371,
            0.15938864628820967,
            67.70434782608696
        ],
        [
            0.08300132802124842,
            0.13038961038961028,
            77.0
        ],
        [
            0.08333333333333333,
            0.12541254125412543,
            79.73684210526315
        ]
    ]
}