{
    "rgb_colors": [
        [
            63.774436090225564,
            48.390977443609025,
            31.49624060150376
        ],
        [
            80.67857142857143,
            64.83928571428571,
            47.857142857142854
        ],
        [
            66.86538461538461,
            51.40384615384615,
            34.53846153846154
        ],
        [
            99.4090909090909,
            83.68181818181819,
            66.68181818181819
        ],
        [
            76.18181818181819,
            60.578512396694215,
            43.603305785123965
        ],
        [
            53.91666666666667,
            39.0,
            22.0
        ],
        [
            87.1923076923077,
            71.57692307692308,
            54.63461538461539
        ],
        [
            69.65895953757226,
            54.213872832369944,
            37.27167630057804
        ],
        [
            60.22340425531915,
            45.138297872340424,
            28.170212765957448
        ],
        [
            72.76642335766424,
            57.1021897810219,
            40.160583941605836
        ]
    ],
    "hex_colors": [
        "#3f301f",
        "#50402f",
        "#423322",
        "#635342",
        "#4c3c2b",
        "#352716",
        "#574736",
        "#453625",
        "#3c2d1c",
        "#483928"
    ],
    "hsl_color_values": [
        [
            0.0872350337759143,
            0.5061306295684981,
            63.774436090225564
        ],
        [
            0.08623503808487483,
            0.4068171757414786,
            80.67857142857143
        ],
        [
            0.08695221098552448,
            0.48346275524877763,
            66.86538461538461
        ],
        [
            0.0865740740740741,
            0.3292181069958847,
            99.4090909090909
        ],
        [
            0.08684255031286996,
            0.4276415708396616,
            76.18181818181819
        ],
        [
            0.08877284595300261,
            0.5919629057187017,
            53.91666666666667
        ],
        [
            0.08672967119511717,
            0.3734009704455227,
            87.1923076923077
        ],
        [
            0.0871854363733714,
            0.46494066882416396,
            69.65895953757226
        ],
        [
            0.08822878637017367,
            0.5322381204734147,
            60.22340425531915
        ],
        [
            0.086598015073502,
            0.4480890761360217,
            72.76642335766424
        ]
    ]
}