{
    "rgb_colors": [
        [
            50.76315789473684,
            52.578947368421055,
            61.973684210526315
        ],
        [
            180.11111111111111,
            176.22222222222223,
            175.72222222222223
        ],
        [
            72.18095238095238,
            41.24285714285714,
            6.009523809523799
        ],
        [
            69.84821428571428,
            73.66071428571429,
            90.6875
        ],
        [
            17.733333333333334,
            5.433333333333323,
            7.811111111111103
        ],
        [
            55.92857142857143,
            26.255102040816325,
            2.91836734693878
        ],
        [
            253.29596412556054,
            252.60538116591928,
            248.0896860986547
        ],
        [
            123.4,
            116.73333333333333,
            117.4
        ],
        [
            85.13761467889908,
            53.908256880733944,
            17.798165137614674
        ],
        [
            104.28828828828829,
            73.41441441441441,
            32.85585585585586
        ]
    ],
    "hex_colors": [
        "#32343d",
        "#b4b0af",
        "#482906",
        "#45495a",
        "#110507",
        "#371a02",
        "#fdfcf8",
        "#7b7475",
        "#553511",
        "#684920"
    ],
    "hsl_color_values": [
        [
            0.6396713615023474,
            0.18089171974522292,
            61.973684210526315
        ],
        [
            0.018987341772151906,
            0.024367674275138786,
            180.11111111111111
        ],
        [
            0.08874256380733066,
            0.916743633724766,
            72.18095238095238
        ],
        [
            0.6361753784632961,
            0.22979226149453588,
            90.6875
        ],
        [
            0.9677807889190003,
            0.6936090225563916,
            17.733333333333334
        ],
        [
            0.07337183188963746,
            0.9478197409231891,
            55.92857142857143
        ],
        [
            0.1445592879701405,
            0.02055412941488893,
            253.29596412556054
        ],
        [
            0.9833333333333332,
            0.054024851431658596,
            123.4
        ],
        [
            0.0893732970027248,
            0.7909482758620691,
            85.13761467889908
        ],
        [
            0.09463152141926261,
            0.6849516240497581,
            104.28828828828829
        ]
    ]
}