{
    "rgb_colors": [
        [
            101.47692307692307,
            65.51794871794871,
            21.54358974358974
        ],
        [
            106.34558823529412,
            70.38970588235294,
            26.404411764705884
        ],
        [
            117.3953488372093,
            81.4186046511628,
            37.116279069767444
        ],
        [
            93.23684210526316,
            57.271929824561404,
            13.078947368421053
        ],
        [
            83.39240506329114,
            47.392405063291136,
            3.6582278481012658
        ],
        [
            76.25,
            40.25,
            0.15909090909091006
        ],
        [
            97.02366863905326,
            61.112426035502956,
            16.775147928994084
        ],
        [
            111.28571428571429,
            75.3076923076923,
            31.714285714285715
        ],
        [
            88.60344827586206,
            52.60344827586207,
            8.53448275862069
        ],
        [
            124.70270270270271,
            88.70270270270271,
            44.729729729729726
        ]
    ],
    "hex_colors": [
        "#654115",
        "#6a461a",
        "#755125",
        "#5d390d",
        "#532f03",
        "#4c2800",
        "#613d10",
        "#6f4b1f",
        "#583408",
        "#7c582c"
    ],
    "hsl_color_values": [
        [
            0.0916896559098394,
            0.7876996159288459,
            101.47692307692307
        ],
        [
            0.09170345842531273,
            0.7517112632233977,
            106.34558823529412
        ],
        [
            0.09197566628041716,
            0.6838351822503962,
            117.3953488372093
        ],
        [
            0.09188735682497993,
            0.8597233982500706,
            93.23684210526316
        ],
        [
            0.09141662697782717,
            0.9561323618700668,
            83.39240506329114
        ],
        [
            0.08781362007168458,
            0.9979135618479881,
            76.25
        ],
        [
            0.09208327188713561,
            0.8271025187534304,
            97.02366863905326
        ],
        [
            0.09130875109331123,
            0.7150192554557125,
            111.28571428571429
        ],
        [
            0.09173126614987082,
            0.903677758318739,
            88.60344827586206
        ],
        [
            0.09164132026585559,
            0.641309059384482,
            124.70270270270271
        ]
    ]
}