{
    "rgb_colors": [
        [
            140.67361111111111,
            129.40972222222223,
            114.14583333333333
        ],
        [
            54.44444444444444,
            42.0,
            27.933333333333337
        ],
        [
            7.273504273504258,
            1.3333333333333286,
            0.49572649572648686
        ],
        [
            183.24615384615385,
            171.87692307692308,
            154.6769230769231
        ],
        [
            113.63013698630137,
            98.9041095890411,
            84.20547945205479
        ],
        [
            30.366666666666674,
            19.366666666666674,
            7.099999999999994
        ],
        [
            168.42777777777778,
            157.36111111111111,
            141.02777777777777
        ],
        [
            156.78703703703704,
            146.05555555555554,
            131.05555555555554
        ],
        [
            99.41509433962264,
            85.01886792452831,
            68.74528301886792
        ],
        [
            76.4375,
            64.5625,
            51.458333333333336
        ]
    ],
    "hex_colors": [
        "#8c8172",
        "#362a1b",
        "#070100",
        "#b7ab9a",
        "#716254",
        "#1e1307",
        "#a89d8d",
        "#9c9283",
        "#635544",
        "#4c4033"
    ],
    "hsl_color_values": [
        [
            0.09589877835951138,
            0.18857678827072127,
            140.67361111111111
        ],
        [
            0.08843252305113158,
            0.486938775510204,
            54.44444444444444
        ],
        [
            0.020596889449348583,
            0.9318448883666286,
            7.273504273504258
        ],
        [
            0.10034105187578529,
            0.15590630509612957,
            183.24615384615385
        ],
        [
            0.08325574177529489,
            0.2589511754068716,
            113.63013698630137
        ],
        [
            0.08787010506208219,
            0.7661909989023054,
            30.366666666666674
        ],
        [
            0.0993511759935118,
            0.1626810040571297,
            168.42777777777778
        ],
        [
            0.0971572508096437,
            0.16411740388590335,
            156.78703703703704
        ],
        [
            0.088434327899108,
            0.30850256215600685,
            99.41509433962264
        ],
        [
            0.08743397275507366,
            0.326792041428182,
            76.4375
        ]
    ]
}