{
    "rgb_colors": [
        [
            241.0,
            235.0,
            220.0
        ],
        [
            237.4858757062147,
            231.4858757062147,
            216.4858757062147
        ],
        [
            233.1484375,
            227.1484375,
            212.1484375
        ],
        [
            243.48076923076923,
            237.48076923076923,
            222.48076923076923
        ],
        [
            235.6209677419355,
            229.6209677419355,
            214.6209677419355
        ],
        [
            230.3448275862069,
            224.3448275862069,
            209.3448275862069
        ],
        [
            246.05172413793105,
            240.05172413793105,
            225.05172413793105
        ],
        [
            242.0,
            236.0,
            221.0
        ],
        [
            240.0,
            234.0,
            219.0
        ],
        [
            239.0,
            233.0,
            218.0
        ]
    ],
    "hex_colors": [
        "#f1ebdc",
        "#ede7d8",
        "#e9e3d4",
        "#f3edde",
        "#ebe5d6",
        "#e6e0d1",
        "#f6f0e1",
        "#f2ecdd",
        "#f0eadb",
        "#efe9da"
    ],
    "hsl_color_values": [
        [
            0.11904761904761905,
            0.08713692946058091,
            241.0
        ],
        [
            0.11904761904761905,
            0.0884263114071607,
            237.4858757062147
        ],
        [
            0.11904761904761905,
            0.09007137352142881,
            233.1484375
        ],
        [
            0.11904761904761905,
            0.08624911144459363,
            243.48076923076923
        ],
        [
            0.11904761904761905,
            0.0891261936543793,
            235.6209677419355
        ],
        [
            0.11904761904761905,
            0.09116766467065869,
            230.3448275862069
        ],
        [
            0.11904761904761905,
            0.08534790834559595,
            246.05172413793105
        ],
        [
            0.11904761904761905,
            0.08677685950413223,
            242.0
        ],
        [
            0.11904761904761905,
            0.0875,
            240.0
        ],
        [
            0.11904761904761905,
            0.08786610878661087,
            239.0
        ]
    ]
}