{
    "rgb_colors": [
        [
            202.41549295774647,
            187.41549295774647,
            167.41549295774647
        ],
        [
            204.0,
            189.0,
            169.0
        ],
        [
            199.55752212389382,
            184.55752212389382,
            164.55752212389382
        ],
        [
            205.97413793103448,
            190.97413793103448,
            170.97413793103448
        ],
        [
            191.28571428571428,
            176.28571428571428,
            156.28571428571428
        ],
        [
            209.21759259259258,
            194.21759259259258,
            174.21759259259258
        ],
        [
            197.41463414634146,
            182.41463414634146,
            162.41463414634146
        ],
        [
            213.03333333333333,
            198.03333333333333,
            178.03333333333333
        ],
        [
            201.0,
            186.0,
            166.0
        ],
        [
            194.45833333333334,
            179.45833333333334,
            159.45833333333334
        ]
    ],
    "hex_colors": [
        "#cabba7",
        "#ccbda9",
        "#c7b8a4",
        "#cdbeaa",
        "#bfb09c",
        "#d1c2ae",
        "#c5b6a2",
        "#d5c6b2",
        "#c9baa6",
        "#c2b39f"
    ],
    "hsl_color_values": [
        [
            0.09523809523809523,
            0.1729116654489789,
            202.41549295774647
        ],
        [
            0.09523809523809523,
            0.1715686274509804,
            204.0
        ],
        [
            0.09523809523809523,
            0.1753880266075388,
            199.55752212389382
        ],
        [
            0.09523809523809523,
            0.16992424559494412,
            205.97413793103448
        ],
        [
            0.09523809523809523,
            0.18297236743838685,
            191.28571428571428
        ],
        [
            0.09523809523809523,
            0.16728994711336329,
            209.21759259259258
        ],
        [
            0.09523809523809523,
            0.1772918211020509,
            197.41463414634146
        ],
        [
            0.09523809523809523,
            0.16429353778751368,
            213.03333333333333
        ],
        [
            0.09523809523809523,
            0.17412935323383086,
            201.0
        ],
        [
            0.09523809523809523,
            0.1799871437754446,
            194.45833333333334
        ]
    ]
}