{
    "rgb_colors": [
        [
            123.15384615384616,
            113.15384615384616,
            103.15384615384616
        ],
        [
            139.06711409395973,
            129.0738255033557,
            119.11409395973155
        ],
        [
            136.4927536231884,
            126.52173913043478,
            116.55072463768116
        ],
        [
            149.7888888888889,
            139.7888888888889,
            129.7888888888889
        ],
        [
            130.88888888888889,
            120.97777777777777,
            110.84444444444445
        ],
        [
            141.50359712230215,
            131.5107913669065,
            121.53956834532374
        ],
        [
            134.1216216216216,
            124.17567567567568,
            114.12162162162161
        ],
        [
            152.9245283018868,
            142.9245283018868,
            132.9245283018868
        ],
        [
            144.02020202020202,
            134.02020202020202,
            124.02020202020202
        ],
        [
            146.89175257731958,
            136.89175257731958,
            126.92268041237114
        ]
    ],
    "hex_colors": [
        "#7b7167",
        "#8b8177",
        "#887e74",
        "#958b81",
        "#82786e",
        "#8d8379",
        "#867c72",
        "#988e84",
        "#90867c",
        "#92887e"
    ],
    "hsl_color_values": [
        [
            0.08333333333333333,
            0.1623985009369144,
            123.15384615384616
        ],
        [
            0.0831931830922748,
            0.14347763138844646,
            139.06711409395973
        ],
        [
            0.08333333333333333,
            0.14610320662561055,
            136.4927536231884
        ],
        [
            0.08333333333333333,
            0.1335212521326311,
            149.7888888888889
        ],
        [
            0.0842572062084257,
            0.15314091680814934,
            130.88888888888889
        ],
        [
            0.08324324324324338,
            0.1410849560221668,
            141.50359712230215
        ],
        [
            0.08378378378378386,
            0.14911838790931992,
            134.1216216216216
        ],
        [
            0.08333333333333333,
            0.13078346699568166,
            152.9245283018868
        ],
        [
            0.08333333333333333,
            0.13886940664889885,
            144.02020202020202
        ],
        [
            0.0832042677680261,
            0.13594413447029505,
            146.89175257731958
        ]
    ]
}