{
    "rgb_colors": [
        [
            94.54304635761589,
            66.54966887417218,
            38.5364238410596
        ],
        [
            104.16901408450704,
            76.16901408450704,
            48.16901408450704
        ],
        [
            92.52816901408451,
            64.52816901408451,
            36.528169014084504
        ],
        [
            101.45205479452055,
            73.45205479452055,
            45.42465753424658
        ],
        [
            98.89759036144578,
            70.89759036144578,
            42.897590361445786
        ],
        [
            96.51923076923077,
            68.52564102564102,
            40.5
        ],
        [
            91.0,
            63.0,
            35.0
        ],
        [
            109.04761904761905,
            81.04761904761905,
            53.04761904761905
        ],
        [
            89.28571428571429,
            61.285714285714285,
            33.285714285714285
        ],
        [
            85.66216216216216,
            57.68918918918919,
            29.68918918918919
        ]
    ],
    "hex_colors": [
        "#5e4226",
        "#684c30",
        "#5c4024",
        "#65492d",
        "#62462a",
        "#604428",
        "#5b3f23",
        "#6d5135",
        "#593d21",
        "#55391d"
    ],
    "hsl_color_values": [
        [
            0.0833628946434906,
            0.5923928271224432,
            94.54304635761589
        ],
        [
            0.08333333333333333,
            0.5375878853434289,
            104.16901408450704
        ],
        [
            0.08333333333333333,
            0.6052210974960043,
            92.52816901408451
        ],
        [
            0.08337408312958434,
            0.5522549284364029,
            101.45205479452055
        ],
        [
            0.08333333333333331,
            0.5662423098008161,
            98.89759036144578
        ],
        [
            0.08338101232025019,
            0.580394500896593,
            96.51923076923077
        ],
        [
            0.08333333333333333,
            0.6153846153846154,
            91.0
        ],
        [
            0.08333333333333333,
            0.5135371179039301,
            109.04761904761905
        ],
        [
            0.08333333333333331,
            0.6272000000000001,
            89.28571428571429
        ],
        [
            0.08337357154353775,
            0.6534153651995582,
            85.66216216216216
        ]
    ]
}