{
    "rgb_colors": [
        [
            37.44262295081967,
            30.278688524590162,
            26.62295081967213
        ],
        [
            74.97297297297297,
            63.21621621621622,
            49.02702702702703
        ],
        [
            80.66666666666666,
            70.33333333333333,
            56.666666666666664
        ],
        [
            35.3859649122807,
            26.385964912280702,
            19.368421052631582
        ],
        [
            66.52,
            52.519999999999996,
            36.61846153846154
        ],
        [
            62.74850299401198,
            48.49101796407186,
            32.48502994011976
        ],
        [
            45.375,
            34.66666666666667,
            24.958333333333336
        ],
        [
            70.86,
            56.99,
            41.755
        ],
        [
            43.90625,
            36.140625,
            33.125
        ],
        [
            57.8,
            44.3125,
            28.925
        ]
    ],
    "hex_colors": [
        "#251e1a",
        "#4a3f31",
        "#504638",
        "#231a13",
        "#423424",
        "#3e3020",
        "#2d2218",
        "#463829",
        "#2b2421",
        "#392c1c"
    ],
    "hsl_color_values": [
        [
            0.056313131313131315,
            0.2889667250437828,
            37.44262295081967
        ],
        [
            0.09114583333333333,
            0.34607065609228543,
            74.97297297297297
        ],
        [
            0.09490740740740743,
            0.29752066115702475,
            80.66666666666666
        ],
        [
            0.07301935012778386,
            0.4526524541398115,
            35.3859649122807
        ],
        [
            0.0886327776634424,
            0.44951200333040375,
            66.52
        ],
        [
            0.08814800158290463,
            0.4822979291917168,
            62.74850299401198
        ],
        [
            0.07925170068027214,
            0.44995408631772266,
            45.375
        ],
        [
            0.0872415965183531,
            0.4107394863110358,
            70.86
        ],
        [
            0.0466183574879227,
            0.24555160142348753,
            43.90625
        ],
        [
            0.08881673881673884,
            0.49956747404844287,
            57.8
        ]
    ]
}