{
    "rgb_colors": [
        [
            39.92307692307692,
            34.92307692307692,
            31.923076923076923
        ],
        [
            11.66304347826087,
            7.913043478260869,
            6.266304347826087
        ],
        [
            22.204545454545453,
            18.704545454545453,
            16.840909090909093
        ],
        [
            28.3,
            24.1,
            21.6
        ],
        [
            34.526315789473685,
            29.52631578947368,
            26.526315789473685
        ],
        [
            8.177777777777777,
            4.122222222222222,
            2.4222222222222216
        ],
        [
            15.145038167938932,
            11.50381679389313,
            9.786259541984732
        ],
        [
            45.285714285714285,
            40.285714285714285,
            37.285714285714285
        ],
        [
            17.715328467153284,
            14.686131386861314,
            13.364963503649635
        ],
        [
            3.056034482758621,
            0.6551724137931032,
            0.3232758620689653
        ]
    ],
    "hex_colors": [
        "#27221f",
        "#0b0706",
        "#161210",
        "#1c1815",
        "#221d1a",
        "#080402",
        "#0f0b09",
        "#2d2825",
        "#110e0d",
        "#030000"
    ],
    "hsl_color_values": [
        [
            0.062499999999999944,
            0.20038535645472055,
            39.92307692307692
        ],
        [
            0.05085599194360522,
            0.46272134203168686,
            11.66304347826087
        ],
        [
            0.05790960451977393,
            0.2415557830092117,
            22.204545454545453
        ],
        [
            0.062189054726368174,
            0.2367491166077738,
            28.3
        ],
        [
            0.062499999999999924,
            0.23170731707317072,
            34.526315789473685
        ],
        [
            0.04922779922779924,
            0.703804347826087,
            8.177777777777777
        ],
        [
            0.05341880341880343,
            0.35383064516129037,
            15.145038167938932
        ],
        [
            0.0625,
            0.17665615141955837,
            45.285714285714285
        ],
        [
            0.050615212527964214,
            0.24557066337041614,
            17.715328467153284
        ],
        [
            0.020241850683491047,
            0.8942172073342737,
            3.056034482758621
        ]
    ]
}