{
    "rgb_colors": [
        [
            234.0,
            228.0,
            211.0
        ],
        [
            228.65178571428572,
            222.65178571428572,
            205.65178571428572
        ],
        [
            239.87755102040816,
            233.87755102040816,
            216.87755102040816
        ],
        [
            231.0,
            225.0,
            208.0
        ],
        [
            236.81,
            230.81,
            213.81
        ],
        [
            232.0,
            226.0,
            209.0
        ],
        [
            235.0,
            229.0,
            212.0
        ],
        [
            226.3653846153846,
            220.3653846153846,
            203.3653846153846
        ],
        [
            230.0,
            224.0,
            207.0
        ],
        [
            233.0,
            227.0,
            210.0
        ]
    ],
    "hex_colors": [
        "#eae4d3",
        "#e4decd",
        "#efe9d8",
        "#e7e1d0",
        "#ece6d5",
        "#e8e2d1",
        "#ebe5d4",
        "#e2dccb",
        "#e6e0cf",
        "#e9e3d2"
    ],
    "hsl_color_values": [
        [
            0.12318840579710144,
            0.09829059829059829,
            234.0
        ],
        [
            0.12318840579710144,
            0.10058963645593345,
            228.65178571428572
        ],
        [
            0.12318840579710144,
            0.09588225285009358,
            239.87755102040816
        ],
        [
            0.12318840579710144,
            0.09956709956709957,
            231.0
        ],
        [
            0.12318840579710144,
            0.09712427684641696,
            236.81
        ],
        [
            0.12318840579710144,
            0.09913793103448276,
            232.0
        ],
        [
            0.12318840579710144,
            0.09787234042553192,
            235.0
        ],
        [
            0.12318840579710144,
            0.10160564098207459,
            226.3653846153846
        ],
        [
            0.12318840579710144,
            0.1,
            230.0
        ],
        [
            0.12318840579710144,
            0.09871244635193133,
            233.0
        ]
    ]
}