{
    "rgb_colors": [
        [
            212.84732824427482,
            198.9236641221374,
            179.08396946564886
        ],
        [
            215.10833333333332,
            201.375,
            181.775
        ],
        [
            216.48529411764707,
            203.0441176470588,
            183.8235294117647
        ],
        [
            226.30769230769232,
            213.2967032967033,
            194.75824175824175
        ],
        [
            222.37062937062936,
            208.93006993006992,
            189.86713286713288
        ],
        [
            230.12765957446808,
            217.10638297872342,
            198.53191489361703
        ],
        [
            218.16129032258064,
            204.44086021505376,
            184.94623655913978
        ],
        [
            224.11363636363637,
            211.11363636363637,
            192.3409090909091
        ],
        [
            219.87755102040816,
            206.48979591836735,
            187.47619047619048
        ],
        [
            209.1875,
            195.3125,
            175.4375
        ]
    ],
    "hex_colors": [
        "#d4c6b3",
        "#d7c9b5",
        "#d8cbb7",
        "#e2d5c2",
        "#ded0bd",
        "#e6d9c6",
        "#daccb8",
        "#e0d3c0",
        "#dbcebb",
        "#d1c3af"
    ],
    "hsl_color_values": [
        [
            0.09793503655136031,
            0.15862712046766847,
            212.84732824427482
        ],
        [
            0.09800000000000003,
            0.15496067872777275,
            215.10833333333332
        ],
        [
            0.09807894341888031,
            0.15087290265606965,
            216.48529411764707
        ],
        [
            0.09793335655404618,
            0.1394095367582792,
            226.30769230769232
        ],
        [
            0.09774813539873776,
            0.14616811849429218,
            222.37062937062936
        ],
        [
            0.09797979797979804,
            0.13729659763313606,
            230.12765957446808
        ],
        [
            0.0978202222941621,
            0.15224998767805217,
            218.16129032258064
        ],
        [
            0.09847401049117788,
            0.1417706114998479,
            224.11363636363637
        ],
        [
            0.09780250542375253,
            0.14736093063548045,
            219.87755102040816
        ],
        [
            0.09814814814814815,
            0.1613385121003884,
            209.1875
        ]
    ]
}