{
    "rgb_colors": [
        [
            204.36842105263156,
            199.57894736842104,
            200.15789473684208
        ],
        [
            73.37552742616035,
            45.22362869198312,
            17.84810126582279
        ],
        [
            234.9090909090909,
            231.0909090909091,
            232.27272727272728
        ],
        [
            15.449541284403665,
            3.7431192660550465,
            5.834862385321102
        ],
        [
            45.0,
            22.66666666666667,
            5.772727272727266
        ],
        [
            254.4950980392157,
            253.62745098039215,
            251.0441176470588
        ],
        [
            46.114285714285714,
            45.2,
            57.48571428571429
        ],
        [
            64.824,
            37.256,
            10.608000000000004
        ],
        [
            147.11111111111111,
            143.61111111111111,
            145.61111111111111
        ],
        [
            66.425,
            69.42,
            87.92
        ]
    ],
    "hex_colors": [
        "#ccc7c8",
        "#492d11",
        "#eae7e8",
        "#0f0305",
        "#2d1605",
        "#fefdfb",
        "#2e2d39",
        "#40250a",
        "#938f91",
        "#424557"
    ],
    "hsl_color_values": [
        [
            0.9798534798534803,
            0.023435488024723124,
            204.36842105263156
        ],
        [
            0.08216818642350555,
            0.7567567567567567,
            73.37552742616035
        ],
        [
            0.9484126984126982,
            0.016253869969040227,
            234.9090909090909
        ],
        [
            0.9702194357366771,
            0.7577197149643704,
            15.449541284403665
        ],
        [
            0.07177803527745595,
            0.8717171717171719,
            45.0
        ],
        [
            0.12476325757575746,
            0.013560105553094426,
            254.4950980392157
        ],
        [
            0.6790697674418604,
            0.2137176938369781,
            57.48571428571429
        ],
        [
            0.08191923663371208,
            0.8363569048500554,
            64.824
        ],
        [
            0.9047619047619048,
            0.02379154078549849,
            147.11111111111111
        ],
        [
            0.6434442118322089,
            0.24448362147406738,
            87.92
        ]
    ]
}