{
    "rgb_colors": [
        [
            235.5544041450777,
            229.5544041450777,
            214.5544041450777
        ],
        [
            234.0,
            228.0,
            213.0
        ],
        [
            232.39622641509433,
            226.39622641509433,
            211.39622641509433
        ],
        [
            242.7872340425532,
            236.7872340425532,
            221.7872340425532
        ],
        [
            239.0,
            233.0,
            218.0
        ],
        [
            238.0,
            232.0,
            217.0
        ],
        [
            237.0,
            231.0,
            216.0
        ],
        [
            229.3684210526316,
            223.3684210526316,
            208.3684210526316
        ],
        [
            241.0,
            235.0,
            220.0
        ],
        [
            240.0,
            234.0,
            219.0
        ]
    ],
    "hex_colors": [
        "#ebe5d6",
        "#eae4d5",
        "#e8e2d3",
        "#f2ecdd",
        "#efe9da",
        "#eee8d9",
        "#ede7d8",
        "#e5dfd0",
        "#f1ebdc",
        "#f0eadb"
    ],
    "hsl_color_values": [
        [
            0.11904761904761905,
            0.08915137917381549,
            235.5544041450777
        ],
        [
            0.11904761904761905,
            0.08974358974358974,
            234.0
        ],
        [
            0.11904761904761905,
            0.0903629130470082,
            232.39622641509433
        ],
        [
            0.11904761904761905,
            0.08649548681097187,
            242.7872340425532
        ],
        [
            0.11904761904761905,
            0.08786610878661087,
            239.0
        ],
        [
            0.11904761904761905,
            0.08823529411764706,
            238.0
        ],
        [
            0.11904761904761905,
            0.08860759493670886,
            237.0
        ],
        [
            0.11904761904761905,
            0.09155575952271684,
            229.3684210526316
        ],
        [
            0.11904761904761905,
            0.08713692946058091,
            241.0
        ],
        [
            0.11904761904761905,
            0.0875,
            240.0
        ]
    ]
}