{
    "rgb_colors": [
        [
            149.84761904761905,
            142.6095238095238,
            134.55238095238096
        ],
        [
            186.8252427184466,
            179.8640776699029,
            171.95145631067962
        ],
        [
            121.76923076923077,
            113.7948717948718,
            106.6923076923077
        ],
        [
            169.1095406360424,
            163.14134275618375,
            154.4946996466431
        ],
        [
            36.39999999999999,
            25.19999999999999,
            22.799999999999997
        ],
        [
            161.68382352941177,
            155.5625,
            146.8639705882353
        ],
        [
            176.82781456953643,
            170.57615894039736,
            162.28476821192052
        ],
        [
            56.53846153846153,
            45.30769230769231,
            43.076923076923066
        ],
        [
            94.52941176470588,
            84.47058823529412,
            78.88235294117646
        ],
        [
            7.138888888888886,
            0.6388888888888857,
            0.5555555555555713
        ]
    ],
    "hex_colors": [
        "#958e86",
        "#bab3ab",
        "#79716a",
        "#a9a39a",
        "#241916",
        "#a19b92",
        "#b0aaa2",
        "#382d2b",
        "#5e544e",
        "#070000"
    ],
    "hsl_color_values": [
        [
            0.08779576587795761,
            0.10207194610397861,
            149.84761904761905
        ],
        [
            0.08866405570060927,
            0.07961336589928796,
            186.8252427184466
        ],
        [
            0.07851473922902492,
            0.12381554011370817,
            121.76923076923077
        ],
        [
            0.09860573823339784,
            0.08642233273433902,
            169.1095406360424
        ],
        [
            0.029411764705882266,
            0.3736263736263736,
            36.39999999999999
        ],
        [
            0.09782518812536171,
            0.09165946609668467,
            161.68382352941177
        ],
        [
            0.09502125075895583,
            0.08224411070746421,
            176.82781456953643
        ],
        [
            0.027619047619047727,
            0.23809523809523822,
            56.53846153846153
        ],
        [
            0.059523809523809555,
            0.16552582451773498,
            94.52941176470588
        ],
        [
            0.002109704641349741,
            0.922178988326846,
            7.138888888888886
        ]
    ]
}