{
    "rgb_colors": [
        [
            237.66086956521738,
            231.34782608695653,
            214.45217391304348
        ],
        [
            239.77884615384616,
            233.51923076923077,
            216.60576923076923
        ],
        [
            228.2937062937063,
            222.12587412587413,
            205.1818181818182
        ],
        [
            234.59230769230768,
            228.45384615384614,
            211.5
        ],
        [
            243.2173913043478,
            235.52173913043478,
            219.08695652173913
        ],
        [
            233.2479338842975,
            226.70247933884298,
            209.88429752066116
        ],
        [
            231.60098522167488,
            225.48275862068965,
            208.52216748768473
        ],
        [
            230.32926829268294,
            223.67073170731706,
            206.890243902439
        ],
        [
            236.15584415584416,
            229.88311688311688,
            212.97402597402598
        ],
        [
            225.26923076923077,
            219.15384615384616,
            202.19230769230768
        ]
    ],
    "hex_colors": [
        "#ede7d6",
        "#efe9d8",
        "#e4decd",
        "#eae4d3",
        "#f3ebdb",
        "#e9e2d1",
        "#e7e1d0",
        "#e6dfce",
        "#ece5d4",
        "#e1dbca"
    ],
    "hsl_color_values": [
        [
            0.12133133508180353,
            0.09765467783835201,
            237.66086956521738
        ],
        [
            0.12164591977869987,
            0.09664354172514741,
            239.77884615384616
        ],
        [
            0.12218860312657594,
            0.10123751761318382,
            228.2937062937063
        ],
        [
            0.1223628691983122,
            0.0984359117290225,
            234.59230769230768
        ],
        [
            0.11351351351351358,
            0.09921344297461564,
            243.2173913043478
        ],
        [
            0.11997405966277568,
            0.1001665308436381,
            233.2479338842975
        ],
        [
            0.12248310209889718,
            0.09964904817611402,
            231.60098522167488
        ],
        [
            0.11932015261879973,
            0.10176311748821952,
            230.32926829268294
        ],
        [
            0.12156862745098035,
            0.0981632204135504,
            236.15584415584416
        ],
        [
            0.12250000000000005,
            0.10244152296397481,
            225.26923076923077
        ]
    ]
}