{
    "rgb_colors": [
        [
            115.10059171597634,
            107.50887573964496,
            97.65680473372781
        ],
        [
            80.04347826086956,
            72.1086956521739,
            63.19565217391305
        ],
        [
            158.8,
            145.92727272727274,
            130.98181818181817
        ],
        [
            56.23863636363636,
            46.84090909090909,
            35.70454545454545
        ],
        [
            32.54123711340206,
            24.443298969072167,
            18.711340206185568
        ],
        [
            126.23076923076923,
            117.6923076923077,
            108.46153846153845
        ],
        [
            15.058333333333337,
            7.224999999999994,
            3.50833333333334
        ],
        [
            105.10619469026548,
            97.29203539823008,
            88.26548672566372
        ],
        [
            139.2280701754386,
            129.89473684210526,
            119.15789473684211
        ],
        [
            175.30769230769232,
            163.34615384615387,
            147.5
        ]
    ],
    "hex_colors": [
        "#736b61",
        "#50483f",
        "#9e9182",
        "#382e23",
        "#201812",
        "#7e756c",
        "#0f0703",
        "#696158",
        "#8b8177",
        "#afa393"
    ],
    "hsl_color_values": [
        [
            0.09413161465400262,
            0.1515525395846186,
            115.10059171597634
        ],
        [
            0.08817204301075261,
            0.21048343291689292,
            80.04347826086956
        ],
        [
            0.08954248366013078,
            0.17517746736890327,
            158.8
        ],
        [
            0.09038922707987461,
            0.3651242675287937,
            56.23863636363636
        ],
        [
            0.06907690396322526,
            0.42499603991763024,
            32.54123711340206
        ],
        [
            0.08658008658008665,
            0.1407678244972578,
            126.23076923076923
        ],
        [
            0.053631553631553475,
            0.7670171555063637,
            15.058333333333337
        ],
        [
            0.0893326326852338,
            0.16022564620695456,
            105.10619469026548
        ],
        [
            0.0891608391608391,
            0.14415322580645162,
            139.2280701754386
        ],
        [
            0.09497464269248511,
            0.15862220272049152,
            175.30769230769232
        ]
    ]
}