{
    "rgb_colors": [
        [
            215.3939393939394,
            205.3939393939394,
            186.57575757575756
        ],
        [
            199.73529411764707,
            189.7941176470588,
            170.8235294117647
        ],
        [
            187.7,
            177.8,
            158.8
        ],
        [
            229.06829268292682,
            220.70731707317074,
            201.7951219512195
        ],
        [
            236.59223300970874,
            228.29126213592232,
            209.35436893203882
        ],
        [
            194.96774193548387,
            185.09677419354838,
            166.2258064516129
        ],
        [
            205.4390243902439,
            195.53658536585365,
            176.5609756097561
        ],
        [
            232.59032258064516,
            224.26774193548388,
            205.3709677419355
        ],
        [
            224.85333333333332,
            215.76,
            197.08
        ],
        [
            242.08695652173913,
            233.5072463768116,
            214.63768115942028
        ]
    ],
    "hex_colors": [
        "#d7cdba",
        "#c7bdaa",
        "#bbb19e",
        "#e5dcc9",
        "#ece4d1",
        "#c2b9a6",
        "#cdc3b0",
        "#e8e0cd",
        "#e0d7c5",
        "#f2e9d6"
    ],
    "hsl_color_values": [
        [
            0.10883280757097796,
            0.13379290939786168,
            215.3939393939394
        ],
        [
            0.10935910478128169,
            0.14475040494772504,
            199.73529411764707
        ],
        [
            0.10957324106113042,
            0.15396909962706434,
            187.7
        ],
        [
            0.11557264651523291,
            0.11906130880129479,
            229.06829268292682
        ],
        [
            0.11587358165508227,
            0.11512577454963277,
            236.59223300970874
        ],
        [
            0.10942760942760943,
            0.14741892786234287,
            194.96774193548387
        ],
        [
            0.10951576576576576,
            0.14056749376706634,
            205.4390243902439
        ],
        [
            0.11570672355218463,
            0.1170270307754185,
            232.59032258064516
        ],
        [
            0.1120979356697071,
            0.12351755218216309,
            224.85333333333332
        ],
        [
            0.1145723336853221,
            0.11338601532567051,
            242.08695652173913
        ]
    ]
}