{
    "rgb_colors": [
        [
            219.56,
            205.56,
            185.56
        ],
        [
            215.09139784946237,
            201.09139784946237,
            181.09139784946237
        ],
        [
            223.4392523364486,
            209.4392523364486,
            189.4392523364486
        ],
        [
            217.51677852348993,
            203.51677852348993,
            183.51677852348993
        ],
        [
            228.2173913043478,
            214.2173913043478,
            194.2173913043478
        ],
        [
            206.15384615384616,
            192.15384615384616,
            172.15384615384616
        ],
        [
            225.46296296296296,
            211.46296296296296,
            191.46296296296296
        ],
        [
            221.51020408163265,
            207.51020408163265,
            187.51020408163265
        ],
        [
            209.43396226415095,
            195.43396226415095,
            175.43396226415095
        ],
        [
            212.18487394957984,
            198.18487394957984,
            178.18487394957984
        ]
    ],
    "hex_colors": [
        "#dbcdb9",
        "#d7c9b5",
        "#dfd1bd",
        "#d9cbb7",
        "#e4d6c2",
        "#cec0ac",
        "#e1d3bf",
        "#ddcfbb",
        "#d1c3af",
        "#d4c6b2"
    ],
    "hsl_color_values": [
        [
            0.09803921568627451,
            0.15485516487520495,
            219.56
        ],
        [
            0.09803921568627451,
            0.15807233734096532,
            215.09139784946237
        ],
        [
            0.09803921568627451,
            0.15216663878199765,
            223.4392523364486
        ],
        [
            0.09803921568627451,
            0.15630978093181117,
            217.51677852348993
        ],
        [
            0.09803921568627451,
            0.1489807582396647,
            228.2173913043478
        ],
        [
            0.09803921568627451,
            0.16492537313432834,
            206.15384615384616
        ],
        [
            0.09803921568627451,
            0.15080082135523615,
            225.46296296296296
        ],
        [
            0.09803921568627451,
            0.1534918002579694,
            221.51020408163265
        ],
        [
            0.09803921568627451,
            0.16234234234234235,
            209.43396226415095
        ],
        [
            0.09803921568627451,
            0.16023762376237624,
            212.18487394957984
        ]
    ]
}