{
    "rgb_colors": [
        [
            93.95049504950495,
            65.93069306930693,
            41.366336633663366
        ],
        [
            149.0879120879121,
            79.7032967032967,
            28.5970695970696
        ],
        [
            130.88888888888889,
            84.33333333333333,
            49.361111111111114
        ],
        [
            107.9090909090909,
            79.81818181818181,
            55.31818181818182
        ],
        [
            16.76056338028168,
            1.4366197183098564,
            1.154929577464788
        ],
        [
            164.04123711340208,
            91.39175257731958,
            38.98969072164948
        ],
        [
            46.82539682539683,
            20.904761904761905,
            4.031746031746032
        ],
        [
            77.65789473684211,
            51.15789473684211,
            28.289473684210527
        ],
        [
            65.15517241379311,
            38.41379310344828,
            15.224137931034482
        ],
        [
            134.03571428571428,
            73.88392857142857,
            28.169642857142858
        ]
    ],
    "hex_colors": [
        "#5d4129",
        "#954f1c",
        "#825431",
        "#6b4f37",
        "#100101",
        "#a45b26",
        "#2e1404",
        "#4d331c",
        "#41260f",
        "#86491c"
    ],
    "hsl_color_values": [
        [
            0.07785727734889851,
            0.5597007060807251,
            93.95049504950495
        ],
        [
            0.07069171682779025,
            0.8081865310434633,
            149.0879120879121
        ],
        [
            0.07149346961953434,
            0.6228777589134126,
            130.88888888888889
        ],
        [
            0.07764333045231919,
            0.487363100252738,
            107.9090909090909
        ],
        [
            0.0030084235860409017,
            0.9310924369747899,
            16.76056338028168
        ],
        [
            0.06984061555372352,
            0.7623177476118653,
            164.04123711340208
        ],
        [
            0.06571463897131552,
            0.9138983050847458,
            46.82539682539683
        ],
        [
            0.07720326936744848,
            0.6357167062012877,
            77.65789473684211
        ],
        [
            0.07740561694290976,
            0.7663403016671078,
            65.15517241379311
        ],
        [
            0.07196873857917967,
            0.7898347988276045,
            134.03571428571428
        ]
    ]
}