{
    "rgb_colors": [
        [
            73.30851063829788,
            58.797872340425535,
            43.351063829787236
        ],
        [
            62.691428571428574,
            48.417142857142856,
            31.44
        ],
        [
            83.8,
            69.5,
            54.05
        ],
        [
            64.48780487804878,
            50.2520325203252,
            34.27642276422764
        ],
        [
            56.140845070422536,
            41.929577464788736,
            24.718309859154928
        ],
        [
            69.83333333333333,
            55.31944444444444,
            39.513888888888886
        ],
        [
            92.2,
            78.6,
            63.2
        ],
        [
            66.93589743589743,
            52.544871794871796,
            36.032051282051285
        ],
        [
            76.96000000000001,
            62.82,
            47.24
        ],
        [
            59.844086021505376,
            45.74731182795699,
            28.688172043010752
        ]
    ],
    "hex_colors": [
        "#493a2b",
        "#3e301f",
        "#534536",
        "#403222",
        "#382918",
        "#453727",
        "#5c4e3f",
        "#423424",
        "#4c3e2f",
        "#3b2d1c"
    ],
    "hsl_color_values": [
        [
            0.0859375,
            0.40864896241474385,
            73.30851063829788
        ],
        [
            0.09054062290485766,
            0.49849603500136724,
            62.691428571428574
        ],
        [
            0.08655462184873952,
            0.35501193317422436,
            83.8
        ],
        [
            0.08813240043057051,
            0.46848209783156836,
            64.48780487804878
        ],
        [
            0.09128940684297028,
            0.5597089814350226,
            56.140845070422536
        ],
        [
            0.08688349366315469,
            0.4341686555290374,
            69.83333333333333
        ],
        [
            0.08850574712643673,
            0.3145336225596529,
            92.2
        ],
        [
            0.08905482956509715,
            0.4616931622294579,
            66.93589743589743
        ],
        [
            0.08737101839389859,
            0.3861746361746362,
            76.96000000000001
        ],
        [
            0.09125683060109291,
            0.5206180936124337,
            59.844086021505376
        ]
    ]
}