{
    "rgb_colors": [
        [
            140.9748743718593,
            85.39698492462311,
            82.85929648241206
        ],
        [
            223.6222222222222,
            207.53333333333333,
            199.52222222222224
        ],
        [
            130.8108108108108,
            73.18243243243242,
            70.19594594594594
        ],
        [
            150.5530303030303,
            97.06818181818181,
            95.54545454545455
        ],
        [
            190.3846153846154,
            154.0769230769231,
            149.76923076923077
        ],
        [
            119.53333333333333,
            50.144444444444446,
            51.544444444444444
        ],
        [
            241.7017543859649,
            219.859649122807,
            213.24561403508773
        ],
        [
            91.89795918367346,
            27.551020408163268,
            37.06122448979592
        ],
        [
            207.68,
            191.7866666666667,
            183.29333333333335
        ],
        [
            165.6764705882353,
            116.86764705882354,
            115.29411764705883
        ]
    ],
    "hex_colors": [
        "#8c5552",
        "#dfcfc7",
        "#824946",
        "#96615f",
        "#be9a95",
        "#773233",
        "#f1dbd5",
        "#5b1b25",
        "#cfbfb7",
        "#a57473"
    ],
    "hsl_color_values": [
        [
            0.007277705721285462,
            0.41224067869109576,
            140.9748743718593
        ],
        [
            0.055401874903949544,
            0.107771042432674,
            223.6222222222222
        ],
        [
            0.008211644929959497,
            0.46337809917355377,
            130.8108108108108
        ],
        [
            0.004613689574438769,
            0.36537010013586274,
            150.5530303030303
        ],
        [
            0.017676767676767735,
            0.21333333333333332,
            190.3846153846154
        ],
        [
            0.9966373098478782,
            0.580498233872467,
            119.53333333333333
        ],
        [
            0.038738183312782525,
            0.11773245263845533,
            241.7017543859649
        ],
        [
            0.975367374986785,
            0.7001998667554963,
            91.89795918367346
        ],
        [
            0.058046291233825466,
            0.11742424242424238,
            207.68
        ],
        [
            0.00520529285853281,
            0.3041008343688976,
            165.6764705882353
        ]
    ]
}