{
    "rgb_colors": [
        [
            113.70588235294117,
            75.125,
            27.272058823529413
        ],
        [
            150.25301204819277,
            116.97590361445783,
            77.25301204819277
        ],
        [
            136.68027210884352,
            97.12244897959184,
            47.585034013605444
        ],
        [
            90.07317073170731,
            51.86585365853659,
            4.597560975609753
        ],
        [
            146.57954545454547,
            106.70454545454545,
            56.29545454545455
        ],
        [
            103.41954022988506,
            63.93103448275862,
            15.402298850574713
        ],
        [
            160.92307692307693,
            127.67692307692309,
            87.80000000000001
        ],
        [
            120.33333333333333,
            88.19047619047619,
            48.54761904761905
        ],
        [
            127.32539682539682,
            87.53968253968254,
            38.25396825396825
        ],
        [
            138.01234567901236,
            105.72839506172839,
            66.25925925925927
        ]
    ],
    "hex_colors": [
        "#714b1b",
        "#96744d",
        "#88612f",
        "#5a3304",
        "#926a38",
        "#673f0f",
        "#a07f57",
        "#785830",
        "#7f5726",
        "#8a6942"
    ],
    "hsl_color_values": [
        [
            0.09227279171983553,
            0.7601526125193999,
            113.70588235294117
        ],
        [
            0.09069153325631292,
            0.48584716542378314,
            150.25301204819277
        ],
        [
            0.09266753200478482,
            0.651851483177384,
            136.68027210884352
        ],
        [
            0.09216721358253677,
            0.9489574871378283,
            90.07317073170731
        ],
        [
            0.09305642962030625,
            0.615939220094581,
            146.57954545454547
        ],
        [
            0.091892480139297,
            0.8510697415948875,
            103.41954022988506
        ],
        [
            0.09088996423311592,
            0.45439770554493303,
            160.92307692307693
        ],
        [
            0.09203980099502489,
            0.5965571824297585,
            120.33333333333333
        ],
        [
            0.0922213311948677,
            0.6995574393816618,
            127.32539682539682
        ],
        [
            0.09167813718742827,
            0.5199033902853565,
            138.01234567901236
        ]
    ]
}