{
    "rgb_colors": [
        [
            106.96774193548387,
            76.96774193548387,
            45.96774193548387
        ],
        [
            102.5,
            72.5,
            41.5
        ],
        [
            96.79710144927536,
            66.79710144927536,
            35.79710144927536
        ],
        [
            111.41666666666667,
            81.41666666666667,
            50.416666666666664
        ],
        [
            92.8125,
            62.8125,
            31.8125
        ],
        [
            100.12269938650307,
            70.12269938650307,
            39.122699386503065
        ],
        [
            109.40963855421687,
            79.40963855421687,
            48.40963855421687
        ],
        [
            113.71739130434783,
            83.71739130434783,
            52.71739130434783
        ],
        [
            104.54054054054055,
            74.54054054054055,
            43.54054054054054
        ],
        [
            117.11111111111111,
            87.11111111111111,
            56.111111111111114
        ]
    ],
    "hex_colors": [
        "#6a4c2d",
        "#664829",
        "#604223",
        "#6f5132",
        "#5c3e1f",
        "#644627",
        "#6d4f30",
        "#715334",
        "#684a2b",
        "#755738"
    ],
    "hsl_color_values": [
        [
            0.08469945355191257,
            0.5702653799758746,
            106.96774193548387
        ],
        [
            0.08469945355191257,
            0.5951219512195122,
            102.5
        ],
        [
            0.08469945355191257,
            0.6301841593052853,
            96.79710144927536
        ],
        [
            0.08469945355191259,
            0.5474943904263276,
            111.41666666666667
        ],
        [
            0.08469945355191257,
            0.6572390572390573,
            92.8125
        ],
        [
            0.08469945355191259,
            0.6092524509803922,
            100.12269938650307
        ],
        [
            0.08469945355191257,
            0.5575377161105605,
            109.40963855421687
        ],
        [
            0.08469945355191257,
            0.5364175109921621,
            113.71739130434783
        ],
        [
            0.08469945355191259,
            0.5835056876938987,
            104.54054054054055
        ],
        [
            0.08469945355191257,
            0.5208728652751423,
            117.11111111111111
        ]
    ]
}