{
    "rgb_colors": [
        [
            228.02797202797203,
            218.86713286713288,
            200.44755244755245
        ],
        [
            233.5974025974026,
            224.4025974025974,
            206.0
        ],
        [
            224.64444444444445,
            215.35555555555555,
            197.0
        ],
        [
            237.98,
            229.26,
            210.62
        ],
        [
            230.12962962962962,
            221.03086419753086,
            202.58024691358025
        ],
        [
            226.1818181818182,
            216.96363636363637,
            198.57272727272726
        ],
        [
            235.30065359477123,
            226.37254901960785,
            207.83660130718954
        ],
        [
            219.9047619047619,
            210.47619047619048,
            192.1904761904762
        ],
        [
            232.02185792349727,
            223.0601092896175,
            204.54098360655738
        ],
        [
            222.8125,
            213.4625,
            195.1375
        ]
    ],
    "hex_colors": [
        "#e4dac8",
        "#e9e0ce",
        "#e0d7c5",
        "#ede5d2",
        "#e6ddca",
        "#e2d8c6",
        "#ebe2cf",
        "#dbd2c0",
        "#e8dfcc",
        "#ded5c3"
    ],
    "hsl_color_values": [
        [
            0.11130831643002037,
            0.1209519136408243,
            228.02797202797203
        ],
        [
            0.11113725490196069,
            0.11814087952410077,
            233.5974025974026
        ],
        [
            0.11066452304394425,
            0.12305866059946582,
            224.64444444444445
        ],
        [
            0.11354775828460036,
            0.11496764433986044,
            237.98
        ],
        [
            0.1116214803196654,
            0.11971245406507329,
            230.12962962962962
        ],
        [
            0.1110196465810559,
            0.12206591639871389,
            226.1818181818182
        ],
        [
            0.11248611772171986,
            0.11671898002833253,
            235.30065359477123
        ],
        [
            0.10996563573883165,
            0.12602858380251183,
            219.9047619047619
        ],
        [
            0.11231523828461591,
            0.11844088553933113,
            232.02185792349727
        ],
        [
            0.11035832580548033,
            0.12420757363253862,
            222.8125
        ]
    ]
}