{
    "rgb_colors": [
        [
            86.33333333333333,
            71.33333333333333,
            51.33333333333333
        ],
        [
            74.504,
            59.504,
            39.504
        ],
        [
            63.183673469387756,
            48.183673469387756,
            28.183673469387756
        ],
        [
            77.35051546391753,
            62.350515463917525,
            42.350515463917525
        ],
        [
            81.10810810810811,
            66.10810810810811,
            46.10810810810811
        ],
        [
            72.51063829787235,
            57.51063829787234,
            37.51063829787234
        ],
        [
            71.0,
            56.0,
            36.0
        ],
        [
            66.14788732394366,
            51.147887323943664,
            31.147887323943664
        ],
        [
            60.5,
            45.5,
            25.5
        ],
        [
            69.05524861878453,
            54.05524861878453,
            34.05524861878453
        ]
    ],
    "hex_colors": [
        "#564733",
        "#4a3b27",
        "#3f301c",
        "#4d3e2a",
        "#51422e",
        "#483925",
        "#473824",
        "#42331f",
        "#3c2d19",
        "#453622"
    ],
    "hsl_color_values": [
        [
            0.09523809523809523,
            0.40540540540540543,
            86.33333333333333
        ],
        [
            0.09523809523809522,
            0.46977343498335666,
            74.504
        ],
        [
            0.09523809523809523,
            0.5539405684754521,
            63.183673469387756
        ],
        [
            0.09523809523809522,
            0.45248567239770765,
            77.35051546391753
        ],
        [
            0.09523809523809523,
            0.4315228257247584,
            81.10810810810811
        ],
        [
            0.09523809523809522,
            0.4826877934272301,
            72.51063829787235
        ],
        [
            0.09523809523809523,
            0.49295774647887325,
            71.0
        ],
        [
            0.09523809523809523,
            0.5291174278718195,
            66.14788732394366
        ],
        [
            0.09523809523809523,
            0.5785123966942148,
            60.5
        ],
        [
            0.09523809523809523,
            0.5068405472437795,
            69.05524861878453
        ]
    ]
}