{
    "rgb_colors": [
        [
            154.4787234042553,
            146.54255319148936,
            134.54255319148936
        ],
        [
            156.873786407767,
            149.873786407767,
            137.873786407767
        ],
        [
            149.52027027027026,
            141.30405405405406,
            129.30405405405406
        ],
        [
            151.56,
            143.66857142857143,
            131.66857142857143
        ],
        [
            160.09782608695653,
            152.57608695652175,
            140.57608695652175
        ],
        [
            157.8181818181818,
            148.8181818181818,
            136.8181818181818
        ],
        [
            143.44897959183675,
            135.3469387755102,
            123.34693877551021
        ],
        [
            163.77611940298507,
            156.71641791044777,
            144.71641791044777
        ],
        [
            133.0,
            124.0,
            112.0
        ],
        [
            146.76296296296297,
            138.69629629629628,
            126.6962962962963
        ]
    ],
    "hex_colors": [
        "#9a9286",
        "#9c9589",
        "#958d81",
        "#978f83",
        "#a0988c",
        "#9d9488",
        "#8f877b",
        "#a39c90",
        "#857c70",
        "#928a7e"
    ],
    "hsl_color_values": [
        [
            0.10032017075773753,
            0.12905447283244947,
            154.4787234042553
        ],
        [
            0.10526315789473684,
            0.12111647481123901,
            156.873786407767
        ],
        [
            0.09893048128342256,
            0.13520719417958324,
            149.52027027027026
        ],
        [
            0.10054582016661877,
            0.1312445801756966,
            151.56
        ],
        [
            0.10244988864142539,
            0.12193631611107338,
            160.09782608695653
        ],
        [
            0.09523809523809523,
            0.13306451612903225,
            157.8181818181818
        ],
        [
            0.09949238578680202,
            0.14013373168302748,
            143.44897959183675
        ],
        [
            0.10493343774471424,
            0.11637656064886531,
            163.77611940298507
        ],
        [
            0.09523809523809523,
            0.15789473684210525,
            133.0
        ],
        [
            0.09966777408637857,
            0.1367284106394792,
            146.76296296296297
        ]
    ]
}