{
    "rgb_colors": [
        [
            141.08333333333331,
            124.5,
            110.58333333333333
        ],
        [
            110.34710743801654,
            80.72727272727273,
            50.264462809917354
        ],
        [
            98.8013698630137,
            69.06849315068493,
            38.06164383561644
        ],
        [
            126.70588235294117,
            106.88235294117646,
            89.76470588235294
        ],
        [
            91.98571428571428,
            69.27142857142857,
            46.028571428571425
        ],
        [
            104.52117263843648,
            74.7328990228013,
            44.20195439739414
        ],
        [
            87.22972972972973,
            61.270270270270274,
            34.36486486486486
        ],
        [
            122.64473684210526,
            93.1842105263158,
            63.30263157894737
        ],
        [
            155.7741935483871,
            140.83870967741936,
            127.64516129032258
        ],
        [
            77.51020408163265,
            49.48979591836735,
            20.265306122448983
        ]
    ],
    "hex_colors": [
        "#8d7c6e",
        "#6e5032",
        "#624526",
        "#7e6a59",
        "#5b452e",
        "#684a2c",
        "#573d22",
        "#7a5d3f",
        "#9b8c7f",
        "#4d3114"
    ],
    "hsl_color_values": [
        [
            0.07604735883424414,
            0.2161842882457176,
            141.08333333333331
        ],
        [
            0.08450252177900046,
            0.5444877171959257,
            110.34710743801654
        ],
        [
            0.08508119079837617,
            0.6147660311958406,
            98.8013698630137
        ],
        [
            0.0772292993630573,
            0.2915506035283194,
            126.70588235294117
        ],
        [
            0.08429178323489794,
            0.49961174095356425,
            91.98571428571428
        ],
        [
            0.08435936206213775,
            0.5771004736973323,
            104.52117263843648
        ],
        [
            0.0848244717109748,
            0.6060418280402788,
            87.22972972972973
        ],
        [
            0.08392461197339247,
            0.48385366376998173,
            122.64473684210526
        ],
        [
            0.07817278287461776,
            0.18057568854835376,
            155.7741935483871
        ],
        [
            0.08508615567439097,
            0.7385466034755134,
            77.51020408163265
        ]
    ]
}