{
    "rgb_colors": [
        [
            245.46153846153845,
            239.46153846153845,
            224.46153846153845
        ],
        [
            238.53977272727272,
            232.53977272727272,
            217.53977272727272
        ],
        [
            240.0,
            234.0,
            219.0
        ],
        [
            243.0,
            237.0,
            222.0
        ],
        [
            241.47085201793723,
            235.47085201793723,
            220.47085201793723
        ],
        [
            247.0,
            241.0,
            226.0
        ],
        [
            234.11764705882354,
            228.11764705882354,
            213.11764705882354
        ],
        [
            236.6235294117647,
            230.6235294117647,
            215.6235294117647
        ],
        [
            248.66666666666666,
            242.66666666666666,
            227.66666666666666
        ],
        [
            244.0,
            238.0,
            223.0
        ]
    ],
    "hex_colors": [
        "#f5efe0",
        "#eee8d9",
        "#f0eadb",
        "#f3edde",
        "#f1ebdc",
        "#f7f1e2",
        "#eae4d5",
        "#ece6d7",
        "#f8f2e3",
        "#f4eedf"
    ],
    "hsl_color_values": [
        [
            0.11904761904761905,
            0.0855531181447822,
            245.46153846153845
        ],
        [
            0.11904761904761905,
            0.08803563347069052,
            238.53977272727272
        ],
        [
            0.11904761904761905,
            0.0875,
            240.0
        ],
        [
            0.11904761904761905,
            0.08641975308641975,
            243.0
        ],
        [
            0.11904761904761905,
            0.08696701827365919,
            241.47085201793723
        ],
        [
            0.11904761904761905,
            0.08502024291497975,
            247.0
        ],
        [
            0.11904761904761905,
            0.08969849246231155,
            234.11764705882354
        ],
        [
            0.11904761904761905,
            0.08874857057624422,
            236.6235294117647
        ],
        [
            0.11904761904761905,
            0.08445040214477212,
            248.66666666666666
        ],
        [
            0.11904761904761905,
            0.0860655737704918,
            244.0
        ]
    ]
}