{
    "rgb_colors": [
        [
            119.08641975308642,
            87.03703703703704,
            50.22222222222222
        ],
        [
            64.85416666666667,
            32.739583333333336,
            2.21875
        ],
        [
            48.0,
            18.327272727272728,
            0.2909090909090928
        ],
        [
            75.08227848101265,
            42.20253164556962,
            3.4620253164556978
        ],
        [
            103.8076923076923,
            70.98076923076923,
            31.240384615384617
        ],
        [
            111.03787878787878,
            78.14393939393939,
            38.43939393939394
        ],
        [
            81.03305785123968,
            48.85123966942149,
            12.239669421487603
        ],
        [
            128.81395348837208,
            96.95348837209302,
            60.883720930232556
        ],
        [
            96.36607142857143,
            63.598214285714285,
            24.419642857142858
        ],
        [
            89.34426229508196,
            56.65573770491803,
            17.37704918032787
        ]
    ],
    "hex_colors": [
        "#775732",
        "#402002",
        "#301200",
        "#4b2a03",
        "#67461f",
        "#6f4e26",
        "#51300c",
        "#80603c",
        "#603f18",
        "#593811"
    ],
    "hsl_color_values": [
        [
            0.08910003585514521,
            0.5782707858179557,
            119.08641975308642
        ],
        [
            0.08121292754587284,
            0.965788628332798,
            64.85416666666667
        ],
        [
            0.0630081300813008,
            0.9939393939393938,
            48.0
        ],
        [
            0.09015258630847178,
            0.9538902469864284,
            75.08227848101265
        ],
        [
            0.09127247029724835,
            0.6990552056317154,
            103.8076923076923
        ],
        [
            0.09115099655640196,
            0.6538172886675309,
            111.03787878787878
        ],
        [
            0.08869934326445618,
            0.8489546149923508,
            81.03305785123968
        ],
        [
            0.08849709003765834,
            0.5273515074923271,
            128.81395348837208
        ],
        [
            0.0907586663357326,
            0.7465950152876865,
            96.36607142857143
        ],
        [
            0.09096431283219437,
            0.8055045871559633,
            89.34426229508196
        ]
    ]
}