{
    "rgb_colors": [
        [
            194.0,
            187.77586206896552,
            178.51724137931035
        ],
        [
            204.6346153846154,
            198.0801282051282,
            189.2275641025641
        ],
        [
            174.75,
            167.375,
            155.5
        ],
        [
            61.66666666666667,
            57.66666666666667,
            52.3888888888889
        ],
        [
            199.71506849315068,
            193.24657534246575,
            184.25205479452055
        ],
        [
            2.539682539682559,
            1.2222222222222285,
            1.1269841269841265
        ],
        [
            139.76470588235293,
            133.41176470588235,
            122.70588235294117
        ],
        [
            240.32432432432432,
            235.27027027027026,
            228.13513513513513
        ],
        [
            217.13846153846154,
            210.03076923076924,
            202.86153846153846
        ],
        [
            89.93333333333334,
            87.0,
            83.2
        ]
    ],
    "hex_colors": [
        "#c2bbb2",
        "#ccc6bd",
        "#aea79b",
        "#3d3934",
        "#c7c1b8",
        "#020101",
        "#8b857a",
        "#f0ebe4",
        "#d9d2ca",
        "#595753"
    ],
    "hsl_color_values": [
        [
            0.09966592427616931,
            0.07980803412726624,
            194.0
        ],
        [
            0.0957631232230775,
            0.07529054286877808,
            204.6346153846154
        ],
        [
            0.1028138528138528,
            0.11015736766809728,
            174.75
        ],
        [
            0.09481037924151692,
            0.15045045045045033,
            61.66666666666667
        ],
        [
            0.09694660996928887,
            0.07742537313432835,
            199.71506849315068
        ],
        [
            0.011235955056180413,
            0.5562500000000036,
            2.539682539682559
        ],
        [
            0.10459770114942533,
            0.12205387205387198,
            139.76470588235293
        ],
        [
            0.097560975609756,
            0.050719748088169155,
            240.32432432432432
        ],
        [
            0.08369252873563227,
            0.06575031883236505,
            217.13846153846154
        ],
        [
            0.09405940594059398,
            0.07487027427724241,
            89.93333333333334
        ]
    ]
}