{
    "rgb_colors": [
        [
            178.82926829268294,
            168.52439024390245,
            158.52439024390245
        ],
        [
            100.65151515151516,
            86.19696969696969,
            75.4090909090909
        ],
        [
            203.08503401360545,
            193.41496598639455,
            183.61904761904762
        ],
        [
            80.36111111111111,
            61.277777777777786,
            52.16666666666667
        ],
        [
            72.02777777777779,
            18.5,
            19.861111111111114
        ],
        [
            159.53333333333333,
            148.74666666666667,
            140.01333333333332
        ],
        [
            230.05172413793105,
            216.74137931034483,
            207.0344827586207
        ],
        [
            129.16,
            114.75999999999999,
            106.93333333333334
        ],
        [
            194.51269035532994,
            184.4263959390863,
            174.38578680203045
        ],
        [
            215.4,
            204.0857142857143,
            195.2761904761905
        ]
    ],
    "hex_colors": [
        "#b2a89e",
        "#64564b",
        "#cbc1b7",
        "#503d34",
        "#481213",
        "#9f948c",
        "#e6d8cf",
        "#81726a",
        "#c2b8ae",
        "#d7ccc3"
    ],
    "hsl_color_values": [
        [
            0.08208208208208205,
            0.11354337152209495,
            178.82926829268294
        ],
        [
            0.07122849139655857,
            0.2507903055848262,
            100.65151515151516
        ],
        [
            0.08387209505504094,
            0.095851407707639,
            203.08503401360545
        ],
        [
            0.053858784893267675,
            0.35084687175941925,
            80.36111111111111
        ],
        [
            0.9957619788963847,
            0.7431546471268801,
            72.02777777777779
        ],
        [
            0.07456739526411667,
            0.12235687421646475,
            159.53333333333333
        ],
        [
            0.07028714107365784,
            0.10005246196507533,
            230.05172413793105
        ],
        [
            0.05868826234753042,
            0.17208630122845045,
            129.16
        ],
        [
            0.08314417822614549,
            0.10347347268978832,
            194.51269035532994
        ],
        [
            0.07296103486354306,
            0.0934252995534332,
            215.4
        ]
    ]
}