{
    "rgb_colors": [
        [
            178.19031141868513,
            168.6885813148789,
            158.9100346020761
        ],
        [
            28.099999999999994,
            13.875,
            8.75
        ],
        [
            75.85245901639344,
            70.04918032786885,
            63.65573770491803
        ],
        [
            138.44642857142858,
            127.25,
            118.20535714285714
        ],
        [
            201.73529411764707,
            186.44117647058823,
            176.41176470588235
        ],
        [
            5.782608695652172,
            1.4347826086956559,
            0.4956521739130437
        ],
        [
            59.46969696969697,
            49.45454545454545,
            42.74242424242424
        ],
        [
            165.92610837438423,
            156.38423645320196,
            146.807881773399
        ],
        [
            116.84444444444445,
            98.11111111111111,
            90.15555555555555
        ],
        [
            40.30508474576271,
            32.77966101694915,
            25.91525423728814
        ]
    ],
    "hex_colors": [
        "#b2a89e",
        "#1c0d08",
        "#4b463f",
        "#8a7f76",
        "#c9bab0",
        "#050100",
        "#3b312a",
        "#a59c92",
        "#74625a",
        "#282019"
    ],
    "hsl_color_values": [
        [
            0.08452979181622398,
            0.10820047769773009,
            178.19031141868513
        ],
        [
            0.04414298018949183,
            0.6886120996441281,
            28.099999999999994
        ],
        [
            0.08736559139784951,
            0.16079533174843308,
            75.85245901639344
        ],
        [
            0.07447434200852814,
            0.1462014703985555,
            138.44642857142858
        ],
        [
            0.06600851722802938,
            0.12552850269718627,
            201.73529411764707
        ],
        [
            0.029605263157894857,
            0.9142857142857143,
            5.782608695652172
        ],
        [
            0.06687801932367149,
            0.28127388535031844,
            59.46969696969697
        ],
        [
            0.08348363823756766,
            0.1152213282664846,
            165.92610837438423
        ],
        [
            0.049680821537607577,
            0.22841384556865735,
            116.84444444444445
        ],
        [
            0.07950530035335683,
            0.357022708158116,
            40.30508474576271
        ]
    ]
}