{
    "rgb_colors": [
        [
            239.56741573033707,
            233.56741573033707,
            218.56741573033707
        ],
        [
            230.3,
            224.3,
            209.3
        ],
        [
            235.48275862068965,
            229.48275862068965,
            214.48275862068965
        ],
        [
            241.0,
            235.0,
            220.0
        ],
        [
            232.58333333333334,
            226.58333333333334,
            211.58333333333334
        ],
        [
            243.38202247191012,
            237.38202247191012,
            222.38202247191012
        ],
        [
            237.49197860962568,
            231.49197860962568,
            216.49197860962568
        ],
        [
            234.0,
            228.0,
            213.0
        ],
        [
            242.0,
            236.0,
            221.0
        ],
        [
            245.8684210526316,
            239.8684210526316,
            224.8684210526316
        ]
    ],
    "hex_colors": [
        "#efe9da",
        "#e6e0d1",
        "#ebe5d6",
        "#f1ebdc",
        "#e8e2d3",
        "#f3edde",
        "#ede7d8",
        "#eae4d5",
        "#f2ecdd",
        "#f5efe0"
    ],
    "hsl_color_values": [
        [
            0.11904761904761905,
            0.08765799779565228,
            239.56741573033707
        ],
        [
            0.11904761904761905,
            0.0911854103343465,
            230.3
        ],
        [
            0.11904761904761905,
            0.08917850344120662,
            235.48275862068965
        ],
        [
            0.11904761904761905,
            0.08713692946058091,
            241.0
        ],
        [
            0.11904761904761905,
            0.09029021855965604,
            232.58333333333334
        ],
        [
            0.11904761904761905,
            0.08628410507363464,
            243.38202247191012
        ],
        [
            0.11904761904761905,
            0.08842403908941478,
            237.49197860962568
        ],
        [
            0.11904761904761905,
            0.08974358974358974,
            234.0
        ],
        [
            0.11904761904761905,
            0.08677685950413223,
            242.0
        ],
        [
            0.11904761904761905,
            0.0854115380498769,
            245.8684210526316
        ]
    ]
}