{
    "rgb_colors": [
        [
            188.10526315789474,
            179.0,
            167.4736842105263
        ],
        [
            157.6,
            147.32592592592593,
            133.4148148148148
        ],
        [
            140.88936170212764,
            130.4,
            114.29787234042553
        ],
        [
            246.10344827586206,
            239.41379310344826,
            223.82758620689657
        ],
        [
            9.058823529411768,
            5.313725490196077,
            2.24183006535948
        ],
        [
            167.7826086956522,
            158.95652173913044,
            146.20652173913044
        ],
        [
            149.62424242424242,
            139.23030303030302,
            125.0848484848485
        ],
        [
            82.42105263157896,
            72.94736842105263,
            62.65789473684211
        ],
        [
            126.15625,
            115.484375,
            99.75
        ],
        [
            34.386666666666656,
            30.50666666666666,
            22.933333333333323
        ]
    ],
    "hex_colors": [
        "#bcb3a7",
        "#9d9385",
        "#8c8272",
        "#f6efdf",
        "#090502",
        "#a79e92",
        "#958b7d",
        "#52483e",
        "#7e7363",
        "#221e16"
    ],
    "hsl_color_values": [
        [
            0.09311224489795922,
            0.10968102965864587,
            188.10526315789474
        ],
        [
            0.09586523736600315,
            0.15345929686031212,
            157.6
        ],
        [
            0.10092281431695749,
            0.188740221691987,
            140.88936170212764
        ],
        [
            0.11661506707946319,
            0.09051422166176255,
            246.10344827586206
        ],
        [
            0.07510386705017567,
            0.7525252525252523,
            9.058823529411768
        ],
        [
            0.0984886649874055,
            0.12859549105986012,
            167.7826086956522
        ],
        [
            0.09607310447023946,
            0.16400680492546982,
            149.62424242424242
        ],
        [
            0.08677319130048815,
            0.23978288633461053,
            82.42105263157896
        ],
        [
            0.09930966469428008,
            0.20931384691602675,
            126.15625
        ],
        [
            0.11020566550252238,
            0.33307483520744485,
            34.386666666666656
        ]
    ]
}