{
    "rgb_colors": [
        [
            57.08108108108108,
            48.93693693693694,
            39.972972972972975
        ],
        [
            73.18181818181819,
            64.24242424242425,
            55.53030303030303
        ],
        [
            86.33962264150944,
            76.88050314465409,
            67.48427672955975
        ],
        [
            46.33980582524272,
            38.79611650485437,
            29.699029126213595
        ],
        [
            16.301886792452834,
            7.981132075471699,
            1.339622641509436
        ],
        [
            31.72,
            23.986666666666665,
            13.919999999999995
        ],
        [
            65.00769230769231,
            56.57692307692308,
            47.83846153846154
        ],
        [
            80.83458646616542,
            71.3157894736842,
            61.93984962406015
        ],
        [
            101.92592592592592,
            91.88888888888889,
            79.81481481481481
        ],
        [
            93.0,
            83.34653465346534,
            72.87128712871288
        ]
    ],
    "hex_colors": [
        "#393027",
        "#494037",
        "#564c43",
        "#2e261d",
        "#100701",
        "#1f170d",
        "#41382f",
        "#50473d",
        "#655b4f",
        "#5d5348"
    ],
    "hsl_color_values": [
        [
            0.08732666315604705,
            0.29971590909090906,
            57.08108108108108
        ],
        [
            0.0822603719599428,
            0.24120082815734994,
            73.18181818181819
        ],
        [
            0.08305537024683117,
            0.21838578088578087,
            86.33962264150944
        ],
        [
            0.09111240762349276,
            0.35910328933584745,
            46.33980582524272
        ],
        [
            0.07398066414459854,
            0.917824074074074,
            16.301886792452834
        ],
        [
            0.09425717852684146,
            0.5611601513240859,
            31.72
        ],
        [
            0.08482676224611711,
            0.26411075612353574,
            65.00769230769231
        ],
        [
            0.08270327629659098,
            0.23374569807459775,
            80.83458646616542
        ],
        [
            0.0910106085985483,
            0.21693313953488375,
            101.92592592592592
        ],
        [
            0.08673553041482203,
            0.21643777280953894,
            93.0
        ]
    ]
}