{
    "rgb_colors": [
        [
            191.13170731707316,
            182.04390243902438,
            170.24878048780488
        ],
        [
            183.98192771084337,
            174.84939759036143,
            162.8734939759036
        ],
        [
            204.68354430379748,
            195.49367088607596,
            184.73417721518987
        ],
        [
            110.1875,
            99.9375,
            85.8125
        ],
        [
            174.92592592592592,
            165.71604938271605,
            153.80246913580248
        ],
        [
            216.41095890410958,
            206.3013698630137,
            194.4794520547945
        ],
        [
            197.35371179039302,
            188.74235807860262,
            177.33187772925766
        ],
        [
            129.0,
            118.46153846153845,
            106.19230769230768
        ],
        [
            144.0,
            133.10714285714286,
            121.71428571428572
        ],
        [
            159.28571428571428,
            148.95238095238096,
            136.45238095238096
        ]
    ],
    "hex_colors": [
        "#bfb6aa",
        "#b7aea2",
        "#ccc3b8",
        "#6e6355",
        "#aea599",
        "#d8cec2",
        "#c5bcb1",
        "#81766a",
        "#908579",
        "#9f9488"
    ],
    "hsl_color_values": [
        [
            0.09413688390562946,
            0.10925935378490119,
            191.13170731707316
        ],
        [
            0.09455859969558594,
            0.11473101732097832,
            183.98192771084337
        ],
        [
            0.08989001692047383,
            0.0974644403215832,
            204.68354430379748
        ],
        [
            0.09658119658119657,
            0.2212138400453772,
            110.1875
        ],
        [
            0.09399961036430933,
            0.12075658126896738,
            174.92592592592592
        ],
        [
            0.08983968353112641,
            0.10134194201797697,
            216.41095890410958
        ],
        [
            0.0949836423118865,
            0.10145152011328934,
            197.35371179039302
        ],
        [
            0.08965711073636873,
            0.17680381633870015,
            129.0
        ],
        [
            0.08520299145299144,
            0.1547619047619047,
            144.0
        ],
        [
            0.09124087591240883,
            0.14334828101644234,
            159.28571428571428
        ]
    ]
}