{
    "rgb_colors": [
        [
            150.84415584415584,
            108.63636363636364,
            50.62337662337663
        ],
        [
            118.48076923076923,
            75.76923076923077,
            17.134615384615383
        ],
        [
            133.5948717948718,
            91.36410256410257,
            33.215384615384615
        ],
        [
            128.20689655172413,
            85.76354679802955,
            27.35960591133005
        ],
        [
            76.19999999999999,
            42.199999999999996,
            1.3999999999999986
        ],
        [
            123.34895833333333,
            80.79166666666667,
            22.166666666666668
        ],
        [
            160.0487804878049,
            120.8780487804878,
            69.85365853658536
        ],
        [
            139.92361111111111,
            97.68055555555556,
            39.63194444444444
        ],
        [
            142.1904761904762,
            107.14285714285714,
            63.714285714285715
        ],
        [
            111.19047619047619,
            69.88095238095238,
            12.523809523809526
        ]
    ],
    "hex_colors": [
        "#966c32",
        "#764b11",
        "#855b21",
        "#80551b",
        "#4c2a01",
        "#7b5016",
        "#a07845",
        "#8b6127",
        "#8e6b3f",
        "#6f450c"
    ],
    "hsl_color_values": [
        [
            0.09647531424128548,
            0.6643994834266035,
            150.84415584415584
        ],
        [
            0.09642631246046807,
            0.855380620029216,
            118.48076923076923
        ],
        [
            0.09654814209325295,
            0.7513723081647539,
            133.5948717948718
        ],
        [
            0.0965220789370848,
            0.7865980173672481,
            128.20689655172413
        ],
        [
            0.0909090909090909,
            0.9816272965879265,
            76.19999999999999
        ],
        [
            0.09656663406599064,
            0.820293037199679,
            123.34895833333333
        ],
        [
            0.09428519920677843,
            0.5635476988722952,
            160.0487804878049
        ],
        [
            0.09646632507039654,
            0.7167601369795027,
            139.92361111111111
        ],
        [
            0.09223300970873782,
            0.5519089082384461,
            142.1904761904762
        ],
        [
            0.09688706563706562,
            0.8873661670235545,
            111.19047619047619
        ]
    ]
}