{
    "rgb_colors": [
        [
            22.15686274509804,
            1.470588235294116,
            1.2156862745098032
        ],
        [
            102.94949494949495,
            69.15151515151516,
            38.97979797979798
        ],
        [
            159.25824175824175,
            89.98351648351648,
            38.78021978021978
        ],
        [
            88.06629834254144,
            56.629834254143645,
            26.751381215469614
        ],
        [
            167.26530612244898,
            100.16326530612244,
            50.897959183673464
        ],
        [
            139.63888888888889,
            95.91666666666666,
            64.44444444444444
        ],
        [
            72.03703703703704,
            42.43827160493827,
            16.21604938271605
        ],
        [
            46.42857142857143,
            12.55357142857143,
            2.8035714285714306
        ],
        [
            144.78048780487805,
            79.8048780487805,
            32.34146341463415
        ],
        [
            176.84615384615387,
            115.88461538461539,
            72.38461538461539
        ]
    ],
    "hex_colors": [
        "#160101",
        "#664526",
        "#9f5926",
        "#58381a",
        "#a76432",
        "#8b5f40",
        "#482a10",
        "#2e0c02",
        "#904f20",
        "#b07348"
    ],
    "hsl_color_values": [
        [
            0.0020287141073657886,
            0.9451327433628319,
            22.15686274509804
        ],
        [
            0.0786094004947629,
            0.6213697017268446,
            102.94949494949495
        ],
        [
            0.07083352335780847,
            0.7564947386579265,
            159.25824175824175
        ],
        [
            0.0812158346849282,
            0.6962358845671267,
            88.06629834254144
        ],
        [
            0.07056003741377294,
            0.6957052220595412,
            167.26530612244898
        ],
        [
            0.06975741903706438,
            0.5384921424308733,
            139.63888888888889
        ],
        [
            0.07829260201260645,
            0.7748928877463581,
            72.03703703703704
        ],
        [
            0.03724928366762178,
            0.9396153846153845,
            46.42857142857143
        ],
        [
            0.07035430224150398,
            0.7766172506738545,
            144.78048780487805
        ],
        [
            0.06940353460972017,
            0.5906916050456721,
            176.84615384615387
        ]
    ]
}