{
    "rgb_colors": [
        [
            68.71428571428571,
            62.857142857142854,
            56.698412698412696
        ],
        [
            24.03448275862069,
            18.81896551724138,
            14.18103448275862
        ],
        [
            99.7433628318584,
            93.73451327433628,
            87.57522123893806
        ],
        [
            117.77272727272728,
            112.01136363636364,
            105.29545454545455
        ],
        [
            9.162790697674417,
            3.9244186046511658,
            1.5697674418604635
        ],
        [
            39.583333333333336,
            34.05952380952381,
            28.821428571428573
        ],
        [
            137.32432432432432,
            131.74324324324323,
            124.01351351351352
        ],
        [
            54.88235294117647,
            48.82352941176471,
            43.22549019607843
        ],
        [
            161.6315789473684,
            155.8421052631579,
            147.68421052631578
        ],
        [
            85.14615384615385,
            79.07692307692308,
            73.1076923076923
        ]
    ],
    "hex_colors": [
        "#443e38",
        "#18120e",
        "#635d57",
        "#757069",
        "#090301",
        "#27221c",
        "#89837c",
        "#36302b",
        "#a19b93",
        "#554f49"
    ],
    "hsl_color_values": [
        [
            0.08542492294143551,
            0.17486717486717482,
            68.71428571428571
        ],
        [
            0.07844852726742495,
            0.40997130559540895,
            24.03448275862069
        ],
        [
            0.08436363636363631,
            0.12199449915712887,
            99.7433628318584
        ],
        [
            0.08970856102003642,
            0.10594365109996146,
            117.77272727272728
        ],
        [
            0.051684532924961814,
            0.8286802030456855,
            9.162790697674417
        ],
        [
            0.08112094395280234,
            0.27187969924812033,
            39.583333333333336
        ],
        [
            0.09678510998307932,
            0.09692973824050381,
            137.32432432432432
        ],
        [
            0.08003924866834881,
            0.2123972847445516,
            54.88235294117647
        ],
        [
            0.0974842767295598,
            0.08629111038749593,
            161.6315789473684
        ],
        [
            0.0826411075612354,
            0.1413858523805223,
            85.14615384615385
        ]
    ]
}