{
    "rgb_colors": [
        [
            231.61467889908258,
            223.42660550458714,
            204.71559633027522
        ],
        [
            194.25,
            185.25,
            163.25
        ],
        [
            215.66666666666666,
            206.66666666666666,
            183.33333333333334
        ],
        [
            225.85384615384615,
            217.54615384615386,
            198.8153846153846
        ],
        [
            229.22421524663676,
            220.94170403587444,
            202.2914798206278
        ],
        [
            239.57608695652175,
            231.1304347826087,
            212.79347826086956
        ],
        [
            236.04375,
            227.7,
            208.9875
        ],
        [
            203.0,
            194.0,
            171.33333333333334
        ],
        [
            235.58823529411765,
            226.58823529411765,
            204.35294117647058
        ],
        [
            233.54545454545453,
            225.3030303030303,
            206.76969696969698
        ]
    ],
    "hex_colors": [
        "#e7dfcc",
        "#c2b9a3",
        "#d7ceb7",
        "#e1d9c6",
        "#e5dcca",
        "#efe7d4",
        "#ece3d0",
        "#cbc2ab",
        "#ebe2cc",
        "#e9e1ce"
    ],
    "hsl_color_values": [
        [
            0.11593337880854926,
            0.11613720985502661,
            231.61467889908258
        ],
        [
            0.11827956989247312,
            0.15958815958815958,
            194.25
        ],
        [
            0.12027491408934705,
            0.14992272024729514,
            215.66666666666666
        ],
        [
            0.115457562825984,
            0.11971663090494197,
            225.85384615384615
        ],
        [
            0.11541236541236544,
            0.11749515816655898,
            229.22421524663676
        ],
        [
            0.1141098484848484,
            0.11179166099541768,
            239.57608695652175
        ],
        [
            0.11526911526911522,
            0.11462387798872022,
            236.04375
        ],
        [
            0.11929824561403507,
            0.15599343185550077,
            203.0
        ],
        [
            0.11864406779661019,
            0.1325842696629214,
            235.58823529411765
        ],
        [
            0.11536140033197534,
            0.11464902037109112,
            233.54545454545453
        ]
    ]
}