{
    "rgb_colors": [
        [
            16.869565217391305,
            10.782608695652174,
            7.550724637681159
        ],
        [
            41.599999999999994,
            35.0,
            30.363636363636363
        ],
        [
            60.65217391304348,
            52.65217391304348,
            44.130434782608695
        ],
        [
            23.202247191011235,
            17.0,
            13.516853932584269
        ],
        [
            46.81481481481481,
            34.0,
            21.555555555555557
        ],
        [
            52.55555555555556,
            43.03703703703704,
            34.074074074074076
        ],
        [
            2.434210526315791,
            0.344298245614036,
            1.4649122807017552
        ],
        [
            34.38392857142857,
            27.910714285714285,
            22.857142857142854
        ],
        [
            29.275229357798167,
            22.972477064220186,
            18.03669724770642
        ],
        [
            9.701754385964913,
            4.596491228070176,
            1.8596491228070189
        ]
    ],
    "hex_colors": [
        "#100a07",
        "#29231e",
        "#3c342c",
        "#17110d",
        "#2e2215",
        "#342b22",
        "#020001",
        "#221b16",
        "#1d1612",
        "#090401"
    ],
    "hsl_color_values": [
        [
            0.057801969932607555,
            0.5524054982817869,
            16.869565217391305
        ],
        [
            0.06877022653721687,
            0.270104895104895,
            41.599999999999994
        ],
        [
            0.08596491228070174,
            0.27240143369175623,
            60.65217391304348
        ],
        [
            0.05993812838360404,
            0.41743341404358353,
            23.202247191011235
        ],
        [
            0.08211143695014665,
            0.5395569620253163,
            46.81481481481481
        ],
        [
            0.08082832331329325,
            0.35165609584214236,
            52.55555555555556
        ],
        [
            0.9106330884924799,
            0.8585585585585583,
            2.434210526315791
        ],
        [
            0.07306997159824428,
            0.3352376006232148,
            34.38392857142857
        ],
        [
            0.07319727891156465,
            0.38389219680350994,
            29.275229357798167
        ],
        [
            0.058165548098433995,
            0.8083182640144664,
            9.701754385964913
        ]
    ]
}