{
    "rgb_colors": [
        [
            246.41353383458647,
            239.41353383458647,
            227.41353383458647
        ],
        [
            241.0,
            234.0,
            222.0
        ],
        [
            236.15384615384616,
            229.15384615384616,
            217.15384615384616
        ],
        [
            240.0,
            233.0,
            221.0
        ],
        [
            248.3975903614458,
            241.3975903614458,
            229.3975903614458
        ],
        [
            242.0,
            235.0,
            223.0
        ],
        [
            243.45622119815667,
            236.45622119815667,
            224.45622119815667
        ],
        [
            238.640350877193,
            231.640350877193,
            219.640350877193
        ],
        [
            250.8148148148148,
            243.8148148148148,
            231.8148148148148
        ],
        [
            245.0,
            238.0,
            226.0
        ]
    ],
    "hex_colors": [
        "#f6efe3",
        "#f1eade",
        "#ece5d9",
        "#f0e9dd",
        "#f8f1e5",
        "#f2ebdf",
        "#f3ece0",
        "#eee7db",
        "#faf3e7",
        "#f5eee2"
    ],
    "hsl_color_values": [
        [
            0.10526315789473684,
            0.07710615445641229,
            246.41353383458647
        ],
        [
            0.10526315789473684,
            0.07883817427385892,
            241.0
        ],
        [
            0.10526315789473684,
            0.08045602605863192,
            236.15384615384616
        ],
        [
            0.10526315789473684,
            0.07916666666666666,
            240.0
        ],
        [
            0.10526315789473684,
            0.07649027501576369,
            248.3975903614458
        ],
        [
            0.10526315789473684,
            0.07851239669421488,
            242.0
        ],
        [
            0.10526315789473684,
            0.07804277872420973,
            243.45622119815667
        ],
        [
            0.10526315789473684,
            0.0796177173313729,
            238.640350877193
        ],
        [
            0.10526315789473684,
            0.07575310100413467,
            250.8148148148148
        ],
        [
            0.10526315789473684,
            0.07755102040816327,
            245.0
        ]
    ]
}