{
    "rgb_colors": [
        [
            210.18954248366012,
            203.27450980392157,
            193.8169934640523
        ],
        [
            138.83333333333334,
            128.83333333333334,
            118.83333333333334
        ],
        [
            198.55357142857142,
            191.89285714285714,
            180.51785714285714
        ],
        [
            227.25714285714287,
            218.1142857142857,
            206.4
        ],
        [
            184.0,
            177.41176470588235,
            164.2941176470588
        ],
        [
            192.0359712230216,
            185.3525179856115,
            172.54676258992805
        ],
        [
            203.60454545454544,
            197.3409090909091,
            187.96363636363637
        ],
        [
            169.28571428571428,
            160.78571428571428,
            149.5
        ],
        [
            150.65,
            140.65,
            130.65
        ],
        [
            218.0408163265306,
            209.26530612244898,
            199.5612244897959
        ]
    ],
    "hex_colors": [
        "#d2cbc1",
        "#8a8076",
        "#c6bfb4",
        "#e3dace",
        "#b8b1a4",
        "#c0b9ac",
        "#cbc5bb",
        "#a9a095",
        "#968c82",
        "#dad1c7"
    ],
    "hsl_color_values": [
        [
            0.09627411842980711,
            0.07789421312851756,
            210.18954248366012
        ],
        [
            0.08333333333333333,
            0.14405762304921968,
            138.83333333333334
        ],
        [
            0.10511551155115517,
            0.09083550679017893,
            198.55357142857142
        ],
        [
            0.09360730593607287,
            0.09177772190093036,
            227.25714285714287
        ],
        [
            0.11094527363184077,
            0.10709718670076733,
            184.0
        ],
        [
            0.10951150486034207,
            0.10148728130970673,
            192.0359712230216
        ],
        [
            0.09992250314830968,
            0.07682003884535524,
            203.60454545454544
        ],
        [
            0.09506618531889288,
            0.11687763713080164,
            169.28571428571428
        ],
        [
            0.08333333333333333,
            0.13275804845668768,
            150.65
        ],
        [
            0.08752070679182779,
            0.08475290153500564,
            218.0408163265306
        ]
    ]
}