{
    "rgb_colors": [
        [
            165.3644859813084,
            124.3177570093458,
            70.22429906542055
        ],
        [
            182.0408163265306,
            141.0204081632653,
            86.6938775510204
        ],
        [
            43.37777777777778,
            10.511111111111106,
            0.5555555555555571
        ],
        [
            120.38775510204081,
            90.59183673469387,
            57.20408163265306
        ],
        [
            94.51515151515152,
            56.57575757575758,
            10.803030303030301
        ],
        [
            103.66666666666667,
            71.16666666666667,
            36.476190476190474
        ],
        [
            146.72392638036808,
            106.85276073619632,
            54.392638036809814
        ],
        [
            133.12562814070353,
            92.2713567839196,
            38.02512562814071
        ],
        [
            119.25925925925925,
            78.38888888888889,
            21.0
        ],
        [
            61.81443298969072,
            29.95876288659794,
            4.3608247422680435
        ]
    ],
    "hex_colors": [
        "#a57c46",
        "#b68d56",
        "#2b0a00",
        "#785a39",
        "#5e380a",
        "#674724",
        "#926a36",
        "#855c26",
        "#774e15",
        "#3d1d04"
    ],
    "hsl_color_values": [
        [
            0.09476096922069417,
            0.5753362721826608,
            165.3644859813084
        ],
        [
            0.094962899543379,
            0.5237668161434977,
            182.0408163265306
        ],
        [
            0.03874762151876835,
            0.9871926229508197,
            43.37777777777778
        ],
        [
            0.08807062876830318,
            0.524834717748771,
            120.38775510204081
        ],
        [
            0.09113122171945702,
            0.8857005450464893,
            94.51515151515152
        ],
        [
            0.08605008268367591,
            0.6481396417087737,
            103.66666666666667
        ],
        [
            0.09469545957918052,
            0.6292858337514634,
            146.72392638036808
        ],
        [
            0.09506825187142227,
            0.7143666012381097,
            133.12562814070353
        ],
        [
            0.09734263098379192,
            0.8239130434782609,
            119.25925925925925
        ],
        [
            0.074256833542676,
            0.9294529686457638,
            61.81443298969072
        ]
    ]
}