{
    "rgb_colors": [
        [
            212.13513513513513,
            198.13513513513513,
            178.13513513513513
        ],
        [
            205.0,
            191.0,
            171.0
        ],
        [
            202.51724137931035,
            188.51724137931035,
            168.51724137931035
        ],
        [
            208.6766917293233,
            194.6766917293233,
            174.6766917293233
        ],
        [
            206.42361111111111,
            192.42361111111111,
            172.42361111111111
        ],
        [
            200.58196721311475,
            186.58196721311475,
            166.58196721311475
        ],
        [
            195.0,
            181.0,
            161.0
        ],
        [
            197.0,
            183.0,
            163.0
        ],
        [
            198.54918032786884,
            184.54918032786884,
            164.54918032786884
        ],
        [
            204.0,
            190.0,
            170.0
        ]
    ],
    "hex_colors": [
        "#d4c6b2",
        "#cdbfab",
        "#cabca8",
        "#d0c2ae",
        "#cec0ac",
        "#c8baa6",
        "#c3b5a1",
        "#c5b7a3",
        "#c6b8a4",
        "#ccbeaa"
    ],
    "hsl_color_values": [
        [
            0.09803921568627451,
            0.16027519429226653,
            212.13513513513513
        ],
        [
            0.09803921568627451,
            0.16585365853658537,
            205.0
        ],
        [
            0.09803921568627451,
            0.1678869402349736,
            202.51724137931035
        ],
        [
            0.09803921568627451,
            0.16293146933775313,
            208.6766917293233
        ],
        [
            0.09803921568627451,
            0.16470984020185028,
            206.42361111111111
        ],
        [
            0.09803921568627451,
            0.16950676310735155,
            200.58196721311475
        ],
        [
            0.09803921568627451,
            0.17435897435897435,
            195.0
        ],
        [
            0.09803921568627451,
            0.17258883248730963,
            197.0
        ],
        [
            0.09803921568627451,
            0.171242207819015,
            198.54918032786884
        ],
        [
            0.09803921568627451,
            0.16666666666666666,
            204.0
        ]
    ]
}