{
    "rgb_colors": [
        [
            49.730769230769226,
            44.358974358974365,
            38.833333333333336
        ],
        [
            72.19453924914676,
            67.6962457337884,
            64.44027303754267
        ],
        [
            63.383141762452105,
            59.13026819923372,
            56.157088122605366
        ],
        [
            97.125,
            91.359375,
            87.984375
        ],
        [
            81.86666666666667,
            76.99047619047619,
            73.82380952380953
        ],
        [
            121.53658536585365,
            115.48780487804879,
            112.41463414634146
        ],
        [
            15.275862068965516,
            7.758620689655174,
            1.3793103448275872
        ],
        [
            183.0,
            164.88888888888889,
            141.55555555555554
        ],
        [
            31.4,
            23.200000000000003,
            11.966666666666669
        ],
        [
            224.33333333333331,
            194.44444444444446,
            155.55555555555554
        ]
    ],
    "hex_colors": [
        "#312c26",
        "#484340",
        "#3f3b38",
        "#615b57",
        "#514c49",
        "#797370",
        "#0f0701",
        "#b7a48d",
        "#1f170b",
        "#e0c29b"
    ],
    "hsl_color_values": [
        [
            0.08450980392156875,
            0.2191286414024232,
            49.730769230769226
        ],
        [
            0.06998239436619726,
            0.10740793268094352,
            72.19453924914676
        ],
        [
            0.06857546836337934,
            0.11400592395575163,
            63.383141762452105
        ],
        [
            0.06153846153846154,
            0.09411196911196912,
            97.125
        ],
        [
            0.0656206828498123,
            0.09824336900884133,
            81.86666666666667
        ],
        [
            0.05614973262032117,
            0.07505518763796912,
            121.53658536585365
        ],
        [
            0.07650951199338298,
            0.9097065462753949,
            15.275862068965516
        ],
        [
            0.09383378016085792,
            0.22647237401335768,
            183.0
        ],
        [
            0.09634076615208693,
            0.618895966029724,
            31.4
        ],
        [
            0.09423801830910077,
            0.3065874195146112,
            224.33333333333331
        ]
    ]
}