{
    "rgb_colors": [
        [
            166.0,
            159.0,
            148.0
        ],
        [
            160.0,
            153.0,
            142.0
        ],
        [
            165.0,
            158.0,
            147.0
        ],
        [
            163.0,
            156.0,
            145.0
        ],
        [
            161.0,
            154.0,
            143.0
        ],
        [
            162.0,
            155.0,
            144.0
        ],
        [
            167.44099378881987,
            160.44099378881987,
            149.44099378881987
        ],
        [
            169.54430379746836,
            162.54430379746836,
            151.54430379746836
        ],
        [
            164.0,
            157.0,
            146.0
        ],
        [
            158.24657534246575,
            151.24657534246575,
            140.24657534246575
        ]
    ],
    "hex_colors": [
        "#a69f94",
        "#a0998e",
        "#a59e93",
        "#a39c91",
        "#a19a8f",
        "#a29b90",
        "#a7a095",
        "#a9a297",
        "#a49d92",
        "#9e978c"
    ],
    "hsl_color_values": [
        [
            0.10185185185185186,
            0.10843373493975904,
            166.0
        ],
        [
            0.10185185185185186,
            0.1125,
            160.0
        ],
        [
            0.10185185185185186,
            0.10909090909090909,
            165.0
        ],
        [
            0.10185185185185186,
            0.11042944785276074,
            163.0
        ],
        [
            0.10185185185185186,
            0.11180124223602485,
            161.0
        ],
        [
            0.10185185185185186,
            0.1111111111111111,
            162.0
        ],
        [
            0.10185185185185186,
            0.1075005564210995,
            167.44099378881987
        ],
        [
            0.10185185185185186,
            0.10616694042108406,
            169.54430379746836
        ],
        [
            0.10185185185185186,
            0.10975609756097561,
            164.0
        ],
        [
            0.10185185185185186,
            0.1137465373961219,
            158.24657534246575
        ]
    ]
}