{
    "rgb_colors": [
        [
            241.9351851851852,
            234.9351851851852,
            222.9351851851852
        ],
        [
            235.98581560283688,
            229.70212765957447,
            215.5531914893617
        ],
        [
            239.57142857142858,
            232.57142857142858,
            220.57142857142858
        ],
        [
            243.41964285714286,
            237.41964285714286,
            222.41964285714286
        ],
        [
            233.2972972972973,
            226.90540540540542,
            213.0810810810811
        ],
        [
            240.5241379310345,
            234.5241379310345,
            219.5241379310345
        ],
        [
            238.25,
            231.95394736842104,
            217.8421052631579
        ],
        [
            247.625,
            241.4375,
            227.0
        ],
        [
            242.0,
            236.0,
            221.0
        ],
        [
            245.14166666666668,
            238.63333333333333,
            225.15833333333333
        ]
    ],
    "hex_colors": [
        "#f1eade",
        "#ebe5d7",
        "#efe8dc",
        "#f3edde",
        "#e9e2d5",
        "#f0eadb",
        "#eee7d9",
        "#f7f1e3",
        "#f2ecdd",
        "#f5eee1"
    ],
    "hsl_color_values": [
        [
            0.10526315789473684,
            0.07853343028818555,
            241.9351851851852
        ],
        [
            0.11541131551544608,
            0.08658411973312499,
            235.98581560283688
        ],
        [
            0.10526315789473684,
            0.07930828861061419,
            239.57142857142858
        ],
        [
            0.11904761904761905,
            0.08627076990793382,
            243.41964285714286
        ],
        [
            0.11397058823529423,
            0.08665430954587573,
            233.2972972972973
        ],
        [
            0.11904761904761905,
            0.08730932446381466,
            240.5241379310345
        ],
        [
            0.11524822695035453,
            0.0856574805323908,
            238.25
        ],
        [
            0.11666666666666665,
            0.08329126703685008,
            247.625
        ],
        [
            0.11904761904761905,
            0.08677685950413223,
            242.0
        ],
        [
            0.1123853211009173,
            0.0815174898868002,
            245.14166666666668
        ]
    ]
}