{
    "rgb_colors": [
        [
            58.91666666666667,
            58.45833333333334,
            66.0
        ],
        [
            124.14503816793894,
            125.16793893129771,
            127.57251908396947
        ],
        [
            209.2577319587629,
            210.93814432989691,
            205.22680412371133
        ],
        [
            251.61811023622047,
            250.70078740157481,
            243.73228346456693
        ],
        [
            151.3111111111111,
            152.34444444444443,
            153.61111111111111
        ],
        [
            183.50862068965517,
            185.31896551724137,
            180.89655172413794
        ],
        [
            31.176470588235304,
            30.823529411764696,
            40.64705882352942
        ],
        [
            93.62820512820512,
            94.43589743589745,
            98.12820512820512
        ],
        [
            1.718309859154914,
            1.9154929577464657,
            15.352112676056322
        ],
        [
            237.95890410958904,
            237.96575342465752,
            231.82876712328766
        ]
    ],
    "hex_colors": [
        "#3a3a42",
        "#7c7d7f",
        "#d1d2cd",
        "#fbfaf3",
        "#979899",
        "#b7b9b4",
        "#1f1e28",
        "#5d5e62",
        "#01010f",
        "#edede7"
    ],
    "hsl_color_values": [
        [
            0.6767955801104971,
            0.11426767676767663,
            66.0
        ],
        [
            0.6169265033407573,
            0.026866921972235502,
            127.57251908396947
        ],
        [
            0.21570397111913361,
            0.027075900493622084,
            210.93814432989691
        ],
        [
            0.1472790813779333,
            0.03134045782416171,
            251.61811023622047
        ],
        [
            0.5917874396135271,
            0.014972875226039857,
            153.61111111111111
        ],
        [
            0.23489278752436618,
            0.023863794948132205,
            185.31896551724137
        ],
        [
            0.6726546906187628,
            0.24167872648335786,
            40.64705882352942
        ],
        [
            0.6367521367521363,
            0.04585837470603606,
            98.12820512820512
        ],
        [
            0.6642561983471075,
            0.8880733944954138,
            15.352112676056322
        ],
        [
            0.16685267857142816,
            0.02578936764240277,
            237.96575342465752
        ]
    ]
}