{
    "rgb_colors": [
        [
            130.9109947643979,
            119.82722513089006,
            106.90052356020942
        ],
        [
            96.8936170212766,
            84.2127659574468,
            74.2127659574468
        ],
        [
            158.96875,
            147.96875,
            135.03125
        ],
        [
            150.1055900621118,
            138.98136645962734,
            125.95031055900621
        ],
        [
            79.72222222222223,
            67.41666666666667,
            58.22222222222223
        ],
        [
            143.62704918032787,
            132.49180327868854,
            119.51229508196721
        ],
        [
            172.34615384615384,
            161.42307692307693,
            148.19230769230768
        ],
        [
            119.43243243243244,
            107.51351351351352,
            94.70270270270271
        ],
        [
            137.55154639175257,
            126.4381443298969,
            113.46907216494846
        ],
        [
            198.25,
            187.29166666666666,
            174.16666666666666
        ]
    ],
    "hex_colors": [
        "#82776a",
        "#60544a",
        "#9e9387",
        "#968a7d",
        "#4f433a",
        "#8f8477",
        "#aca194",
        "#776b5e",
        "#897e71",
        "#c6bbae"
    ],
    "hsl_color_values": [
        [
            0.08972961186218927,
            0.1834106542953128,
            130.9109947643979
        ],
        [
            0.07348342714196371,
            0.23407992973210368,
            96.8936170212766
        ],
        [
            0.09007832898172323,
            0.15057990957342246,
            158.96875
        ],
        [
            0.0899117168080913,
            0.16092191831836794,
            150.1055900621118
        ],
        [
            0.07127476313522824,
            0.2696864111498258,
            79.72222222222223
        ],
        [
            0.0897065488329935,
            0.1678984163218719,
            143.62704918032787
        ],
        [
            0.09129511677282391,
            0.1401472885516626,
            172.34615384615384
        ],
        [
            0.08633879781420765,
            0.20706042090970805,
            119.43243243243244
        ],
        [
            0.08975456621004564,
            0.1750796327524826,
            137.55154639175257
        ],
        [
            0.09083044982698958,
            0.12147961328289202,
            198.25
        ]
    ]
}