{
    "rgb_colors": [
        [
            112.0,
            97.0,
            77.0
        ],
        [
            90.81818181818181,
            75.81818181818181,
            55.81818181818182
        ],
        [
            84.07142857142857,
            69.07142857142857,
            49.07142857142857
        ],
        [
            75.11805555555556,
            60.11805555555556,
            40.11805555555556
        ],
        [
            99.88235294117646,
            84.88235294117646,
            64.88235294117646
        ],
        [
            66.5725806451613,
            51.57258064516129,
            31.57258064516129
        ],
        [
            71.43373493975903,
            56.433734939759034,
            36.433734939759034
        ],
        [
            79.03389830508475,
            64.03389830508475,
            44.03389830508475
        ],
        [
            63.44642857142857,
            48.44642857142857,
            28.44642857142857
        ],
        [
            68.50568181818181,
            53.50568181818182,
            33.50568181818182
        ]
    ],
    "hex_colors": [
        "#70614d",
        "#5a4b37",
        "#544531",
        "#4b3c28",
        "#635440",
        "#42331f",
        "#473824",
        "#4f402c",
        "#3f301c",
        "#443521"
    ],
    "hsl_color_values": [
        [
            0.09523809523809523,
            0.3125,
            112.0
        ],
        [
            0.09523809523809523,
            0.3853853853853853,
            90.81818181818181
        ],
        [
            0.09523809523809523,
            0.4163126593033135,
            84.07142857142857
        ],
        [
            0.09523809523809523,
            0.4659332532125358,
            75.11805555555556
        ],
        [
            0.09523809523809523,
            0.35041224970553597,
            99.88235294117646
        ],
        [
            0.09523809523809522,
            0.5257419745608722,
            66.5725806451613
        ],
        [
            0.09523809523809523,
            0.4899645808736718,
            71.43373493975903
        ],
        [
            0.09523809523809523,
            0.44284795196225607,
            79.03389830508475
        ],
        [
            0.09523809523809523,
            0.5516464959189418,
            63.44642857142857
        ],
        [
            0.09523809523809527,
            0.5109065273285228,
            68.50568181818181
        ]
    ]
}