{
    "rgb_colors": [
        [
            221.45348837209303,
            209.45348837209303,
            188.45348837209303
        ],
        [
            218.53459119496856,
            206.53459119496856,
            185.53459119496856
        ],
        [
            225.0,
            213.0,
            192.0
        ],
        [
            214.37179487179486,
            202.37179487179486,
            181.37179487179486
        ],
        [
            216.55882352941177,
            204.55882352941177,
            183.55882352941177
        ],
        [
            223.4702380952381,
            211.4702380952381,
            190.4702380952381
        ],
        [
            226.744,
            214.744,
            193.744
        ],
        [
            229.63333333333333,
            217.63333333333333,
            196.63333333333333
        ],
        [
            210.6875,
            198.6875,
            177.6875
        ],
        [
            220.0,
            208.0,
            187.0
        ]
    ],
    "hex_colors": [
        "#ddd1bc",
        "#daceb9",
        "#e1d5c0",
        "#d6cab5",
        "#d8ccb7",
        "#dfd3be",
        "#e2d6c1",
        "#e5d9c4",
        "#d2c6b1",
        "#dcd0bb"
    ],
    "hsl_color_values": [
        [
            0.10606060606060606,
            0.14901548962982408,
            221.45348837209303
        ],
        [
            0.10606060606060606,
            0.15100584223098396,
            218.53459119496856
        ],
        [
            0.10606060606060606,
            0.14666666666666667,
            225.0
        ],
        [
            0.10606060606060606,
            0.15393816159320617,
            214.37179487179486
        ],
        [
            0.10606060606060606,
            0.1523835393182127,
            216.55882352941177
        ],
        [
            0.10606060606060606,
            0.14767067096396133,
            223.4702380952381
        ],
        [
            0.10606060606060606,
            0.1455385809547331,
            226.744
        ],
        [
            0.10606060606060606,
            0.1437073595587168,
            229.63333333333333
        ],
        [
            0.10606060606060606,
            0.15663008009492732,
            210.6875
        ],
        [
            0.10606060606060606,
            0.15,
            220.0
        ]
    ]
}