{
    "rgb_colors": [
        [
            152.73529411764707,
            133.73529411764707,
            99.79411764705883
        ],
        [
            173.25342465753425,
            154.25342465753425,
            120.26712328767124
        ],
        [
            156.61599999999999,
            137.61599999999999,
            103.664
        ],
        [
            165.43333333333334,
            146.43333333333334,
            112.46666666666667
        ],
        [
            170.3846153846154,
            151.3846153846154,
            117.45192307692308
        ],
        [
            160.1153846153846,
            141.1153846153846,
            107.16666666666667
        ],
        [
            148.66666666666666,
            129.66666666666666,
            95.66666666666667
        ],
        [
            177.25531914893617,
            158.25531914893617,
            124.27659574468085
        ],
        [
            163.0076923076923,
            144.0076923076923,
            110.01538461538462
        ],
        [
            167.9774011299435,
            148.9774011299435,
            114.98870056497175
        ]
    ],
    "hex_colors": [
        "#988563",
        "#ad9a78",
        "#9c8967",
        "#a59270",
        "#aa9775",
        "#a08d6b",
        "#94815f",
        "#b19e7c",
        "#a3906e",
        "#a79472"
    ],
    "hsl_color_values": [
        [
            0.10685185185185186,
            0.3466204506065858,
            152.73529411764707
        ],
        [
            0.10690279214064118,
            0.30583119193516506,
            173.25342465753425
        ],
        [
            0.10686407815883565,
            0.338100832609695,
            156.61599999999999
        ],
        [
            0.10688063771764211,
            0.32016925246826516,
            165.43333333333334
        ],
        [
            0.10684226460793218,
            0.310665914221219,
            170.3846153846154
        ],
        [
            0.10686037126715092,
            0.3306910080871166,
            160.1153846153846
        ],
        [
            0.10691823899371067,
            0.3565022421524663,
            148.66666666666666
        ],
        [
            0.10689424364123161,
            0.2988836874324811,
            177.25531914893617
        ],
        [
            0.10690956597474234,
            0.3250908404511349,
            163.0076923076923
        ],
        [
            0.10690549809858903,
            0.31545136553208664,
            167.9774011299435
        ]
    ]
}