{
    "rgb_colors": [
        [
            81.78688524590164,
            65.78688524590164,
            48.786885245901644
        ],
        [
            76.00507614213198,
            60.005076142131976,
            43.005076142131976
        ],
        [
            71.1608695652174,
            55.16086956521739,
            38.16086956521739
        ],
        [
            68.52830188679245,
            52.528301886792455,
            35.528301886792455
        ],
        [
            85.54838709677419,
            69.54838709677419,
            52.54838709677419
        ],
        [
            65.78494623655914,
            49.784946236559136,
            32.784946236559136
        ],
        [
            78.816,
            62.816,
            45.816
        ],
        [
            90.55555555555556,
            74.55555555555556,
            57.55555555555556
        ],
        [
            73.4746835443038,
            57.4746835443038,
            40.4746835443038
        ],
        [
            62.214285714285715,
            46.214285714285715,
            29.214285714285715
        ]
    ],
    "hex_colors": [
        "#514130",
        "#4c3c2b",
        "#473726",
        "#443423",
        "#554534",
        "#413120",
        "#4e3e2d",
        "#5a4a39",
        "#493928",
        "#3e2e1d"
    ],
    "hsl_color_values": [
        [
            0.08585858585858586,
            0.4034876728803367,
            81.78688524590164
        ],
        [
            0.08585858585858584,
            0.43418152674814675,
            76.00507614213198
        ],
        [
            0.08585858585858584,
            0.4637380094091771,
            71.1608695652174
        ],
        [
            0.08585858585858587,
            0.4815528634361233,
            68.52830188679245
        ],
        [
            0.08585858585858586,
            0.38574660633484165,
            85.54838709677419
        ],
        [
            0.08585858585858586,
            0.501634521085322,
            65.78494623655914
        ],
        [
            0.08585858585858586,
            0.4186967113276492,
            78.816
        ],
        [
            0.08585858585858586,
            0.36441717791411044,
            90.55555555555556
        ],
        [
            0.08585858585858586,
            0.44913429235937635,
            73.4746835443038
        ],
        [
            0.08585858585858586,
            0.5304247990815155,
            62.214285714285715
        ]
    ]
}