{
    "rgb_colors": [
        [
            229.47552447552448,
            219.47552447552448,
            201.47552447552448
        ],
        [
            234.0,
            224.0,
            206.0
        ],
        [
            221.12765957446808,
            211.12765957446808,
            193.12765957446808
        ],
        [
            226.99497487437185,
            216.99497487437185,
            198.99497487437185
        ],
        [
            237.35087719298247,
            227.35087719298247,
            209.35087719298247
        ],
        [
            223.6,
            213.6,
            195.6
        ],
        [
            239.74193548387098,
            229.74193548387098,
            211.74193548387098
        ],
        [
            225.0,
            215.0,
            197.0
        ],
        [
            235.45054945054946,
            225.45054945054946,
            207.45054945054946
        ],
        [
            232.09349593495935,
            222.09349593495935,
            204.09349593495935
        ]
    ],
    "hex_colors": [
        "#e5dbc9",
        "#eae0ce",
        "#ddd3c1",
        "#e2d8c6",
        "#ede3d1",
        "#dfd5c3",
        "#efe5d3",
        "#e1d7c5",
        "#ebe1cf",
        "#e8decc"
    ],
    "hsl_color_values": [
        [
            0.10714285714285714,
            0.12201737010513485,
            229.47552447552448
        ],
        [
            0.10714285714285714,
            0.11965811965811966,
            234.0
        ],
        [
            0.10714285714285714,
            0.12662368902145676,
            221.12765957446808
        ],
        [
            0.10714285714285714,
            0.12335074825112903,
            226.99497487437185
        ],
        [
            0.10714285714285714,
            0.11796880774632271,
            237.35087719298247
        ],
        [
            0.10714285714285714,
            0.12522361359570663,
            223.6
        ],
        [
            0.10714285714285714,
            0.11679224973089343,
            239.74193548387098
        ],
        [
            0.10714285714285714,
            0.12444444444444444,
            225.0
        ],
        [
            0.10714285714285714,
            0.11892093717912816,
            235.45054945054946
        ],
        [
            0.10714285714285714,
            0.12064103686837727,
            232.09349593495935
        ]
    ]
}