{
    "rgb_colors": [
        [
            45.12403100775194,
            39.751937984496124,
            37.310077519379846
        ],
        [
            83.28395061728395,
            78.65432098765432,
            76.76543209876543
        ],
        [
            51.75,
            46.58333333333333,
            44.1
        ],
        [
            94.22784810126582,
            89.45569620253164,
            87.67088607594937
        ],
        [
            123.68181818181819,
            119.31818181818181,
            116.36363636363637
        ],
        [
            61.02439024390244,
            56.548780487804876,
            54.701219512195124
        ],
        [
            13.222222222222229,
            10.333333333333336,
            8.555555555555557
        ],
        [
            112.0,
            107.66666666666666,
            104.5
        ],
        [
            67.11814345991561,
            62.81012658227848,
            60.78481012658228
        ],
        [
            73.47878787878788,
            69.21818181818182,
            67.21818181818182
        ]
    ],
    "hex_colors": [
        "#2d2725",
        "#534e4c",
        "#332e2c",
        "#5e5957",
        "#7b7774",
        "#3d3836",
        "#0d0a08",
        "#706b68",
        "#433e3c",
        "#494543"
    ],
    "hsl_color_values": [
        [
            0.052083333333333315,
            0.17316612265933687,
            45.12403100775194
        ],
        [
            0.048295454545454454,
            0.0782686036169582,
            83.28395061728395
        ],
        [
            0.054103122730573584,
            0.14782608695652172,
            51.75
        ],
        [
            0.04536679536679524,
            0.06958624395486293,
            94.22784810126582
        ],
        [
            0.06728778467908873,
            0.05916942300624766,
            123.68181818181819
        ],
        [
            0.04869816779170677,
            0.103617106314948,
            61.02439024390244
        ],
        [
            0.06349206349206345,
            0.3529411764705884,
            13.222222222222229
        ],
        [
            0.07037037037037015,
            0.06696428571428571,
            112.0
        ],
        [
            0.05329780146568943,
            0.09436097315647203,
            67.11814345991561
        ],
        [
            0.05324298160696996,
            0.08520290333223364,
            73.47878787878788
        ]
    ]
}