{
    "rgb_colors": [
        [
            153.8,
            150.8,
            148.8
        ],
        [
            63.4468085106383,
            54.234042553191486,
            42.27659574468085
        ],
        [
            86.4,
            83.4,
            81.4
        ],
        [
            34.14693877551021,
            28.910204081632653,
            25.285714285714285
        ],
        [
            36.05185185185185,
            25.666666666666664,
            16.037037037037038
        ],
        [
            43.36538461538461,
            40.18269230769231,
            38.144230769230774
        ],
        [
            37.77972027972028,
            33.01398601398601,
            30.08041958041958
        ],
        [
            73.88461538461539,
            65.57692307692308,
            55.34615384615385
        ],
        [
            46.44047619047619,
            34.976190476190474,
            21.452380952380953
        ],
        [
            58.701298701298704,
            45.285714285714285,
            28.545454545454547
        ]
    ],
    "hex_colors": [
        "#999694",
        "#3f362a",
        "#565351",
        "#221c19",
        "#241910",
        "#2b2826",
        "#25211e",
        "#494137",
        "#2e2215",
        "#3a2d1c"
    ],
    "hsl_color_values": [
        [
            0.06666666666666667,
            0.03250975292587776,
            153.8
        ],
        [
            0.09413735343383582,
            0.33366867873910133,
            63.4468085106383
        ],
        [
            0.06666666666666667,
            0.057870370370370364,
            86.4
        ],
        [
            0.06817134960847533,
            0.2595027492230458,
            34.14693877551021
        ],
        [
            0.08018751542067602,
            0.5551674542839531,
            36.05185185185185
        ],
        [
            0.06507059545733569,
            0.12039911308203977,
            43.36538461538461
        ],
        [
            0.06350287617317589,
            0.20379453956501623,
            37.77972027972028
        ],
        [
            0.09197786998616875,
            0.2509109838625716,
            73.88461538461539
        ],
        [
            0.09020168334127361,
            0.5380671622660856,
            46.44047619047619
        ],
        [
            0.09252081538903241,
            0.513716814159292,
            58.701298701298704
        ]
    ]
}