{
    "rgb_colors": [
        [
            9.651162790697668,
            6.720930232558146,
            14.662790697674424
        ],
        [
            164.2596153846154,
            152.4519230769231,
            139.8269230769231
        ],
        [
            180.58959537572252,
            170.7514450867052,
            156.11560693641619
        ],
        [
            75.26315789473685,
            61.526315789473685,
            54.973684210526315
        ],
        [
            104.86274509803921,
            90.98039215686275,
            84.0
        ],
        [
            193.60869565217394,
            183.92753623188406,
            172.0
        ],
        [
            142.90697674418604,
            129.01162790697674,
            119.2906976744186
        ],
        [
            48.42857142857143,
            35.333333333333336,
            28.85714285714286
        ],
        [
            4.1555555555555515,
            1.5444444444444372,
            3.5999999999999943
        ],
        [
            212.325,
            202.625,
            194.025
        ]
    ],
    "hex_colors": [
        "#09060e",
        "#a4988b",
        "#b4aa9c",
        "#4b3d36",
        "#685a54",
        "#c1b7ac",
        "#8e8177",
        "#30231c",
        "#040103",
        "#d4cac2"
    ],
    "hsl_color_values": [
        [
            0.7281600780868714,
            0.5416336241078507,
            14.662790697674424
        ],
        [
            0.08612094975731344,
            0.14874436574372174,
            164.2596153846154
        ],
        [
            0.09966934341048654,
            0.13552269380961518,
            180.58959537572252
        ],
        [
            0.053826199740596624,
            0.2695804195804197,
            75.26315789473685
        ],
        [
            0.05576441102756896,
            0.19895287958115182,
            104.86274509803921
        ],
        [
            0.09199642298233841,
            0.1116101504603639,
            193.60869565217394
        ],
        [
            0.06860331527982937,
            0.16525630593978846,
            142.90697674418604
        ],
        [
            0.05515004055150039,
            0.4041297935103244,
            48.42857142857143
        ],
        [
            0.8687943262411348,
            0.6283422459893062,
            4.1555555555555515
        ],
        [
            0.07832422586520948,
            0.08618862592723411,
            212.325
        ]
    ]
}