{
    "rgb_colors": [
        [
            229.98726114649682,
            220.828025477707,
            202.40764331210192
        ],
        [
            226.6417910447761,
            217.3582089552239,
            199.0
        ],
        [
            222.8659793814433,
            213.44329896907217,
            195.15463917525773
        ],
        [
            236.02830188679246,
            226.95283018867926,
            208.49056603773585
        ],
        [
            238.44615384615383,
            229.2153846153846,
            210.83076923076922
        ],
        [
            231.97857142857143,
            222.86428571428573,
            204.42142857142858
        ],
        [
            228.16551724137932,
            218.91034482758621,
            200.53793103448277
        ],
        [
            220.25,
            210.625,
            192.4375
        ],
        [
            234.06521739130434,
            224.9927536231884,
            206.52898550724638
        ],
        [
            225.3548387096774,
            215.80645161290323,
            197.58064516129033
        ]
    ],
    "hex_colors": [
        "#e5dcca",
        "#e2d9c7",
        "#ded5c3",
        "#ece2d0",
        "#eee5d2",
        "#e7decc",
        "#e4dac8",
        "#dcd2c0",
        "#eae0ce",
        "#e1d7c5"
    ],
    "hsl_color_values": [
        [
            0.11131639722863733,
            0.11991802370665776,
            229.98726114649682
        ],
        [
            0.1106911447084234,
            0.1219624629568653,
            226.6417910447761
        ],
        [
            0.1099950396825397,
            0.12434082708853739,
            222.8659793814433
        ],
        [
            0.11173918008450386,
            0.11667132978936014,
            236.02830188679246
        ],
        [
            0.11095636025998146,
            0.11581392347893413,
            238.44615384615383
        ],
        [
            0.1115431138759289,
            0.11879176032268987,
            231.97857142857143
        ],
        [
            0.11083374937593608,
            0.12108572119453512,
            228.16551724137932
        ],
        [
            0.10898876404494383,
            0.12627695800227015,
            220.25
        ],
        [
            0.11175438596491231,
            0.11764341661248877,
            234.06521739130434
        ],
        [
            0.10936895083236552,
            0.12324649298597184,
            225.3548387096774
        ]
    ]
}