{
    "rgb_colors": [
        [
            67.65086206896552,
            52.25,
            35.314655172413794
        ],
        [
            91.05405405405406,
            75.10810810810811,
            58.2972972972973
        ],
        [
            78.12949640287769,
            62.54676258992806,
            45.669064748201436
        ],
        [
            74.73885350318471,
            59.05095541401274,
            42.146496815286625
        ],
        [
            98.45161290322581,
            82.45161290322581,
            65.54838709677419
        ],
        [
            107.13636363636364,
            91.13636363636364,
            74.13636363636364
        ],
        [
            83.78333333333333,
            68.28333333333333,
            51.43333333333334
        ],
        [
            71.55502392344498,
            56.22488038277512,
            39.36842105263158
        ],
        [
            61.775862068965516,
            47.10344827586207,
            30.17241379310345
        ],
        [
            115.9047619047619,
            99.9047619047619,
            82.9047619047619
        ]
    ],
    "hex_colors": [
        "#433423",
        "#5b4b3a",
        "#4e3e2d",
        "#4a3b2a",
        "#625241",
        "#6b5b4a",
        "#534433",
        "#473827",
        "#3d2f1e",
        "#736352"
    ],
    "hsl_color_values": [
        [
            0.08728783435528302,
            0.47798661994265695,
            67.65086206896552
        ],
        [
            0.08553355335533552,
            0.35975066785396265,
            91.05405405405406
        ],
        [
            0.08665780141843975,
            0.4154696132596685,
            78.12949640287769
        ],
        [
            0.08644387987753242,
            0.43608317709221067,
            74.73885350318471
        ],
        [
            0.08562091503267975,
            0.3342070773263434,
            98.45161290322581
        ],
        [
            0.08585858585858586,
            0.3080186677980484,
            107.13636363636364
        ],
        [
            0.08681092220504893,
            0.38611497911279086,
            83.78333333333333
        ],
        [
            0.08728507011545512,
            0.4498161150117017,
            71.55502392344498
        ],
        [
            0.08928896162938717,
            0.5115824727881664,
            61.775862068965516
        ],
        [
            0.08585858585858586,
            0.2847165160230074,
            115.9047619047619
        ]
    ]
}