{
    "rgb_colors": [
        [
            12.807407407407396,
            6.5703703703703695,
            0.6666666666666572
        ],
        [
            96.6,
            78.525,
            59.425
        ],
        [
            205.56410256410254,
            190.66666666666666,
            172.76923076923077
        ],
        [
            150.232,
            135.136,
            115.336
        ],
        [
            122.20370370370371,
            106.0,
            86.87037037037037
        ],
        [
            170.59047619047618,
            156.2904761904762,
            138.03333333333333
        ],
        [
            227.16216216216216,
            215.81081081081084,
            199.16216216216216
        ],
        [
            186.11724137931034,
            171.86896551724138,
            153.87586206896552
        ],
        [
            69.63157894736842,
            52.245614035087726,
            33.08771929824562
        ],
        [
            32.65079365079366,
            23.920634920634924,
            8.793650793650798
        ]
    ],
    "hex_colors": [
        "#0c0600",
        "#604e3b",
        "#cdbeac",
        "#968773",
        "#7a6a56",
        "#aa9c8a",
        "#e3d7c7",
        "#baab99",
        "#453421",
        "#201708"
    ],
    "hsl_color_values": [
        [
            0.08104535285743353,
            0.947946790052054,
            12.807407407407396
        ],
        [
            0.08563102443398346,
            0.3848343685300207,
            96.6
        ],
        [
            0.090956476413865,
            0.1595359860296868,
            205.56410256410254
        ],
        [
            0.09456671251719394,
            0.232280739123489,
            150.232
        ],
        [
            0.09023410202655485,
            0.2891347173814215,
            122.20370370370371
        ],
        [
            0.0934620447564722,
            0.19084970969182669,
            170.59047619047618
        ],
        [
            0.09909909909909925,
            0.12325996430696014,
            227.16216216216216
        ],
        [
            0.09301247771836008,
            0.17323155593433875,
            186.11724137931034
        ],
        [
            0.0873739798367739,
            0.5248173343411439,
            69.63157894736842
        ],
        [
            0.10567753382124638,
            0.7306757413709285,
            32.65079365079366
        ]
    ]
}