{
    "rgb_colors": [
        [
            93.98958333333333,
            58.114583333333336,
            17.260416666666668
        ],
        [
            99.22549019607843,
            64.82352941176471,
            26.88235294117647
        ],
        [
            61.864583333333336,
            29.114583333333336,
            0.4375
        ],
        [
            119.87857142857143,
            82.80714285714285,
            39.68571428571428
        ],
        [
            107.42708333333333,
            73.69791666666667,
            39.17708333333333
        ],
        [
            78.0,
            45.016666666666666,
            9.399999999999999
        ],
        [
            134.91666666666666,
            98.63888888888889,
            56.861111111111114
        ],
        [
            127.18045112781955,
            89.81203007518798,
            46.24060150375939
        ],
        [
            107.09243697478992,
            69.49579831932773,
            23.327731092436977
        ],
        [
            114.85616438356165,
            76.78767123287672,
            30.397260273972602
        ]
    ],
    "hex_colors": [
        "#5d3a11",
        "#63401a",
        "#3d1d00",
        "#775227",
        "#6b4927",
        "#4e2d09",
        "#866238",
        "#7f592e",
        "#6b4517",
        "#724c1e"
    ],
    "hsl_color_values": [
        [
            0.08874106253959635,
            0.8163581957220436,
            93.98958333333333
        ],
        [
            0.0874102181867462,
            0.7290781543325758,
            99.22549019607843
        ],
        [
            0.07780792493358206,
            0.9929281023741371,
            61.864583333333336
        ],
        [
            0.08962026068109614,
            0.6689507239468511,
            119.87857142857143
        ],
        [
            0.08429995929995933,
            0.6353146514108408,
            107.42708333333333
        ],
        [
            0.08653223194039521,
            0.8794871794871794,
            78.0
        ],
        [
            0.08920521945432978,
            0.5785464278361128,
            134.91666666666666
        ],
        [
            0.0897197708623626,
            0.6364173810227609,
            127.18045112781955
        ],
        [
            0.09186062065275548,
            0.7821720025109855,
            107.09243697478992
        ],
        [
            0.0915443462276647,
            0.7353449818116763,
            114.85616438356165
        ]
    ]
}