{
    "rgb_colors": [
        [
            197.87677725118485,
            181.45497630331755,
            159.5781990521327
        ],
        [
            158.86713286713285,
            135.1818181818182,
            114.67832167832168
        ],
        [
            169.0873786407767,
            146.01941747572815,
            125.66990291262135
        ],
        [
            182.53333333333333,
            159.51666666666668,
            139.05
        ],
        [
            246.8125,
            225.5625,
            206.25
        ],
        [
            143.8876404494382,
            120.1685393258427,
            98.35955056179776
        ],
        [
            207.98620689655172,
            191.3448275862069,
            169.6
        ],
        [
            27.599999999999994,
            2.549999999999983,
            1.1999999999999886
        ],
        [
            129.05633802816902,
            105.59154929577466,
            82.64788732394366
        ],
        [
            227.33333333333334,
            207.01111111111112,
            185.34444444444443
        ]
    ],
    "hex_colors": [
        "#c5b59f",
        "#9e8772",
        "#a9927d",
        "#b69f8b",
        "#f6e1ce",
        "#8f7862",
        "#cfbfa9",
        "#1b0201",
        "#816952",
        "#e3cfb9"
    ],
    "hsl_color_values": [
        [
            0.0952027389349503,
            0.19354761448553368,
            197.87677725118485
        ],
        [
            0.07733291132563173,
            0.2781494849898758,
            158.86713286713285
        ],
        [
            0.07811568276684554,
            0.2567753789618742,
            169.0873786407767
        ],
        [
            0.07844640347515015,
            0.2382213294375456,
            182.53333333333333
        ],
        [
            0.07935285053929121,
            0.16434540389972144,
            246.8125
        ],
        [
            0.0798371174728529,
            0.31641418085272527,
            143.8876404494382
        ],
        [
            0.09441250449155586,
            0.18456131043172624,
            207.98620689655172
        ],
        [
            0.008522727272727237,
            0.9565217391304351,
            27.599999999999994
        ],
        [
            0.08239757207890745,
            0.3595983848084689,
            129.05633802816902
        ],
        [
            0.08600158772161952,
            0.18470185728250252,
            227.33333333333334
        ]
    ]
}