{
    "rgb_colors": [
        [
            229.13793103448276,
            220.13793103448276,
            204.13793103448276
        ],
        [
            233.0,
            224.0,
            208.0
        ],
        [
            241.84892086330936,
            232.84892086330936,
            216.84892086330936
        ],
        [
            239.53571428571428,
            230.53571428571428,
            214.53571428571428
        ],
        [
            231.63106796116506,
            222.63106796116506,
            206.63106796116506
        ],
        [
            238.0,
            229.0,
            213.0
        ],
        [
            244.625,
            235.625,
            219.625
        ],
        [
            234.5581395348837,
            225.5581395348837,
            209.5581395348837
        ],
        [
            237.0,
            228.0,
            212.0
        ],
        [
            236.0,
            227.0,
            211.0
        ]
    ],
    "hex_colors": [
        "#e5dccc",
        "#e9e0d0",
        "#f1e8d8",
        "#efe6d6",
        "#e7dece",
        "#eee5d5",
        "#f4ebdb",
        "#eae1d1",
        "#ede4d4",
        "#ece3d3"
    ],
    "hsl_color_values": [
        [
            0.10666666666666667,
            0.109104589917231,
            229.13793103448276
        ],
        [
            0.10666666666666667,
            0.1072961373390558,
            233.0
        ],
        [
            0.10666666666666667,
            0.10337031858880923,
            241.84892086330936
        ],
        [
            0.10666666666666667,
            0.10436857015058894,
            239.53571428571428
        ],
        [
            0.10666666666666667,
            0.1079302540028502,
            231.63106796116506
        ],
        [
            0.10666666666666667,
            0.10504201680672269,
            238.0
        ],
        [
            0.10666666666666667,
            0.10219724067450178,
            244.625
        ],
        [
            0.10666666666666667,
            0.10658338290699981,
            234.5581395348837
        ],
        [
            0.10666666666666667,
            0.10548523206751055,
            237.0
        ],
        [
            0.10666666666666667,
            0.1059322033898305,
            236.0
        ]
    ]
}