{
    "rgb_colors": [
        [
            146.63076923076923,
            139.15384615384616,
            127.38461538461539
        ],
        [
            185.90666666666667,
            177.4088888888889,
            165.5911111111111
        ],
        [
            173.13223140495867,
            165.79338842975207,
            154.45454545454547
        ],
        [
            214.54098360655738,
            206.1311475409836,
            194.95081967213116
        ],
        [
            133.89655172413794,
            126.55172413793103,
            115.13793103448276
        ],
        [
            158.97222222222223,
            151.41666666666666,
            139.59722222222223
        ],
        [
            193.96899224806202,
            185.34496124031008,
            173.5
        ],
        [
            103.44444444444444,
            96.11111111111111,
            85.66666666666667
        ],
        [
            200.91390728476821,
            193.41059602649005,
            182.27814569536423
        ],
        [
            116.375,
            109.125,
            98.5
        ]
    ],
    "hex_colors": [
        "#928b7f",
        "#b9b1a5",
        "#ada59a",
        "#d6cec2",
        "#857e73",
        "#9e978b",
        "#c1b9ad",
        "#676055",
        "#c8c1b6",
        "#746d62"
    ],
    "hsl_color_values": [
        [
            0.10191846522781778,
            0.13125590179414542,
            146.63076923076923
        ],
        [
            0.09695179756435508,
            0.1092782519304789,
            185.90666666666667
        ],
        [
            0.10117994100294987,
            0.10788104444126202,
            173.13223140495867
        ],
        [
            0.09511854951185478,
            0.09131198899671424,
            214.54098360655738
        ],
        [
            0.10140931372549015,
            0.1400978624774659,
            133.89655172413794
        ],
        [
            0.10167264038231767,
            0.12187663812685653,
            158.97222222222223
        ],
        [
            0.09644638010477817,
            0.10552713612021425,
            193.96899224806202
        ],
        [
            0.0979166666666667,
            0.17185821697099887,
            103.44444444444444
        ],
        [
            0.09956171523335694,
            0.09275496077526539,
            200.91390728476821
        ],
        [
            0.09906759906759906,
            0.1535982814178303,
            116.375
        ]
    ]
}