{
    "rgb_colors": [
        [
            236.50632911392404,
            230.50632911392404,
            215.50632911392404
        ],
        [
            243.43506493506493,
            237.43506493506493,
            222.43506493506493
        ],
        [
            238.0,
            232.0,
            217.0
        ],
        [
            249.0,
            243.0,
            228.0
        ],
        [
            239.0,
            233.0,
            218.0
        ],
        [
            234.12264150943398,
            228.12264150943398,
            213.12264150943398
        ],
        [
            242.0,
            236.0,
            221.0
        ],
        [
            240.44845360824743,
            234.44845360824743,
            219.44845360824743
        ],
        [
            245.63636363636363,
            239.63636363636363,
            224.63636363636363
        ],
        [
            231.25,
            225.25,
            210.25
        ]
    ],
    "hex_colors": [
        "#ece6d7",
        "#f3edde",
        "#eee8d9",
        "#f9f3e4",
        "#efe9da",
        "#eae4d5",
        "#f2ecdd",
        "#f0eadb",
        "#f5efe0",
        "#e7e1d2"
    ],
    "hsl_color_values": [
        [
            0.11904761904761905,
            0.08879254977520874,
            236.50632911392404
        ],
        [
            0.11904761904761905,
            0.08626530448931687,
            243.43506493506493
        ],
        [
            0.11904761904761905,
            0.08823529411764706,
            238.0
        ],
        [
            0.11904761904761905,
            0.08433734939759036,
            249.0
        ],
        [
            0.11904761904761905,
            0.08786610878661087,
            239.0
        ],
        [
            0.11904761904761905,
            0.08969657895797235,
            234.12264150943398
        ],
        [
            0.11904761904761905,
            0.08677685950413223,
            242.0
        ],
        [
            0.11904761904761905,
            0.08733680622548073,
            240.44845360824743
        ],
        [
            0.11904761904761905,
            0.08549222797927461,
            245.63636363636363
        ],
        [
            0.11904761904761905,
            0.09081081081081081,
            231.25
        ]
    ]
}