{
    "rgb_colors": [
        [
            222.90243902439025,
            200.6341463414634,
            180.0
        ],
        [
            83.89473684210526,
            52.0,
            50.1578947368421
        ],
        [
            193.20338983050846,
            171.50847457627117,
            150.84745762711864
        ],
        [
            33.12429378531073,
            1.2824858757062145,
            0.5423728813559308
        ],
        [
            125.73684210526315,
            95.21052631578948,
            91.86842105263158
        ],
        [
            53.18539325842697,
            4.123595505617978,
            3.556179775280903
        ],
        [
            169.859649122807,
            148.0877192982456,
            129.5263157894737
        ],
        [
            72.87700534759358,
            9.764705882352942,
            10.438502673796794
        ],
        [
            85.33474576271186,
            14.728813559322035,
            15.546610169491526
        ],
        [
            251.375,
            230.90625,
            212.9375
        ]
    ],
    "hex_colors": [
        "#dec8b4",
        "#533432",
        "#c1ab96",
        "#210100",
        "#7d5f5b",
        "#350403",
        "#a99481",
        "#48090a",
        "#550e0f",
        "#fbe6d4"
    ],
    "hsl_color_values": [
        [
            0.08015918135304145,
            0.19247182405077143,
            222.90243902439025
        ],
        [
            0.009100364014560602,
            0.40213299874529485,
            83.89473684210526
        ],
        [
            0.0812991863412031,
            0.21922975699622768,
            193.20338983050846
        ],
        [
            0.003785908328998333,
            0.9836261299675935,
            33.12429378531073
        ],
        [
            0.016446516446516495,
            0.26935956467141065,
            125.73684210526315
        ],
        [
            0.001905516564787546,
            0.9331361571775642,
            53.18539325842697
        ],
        [
            0.07670001449905743,
            0.2374509398884527,
            169.859649122807
        ],
        [
            0.998220640569395,
            0.8660111535074846,
            72.87700534759358
        ],
        [
            0.9980695753065675,
            0.8273995729678733,
            85.33474576271186
        ],
        [
            0.07791327913279134,
            0.15290900049726505,
            251.375
        ]
    ]
}