{
    "rgb_colors": [
        [
            234.07142857142858,
            223.02380952380952,
            204.02380952380952
        ],
        [
            231.875,
            220.875,
            201.875
        ],
        [
            226.91304347826087,
            215.70807453416148,
            196.70807453416148
        ],
        [
            224.99285714285713,
            214.36428571428573,
            195.36428571428573
        ],
        [
            224.15328467153284,
            212.6934306569343,
            193.6934306569343
        ],
        [
            230.03361344537814,
            219.26050420168067,
            200.26050420168067
        ],
        [
            229.51388888888889,
            217.51388888888889,
            198.51388888888889
        ],
        [
            219.9318181818182,
            208.70454545454547,
            189.70454545454547
        ],
        [
            222.0731707317073,
            211.09756097560975,
            192.09756097560975
        ],
        [
            227.5,
            217.5,
            198.5
        ]
    ],
    "hex_colors": [
        "#eadfcc",
        "#e7dcc9",
        "#e2d7c4",
        "#e0d6c3",
        "#e0d4c1",
        "#e6dbc8",
        "#e5d9c6",
        "#dbd0bd",
        "#ded3c0",
        "#e3d9c6"
    ],
    "hsl_color_values": [
        [
            0.1053882725832012,
            0.12836944359678576,
            234.07142857142858
        ],
        [
            0.10555555555555556,
            0.1293800539083558,
            231.875
        ],
        [
            0.10483926245801627,
            0.1331125283989818,
            226.91304347826087
        ],
        [
            0.10687881710061083,
            0.13168672021334002,
            224.99285714285713
        ],
        [
            0.10396197779375353,
            0.13588850174216024,
            224.15328467153284
        ],
        [
            0.10635995860381979,
            0.12942938554833047,
            230.03361344537814
        ],
        [
            0.10215053763440861,
            0.1350680786686838,
            229.51388888888889
        ],
        [
            0.10476190476190479,
            0.13743928903585817,
            219.9318181818182
        ],
        [
            0.10564144290751291,
            0.13498077979132342,
            222.0731707317073
        ],
        [
            0.10919540229885057,
            0.12747252747252746,
            227.5
        ]
    ]
}