{
    "rgb_colors": [
        [
            238.0,
            232.0,
            215.0
        ],
        [
            234.0,
            228.0,
            211.0
        ],
        [
            235.0,
            229.0,
            212.0
        ],
        [
            228.57142857142858,
            222.57142857142858,
            205.57142857142858
        ],
        [
            232.6,
            226.6,
            209.6
        ],
        [
            239.72151898734177,
            233.72151898734177,
            216.72151898734177
        ],
        [
            230.70212765957447,
            224.70212765957447,
            207.70212765957447
        ],
        [
            237.0,
            231.0,
            214.0
        ],
        [
            236.0,
            230.0,
            213.0
        ],
        [
            242.4736842105263,
            236.4736842105263,
            219.4736842105263
        ]
    ],
    "hex_colors": [
        "#eee8d7",
        "#eae4d3",
        "#ebe5d4",
        "#e4decd",
        "#e8e2d1",
        "#efe9d8",
        "#e6e0cf",
        "#ede7d6",
        "#ece6d5",
        "#f2ecdb"
    ],
    "hsl_color_values": [
        [
            0.12318840579710144,
            0.09663865546218488,
            238.0
        ],
        [
            0.12318840579710144,
            0.09829059829059829,
            234.0
        ],
        [
            0.12318840579710144,
            0.09787234042553192,
            235.0
        ],
        [
            0.12318840579710144,
            0.10062499999999999,
            228.57142857142858
        ],
        [
            0.12318840579710144,
            0.09888220120378333,
            232.6
        ],
        [
            0.12318840579710144,
            0.0959446615270884,
            239.72151898734177
        ],
        [
            0.12318840579710144,
            0.099695656183713,
            230.70212765957447
        ],
        [
            0.12318840579710144,
            0.0970464135021097,
            237.0
        ],
        [
            0.12318840579710144,
            0.09745762711864407,
            236.0
        ],
        [
            0.12318840579710144,
            0.09485565443889733,
            242.4736842105263
        ]
    ]
}