{
    "rgb_colors": [
        [
            151.28125,
            141.28645833333334,
            124.078125
        ],
        [
            166.21176470588236,
            156.21176470588236,
            138.65882352941176
        ],
        [
            208.21428571428572,
            198.21428571428572,
            180.21428571428572
        ],
        [
            176.11764705882354,
            166.11764705882354,
            148.15686274509804
        ],
        [
            133.32592592592593,
            123.37037037037037,
            105.74074074074073
        ],
        [
            188.46875,
            178.46875,
            160.46875
        ],
        [
            125.3061224489796,
            115.3265306122449,
            97.36734693877551
        ],
        [
            158.47142857142856,
            148.47142857142856,
            131.0857142857143
        ],
        [
            145.2875,
            135.30625,
            117.99375
        ],
        [
            139.3734939759036,
            129.40361445783134,
            111.98192771084337
        ]
    ],
    "hex_colors": [
        "#978d7c",
        "#a69c8a",
        "#d0c6b4",
        "#b0a694",
        "#857b69",
        "#bcb2a0",
        "#7d7361",
        "#9e9483",
        "#918775",
        "#8b816f"
    ],
    "hsl_color_values": [
        [
            0.1054311060054886,
            0.17981821937616194,
            151.28125
        ],
        [
            0.10617705664674071,
            0.16577010192525485,
            166.21176470588236
        ],
        [
            0.10714285714285714,
            0.13447684391080617,
            208.21428571428572
        ],
        [
            0.10705937353903694,
            0.1587619683812069,
            176.11764705882354
        ],
        [
            0.10651629072681701,
            0.2069003833546309,
            133.32592592592593
        ],
        [
            0.10714285714285714,
            0.1485657436577682,
            188.46875
        ],
        [
            0.10713416118821521,
            0.2229641693811075,
            125.3061224489796
        ],
        [
            0.10580768561989216,
            0.17281168304336061,
            158.47142857142856
        ],
        [
            0.10571712083047101,
            0.1878602770369095,
            145.2875
        ],
        [
            0.10600395865405772,
            0.19653354080221305,
            139.3734939759036
        ]
    ]
}