{
    "rgb_colors": [
        [
            238.0,
            229.0,
            213.0
        ],
        [
            236.96116504854368,
            228.01941747572815,
            212.0
        ],
        [
            230.3815789473684,
            221.42105263157896,
            205.4078947368421
        ],
        [
            241.72727272727272,
            232.76623376623377,
            216.75324675324674
        ],
        [
            239.0,
            230.0,
            214.0
        ],
        [
            235.97826086956522,
            227.0108695652174,
            211.0
        ],
        [
            233.08620689655172,
            224.125,
            208.11206896551724
        ],
        [
            234.9816513761468,
            226.0091743119266,
            210.0
        ],
        [
            239.8961038961039,
            231.0909090909091,
            215.02597402597402
        ],
        [
            244.30434782608697,
            235.43478260869566,
            219.3913043478261
        ]
    ],
    "hex_colors": [
        "#eee5d5",
        "#ece4d4",
        "#e6ddcd",
        "#f1e8d8",
        "#efe6d6",
        "#ebe3d3",
        "#e9e0d0",
        "#eae2d2",
        "#efe7d7",
        "#f4ebdb"
    ],
    "hsl_color_values": [
        [
            0.10666666666666667,
            0.10504201680672269,
            238.0
        ],
        [
            0.10696227148969273,
            0.10533863235956893,
            236.96116504854368
        ],
        [
            0.10686687741482274,
            0.10840139356902159,
            230.3815789473684
        ],
        [
            0.10686427457098291,
            0.1033148874442594,
            241.72727272727272
        ],
        [
            0.10666666666666667,
            0.10460251046025104,
            239.0
        ],
        [
            0.1068320278503047,
            0.10584983878397053,
            235.97826086956522
        ],
        [
            0.10686342193073299,
            0.10714549892743544,
            233.08620689655172
        ],
        [
            0.10680621863141145,
            0.1063132003279585,
            234.9816513761468
        ],
        [
            0.10765883376849432,
            0.10367042009527941,
            239.8961038961039
        ],
        [
            0.10732984293193715,
            0.1019754404698345,
            244.30434782608697
        ]
    ]
}