{
    "rgb_colors": [
        [
            210.09734513274336,
            195.30088495575222,
            173.61061946902655
        ],
        [
            45.57352941176471,
            27.382352941176478,
            13.485294117647058
        ],
        [
            87.82222222222222,
            75.1,
            62.483333333333334
        ],
        [
            247.08333333333331,
            234.33333333333331,
            215.33333333333331
        ],
        [
            67.94505494505495,
            52.637362637362635,
            37.318681318681314
        ],
        [
            127.95744680851064,
            114.38297872340425,
            100.8936170212766
        ],
        [
            18.412844036697237,
            3.422018348623851,
            0.3211009174311812
        ],
        [
            228.18604651162792,
            213.95348837209303,
            193.90697674418604
        ],
        [
            101.3169014084507,
            88.45070422535211,
            76.11267605633803
        ],
        [
            198.31400966183574,
            183.42028985507244,
            161.21256038647343
        ]
    ],
    "hex_colors": [
        "#d2c3ad",
        "#2d1b0d",
        "#574b3e",
        "#f7ead7",
        "#433425",
        "#7f7264",
        "#120300",
        "#e4d5c1",
        "#65584c",
        "#c6b7a1"
    ],
    "hsl_color_values": [
        [
            0.09907834101382496,
            0.17366581020176067,
            210.09734513274336
        ],
        [
            0.07218148487626035,
            0.7040980961600517,
            45.57352941176471
        ],
        [
            0.0829861872396404,
            0.2885247975708502,
            87.82222222222222
        ],
        [
            0.09973753280839896,
            0.1284991568296796,
            247.08333333333331
        ],
        [
            0.08336323406291113,
            0.450752062105774,
            67.94505494505495
        ],
        [
            0.08307127882599576,
            0.21150648486863982,
            127.95744680851064
        ],
        [
            0.02856659905341456,
            0.9825610363726962,
            18.412844036697237
        ],
        [
            0.09746720940750793,
            0.15022421524663684,
            228.18604651162792
        ],
        [
            0.08158703548477227,
            0.2487662473065962,
            101.3169014084507
        ],
        [
            0.09976128472222213,
            0.18708435848091395,
            198.31400966183574
        ]
    ]
}