{
    "rgb_colors": [
        [
            229.9,
            219.1,
            197.7
        ],
        [
            218.05517241379312,
            206.71724137931034,
            185.49655172413793
        ],
        [
            224.77981651376146,
            214.04587155963304,
            192.62385321100916
        ],
        [
            210.98181818181817,
            199.36363636363637,
            178.23636363636365
        ],
        [
            219.17241379310346,
            210.17241379310346,
            188.17241379310346
        ],
        [
            215.85294117647058,
            204.36764705882354,
            183.19607843137254
        ],
        [
            220.52586206896552,
            208.52586206896552,
            187.52586206896552
        ],
        [
            222.6810810810811,
            211.28108108108108,
            190.0810810810811
        ],
        [
            227.3921568627451,
            216.15686274509804,
            194.90196078431373
        ],
        [
            213.28571428571428,
            202.07692307692307,
            180.8131868131868
        ]
    ],
    "hex_colors": [
        "#e5dbc5",
        "#daceb9",
        "#e0d6c0",
        "#d2c7b2",
        "#dbd2bc",
        "#d7ccb7",
        "#dcd0bb",
        "#ded3be",
        "#e3d8c2",
        "#d5cab4"
    ],
    "hsl_color_values": [
        [
            0.11076604554865421,
            0.14006089604175737,
            229.9
        ],
        [
            0.10862811551225016,
            0.149313682079828,
            218.05517241379312
        ],
        [
            0.11103185924869247,
            0.14305538549446964,
            224.77981651376146
        ],
        [
            0.10753285211919311,
            0.15520510168907262,
            210.98181818181817
        ],
        [
            0.11827956989247312,
            0.14144115796098175,
            219.17241379310346
        ],
        [
            0.10805063544481146,
            0.1512921833128946,
            215.85294117647058
        ],
        [
            0.10606060606060606,
            0.14964231265392283,
            220.52586206896552
        ],
        [
            0.10838445807770958,
            0.1463977085153898,
            222.6810810810811
        ],
        [
            0.10903238784952722,
            0.14288177977063038,
            227.3921568627451
        ],
        [
            0.10913705583756343,
            0.1522489566695863,
            213.28571428571428
        ]
    ]
}