{
    "rgb_colors": [
        [
            211.7837837837838,
            192.24324324324323,
            160.7027027027027
        ],
        [
            117.24931506849315,
            78.5041095890411,
            28.610958904109587
        ],
        [
            40.95555555555555,
            9.133333333333326,
            0.13333333333333286
        ],
        [
            240.625,
            223.275,
            189.05
        ],
        [
            178.6046511627907,
            157.5581395348837,
            125.48837209302326
        ],
        [
            254.55,
            246.6,
            213.0625
        ],
        [
            117.39344262295081,
            94.04918032786885,
            63.22950819672131
        ],
        [
            100.38461538461539,
            62.64903846153846,
            15.653846153846153
        ],
        [
            146.48837209302326,
            125.04651162790698,
            94.06976744186046
        ],
        [
            69.20588235294117,
            37.245098039215684,
            4.470588235294116
        ]
    ],
    "hex_colors": [
        "#d3c0a0",
        "#754e1c",
        "#280900",
        "#f0dfbd",
        "#b29d7d",
        "#fef6d5",
        "#755e3f",
        "#643e0f",
        "#927d5e",
        "#452504"
    ],
    "hsl_color_values": [
        [
            0.1029100529100528,
            0.2411944869831547,
            211.7837837837838
        ],
        [
            0.09381407185320272,
            0.7559818674642491,
            117.24931506849315
        ],
        [
            0.036744692433315164,
            0.9967444384156267,
            40.95555555555555
        ],
        [
            0.11059945063822912,
            0.2143376623376623,
            240.625
        ],
        [
            0.1006275539988324,
            0.29739583333333336,
            178.6046511627907
        ],
        [
            0.13472933614542526,
            0.16298369671970148,
            254.55
        ],
        [
            0.09483454398708636,
            0.4613880742913001,
            117.39344262295081
        ],
        [
            0.0924402330155848,
            0.8440613026819923,
            100.38461538461539
        ],
        [
            0.09849157054126,
            0.35783457691697096,
            146.48837209302326
        ],
        [
            0.08438083699328587,
            0.935401614959626,
            69.20588235294117
        ]
    ]
}