{
    "rgb_colors": [
        [
            234.0,
            228.0,
            213.0
        ],
        [
            238.4550898203593,
            232.4550898203593,
            217.4550898203593
        ],
        [
            235.0,
            229.0,
            214.0
        ],
        [
            230.3582089552239,
            224.3582089552239,
            209.3582089552239
        ],
        [
            237.0,
            231.0,
            216.0
        ],
        [
            241.6,
            235.6,
            220.6
        ],
        [
            240.0,
            234.0,
            219.0
        ],
        [
            236.0,
            230.0,
            215.0
        ],
        [
            232.0,
            226.0,
            211.0
        ],
        [
            233.0,
            227.0,
            212.0
        ]
    ],
    "hex_colors": [
        "#eae4d5",
        "#eee8d9",
        "#ebe5d6",
        "#e6e0d1",
        "#ede7d8",
        "#f1ebdc",
        "#f0eadb",
        "#ece6d7",
        "#e8e2d3",
        "#e9e3d4"
    ],
    "hsl_color_values": [
        [
            0.11904761904761905,
            0.08974358974358974,
            234.0
        ],
        [
            0.11904761904761905,
            0.0880668976947416,
            238.4550898203593
        ],
        [
            0.11904761904761905,
            0.08936170212765958,
            235.0
        ],
        [
            0.11904761904761905,
            0.09116236879616431,
            230.3582089552239
        ],
        [
            0.11904761904761905,
            0.08860759493670886,
            237.0
        ],
        [
            0.11904761904761905,
            0.0869205298013245,
            241.6
        ],
        [
            0.11904761904761905,
            0.0875,
            240.0
        ],
        [
            0.11904761904761905,
            0.08898305084745763,
            236.0
        ],
        [
            0.11904761904761905,
            0.09051724137931035,
            232.0
        ],
        [
            0.11904761904761905,
            0.09012875536480687,
            233.0
        ]
    ]
}