{
    "rgb_colors": [
        [
            72.52941176470588,
            63.41176470588235,
            55.0
        ],
        [
            167.5722891566265,
            160.47289156626505,
            151.5331325301205
        ],
        [
            213.8695652173913,
            204.3913043478261,
            195.73913043478262
        ],
        [
            140.25,
            132.5952380952381,
            123.77380952380952
        ],
        [
            193.71153846153845,
            185.17307692307693,
            177.48076923076923
        ],
        [
            179.8,
            171.65833333333333,
            163.075
        ],
        [
            158.96226415094338,
            151.84150943396227,
            142.8566037735849
        ],
        [
            47.153846153846146,
            37.230769230769226,
            28.230769230769226
        ],
        [
            13.630769230769232,
            4.830769230769221,
            1.2153846153846075
        ],
        [
            105.18867924528303,
            97.20754716981132,
            88.64150943396226
        ]
    ],
    "hex_colors": [
        "#483f37",
        "#a7a097",
        "#d5ccc3",
        "#8c847b",
        "#c1b9b1",
        "#b3aba3",
        "#9e978e",
        "#2f251c",
        "#0d0401",
        "#696158"
    ],
    "hsl_color_values": [
        [
            0.0799776286353467,
            0.24168694241686944,
            72.52941176470588
        ],
        [
            0.09289514866979633,
            0.09571485063090909,
            167.5722891566265
        ],
        [
            0.07953637090327732,
            0.08477332791217723,
            213.8695652173913
        ],
        [
            0.08923410404624288,
            0.11747729394788223,
            140.25
        ],
        [
            0.07898894154818344,
            0.08378834508090935,
            193.71153846153845
        ],
        [
            0.08553396445773125,
            0.09302002224694117,
            179.8
        ],
        [
            0.0929787566385506,
            0.10131750741839754,
            158.96226415094338
        ],
        [
            0.07926829268292684,
            0.401305057096248,
            47.153846153846146
        ],
        [
            0.048533663775299406,
            0.9108352144469531,
            13.630769230769232
        ],
        [
            0.08627898137590269,
            0.1573094170403589,
            105.18867924528303
        ]
    ]
}