{
    "rgb_colors": [
        [
            19.836363636363643,
            12.909090909090907,
            8.145454545454555
        ],
        [
            53.214285714285715,
            45.82142857142858,
            38.642857142857146
        ],
        [
            104.712,
            96.032,
            85.288
        ],
        [
            32.897058823529406,
            26.316176470588232,
            20.735294117647058
        ],
        [
            155.91397849462368,
            143.95698924731184,
            130.94623655913978
        ],
        [
            91.54385964912281,
            82.96491228070175,
            73.0701754385965
        ],
        [
            138.78823529411764,
            129.88823529411764,
            118.7
        ],
        [
            115.66887417218543,
            107.33112582781457,
            96.16556291390728
        ],
        [
            71.79166666666667,
            63.833333333333336,
            56.91666666666667
        ],
        [
            125.83783783783784,
            118.14054054054054,
            107.54054054054055
        ]
    ],
    "hex_colors": [
        "#130c08",
        "#352d26",
        "#686055",
        "#201a14",
        "#9b8f82",
        "#5b5249",
        "#8a8176",
        "#736b60",
        "#473f38",
        "#7d766b"
    ],
    "hsl_color_values": [
        [
            0.06791083462934146,
            0.589367552703941,
            19.836363636363643
        ],
        [
            0.08210784313725494,
            0.27382550335570466,
            53.214285714285715
        ],
        [
            0.09218835804503017,
            0.18549927419970974,
            104.712
        ],
        [
            0.07648125755743651,
            0.36969155118462216,
            32.897058823529406
        ],
        [
            0.08685041630778068,
            0.16013793103448293,
            155.91397849462368
        ],
        [
            0.08926875593542256,
            0.20180145649674203,
            91.54385964912281
        ],
        [
            0.09282576866764268,
            0.1447401881834364,
            138.78823529411764
        ],
        [
            0.09541595925297124,
            0.16861330585136838,
            115.66887417218543
        ],
        [
            0.07749766573295981,
            0.20719674985490422,
            71.79166666666667
        ],
        [
            0.09655342195962578,
            0.14540378006872848,
            125.83783783783784
        ]
    ]
}