{
    "rgb_colors": [
        [
            239.44692737430168,
            230.44692737430168,
            215.83240223463687
        ],
        [
            243.85798816568047,
            234.85798816568047,
            220.68047337278105
        ],
        [
            231.0408163265306,
            222.0408163265306,
            207.0204081632653
        ],
        [
            235.80666666666667,
            226.80666666666667,
            212.20666666666668
        ],
        [
            241.8421052631579,
            232.8421052631579,
            216.8421052631579
        ],
        [
            237.59060402684563,
            228.59060402684563,
            214.30872483221478
        ],
        [
            246.48888888888888,
            237.48888888888888,
            223.17777777777778
        ],
        [
            241.4390243902439,
            232.4390243902439,
            218.4390243902439
        ],
        [
            249.46666666666667,
            240.46666666666667,
            226.06666666666666
        ],
        [
            233.9626168224299,
            224.9626168224299,
            210.0841121495327
        ]
    ],
    "hex_colors": [
        "#efe6d7",
        "#f3eadc",
        "#e7decf",
        "#ebe2d4",
        "#f1e8d8",
        "#ede4d6",
        "#f6eddf",
        "#f1e8da",
        "#f9f0e2",
        "#e9e0d2"
    ],
    "hsl_color_values": [
        [
            0.10314643955524012,
            0.09862112409883111,
            239.44692737430168
        ],
        [
            0.10194877031741982,
            0.09504513248568382,
            243.85798816568047
        ],
        [
            0.10421976777116963,
            0.1039660807349174,
            231.0408163265306
        ],
        [
            0.10310734463276834,
            0.1000819880693223,
            235.80666666666667
        ],
        [
            0.10666666666666667,
            0.10337323177366703,
            241.8421052631579
        ],
        [
            0.10223887767848557,
            0.09799158215869598,
            237.59060402684563
        ],
        [
            0.1023196695265332,
            0.09457266498377206,
            246.48888888888888
        ],
        [
            0.10144927536231885,
            0.09526214769168603,
            241.4390243902439
        ],
        [
            0.10256410256410257,
            0.09380010689470873,
            249.46666666666667
        ],
        [
            0.10384866275277238,
            0.1020611967723896,
            233.9626168224299
        ]
    ]
}