{
    "rgb_colors": [
        [
            193.0681818181818,
            178.75,
            153.75
        ],
        [
            90.28217821782178,
            59.44059405940594,
            18.717821782178216
        ],
        [
            236.88888888888889,
            218.8148148148148,
            192.74074074074073
        ],
        [
            59.51282051282051,
            31.66666666666667,
            2.57692307692308
        ],
        [
            120.71014492753623,
            91.6086956521739,
            51.768115942028984
        ],
        [
            31.609756097560975,
            6.195121951219505,
            0.8780487804878021
        ],
        [
            111.35981308411215,
            80.86915887850468,
            36.8177570093458
        ],
        [
            80.23030303030303,
            49.57575757575758,
            11.684848484848484
        ],
        [
            100.33333333333333,
            69.82692307692308,
            27.326923076923077
        ],
        [
            162.03571428571428,
            146.07142857142856,
            122.71428571428571
        ]
    ],
    "hex_colors": [
        "#c1b299",
        "#5a3b12",
        "#ecdac0",
        "#3b1f02",
        "#785b33",
        "#1f0600",
        "#6f5024",
        "#50310b",
        "#64451b",
        "#a2927a"
    ],
    "hsl_color_values": [
        [
            0.10597302504816956,
            0.20364920541494996,
            193.0681818181818
        ],
        [
            0.09483951300498061,
            0.7926742337007183,
            90.28217821782178
        ],
        [
            0.09843400447427293,
            0.1863664790494059,
            236.88888888888889
        ],
        [
            0.08515349395781731,
            0.9566996984058594,
            59.51282051282051
        ],
        [
            0.0963142036297386,
            0.5711369912354425,
            120.71014492753623
        ],
        [
            0.02883597883597881,
            0.9722222222222223,
            31.609756097560975
        ],
        [
            0.09849339685723839,
            0.6693802190424237,
            111.35981308411215
        ],
        [
            0.09213085764809903,
            0.8543586644508233,
            80.23030303030303
        ],
        [
            0.09702344367372027,
            0.727638640429338,
            100.33333333333333
        ],
        [
            0.0990009082652134,
            0.2426713687458673,
            162.03571428571428
        ]
    ]
}