{
    "rgb_colors": [
        [
            99.8468085106383,
            93.85531914893618,
            86.00425531914894
        ],
        [
            104.01428571428572,
            98.05714285714286,
            89.98571428571428
        ],
        [
            89.04615384615384,
            83.13846153846154,
            74.81538461538462
        ],
        [
            79.4390243902439,
            74.29268292682927,
            62.78048780487805
        ],
        [
            122.60377358490567,
            116.60377358490567,
            107.86792452830188
        ],
        [
            131.73333333333335,
            125.73333333333333,
            117.71111111111111
        ],
        [
            108.42477876106194,
            102.4424778761062,
            94.34513274336283
        ],
        [
            114.95652173913044,
            108.95652173913044,
            100.56521739130434
        ],
        [
            94.94708994708995,
            88.98412698412699,
            81.25925925925927
        ],
        [
            142.66666666666666,
            136.66666666666666,
            128.11111111111111
        ]
    ],
    "hex_colors": [
        "#635d56",
        "#686259",
        "#59534a",
        "#4f4a3e",
        "#7a746b",
        "#837d75",
        "#6c665e",
        "#726c64",
        "#5e5851",
        "#8e8880"
    ],
    "hsl_color_values": [
        [
            0.09452812788195515,
            0.13863791339924988,
            99.8468085106383
        ],
        [
            0.09589273591310259,
            0.13487158357368503,
            104.01428571428572
        ],
        [
            0.09747747747747754,
            0.159813407049067,
            89.04615384615384
        ],
        [
            0.11517813567593953,
            0.20970217992017193,
            79.4390243902439
        ],
        [
            0.09880495091762702,
            0.12019082794706071,
            122.60377358490567
        ],
        [
            0.09535129424194393,
            0.10644399460188946,
            131.73333333333335
        ],
        [
            0.09585166561910756,
            0.12985634998367618,
            108.42477876106194
        ],
        [
            0.09718026183282984,
            0.12518910741301065,
            114.95652173913044
        ],
        [
            0.09406004380878752,
            0.14416271942045134,
            94.94708994708995
        ],
        [
            0.09796437659033073,
            0.10202492211837998,
            142.66666666666666
        ]
    ]
}