{
    "rgb_colors": [
        [
            207.44585987261146,
            200.43949044585986,
            191.47770700636943
        ],
        [
            200.21341463414635,
            193.20731707317074,
            184.2439024390244
        ],
        [
            204.51075268817203,
            197.51612903225808,
            188.53225806451613
        ],
        [
            191.7058823529412,
            184.76470588235293,
            175.76470588235293
        ],
        [
            185.25,
            178.25,
            169.25
        ],
        [
            197.0,
            190.03076923076924,
            181.03076923076924
        ],
        [
            205.96875,
            198.97916666666666,
            190.04166666666666
        ],
        [
            213.08333333333334,
            206.0,
            197.25
        ],
        [
            209.8951612903226,
            202.8548387096774,
            194.0
        ],
        [
            202.49142857142857,
            195.49714285714285,
            186.56571428571428
        ]
    ],
    "hex_colors": [
        "#cfc8bf",
        "#c8c1b8",
        "#ccc5bc",
        "#bfb8af",
        "#b9b2a9",
        "#c5beb5",
        "#cdc6be",
        "#d5cec5",
        "#d1cac2",
        "#cac3ba"
    ],
    "hsl_color_values": [
        [
            0.09353809333865164,
            0.07697503761245356,
            207.44585987261146
        ],
        [
            0.09354715540282556,
            0.0797624486066697,
            200.21341463414635
        ],
        [
            0.09370794078061932,
            0.07813033991429845,
            204.51075268817203
        ],
        [
            0.09409594095940944,
            0.08315434182264511,
            191.7058823529412
        ],
        [
            0.09375,
            0.08636977058029689,
            185.25
        ],
        [
            0.09393063583815033,
            0.0810620851229988,
            197.0
        ],
        [
            0.09352517985611504,
            0.07732766904364542,
            205.96875
        ],
        [
            0.09210526315789469,
            0.07430582714118111,
            213.08333333333334
        ],
        [
            0.09284627092846254,
            0.0757290506012987,
            209.8951612903226
        ],
        [
            0.09346968066020804,
            0.07864883169657978,
            202.49142857142857
        ]
    ]
}