{
    "rgb_colors": [
        [
            158.39622641509433,
            155.37735849056602,
            146.37735849056602
        ],
        [
            133.12244897959184,
            130.12244897959184,
            121.14285714285714
        ],
        [
            142.84615384615384,
            139.8901098901099,
            130.87912087912088
        ],
        [
            129.13888888888889,
            126.11111111111111,
            117.11111111111111
        ],
        [
            152.53125,
            149.5,
            140.52083333333334
        ],
        [
            148.37430167597765,
            145.3631284916201,
            136.4413407821229
        ],
        [
            136.08,
            133.088,
            124.112
        ],
        [
            138.49462365591398,
            135.51612903225805,
            126.58064516129032
        ],
        [
            140.52380952380952,
            137.5142857142857,
            128.52380952380952
        ],
        [
            145.49056603773585,
            142.5,
            133.53773584905662
        ]
    ],
    "hex_colors": [
        "#9e9b92",
        "#858279",
        "#8e8b82",
        "#817e75",
        "#98958c",
        "#949188",
        "#88857c",
        "#8a877e",
        "#8c8980",
        "#918e85"
    ],
    "hsl_color_values": [
        [
            0.12480376766091045,
            0.07587849910661112,
            158.39622641509433
        ],
        [
            0.12492901760363433,
            0.08998926874137671,
            133.12244897959184
        ],
        [
            0.12549739822467113,
            0.08377567505192705,
            142.84615384615384
        ],
        [
            0.1247113163972287,
            0.09313830931383088,
            129.13888888888889
        ],
        [
            0.12460248626770738,
            0.07874069521272957,
            152.53125
        ],
        [
            0.12460986267166041,
            0.08042471478594831,
            148.37430167597765
        ],
        [
            0.12499999999999982,
            0.08794826572604363,
            136.08
        ],
        [
            0.12499999999999974,
            0.08602484472049694,
            138.49462365591398
        ],
        [
            0.12486772486772484,
            0.08539478143002373,
            140.52380952380952
        ],
        [
            0.12496711391739014,
            0.08215536246919973,
            145.49056603773585
        ]
    ]
}