{
    "rgb_colors": [
        [
            134.71134020618555,
            128.5979381443299,
            117.80412371134021
        ],
        [
            108.22222222222223,
            101.88888888888889,
            90.18518518518519
        ],
        [
            124.24806201550388,
            118.2248062015504,
            107.08527131782945
        ],
        [
            113.62162162162161,
            107.51351351351352,
            95.64864864864865
        ],
        [
            129.13815789473685,
            123.32236842105263,
            112.15131578947368
        ],
        [
            121.61875,
            115.2875,
            104.10625
        ],
        [
            131.7175572519084,
            125.59541984732824,
            114.53435114503817
        ],
        [
            117.47222222222223,
            111.44444444444444,
            99.88888888888889
        ],
        [
            126.83673469387755,
            120.72448979591837,
            109.66836734693878
        ],
        [
            138.82608695652175,
            132.95652173913044,
            122.08695652173913
        ]
    ],
    "hex_colors": [
        "#868075",
        "#6c655a",
        "#7c766b",
        "#716b5f",
        "#817b70",
        "#797368",
        "#837d72",
        "#756f63",
        "#7e786d",
        "#8a847a"
    ],
    "hsl_color_values": [
        [
            0.10640243902439035,
            0.12550700237238835,
            134.71134020618555
        ],
        [
            0.10814510609171792,
            0.16666666666666666,
            108.22222222222223
        ],
        [
            0.10817524841915094,
            0.13813326678312957,
            124.24806201550388
        ],
        [
            0.11002506265664169,
            0.15818268315889625,
            113.62162162162161
        ],
        [
            0.10960495739736631,
            0.13154006826634065,
            129.13815789473685
        ],
        [
            0.10641208660480599,
            0.14399506655018246,
            121.61875
        ],
        [
            0.10728565082185691,
            0.13045494059692844,
            131.7175572519084
        ],
        [
            0.1095313322801474,
            0.14968077559706794,
            117.47222222222223
        ],
        [
            0.10733036156513132,
            0.1353580048270313,
            126.83673469387755
        ],
        [
            0.10822510822510821,
            0.12057626056999697,
            138.82608695652175
        ]
    ]
}