{
    "rgb_colors": [
        [
            103.72222222222223,
            97.55555555555556,
            85.5925925925926
        ],
        [
            119.41436464088397,
            113.20994475138122,
            101.2817679558011
        ],
        [
            134.53125,
            128.25,
            116.28125
        ],
        [
            115.76216216216216,
            109.63783783783784,
            97.5945945945946
        ],
        [
            128.61627906976744,
            122.47674418604652,
            110.46511627906976
        ],
        [
            111.56551724137931,
            105.42758620689655,
            93.42758620689655
        ],
        [
            100.33333333333334,
            94.08333333333334,
            81.94444444444444
        ],
        [
            107.71794871794872,
            101.48717948717949,
            89.5982905982906
        ],
        [
            123.64606741573034,
            117.43258426966293,
            105.60112359550561
        ],
        [
            95.5,
            89.4,
            77.4
        ]
    ],
    "hex_colors": [
        "#676155",
        "#777165",
        "#868074",
        "#736d61",
        "#807a6e",
        "#6f695d",
        "#645e51",
        "#6b6559",
        "#7b7569",
        "#5f594d"
    ],
    "hsl_color_values": [
        [
            0.10997616615594141,
            0.1747902160328513,
            103.72222222222223
        ],
        [
            0.10963843185049771,
            0.15184602572406775,
            119.41436464088397
        ],
        [
            0.10930365296803653,
            0.1356562137049942,
            134.53125
        ],
        [
            0.11048299117326195,
            0.1569387373926036,
            115.76216216216216
        ],
        [
            0.1102925475122785,
            0.1411264804267246,
            128.61627906976744
        ],
        [
            0.11026615969581748,
            0.1625764974964456,
            111.56551724137931
        ],
        [
            0.11002014098690839,
            0.1832779623477299,
            100.33333333333334
        ],
        [
            0.10935534591194969,
            0.16821391732127264,
            107.71794871794872
        ],
        [
            0.10927770859277712,
            0.14594029715116552,
            123.64606741573034
        ],
        [
            0.11049723756906081,
            0.18952879581151827,
            95.5
        ]
    ]
}