{
    "rgb_colors": [
        [
            160.56338028169014,
            151.00704225352112,
            219.51408450704224
        ],
        [
            171.11764705882354,
            161.5686274509804,
            229.7058823529412
        ],
        [
            158.56,
            148.86666666666667,
            217.67333333333335
        ],
        [
            156.21857923497268,
            146.56830601092895,
            215.224043715847
        ],
        [
            166.4297520661157,
            156.82644628099175,
            225.50413223140495
        ],
        [
            153.00877192982455,
            143.359649122807,
            212.07894736842104
        ],
        [
            164.37113402061857,
            155.1340206185567,
            222.53608247422682
        ],
        [
            162.36,
            152.744,
            221.528
        ],
        [
            180.8,
            171.0,
            240.6
        ],
        [
            149.16666666666666,
            139.41666666666666,
            208.72222222222223
        ]
    ],
    "hex_colors": [
        "#a097db",
        "#aba1e5",
        "#9e94d9",
        "#9c92d7",
        "#a69ce1",
        "#998fd4",
        "#a49bde",
        "#a298dd",
        "#b4abf0",
        "#958bd0"
    ],
    "hsl_color_values": [
        [
            0.6899157072368421,
            0.3120849507555099,
            219.51408450704224
        ],
        [
            0.6900239808153478,
            0.29662825437473334,
            229.7058823529412
        ],
        [
            0.6901463036527469,
            0.31610057884903986,
            217.67333333333335
        ],
        [
            0.6900933885174574,
            0.3189965977758595,
            215.224043715847
        ],
        [
            0.6899719213798635,
            0.3045517847980649,
            225.50413223140495
        ],
        [
            0.6900689303038039,
            0.32402696777929435,
            212.07894736842104
        ],
        [
            0.6895074946466809,
            0.30288149726674707,
            222.53608247422682
        ],
        [
            0.6899666589129255,
            0.31049799573868764,
            221.528
        ],
        [
            0.6901340996168583,
            0.28927680798004984,
            240.6
        ],
        [
            0.6901135604542418,
            0.3320468458876764,
            208.72222222222223
        ]
    ]
}