{
    "rgb_colors": [
        [
            217.0,
            183.0,
            174.0
        ],
        [
            184.1888888888889,
            148.56666666666666,
            140.26111111111112
        ],
        [
            198.5,
            163.25862068965517,
            154.8793103448276
        ],
        [
            194.83333333333334,
            159.525,
            151.14166666666668
        ],
        [
            191.65734265734267,
            156.21678321678323,
            147.8041958041958
        ],
        [
            189.1849710982659,
            153.52023121387282,
            145.16763005780348
        ],
        [
            181.23214285714286,
            145.38392857142858,
            137.21428571428572
        ],
        [
            186.70700636942675,
            151.40127388535032,
            142.93630573248407
        ],
        [
            176.76363636363635,
            141.29090909090908,
            132.96363636363637
        ],
        [
            203.08,
            167.44,
            159.08
        ]
    ],
    "hex_colors": [
        "#d9b7ae",
        "#b8948c",
        "#c6a39a",
        "#c29f97",
        "#bf9c93",
        "#bd9991",
        "#b59189",
        "#ba978e",
        "#b08d84",
        "#cba79f"
    ],
    "hsl_color_values": [
        [
            0.034883720930232565,
            0.19815668202764977,
            217.0
        ],
        [
            0.03151216221913069,
            0.23849309283947637,
            184.1888888888889
        ],
        [
            0.032015810276679844,
            0.21975158516459653,
            198.5
        ],
        [
            0.031979146798906455,
            0.22425149700598798,
            194.83333333333334
        ],
        [
            0.03197257215755064,
            0.22881015798883494,
            191.65734265734267
        ],
        [
            0.03162617640621571,
            0.2326682758409972,
            189.1849710982659
        ],
        [
            0.030933062880324564,
            0.24288107202680065,
            181.23214285714286
        ],
        [
            0.03223224679860306,
            0.2344352335141405,
            186.70700636942675
        ],
        [
            0.03168673031686727,
            0.24778852088047718,
            176.76363636363635
        ],
        [
            0.0316666666666666,
            0.2166633838881229,
            203.08
        ]
    ]
}