{
    "rgb_colors": [
        [
            115.44,
            106.8,
            100.56
        ],
        [
            143.7511111111111,
            139.4488888888889,
            128.71555555555557
        ],
        [
            139.56884057971016,
            135.21014492753622,
            124.58695652173913
        ],
        [
            149.11363636363637,
            145.0,
            134.1590909090909
        ],
        [
            106.27272727272728,
            96.63636363636363,
            90.81818181818181
        ],
        [
            135.86274509803923,
            131.4,
            120.86666666666666
        ],
        [
            67.0,
            55.16666666666667,
            51.66666666666667
        ],
        [
            92.0,
            81.0,
            76.4
        ],
        [
            131.328,
            126.312,
            116.304
        ],
        [
            75.0,
            65.33333333333334,
            60.66666666666667
        ]
    ],
    "hex_colors": [
        "#736a64",
        "#8f8b80",
        "#8b877c",
        "#959186",
        "#6a605a",
        "#878378",
        "#433733",
        "#5c514c",
        "#837e74",
        "#4b413c"
    ],
    "hsl_color_values": [
        [
            0.06989247311827952,
            0.12889812889812885,
            115.44
        ],
        [
            0.11897723913686081,
            0.10459436062329938,
            143.7511111111111
        ],
        [
            0.11817815397017312,
            0.1073440461047222,
            139.56884057971016
        ],
        [
            0.12082066869300905,
            0.10028959000152424,
            149.11363636363637
        ],
        [
            0.06274509803921557,
            0.1454234388366126,
            106.27272727272728
        ],
        [
            0.1170676429567643,
            0.11037667773127448,
            135.86274509803923
        ],
        [
            0.03804347826086959,
            0.22885572139303476,
            67.0
        ],
        [
            0.0491452991452991,
            0.16956521739130428,
            92.0
        ],
        [
            0.11102236421725235,
            0.11440058479532164,
            131.328
        ],
        [
            0.054263565891472944,
            0.19111111111111104,
            75.0
        ]
    ]
}