{
    "rgb_colors": [
        [
            202.38888888888889,
            166.88888888888889,
            158.55555555555554
        ],
        [
            193.72151898734177,
            158.36708860759495,
            150.08860759493672
        ],
        [
            185.21808510638297,
            149.71808510638297,
            141.37234042553192
        ],
        [
            180.176,
            144.696,
            136.432
        ],
        [
            190.52866242038218,
            155.0063694267516,
            146.63694267515925
        ],
        [
            176.8939393939394,
            141.43939393939394,
            133.0909090909091
        ],
        [
            172.0,
            136.86363636363637,
            128.3181818181818
        ],
        [
            182.65648854961833,
            147.44274809160305,
            139.03053435114504
        ],
        [
            187.53551912568307,
            152.43169398907105,
            143.85792349726776
        ],
        [
            197.16363636363636,
            162.1818181818182,
            153.6727272727273
        ]
    ],
    "hex_colors": [
        "#caa69e",
        "#c19e96",
        "#b9958d",
        "#b49088",
        "#be9b92",
        "#b08d85",
        "#ac8880",
        "#b6938b",
        "#bb988f",
        "#c5a299"
    ],
    "hsl_color_values": [
        [
            0.0316856780735108,
            0.21657974197090316,
            202.38888888888889
        ],
        [
            0.03162170002901077,
            0.2252352326189231,
            193.72151898734177
        ],
        [
            0.03172388693436853,
            0.2367249648200798,
            185.21808510638297
        ],
        [
            0.03148622287247016,
            0.24278483260811654,
            180.176
        ],
        [
            0.031780583369612536,
            0.23036806739544677,
            190.52866242038218
        ],
        [
            0.03176524847227025,
            0.2476231263383298,
            176.8939393939394
        ],
        [
            0.032604925424904674,
            0.25396405919661735,
            172.0
        ],
        [
            0.032137649460484086,
            0.2388415245737212,
            182.65648854961833
        ],
        [
            0.03271612661078447,
            0.23290305661586877,
            187.53551912568307
        ],
        [
            0.03260869565217389,
            0.22058281077093314,
            197.16363636363636
        ]
    ]
}