{
    "rgb_colors": [
        [
            125.816,
            118.896,
            108.736
        ],
        [
            113.77397260273973,
            107.16438356164383,
            96.37671232876713
        ],
        [
            94.14285714285714,
            87.57142857142857,
            76.71428571428572
        ],
        [
            109.37383177570094,
            102.85981308411215,
            91.60747663551402
        ],
        [
            123.0125,
            116.04375,
            105.88125
        ],
        [
            117.17006802721089,
            110.46938775510205,
            99.74149659863946
        ],
        [
            132.6078431372549,
            125.6470588235294,
            115.56862745098039
        ],
        [
            120.03726708074534,
            113.16770186335404,
            102.81987577639751
        ],
        [
            104.075,
            97.675,
            86.025
        ],
        [
            128.775,
            121.825,
            111.8125
        ]
    ],
    "hex_colors": [
        "#7d766c",
        "#716b60",
        "#5e574c",
        "#6d665b",
        "#7b7469",
        "#756e63",
        "#847d73",
        "#787166",
        "#686156",
        "#80796f"
    ],
    "hsl_color_values": [
        [
            0.09914129586260732,
            0.13575379919883002,
            125.816
        ],
        [
            0.1033464566929133,
            0.15291072181084825,
            113.77397260273973
        ],
        [
            0.10382513661202182,
            0.18512898330804237,
            94.14285714285714
        ],
        [
            0.10555847799403821,
            0.16243698197043493,
            109.37383177570094
        ],
        [
            0.09886902590295517,
            0.1392643024082919,
            123.0125
        ],
        [
            0.1025891230809264,
            0.14874593590339064,
            117.17006802721089
        ],
        [
            0.09858074415036444,
            0.12849327221647194,
            132.6078431372549
        ],
        [
            0.10016835016835024,
            0.14343371623719345,
            120.03726708074534
        ],
        [
            0.10757156048014767,
            0.17343262070622145,
            104.075
        ],
        [
            0.09837877671333824,
            0.13172199572898471,
            128.775
        ]
    ]
}