{
    "rgb_colors": [
        [
            151.2601156069364,
            146.6878612716763,
            138.46242774566474
        ],
        [
            136.46341463414635,
            132.2682926829268,
            122.96341463414635
        ],
        [
            157.5593220338983,
            151.72881355932202,
            146.22033898305085
        ],
        [
            244.28,
            210.64,
            231.68
        ],
        [
            141.5679012345679,
            137.41358024691357,
            128.12345679012344
        ],
        [
            238.29545454545456,
            197.8068181818182,
            221.35227272727272
        ],
        [
            180.67857142857142,
            163.14285714285714,
            173.92857142857142
        ],
        [
            146.06,
            141.905,
            132.57
        ],
        [
            235.36,
            192.952,
            216.744
        ],
        [
            230.7560975609756,
            188.7439024390244,
            212.0487804878049
        ]
    ],
    "hex_colors": [
        "#97928a",
        "#88847a",
        "#9d9792",
        "#f4d2e7",
        "#8d8980",
        "#eec5dd",
        "#b4a3ad",
        "#928d84",
        "#ebc0d8",
        "#e6bcd4"
    ],
    "hsl_color_values": [
        [
            0.1071213489912677,
            0.08460715377560375,
            151.2601156069364
        ],
        [
            0.11487503763926503,
            0.09892761394101876,
            136.46341463414635
        ],
        [
            0.08096661684105612,
            0.07196643717728048,
            157.5593220338983
        ],
        [
            0.8957590170432025,
            0.1377108236449976,
            244.28
        ],
        [
            0.1151668197122742,
            0.09496816952995561,
            141.5679012345679
        ],
        [
            0.9030779305828422,
            0.16990939437291372,
            238.29545454545456
        ],
        [
            0.8974881194840462,
            0.09705475390393355,
            180.67857142857142
        ],
        [
            0.11533234494687424,
            0.09235930439545398,
            146.06
        ],
        [
            0.9064956297553921,
            0.18018354860639027,
            235.36
        ],
        [
            0.9075471698113207,
            0.18206320684917024,
            230.7560975609756
        ]
    ]
}