{
    "rgb_colors": [
        [
            128.86069651741295,
            123.79601990049751,
            111.83084577114428
        ],
        [
            122.48484848484848,
            116.46212121212122,
            104.58333333333333
        ],
        [
            134.62937062937064,
            130.14685314685315,
            118.46153846153847
        ],
        [
            149.14285714285714,
            145.14285714285714,
            133.57142857142856
        ],
        [
            141.91304347826087,
            137.8695652173913,
            126.34782608695652
        ],
        [
            125.77142857142857,
            120.4,
            108.44285714285715
        ],
        [
            137.82857142857142,
            133.44761904761904,
            121.96190476190476
        ],
        [
            131.90116279069767,
            126.97093023255815,
            115.19767441860465
        ],
        [
            111.0,
            105.0625,
            93.1875
        ],
        [
            117.35483870967742,
            111.33870967741936,
            99.37096774193549
        ]
    ],
    "hex_colors": [
        "#807b6f",
        "#7a7468",
        "#868276",
        "#959185",
        "#8d897e",
        "#7d786c",
        "#898579",
        "#837e73",
        "#6f695d",
        "#756f63"
    ],
    "hsl_color_values": [
        [
            0.11710000973804646,
            0.1321570595729895,
            128.86069651741295
        ],
        [
            0.11059387783890544,
            0.14615289460663042,
            122.48484848484848
        ],
        [
            0.12045847750865042,
            0.12009141907334306,
            134.62937062937064
        ],
        [
            0.12385321100917435,
            0.10440613026819932,
            149.14285714285714
        ],
        [
            0.12337057728119187,
            0.10968137254901968,
            141.91304347826087
        ],
        [
            0.11500412201154166,
            0.13777828259881866,
            125.77142857142857
        ],
        [
            0.12064825930372147,
            0.11511885019347702,
            137.82857142857142
        ],
        [
            0.11747302471284382,
            0.12663639970026885,
            131.90116279069767
        ],
        [
            0.11111111111111112,
            0.16047297297297297,
            111.0
        ],
        [
            0.11091180866965622,
            0.15324354040681692,
            117.35483870967742
        ]
    ]
}