{
    "rgb_colors": [
        [
            178.48739495798318,
            143.65546218487395,
            136.28571428571428
        ],
        [
            122.6125,
            120.9625,
            111.8
        ],
        [
            172.33333333333334,
            138.27083333333334,
            131.1875
        ],
        [
            127.49342105263158,
            126.16447368421052,
            117.17105263157895
        ],
        [
            188.81914893617022,
            155.81914893617022,
            149.47872340425533
        ],
        [
            182.77685950413223,
            149.06611570247935,
            142.41322314049586
        ],
        [
            131.74698795180723,
            130.6987951807229,
            121.87349397590361
        ],
        [
            115.61904761904762,
            113.38095238095238,
            104.66666666666667
        ],
        [
            146.05747126436782,
            143.35632183908046,
            134.50574712643677
        ],
        [
            137.3235294117647,
            135.41176470588235,
            126.66911764705883
        ]
    ],
    "hex_colors": [
        "#b28f88",
        "#7a786f",
        "#ac8a83",
        "#7f7e75",
        "#bc9b95",
        "#b6958e",
        "#838279",
        "#737168",
        "#928f86",
        "#89877e"
    ],
    "hsl_color_values": [
        [
            0.029105270144696715,
            0.23644067796610171,
            178.48739495798318
        ],
        [
            0.1412331406551061,
            0.08818432052196962,
            122.6125
        ],
        [
            0.02869198312236289,
            0.238757253384913,
            172.33333333333334
        ],
        [
            0.14520926280008495,
            0.08096393002734918,
            127.49342105263158
        ],
        [
            0.026861366504416784,
            0.20834976618401033,
            188.81914893617022
        ],
        [
            0.027470652470652557,
            0.2208355941399892,
            182.77685950413223
        ],
        [
            0.14897295098637392,
            0.07494284407864654,
            131.74698795180723
        ],
        [
            0.13260869565217384,
            0.09472817133443161,
            115.61904761904762
        ],
        [
            0.12769485903814268,
            0.07909026520815307,
            146.05747126436782
        ],
        [
            0.1367609845870716,
            0.07758620689655164,
            137.3235294117647
        ]
    ]
}