{
    "rgb_colors": [
        [
            206.6969696969697,
            174.29545454545453,
            169.28787878787878
        ],
        [
            197.08396946564886,
            164.61068702290078,
            159.61832061068702
        ],
        [
            193.97260273972603,
            161.43835616438355,
            156.4931506849315
        ],
        [
            217.8148148148148,
            185.33333333333334,
            180.33333333333334
        ],
        [
            203.92857142857142,
            171.60714285714286,
            166.57142857142858
        ],
        [
            201.99319727891157,
            169.51700680272108,
            164.51020408163265
        ],
        [
            209.42857142857142,
            177.15384615384616,
            172.16483516483515
        ],
        [
            199.83783783783784,
            167.16756756756757,
            162.16216216216216
        ],
        [
            212.44736842105263,
            180.25,
            175.25
        ],
        [
            190.36363636363637,
            157.6818181818182,
            152.72727272727272
        ]
    ],
    "hex_colors": [
        "#ceaea9",
        "#c5a49f",
        "#c1a19c",
        "#d9b9b4",
        "#cbaba6",
        "#c9a9a4",
        "#d1b1ac",
        "#c7a7a2",
        "#d4b4af",
        "#be9d98"
    ],
    "hsl_color_values": [
        [
            0.022309977048737644,
            0.18098519278698139,
            206.6969696969697
        ],
        [
            0.022208638956805266,
            0.1900999302811992,
            197.08396946564886
        ],
        [
            0.021990740740740738,
            0.1932203389830509,
            193.97260273972603
        ],
        [
            0.022233201581027668,
            0.17207957830300963,
            217.8148148148148
        ],
        [
            0.02246653919694071,
            0.18318739054290706,
            203.92857142857142
        ],
        [
            0.022262552934059283,
            0.18556562152695924,
            201.99319727891157
        ],
        [
            0.022313968347586827,
            0.17793052786231506,
            209.42857142857142
        ],
        [
            0.022142515542802516,
            0.18853124154720044,
            199.83783783783784
        ],
        [
            0.022403018511967927,
            0.17508980552458814,
            212.44736842105263
        ],
        [
            0.021940418679549156,
            0.1977077363896849,
            190.36363636363637
        ]
    ]
}