{
    "rgb_colors": [
        [
            150.0566037735849,
            146.52830188679246,
            137.56603773584905
        ],
        [
            134.1980198019802,
            130.44554455445544,
            121.47524752475248
        ],
        [
            153.02173913043478,
            149.34782608695653,
            140.3695652173913
        ],
        [
            148.03333333333333,
            144.34444444444443,
            135.38888888888889
        ],
        [
            145.54736842105262,
            141.9,
            132.92631578947368
        ],
        [
            126.9,
            123.0,
            113.9
        ],
        [
            142.6036866359447,
            138.93087557603687,
            129.93087557603687
        ],
        [
            137.72972972972974,
            133.99324324324326,
            125.02702702702703
        ],
        [
            140.2774193548387,
            136.53548387096774,
            127.54193548387097
        ],
        [
            157.35714285714286,
            153.78571428571428,
            144.78571428571428
        ]
    ],
    "hex_colors": [
        "#969289",
        "#868279",
        "#99958c",
        "#949087",
        "#918d84",
        "#7e7b71",
        "#8e8a81",
        "#89857d",
        "#8c887f",
        "#9d9990"
    ],
    "hsl_color_values": [
        [
            0.11958710976837889,
            0.08323902929712057,
            150.0566037735849
        ],
        [
            0.11750972762645907,
            0.09480596133982586,
            134.1980198019802
        ],
        [
            0.11827033218785805,
            0.08268219917601927,
            153.02173913043478
        ],
        [
            0.11804335090802569,
            0.08541619755310366,
            148.03333333333333
        ],
        [
            0.11850152905198792,
            0.08671439936356405,
            145.54736842105262
        ],
        [
            0.11666666666666659,
            0.1024428684003152,
            126.9
        ],
        [
            0.11836363636363627,
            0.08886734529003076,
            142.6036866359447
        ],
        [
            0.11764184397163126,
            0.09222919937205655,
            137.72972972972974
        ],
        [
            0.1176967240797027,
            0.0907878397645219,
            140.2774193548387
        ],
        [
            0.1193181818181817,
            0.07989105764866099,
            157.35714285714286
        ]
    ]
}