{
    "rgb_colors": [
        [
            235.2394366197183,
            195.19248826291079,
            221.1737089201878
        ],
        [
            242.12403100775194,
            202.64341085271317,
            228.37209302325581
        ],
        [
            250.0,
            212.5,
            237.5
        ],
        [
            243.97727272727272,
            204.86363636363637,
            230.4090909090909
        ],
        [
            239.0495867768595,
            199.0082644628099,
            224.94214876033058
        ],
        [
            240.4205128205128,
            200.63589743589745,
            226.4820512820513
        ],
        [
            237.4066985645933,
            197.52153110047846,
            223.4641148325359
        ],
        [
            230.16666666666666,
            189.5,
            215.625
        ],
        [
            245.9375,
            207.1875,
            232.6875
        ],
        [
            232.91304347826087,
            192.3768115942029,
            218.6086956521739
        ]
    ],
    "hex_colors": [
        "#ebc3dd",
        "#f2cae4",
        "#fad4ed",
        "#f3cce6",
        "#efc7e0",
        "#f0c8e2",
        "#edc5df",
        "#e6bdd7",
        "#f5cfe8",
        "#e8c0da"
    ],
    "hsl_color_values": [
        [
            0.8918718249316138,
            0.17023909312258018,
            235.2394366197183
        ],
        [
            0.8913868708685123,
            0.16305948645706603,
            242.12403100775194
        ],
        [
            0.8888888888888888,
            0.15,
            250.0
        ],
        [
            0.8911485570404803,
            0.1603167210060549,
            243.97727272727272
        ],
        [
            0.8920536635706914,
            0.1675021607605878,
            239.0495867768595
        ],
        [
            0.8917246713070379,
            0.1654792884262616,
            240.4205128205128
        ],
        [
            0.8915946896992962,
            0.1680035470998429,
            237.4066985645933
        ],
        [
            0.8929303278688524,
            0.17668356263577115,
            230.16666666666666
        ],
        [
            0.8903225806451613,
            0.15756035578144853,
            245.9375
        ],
        [
            0.8921463472768443,
            0.17404019662746562,
            232.91304347826087
        ]
    ]
}