{
    "rgb_colors": [
        [
            217.27777777777777,
            60.27777777777778,
            167.05555555555554
        ],
        [
            107.75187969924812,
            97.203007518797,
            88.24812030075188
        ],
        [
            101.53125,
            85.4375,
            79.0
        ],
        [
            206.28571428571428,
            77.57142857142857,
            157.14285714285714
        ],
        [
            151.63636363636363,
            85.0909090909091,
            116.81818181818181
        ],
        [
            183.23529411764707,
            83.05882352941177,
            138.94117647058823
        ],
        [
            121.24000000000001,
            89.52,
            92.88
        ],
        [
            219.0612244897959,
            39.36054421768708,
            169.906462585034
        ],
        [
            115.08609271523179,
            103.25827814569536,
            95.21854304635761
        ],
        [
            122.4857142857143,
            111.5142857142857,
            103.28571428571428
        ]
    ],
    "hex_colors": [
        "#d93ca7",
        "#6b6158",
        "#65554f",
        "#ce4d9d",
        "#975574",
        "#b7538a",
        "#79595c",
        "#db27a9",
        "#73675f",
        "#7a6f67"
    ],
    "hsl_color_values": [
        [
            0.8866477942911064,
            0.722577345947328,
            217.27777777777777
        ],
        [
            0.07652274479568237,
            0.18100621031330683,
            107.75187969924812
        ],
        [
            0.047619047619047616,
            0.2219144352108341,
            101.53125
        ],
        [
            0.8969663337032926,
            0.6239612188365652,
            206.28571428571428
        ],
        [
            0.9205373406193078,
            0.4388489208633093,
            151.63636363636363
        ],
        [
            0.907026815423762,
            0.546709470304976,
            183.23529411764707
        ],
        [
            0.9823455233291298,
            0.2616298251402178,
            121.24000000000001
        ],
        [
            0.8789228119321624,
            0.820321719147879,
            219.0612244897959
        ],
        [
            0.06744444444444442,
            0.17263206352859942,
            115.08609271523179
        ],
        [
            0.07142857142857136,
            0.15675297410776778,
            122.4857142857143
        ]
    ]
}