{
    "rgb_colors": [
        [
            116.2127659574468,
            110.04255319148936,
            97.74468085106383
        ],
        [
            112.05333333333334,
            105.77333333333334,
            93.24
        ],
        [
            98.75,
            92.24324324324324,
            79.69594594594595
        ],
        [
            102.10852713178295,
            95.6937984496124,
            83.22868217054264
        ],
        [
            95.62244897959184,
            89.01020408163265,
            76.40816326530613
        ],
        [
            86.22222222222223,
            79.44444444444444,
            67.16666666666667
        ],
        [
            91.98181818181818,
            85.4,
            73.10909090909091
        ],
        [
            108.91176470588235,
            102.62745098039215,
            90.37254901960785
        ],
        [
            123.89655172413794,
            117.6896551724138,
            105.72413793103448
        ],
        [
            105.81443298969072,
            99.37113402061856,
            87.14948453608247
        ]
    ],
    "hex_colors": [
        "#746e61",
        "#70695d",
        "#625c4f",
        "#665f53",
        "#5f594c",
        "#564f43",
        "#5b5549",
        "#6c665a",
        "#7b7569",
        "#696357"
    ],
    "hsl_color_values": [
        [
            0.11098310291858678,
            0.15891614793116068,
            116.2127659574468
        ],
        [
            0.1110323647531302,
            0.1678962398857688,
            112.05333333333334
        ],
        [
            0.10975177304964538,
            0.19295244611700302,
            98.75
        ],
        [
            0.11003900636419621,
            0.1848997874278773,
            102.10852713178295
        ],
        [
            0.10931138254558326,
            0.20093906733539638,
            95.62244897959184
        ],
        [
            0.10738581146744404,
            0.22100515463917525,
            86.22222222222223
        ],
        [
            0.10854206807964036,
            0.20517888910851947,
            91.98181818181818
        ],
        [
            0.11017098536929315,
            0.1702223422450265,
            108.91176470588235
        ],
        [
            0.10974067046173308,
            0.1466740885054273,
            123.89655172413794
        ],
        [
            0.109131915677069,
            0.17639321901792673,
            105.81443298969072
        ]
    ]
}