{
    "rgb_colors": [
        [
            136.67741935483872,
            133.6820276497696,
            124.73271889400921
        ],
        [
            139.96846846846847,
            136.98648648648648,
            127.990990990991
        ],
        [
            142.91346153846155,
            139.96153846153845,
            130.95192307692307
        ],
        [
            156.66666666666666,
            153.66666666666666,
            144.57142857142858
        ],
        [
            179.5,
            176.5,
            167.5
        ],
        [
            145.41304347826087,
            142.4673913043478,
            133.5108695652174
        ],
        [
            163.0,
            160.0,
            151.0
        ],
        [
            132.2405063291139,
            129.22784810126583,
            120.24050632911393
        ],
        [
            152.30645161290323,
            149.25806451612902,
            140.3548387096774
        ],
        [
            148.2280701754386,
            145.21052631578948,
            136.26315789473685
        ]
    ],
    "hex_colors": [
        "#88857c",
        "#8b887f",
        "#8e8b82",
        "#9c9990",
        "#b3b0a7",
        "#918e85",
        "#a3a097",
        "#848178",
        "#98958c",
        "#949188"
    ],
    "hsl_color_values": [
        [
            0.12487139917695478,
            0.08739337132067848,
            136.67741935483872
        ],
        [
            0.12517237056537536,
            0.0855726836803656,
            139.96846846846847
        ],
        [
            0.12553590568060005,
            0.0836977729933393,
            142.91346153846155
        ],
        [
            0.12532808398950124,
            0.07720364741641324,
            156.66666666666666
        ],
        [
            0.125,
            0.06685236768802229,
            179.5
        ],
        [
            0.1254185692541854,
            0.08185079982060092,
            145.41304347826087
        ],
        [
            0.125,
            0.0736196319018405,
            163.0
        ],
        [
            0.12482419127988775,
            0.09074375418780502,
            132.2405063291139
        ],
        [
            0.12415654520917667,
            0.07847082494969829,
            152.30645161290323
        ],
        [
            0.12463343108504399,
            0.08071961178837732,
            148.2280701754386
        ]
    ]
}