{
    "rgb_colors": [
        [
            154.944099378882,
            152.29813664596273,
            143.2360248447205
        ],
        [
            0.0,
            0.0,
            0.0
        ],
        [
            169.6,
            167.8,
            158.4
        ],
        [
            159.50632911392404,
            157.31645569620252,
            148.0126582278481
        ],
        [
            137.04444444444445,
            134.07777777777778,
            125.14444444444445
        ],
        [
            151.29017857142858,
            148.66964285714286,
            139.58928571428572
        ],
        [
            55.0,
            51.0,
            43.0
        ],
        [
            143.03553299492387,
            140.1979695431472,
            131.19289340101523
        ],
        [
            147.2674418604651,
            144.5891472868217,
            135.56589147286823
        ],
        [
            104.33333333333334,
            102.0,
            94.33333333333334
        ]
    ],
    "hex_colors": [
        "#9a988f",
        "#000000",
        "#a9a79e",
        "#9f9d94",
        "#89867d",
        "#97948b",
        "#37332b",
        "#8f8c83",
        "#939087",
        "#68665e"
    ],
    "hsl_color_values": [
        [
            0.1290008841732979,
            0.07556321654774308,
            154.944099378882
        ],
        [
            0.0,
            0.0,
            0.0
        ],
        [
            0.1398809523809526,
            0.06603773584905653,
            169.6
        ],
        [
            0.13491189427312777,
            0.07205777319260366,
            159.50632911392404
        ],
        [
            0.12511671335200747,
            0.08683314415437007,
            137.04444444444445
        ],
        [
            0.1293399465852727,
            0.07734073003039336,
            151.29017857142858
        ],
        [
            0.11111111111111112,
            0.21818181818181817,
            55.0
        ],
        [
            0.12673239034147707,
            0.08279508836681108,
            143.03553299492387
        ],
        [
            0.12851937727724425,
            0.07945782339781539,
            147.2674418604651
        ],
        [
            0.12777777777777763,
            0.09584664536741214,
            104.33333333333334
        ]
    ]
}