{
    "rgb_colors": [
        [
            146.6918604651163,
            136.1918604651163,
            214.08139534883722
        ],
        [
            137.9010989010989,
            127.12087912087912,
            205.36263736263737
        ],
        [
            155.5,
            145.52380952380952,
            223.0952380952381
        ],
        [
            160.38888888888889,
            150.77777777777777,
            228.11111111111111
        ],
        [
            142.7421052631579,
            132.1421052631579,
            210.16315789473686
        ],
        [
            140.10526315789474,
            129.5438596491228,
            207.78947368421052
        ],
        [
            152.1123595505618,
            142.06741573033707,
            219.8876404494382
        ],
        [
            144.5045045045045,
            134.2882882882883,
            212.2882882882883
        ],
        [
            134.48979591836735,
            123.71428571428572,
            201.83673469387756
        ],
        [
            149.21621621621622,
            139.1216216216216,
            216.9391891891892
        ]
    ],
    "hex_colors": [
        "#9288d6",
        "#897fcd",
        "#9b91df",
        "#a096e4",
        "#8e84d2",
        "#8c81cf",
        "#988edb",
        "#9086d4",
        "#867bc9",
        "#958bd8"
    ],
    "hsl_color_values": [
        [
            0.6891343833196487,
            0.36383140513823253,
            214.08139534883722
        ],
        [
            0.6896301498127341,
            0.3809931506849315,
            205.36263736263737
        ],
        [
            0.6881010845099244,
            0.3477054429028816,
            223.0952380952381
        ],
        [
            0.6873802681992337,
            0.3390160740379932,
            228.11111111111111
        ],
        [
            0.689310127720813,
            0.37124038967218453,
            210.16315789473686
        ],
        [
            0.6891629297458893,
            0.3765619723066532,
            207.78947368421052
        ],
        [
            0.6881798055635769,
            0.35390904445579974,
            219.8876404494382
        ],
        [
            0.6884961884961885,
            0.3674248854184349,
            212.2882882882883
        ],
        [
            0.6896551724137931,
            0.3870576339737108,
            201.83673469387756
        ],
        [
            0.6882868802639576,
            0.3587068240570593,
            216.9391891891892
        ]
    ]
}