{
    "rgb_colors": [
        [
            121.525,
            118.7,
            107.225
        ],
        [
            126.36585365853658,
            123.47560975609755,
            112.01219512195122
        ],
        [
            129.93939393939394,
            127.20454545454545,
            115.57575757575758
        ],
        [
            138.26694915254237,
            135.58898305084745,
            124.01271186440678
        ],
        [
            113.1,
            110.4,
            98.8
        ],
        [
            148.3921568627451,
            145.85294117647058,
            134.2156862745098
        ],
        [
            143.12432432432433,
            140.42702702702704,
            128.83243243243243
        ],
        [
            133.8477157360406,
            131.09137055837564,
            119.54314720812182
        ],
        [
            154.57894736842104,
            151.94736842105263,
            140.26315789473685
        ],
        [
            96.5,
            93.0,
            81.5
        ]
    ],
    "hex_colors": [
        "#79766b",
        "#7e7b70",
        "#817f73",
        "#8a877c",
        "#716e62",
        "#949186",
        "#8f8c80",
        "#858377",
        "#9a978c",
        "#605d51"
    ],
    "hsl_color_values": [
        [
            0.13374125874125872,
            0.11767126105739568,
            121.525
        ],
        [
            0.1331067686207873,
            0.11358811040339696,
            126.36585365853658
        ],
        [
            0.13493319268635726,
            0.11054104477611937,
            129.93939393939394
        ],
        [
            0.13535473642489093,
            0.10309215163494831,
            138.26694915254237
        ],
        [
            0.1351981351981353,
            0.1264367816091954,
            113.1
        ],
        [
            0.13681420009220815,
            0.09553382663847786,
            148.3921568627451
        ],
        [
            0.1352118003025719,
            0.0998564846287485,
            143.12432432432433
        ],
        [
            0.13455169150697902,
            0.10687196601941754,
            133.8477157360406
        ],
        [
            0.13602941176470595,
            0.0926115083418453,
            154.57894736842104
        ],
        [
            0.12777777777777777,
            0.15544041450777202,
            96.5
        ]
    ]
}