{
    "rgb_colors": [
        [
            201.44117647058823,
            171.66666666666666,
            166.19607843137254
        ],
        [
            207.42857142857142,
            177.61083743842366,
            172.40886699507388
        ],
        [
            226.9375,
            197.1875,
            192.1875
        ],
        [
            214.1,
            184.55454545454546,
            179.2
        ],
        [
            221.32432432432432,
            191.64864864864865,
            186.64864864864865
        ],
        [
            193.83333333333334,
            164.08333333333334,
            158.41666666666666
        ],
        [
            217.29166666666666,
            187.625,
            182.41666666666666
        ],
        [
            198.52564102564102,
            168.69230769230768,
            163.2051282051282
        ],
        [
            210.56140350877192,
            180.906432748538,
            175.5204678362573
        ],
        [
            204.29145728643215,
            174.51256281407035,
            169.17587939698493
        ]
    ],
    "hex_colors": [
        "#c9aba6",
        "#cfb1ac",
        "#e2c5c0",
        "#d6b8b3",
        "#ddbfba",
        "#c1a49e",
        "#d9bbb6",
        "#c6a8a3",
        "#d2b4af",
        "#ccaea9"
    ],
    "hsl_color_values": [
        [
            0.025869262865090392,
            0.1749647150435587,
            201.44117647058823
        ],
        [
            0.024757349838233356,
            0.16882777619454736,
            207.42857142857142
        ],
        [
            0.023980815347721823,
            0.15312586064445055,
            226.9375
        ],
        [
            0.025570895198402444,
            0.1630079402148529,
            214.1
        ],
        [
            0.02403221616004157,
            0.15667358651850044,
            221.32432432432432
        ],
        [
            0.026666666666666745,
            0.18271711092003448,
            193.83333333333334
        ],
        [
            0.024890481879729236,
            0.16049856184084374,
            217.29166666666666
        ],
        [
            0.025892316999394982,
            0.17791411042944785,
            198.52564102564102
        ],
        [
            0.025617489986648923,
            0.16641670832639005,
            210.56140350877192
        ],
        [
            0.025329135661133373,
            0.17188960495892158,
            204.29145728643215
        ]
    ]
}