{
    "rgb_colors": [
        [
            74.0,
            67.0,
            56.0
        ],
        [
            116.52287581699346,
            110.48366013071896,
            99.7124183006536
        ],
        [
            106.39444444444445,
            100.21666666666667,
            89.59444444444445
        ],
        [
            122.44262295081967,
            116.0327868852459,
            105.67213114754098
        ],
        [
            119.44444444444444,
            113.37037037037037,
            102.72839506172839
        ],
        [
            113.59358288770053,
            107.41711229946524,
            96.66844919786097
        ],
        [
            110.1159420289855,
            103.9951690821256,
            93.46376811594203
        ],
        [
            97.45454545454545,
            90.86363636363636,
            80.4090909090909
        ],
        [
            127.025,
            120.45,
            110.075
        ],
        [
            102.69565217391305,
            96.38043478260869,
            85.97826086956522
        ]
    ],
    "hex_colors": [
        "#4a4338",
        "#746e63",
        "#6a6459",
        "#7a7469",
        "#777166",
        "#716b60",
        "#6e675d",
        "#615a50",
        "#7f786e",
        "#666055"
    ],
    "hsl_color_values": [
        [
            0.10185185185185186,
            0.24324324324324326,
            74.0
        ],
        [
            0.10679108346293424,
            0.144267444469374,
            116.52287581699346
        ],
        [
            0.10537918871252205,
            0.15790298156754215,
            106.39444444444445
        ],
        [
            0.10296513522319972,
            0.1369661266568483,
            122.44262295081967
        ],
        [
            0.10610536681437714,
            0.13994832041343672,
            119.44444444444444
        ],
        [
            0.10584518167456558,
            0.14899726956030504,
            113.59358288770053
        ],
        [
            0.1054056667633691,
            0.1512240063174519,
            110.1159420289855
        ],
        [
            0.10222222222222221,
            0.17490671641791047,
            97.45454545454545
        ],
        [
            0.10201573254670598,
            0.13343829954733322,
            127.025
        ],
        [
            0.10370611183354998,
            0.1627857747671465,
            102.69565217391305
        ]
    ]
}