{
    "rgb_colors": [
        [
            108.8119658119658,
            102.65811965811966,
            89.95726495726495
        ],
        [
            123.48484848484848,
            117.35353535353535,
            105.25252525252526
        ],
        [
            116.94303797468355,
            110.75949367088607,
            98.4367088607595
        ],
        [
            111.36184210526316,
            105.30263157894737,
            92.59210526315789
        ],
        [
            102.31944444444444,
            96.08333333333333,
            83.81944444444444
        ],
        [
            119.92592592592592,
            113.65925925925926,
            101.42222222222222
        ],
        [
            114.0703125,
            107.984375,
            95.609375
        ],
        [
            97.05882352941177,
            91.05882352941177,
            78.70588235294117
        ],
        [
            105.86324786324786,
            99.64102564102564,
            87.2991452991453
        ],
        [
            128.31034482758622,
            122.27586206896552,
            109.82758620689656
        ]
    ],
    "hex_colors": [
        "#6c6659",
        "#7b7569",
        "#746e62",
        "#6f695c",
        "#666053",
        "#777165",
        "#726b5f",
        "#615b4e",
        "#696357",
        "#807a6d"
    ],
    "hsl_color_values": [
        [
            0.11226956784527053,
            0.1732778257795931,
            108.8119658119658
        ],
        [
            0.11061865189289007,
            0.14764826175869114,
            123.48484848484848
        ],
        [
            0.11097811217510255,
            0.15825079828976568,
            116.94303797468355
        ],
        [
            0.11286365229582894,
            0.16854729130974191,
            111.36184210526316
        ],
        [
            0.11048548548548547,
            0.1808062983575404,
            102.31944444444444
        ],
        [
            0.11022151054176677,
            0.15429277331686228,
            119.92592592592592
        ],
        [
            0.1117223867964452,
            0.1618382302582015,
            114.0703125
        ],
        [
            0.11217948717948718,
            0.18909090909090914,
            97.05882352941177
        ],
        [
            0.1108041743400859,
            0.1753592766026159,
            105.86324786324786
        ],
        [
            0.11225124378109448,
            0.14404729911314168,
            128.31034482758622
        ]
    ]
}