{
    "rgb_colors": [
        [
            107.21428571428572,
            101.96428571428572,
            89.85714285714286
        ],
        [
            123.13138686131387,
            118.08029197080292,
            106.12408759124088
        ],
        [
            111.78,
            106.5,
            94.38
        ],
        [
            127.81147540983606,
            122.84426229508196,
            110.73770491803279
        ],
        [
            131.82222222222222,
            127.13333333333334,
            114.88888888888889
        ],
        [
            118.2896174863388,
            113.07650273224044,
            101.0
        ],
        [
            120.58638743455498,
            115.74869109947645,
            103.73298429319372
        ],
        [
            115.11278195488723,
            109.78195488721805,
            97.52631578947368
        ],
        [
            125.28787878787878,
            120.1969696969697,
            108.20454545454545
        ],
        [
            97.0,
            91.66666666666667,
            79.66666666666667
        ]
    ],
    "hex_colors": [
        "#6b6559",
        "#7b766a",
        "#6f6a5e",
        "#7f7a6e",
        "#837f72",
        "#767165",
        "#787367",
        "#736d61",
        "#7d786c",
        "#615b4f"
    ],
    "hsl_color_values": [
        [
            0.11625514403292181,
            0.161892071952032,
            107.21428571428572
        ],
        [
            0.11716738197424888,
            0.13812318453968817,
            123.13138686131387
        ],
        [
            0.11609195402298851,
            0.15566290928609774,
            111.78
        ],
        [
            0.11817890862538001,
            0.13358558327454623,
            127.81147540983606
        ],
        [
            0.12051618547681546,
            0.12845583277140935,
            131.82222222222222
        ],
        [
            0.11641382216603462,
            0.14616344066152354,
            118.2896174863388
        ],
        [
            0.11882572227399814,
            0.13976207016325112,
            120.58638743455498
        ],
        [
            0.11614650135385492,
            0.15277596342259966,
            115.11278195488723
        ],
        [
            0.11699926090170003,
            0.13635264239932274,
            125.28787878787878
        ],
        [
            0.11538461538461542,
            0.17869415807560132,
            97.0
        ]
    ]
}