{
    "rgb_colors": [
        [
            146.9578947368421,
            135.0421052631579,
            209.01052631578946
        ],
        [
            142.06857142857143,
            130.0742857142857,
            204.14285714285714
        ],
        [
            135.65625,
            123.6875,
            197.875
        ],
        [
            139.175,
            127.2125,
            201.3
        ],
        [
            143.90804597701148,
            132.01149425287358,
            206.1264367816092
        ],
        [
            150.80714285714285,
            138.82142857142858,
            212.74285714285713
        ],
        [
            157.51162790697674,
            145.48837209302326,
            219.2325581395349
        ],
        [
            145.47133757961782,
            133.4904458598726,
            207.57324840764332
        ],
        [
            148.49358974358975,
            136.53846153846155,
            210.4551282051282
        ],
        [
            153.67796610169492,
            141.71186440677965,
            215.52542372881356
        ]
    ],
    "hex_colors": [
        "#9287d1",
        "#8e82cc",
        "#877bc5",
        "#8b7fc9",
        "#8f84ce",
        "#968ad4",
        "#9d91db",
        "#9185cf",
        "#9488d2",
        "#998dd7"
    ],
    "hsl_color_values": [
        [
            0.6935154878800814,
            0.35389806607574525,
            209.01052631578946
        ],
        [
            0.6936558144319293,
            0.3628271518544437,
            204.14285714285714
        ],
        [
            0.6935551811288964,
            0.37492103600758053,
            197.875
        ],
        [
            0.6935774140936956,
            0.3680452061599603,
            201.3
        ],
        [
            0.6934191480562447,
            0.35956058662800416,
            206.1264367816092
        ],
        [
            0.6936902116146487,
            0.34746843943056666,
            212.74285714285713
        ],
        [
            0.6938400084095449,
            0.33637424419221384,
            219.2325581395349
        ],
        [
            0.6936204969478119,
            0.3568995673386726,
            207.57324840764332
        ],
        [
            0.6936229873095713,
            0.3512229295482927,
            210.4551282051282
        ],
        [
            0.6936854190585534,
            0.34248191255111676,
            215.52542372881356
        ]
    ]
}