{
    "rgb_colors": [
        [
            143.2876712328767,
            141.68493150684932,
            132.27397260273972
        ],
        [
            155.78740157480314,
            153.85826771653544,
            144.44094488188978
        ],
        [
            147.6242774566474,
            145.4971098265896,
            136.28901734104045
        ],
        [
            133.1,
            130.4,
            121.35
        ],
        [
            145.34745762711864,
            142.9406779661017,
            133.78813559322035
        ],
        [
            161.13333333333333,
            159.56666666666666,
            150.06666666666666
        ],
        [
            138.1969696969697,
            135.65151515151516,
            126.57575757575758
        ],
        [
            141.8141592920354,
            139.16814159292036,
            130.07079646017698
        ],
        [
            152.57926829268294,
            150.75,
            141.3780487804878
        ],
        [
            149.8357142857143,
            148.17142857142858,
            138.7642857142857
        ]
    ],
    "hex_colors": [
        "#8f8d84",
        "#9b9990",
        "#939188",
        "#858279",
        "#918e85",
        "#a19f96",
        "#8a877e",
        "#8d8b82",
        "#98968d",
        "#95948a"
    ],
    "hsl_color_values": [
        [
            0.14241293532338334,
            0.07686424474187381,
            143.2876712328767
        ],
        [
            0.13832986352070334,
            0.07283295425827634,
            155.78740157480314
        ],
        [
            0.13539010708822022,
            0.07678452562747184,
            147.6242774566474
        ],
        [
            0.1283687943262413,
            0.08827948910593539,
            133.1
        ],
        [
            0.13196480938416433,
            0.07952889044370585,
            145.34745762711864
        ],
        [
            0.14307228915662654,
            0.068680182043856,
            161.13333333333333
        ],
        [
            0.13016079965232522,
            0.08409165661659898,
            138.1969696969697
        ],
        [
            0.12911328811856318,
            0.08280811232449316,
            141.8141592920354
        ],
        [
            0.13944837597532192,
            0.07341246053630669,
            152.57926829268294
        ],
        [
            0.14161290322580652,
            0.0738904514468228,
            149.8357142857143
        ]
    ]
}