{
    "rgb_colors": [
        [
            106.8169014084507,
            100.02816901408451,
            89.5774647887324
        ],
        [
            101.34782608695652,
            94.6086956521739,
            83.95652173913044
        ],
        [
            125.86290322580645,
            119.2258064516129,
            108.33064516129032
        ],
        [
            119.52459016393442,
            112.78688524590164,
            102.20491803278688
        ],
        [
            110.08510638297872,
            103.18085106382979,
            92.94680851063829
        ],
        [
            112.9290780141844,
            106.177304964539,
            95.69503546099291
        ],
        [
            122.13245033112582,
            115.3112582781457,
            104.79470198675497
        ],
        [
            115.46428571428571,
            108.77857142857142,
            98.15
        ],
        [
            131.44736842105263,
            124.78947368421052,
            113.97368421052632
        ],
        [
            117.45833333333333,
            110.79166666666667,
            100.05833333333334
        ]
    ],
    "hex_colors": [
        "#6a6459",
        "#655e53",
        "#7d776c",
        "#777066",
        "#6e675c",
        "#706a5f",
        "#7a7368",
        "#736c62",
        "#837c71",
        "#756e64"
    ],
    "hsl_color_values": [
        [
            0.10103485838779958,
            0.16139240506329108,
            106.8169014084507
        ],
        [
            0.1020833333333333,
            0.17160017160017152,
            101.34782608695652
        ],
        [
            0.10357252376571602,
            0.1392964695329019,
            125.86290322580645
        ],
        [
            0.1018299416311722,
            0.14490467699903992,
            119.52459016393442
        ],
        [
            0.09952410511069737,
            0.15568225744105146,
            110.08510638297872
        ],
        [
            0.1013717421124828,
            0.15260943289581105,
            112.9290780141844
        ],
        [
            0.10109498344792467,
            0.14195857282290417,
            122.13245033112582
        ],
        [
            0.10231023102310229,
            0.14995360346427458,
            115.46428571428571
        ],
        [
            0.10316265060240959,
            0.13293293293293293,
            131.44736842105263
        ],
        [
            0.10280970625798218,
            0.14813763746009218,
            117.45833333333333
        ]
    ]
}