{
    "rgb_colors": [
        [
            110.63106796116504,
            104.50485436893204,
            92.47572815533981
        ],
        [
            103.12925170068027,
            96.9047619047619,
            84.89115646258503
        ],
        [
            116.76859504132231,
            110.58677685950413,
            98.60330578512396
        ],
        [
            100.07317073170732,
            93.88617886178862,
            81.69918699186992
        ],
        [
            96.15789473684211,
            90.05263157894737,
            77.8157894736842
        ],
        [
            107.55639097744361,
            101.36842105263158,
            89.42105263157895
        ],
        [
            109.18666666666667,
            102.89333333333333,
            90.96
        ],
        [
            113.15748031496062,
            107.07874015748031,
            95.03937007874016
        ],
        [
            105.58646616541354,
            99.28571428571429,
            87.35338345864662
        ],
        [
            122.20833333333333,
            116.0,
            104.125
        ]
    ],
    "hex_colors": [
        "#6e685c",
        "#676054",
        "#746e62",
        "#645d51",
        "#605a4d",
        "#6b6559",
        "#6d665a",
        "#716b5f",
        "#696357",
        "#7a7468"
    ],
    "hsl_color_values": [
        [
            0.11042780748663107,
            0.1641070645019745,
            110.63106796116504
        ],
        [
            0.1097849061295536,
            0.17684696569920846,
            103.12925170068027
        ],
        [
            0.10994843797391564,
            0.15556656522046855,
            116.76859504132231
        ],
        [
            0.11054572271386431,
            0.18360549191648387,
            100.07317073170732
        ],
        [
            0.11119081779053086,
            0.19074986316365636,
            96.15789473684211
        ],
        [
            0.10979823106688773,
            0.1686123732960504,
            107.55639097744361
        ],
        [
            0.10911972689587905,
            0.1669312492367811,
            109.18666666666667
        ],
        [
            0.11074894973200057,
            0.16011411871129347,
            113.15748031496062
        ],
        [
            0.10907216494845362,
            0.17268389945168414,
            105.58646616541354
        ],
        [
            0.10944700460829497,
            0.14797136038186154,
            122.20833333333333
        ]
    ]
}