{
    "rgb_colors": [
        [
            139.83529411764707,
            130.8235294117647,
            209.54509803921567
        ],
        [
            78.28571428571429,
            74.42857142857143,
            108.57142857142858
        ],
        [
            131.1530612244898,
            121.95408163265306,
            201.1734693877551
        ],
        [
            149.45762711864407,
            141.0677966101695,
            217.52542372881356
        ],
        [
            94.0,
            88.28571428571428,
            130.0
        ],
        [
            165.74285714285713,
            158.97142857142856,
            225.74285714285713
        ],
        [
            54.5,
            52.0,
            76.75
        ],
        [
            143.73417721518987,
            134.82911392405063,
            213.63924050632912
        ],
        [
            135.89965397923876,
            126.79584775086505,
            205.83737024221455
        ],
        [
            114.42857142857143,
            109.57142857142857,
            152.85714285714286
        ]
    ],
    "hex_colors": [
        "#8b82d1",
        "#4e4a6c",
        "#8379c9",
        "#958dd9",
        "#5e5882",
        "#a59ee1",
        "#36344c",
        "#8f86d5",
        "#877ecd",
        "#726d98"
    ],
    "hsl_color_values": [
        [
            0.6857460728637376,
            0.37567840700677474,
            209.54509803921567
        ],
        [
            0.685495118549512,
            0.31447368421052635,
            108.57142857142858
        ],
        [
            0.6860200510937936,
            0.3937864570124271,
            201.1734693877551
        ],
        [
            0.684955294465381,
            0.3514882343774349,
            217.52542372881356
        ],
        [
            0.6894977168949773,
            0.32087912087912096,
            130.0
        ],
        [
            0.683568677792041,
            0.29578534362738895,
            225.74285714285713
        ],
        [
            0.6835016835016835,
            0.32247557003257327,
            76.75
        ],
        [
            0.6854989827604668,
            0.36889349725966525,
            213.63924050632912
        ],
        [
            0.6858629193480134,
            0.3839998655168357,
            205.83737024221455
        ],
        [
            0.6853685368536854,
            0.28317757009345795,
            152.85714285714286
        ]
    ]
}