{
    "rgb_colors": [
        [
            113.55263157894737,
            109.07894736842105,
            96.94736842105263
        ],
        [
            121.75438596491227,
            117.3859649122807,
            105.3859649122807
        ],
        [
            132.63768115942028,
            128.20289855072463,
            116.02898550724638
        ],
        [
            123.74125874125875,
            119.48251748251748,
            107.4055944055944
        ],
        [
            134.9047619047619,
            130.8095238095238,
            118.52380952380952
        ],
        [
            118.85416666666667,
            114.43055555555556,
            102.38194444444444
        ],
        [
            128.1581920903955,
            124.03389830508475,
            111.79661016949153
        ],
        [
            139.11764705882354,
            135.05882352941177,
            122.88235294117646
        ],
        [
            130.44347826086957,
            126.2695652173913,
            113.88695652173914
        ],
        [
            125.83636363636364,
            121.6,
            109.41818181818182
        ]
    ],
    "hex_colors": [
        "#716d60",
        "#797569",
        "#848074",
        "#7b776b",
        "#868276",
        "#767266",
        "#807c6f",
        "#8b877a",
        "#827e71",
        "#7d796d"
    ],
    "hsl_color_values": [
        [
            0.12176439513998945,
            0.14623406720741602,
            113.55263157894737
        ],
        [
            0.12218649517684892,
            0.1344380403458213,
            121.75438596491227
        ],
        [
            0.12216404886561949,
            0.12521853146853143,
            132.63768115942028
        ],
        [
            0.12321632420091318,
            0.13201469341621935,
            123.74125874125875
        ],
        [
            0.12499999999999993,
            0.12142605012354395,
            134.9047619047619
        ],
        [
            0.12190837549184934,
            0.13859187846917914,
            118.85416666666667
        ],
        [
            0.12465469613259662,
            0.12766707811673428,
            128.1581920903955
        ],
        [
            0.125,
            0.11670190274841447,
            139.11764705882354
        ],
        [
            0.12464985994397754,
            0.12692487167522162,
            130.44347826086957
        ],
        [
            0.12366186784791423,
            0.1304724750758561,
            125.83636363636364
        ]
    ]
}