{
    "rgb_colors": [
        [
            125.8,
            117.68,
            108.16
        ],
        [
            81.5,
            74.5,
            64.5
        ],
        [
            101.9795918367347,
            93.8265306122449,
            84.33673469387756
        ],
        [
            96.20588235294117,
            88.17647058823529,
            78.73529411764706
        ],
        [
            112.38916256157636,
            104.50246305418719,
            94.96551724137932
        ],
        [
            120.54166666666667,
            112.66666666666667,
            103.06944444444444
        ],
        [
            109.01271186440678,
            101.22457627118644,
            91.60593220338983
        ],
        [
            117.10714285714286,
            109.38392857142857,
            99.75
        ],
        [
            114.76041666666667,
            107.01041666666667,
            97.36458333333333
        ],
        [
            105.65753424657534,
            97.65068493150685,
            88.17808219178082
        ]
    ],
    "hex_colors": [
        "#7d756c",
        "#514a40",
        "#655d54",
        "#60584e",
        "#70685e",
        "#787067",
        "#6d655b",
        "#756d63",
        "#726b61",
        "#696158"
    ],
    "hsl_color_values": [
        [
            0.08994708994709004,
            0.14022257551669318,
            125.8
        ],
        [
            0.09803921568627451,
            0.2085889570552147,
            81.5
        ],
        [
            0.08964719491035271,
            0.17300380228136877,
            101.9795918367347
        ],
        [
            0.09006734006734003,
            0.1815958422500764,
            96.20588235294117
        ],
        [
            0.09122608613702754,
            0.1550295857988165,
            112.38916256157636
        ],
        [
            0.09154742978272394,
            0.14494757460536933,
            120.54166666666667
        ],
        [
            0.09209672184355726,
            0.15967660434562916,
            109.01271186440678
        ],
        [
            0.09250685871056237,
            0.1482159194876487,
            117.10714285714286
        ],
        [
            0.09241516966067868,
            0.1515839157665427,
            114.76041666666667
        ],
        [
            0.09032131661442007,
            0.1654349799040581,
            105.65753424657534
        ]
    ]
}