{
    "rgb_colors": [
        [
            153.70967741935485,
            128.83870967741936,
            119.90322580645162
        ],
        [
            190.85140562248995,
            156.67871485943775,
            147.95180722891567
        ],
        [
            174.51923076923077,
            141.28846153846155,
            132.8653846153846
        ],
        [
            136.8421052631579,
            128.94736842105263,
            118.55263157894737
        ],
        [
            195.50467289719626,
            161.15887850467288,
            152.61682242990653
        ],
        [
            119.78571428571429,
            114.0,
            103.16666666666667
        ],
        [
            186.71361502347418,
            152.50234741784038,
            143.80281690140845
        ],
        [
            128.1851851851852,
            122.12345679012346,
            111.71604938271605
        ],
        [
            200.9056603773585,
            166.79245283018867,
            158.03773584905662
        ],
        [
            181.99367088607596,
            147.66455696202533,
            139.15189873417722
        ]
    ],
    "hex_colors": [
        "#998077",
        "#be9c93",
        "#ae8d84",
        "#888076",
        "#c3a198",
        "#777267",
        "#ba988f",
        "#807a6f",
        "#c8a69e",
        "#b5938b"
    ],
    "hsl_color_values": [
        [
            0.04405216284987277,
            0.2199370409233998,
            153.70967741935485
        ],
        [
            0.0339043874430506,
            0.22478010184756525,
            190.85140562248995
        ],
        [
            0.03370267774699911,
            0.23867768595041325,
            174.51923076923077
        ],
        [
            0.0947242206235012,
            0.13365384615384612,
            136.8421052631579
        ],
        [
            0.033195322147163475,
            0.21936995076246477,
            195.50467289719626
        ],
        [
            0.10864374403056347,
            0.13873981315841782,
            119.78571428571429
        ],
        [
            0.033789204959883336,
            0.22982147347246668,
            186.71361502347418
        ],
        [
            0.10532233883058466,
            0.1284792449195801,
            128.1851851851852
        ],
        [
            0.034037558685445925,
            0.213373403456048,
            200.9056603773585
        ],
        [
            0.03311665928005123,
            0.23540253868892366,
            181.99367088607596
        ]
    ]
}