{
    "rgb_colors": [
        [
            160.6153846153846,
            157.69230769230768,
            148.53846153846155
        ],
        [
            137.07333333333332,
            134.02,
            125.08666666666667
        ],
        [
            141.882096069869,
            138.85589519650654,
            129.85589519650654
        ],
        [
            115.0,
            112.0,
            103.5
        ],
        [
            144.43939393939394,
            141.5,
            132.52272727272728
        ],
        [
            146.84,
            143.82666666666665,
            134.89333333333335
        ],
        [
            139.63636363636363,
            136.57575757575756,
            127.56818181818181
        ],
        [
            133.1685393258427,
            130.12359550561797,
            121.13483146067415
        ],
        [
            153.8,
            150.78,
            141.78
        ],
        [
            149.7012987012987,
            146.63636363636363,
            137.72727272727272
        ]
    ],
    "hex_colors": [
        "#a09d94",
        "#89867d",
        "#8d8a81",
        "#737067",
        "#908d84",
        "#928f86",
        "#8b887f",
        "#858279",
        "#99968d",
        "#959289"
    ],
    "hsl_color_values": [
        [
            0.12632696390658157,
            0.07519157088122598,
            160.6153846153846
        ],
        [
            0.12421208750463501,
            0.08744710860366703,
            137.07333333333332
        ],
        [
            0.12472766884531579,
            0.08476193407405135,
            141.882096069869
        ],
        [
            0.12318840579710144,
            0.1,
            115.0
        ],
        [
            0.12555626191989827,
            0.08250288471624875,
            144.43939393939394
        ],
        [
            0.12462797619047594,
            0.08135839462453458,
            146.84
        ],
        [
            0.12439840970914413,
            0.08642578124999997,
            139.63636363636363
        ],
        [
            0.124494242141301,
            0.09036449544380694,
            133.1685393258427
        ],
        [
            0.12479201331114798,
            0.0781534460338102,
            153.8
        ],
        [
            0.12400578452639183,
            0.07998611954541514,
            149.7012987012987
        ]
    ]
}