{
    "rgb_colors": [
        [
            241.75555555555556,
            205.88888888888889,
            223.75555555555556
        ],
        [
            240.0204918032787,
            202.2172131147541,
            222.81967213114754
        ],
        [
            234.83870967741936,
            197.43548387096774,
            217.46774193548387
        ],
        [
            233.33333333333334,
            195.58333333333334,
            215.90277777777777
        ],
        [
            238.9120879120879,
            202.82417582417582,
            220.83516483516485
        ],
        [
            236.24242424242425,
            198.67676767676767,
            218.49494949494948
        ],
        [
            237.55113636363637,
            199.76704545454547,
            220.3806818181818
        ],
        [
            242.4468085106383,
            204.59574468085106,
            225.4787234042553
        ],
        [
            245.0344827586207,
            208.08045977011494,
            227.72413793103448
        ],
        [
            229.11111111111111,
            191.55555555555554,
            211.44444444444446
        ]
    ],
    "hex_colors": [
        "#f1cddf",
        "#f0cade",
        "#eac5d9",
        "#e9c3d7",
        "#eecadc",
        "#ecc6da",
        "#edc7dc",
        "#f2cce1",
        "#f5d0e3",
        "#e5bfd3"
    ],
    "hsl_color_values": [
        [
            0.9169764560099132,
            0.14835922419340017,
            241.75555555555556
        ],
        [
            0.9091681121711478,
            0.15750021343806037,
            240.0204918032787
        ],
        [
            0.9107373868046572,
            0.15927197802197804,
            234.83870967741936
        ],
        [
            0.9102894285013491,
            0.16178571428571428,
            233.33333333333334
        ],
        [
            0.9168189200162403,
            0.15105100961317328,
            238.9120879120879
        ],
        [
            0.9120731379403066,
            0.15901316914657096,
            236.24242424242425
        ],
        [
            0.9090726817042607,
            0.15905666244110117,
            237.55113636363637
        ],
        [
            0.9080475922803074,
            0.1561211057481352,
            242.4468085106383
        ],
        [
            0.9114048729911872,
            0.15081152078056106,
            245.0344827586207
        ],
        [
            0.9117357001972386,
            0.16391852570320084,
            229.11111111111111
        ]
    ]
}