{
    "rgb_colors": [
        [
            208.66071428571428,
            177.13392857142858,
            172.16964285714286
        ],
        [
            193.36263736263737,
            161.1978021978022,
            156.23076923076923
        ],
        [
            214.5151515151515,
            183.12121212121212,
            178.0909090909091
        ],
        [
            201.95333333333335,
            170.06,
            165.02666666666667
        ],
        [
            204.08496732026143,
            172.18954248366012,
            167.16339869281046
        ],
        [
            181.5,
            148.5,
            143.5
        ],
        [
            206.15,
            174.20714285714286,
            169.20714285714286
        ],
        [
            197.0909090909091,
            165.04545454545453,
            160.02597402597402
        ],
        [
            189.3913043478261,
            157.08695652173913,
            152.0
        ],
        [
            199.56626506024097,
            167.79518072289156,
            162.7710843373494
        ]
    ],
    "hex_colors": [
        "#d0b1ac",
        "#c1a19c",
        "#d6b7b2",
        "#c9aaa5",
        "#ccaca7",
        "#b5948f",
        "#ceaea9",
        "#c5a5a0",
        "#bd9d98",
        "#c7a7a2"
    ],
    "hsl_color_values": [
        [
            0.022673517657613624,
            0.17488232777064608,
            208.66071428571428
        ],
        [
            0.02229456446680476,
            0.1920322800636509,
            193.36263736263737
        ],
        [
            0.023017193566278443,
            0.16979799406695856,
            214.5151515151515
        ],
        [
            0.022717698742251897,
            0.18284752252995745,
            201.95333333333335
        ],
        [
            0.02268838142444085,
            0.18091273018414725,
            204.08496732026143
        ],
        [
            0.021929824561403504,
            0.209366391184573,
            181.5
        ],
        [
            0.0225573601443671,
            0.17920376979314648,
            206.15
        ],
        [
            0.022570661060499837,
            0.18806009488666317,
            197.0909090909091
        ],
        [
            0.022674418604651136,
            0.19742883379247017,
            189.3913043478261
        ],
        [
            0.02275703994760962,
            0.18437575464863556,
            199.56626506024097
        ]
    ]
}