{
    "rgb_colors": [
        [
            142.82051282051282,
            142.47863247863248,
            130.5042735042735
        ],
        [
            130.0,
            129.77777777777777,
            118.0
        ],
        [
            166.03636363636363,
            165.8,
            153.8
        ],
        [
            138.09859154929578,
            137.71830985915494,
            125.71830985915493
        ],
        [
            146.46296296296296,
            146.04320987654322,
            134.1172839506173
        ],
        [
            160.16438356164383,
            159.82191780821918,
            147.8082191780822
        ],
        [
            149.71,
            149.4,
            137.43
        ],
        [
            153.21546961325967,
            152.646408839779,
            140.71270718232043
        ],
        [
            119.0,
            119.0,
            107.0
        ],
        [
            156.5225806451613,
            156.1290322580645,
            144.04516129032257
        ]
    ],
    "hex_colors": [
        "#8e8e82",
        "#828176",
        "#a6a599",
        "#8a897d",
        "#929286",
        "#a09f93",
        "#959589",
        "#99988c",
        "#77776b",
        "#9c9c90"
    ],
    "hsl_color_values": [
        [
            0.16204024982650939,
            0.08623578695391983,
            142.82051282051282
        ],
        [
            0.16358024691358017,
            0.09230769230769231,
            130.0
        ],
        [
            0.1634472511144133,
            0.07369689005694252,
            166.03636363636363
        ],
        [
            0.16154721274175216,
            0.0896481387047425,
            138.09859154929578
        ],
        [
            0.1610000000000001,
            0.08429215661482693,
            146.46296296296296
        ],
        [
            0.16204730229120487,
            0.07714676702018468,
            160.16438356164383
        ],
        [
            0.1624592833876221,
            0.08202524881437447,
            149.71
        ],
        [
            0.15908086610693778,
            0.08160248088850436,
            153.21546961325967
        ],
        [
            0.16666666666666666,
            0.10084033613445378,
            119.0
        ],
        [
            0.16140985866942417,
            0.07971641729524764,
            156.5225806451613
        ]
    ]
}