{
    "rgb_colors": [
        [
            142.625,
            132.175,
            206.5
        ],
        [
            167.5,
            157.15384615384616,
            230.84615384615384
        ],
        [
            195.0,
            185.0,
            254.0
        ],
        [
            162.2,
            151.925,
            225.75
        ],
        [
            154.30857142857144,
            143.9142857142857,
            217.97714285714287
        ],
        [
            156.87755102040816,
            146.6122448979592,
            220.2312925170068
        ],
        [
            146.1012658227848,
            135.67088607594937,
            209.873417721519
        ],
        [
            149.24022346368716,
            138.88826815642457,
            212.94972067039106
        ],
        [
            151.98029556650246,
            141.72413793103448,
            215.45320197044336
        ],
        [
            159.2127659574468,
            148.80851063829786,
            222.90425531914894
        ]
    ],
    "hex_colors": [
        "#8e84ce",
        "#a79de6",
        "#c3b9fe",
        "#a297e1",
        "#9a8fd9",
        "#9c92dc",
        "#9287d1",
        "#958ad4",
        "#978dd7",
        "#9f94de"
    ],
    "hsl_color_values": [
        [
            0.6900997869716335,
            0.35992736077481835,
            206.5
        ],
        [
            0.6900661099512874,
            0.3192269243585471,
            230.84615384615384
        ],
        [
            0.6908212560386473,
            0.27165354330708663,
            254.0
        ],
        [
            0.6898634157354103,
            0.3270210409745293,
            225.75
        ],
        [
            0.6900573515418049,
            0.33977350180883975,
            217.97714285714287
        ],
        [
            0.6899063635803611,
            0.3342805955396306,
            220.2312925170068
        ],
        [
            0.6900943932673718,
            0.3535585042219542,
            209.873417721519
        ],
        [
            0.6899625355158281,
            0.34778844640327405,
            212.94972067039106
        ],
        [
            0.6898510055455335,
            0.3422045407778312,
            215.45320197044336
        ],
        [
            0.6900693945920077,
            0.3324106333221974,
            222.90425531914894
        ]
    ]
}