{
    "rgb_colors": [
        [
            155.74242424242425,
            155.72727272727272,
            143.9318181818182
        ],
        [
            140.82258064516128,
            140.66129032258064,
            128.68548387096774
        ],
        [
            136.75555555555556,
            136.66666666666666,
            124.74444444444444
        ],
        [
            144.0974025974026,
            144.0,
            132.07142857142858
        ],
        [
            151.51461988304092,
            151.37426900584796,
            139.4327485380117
        ],
        [
            161.76086956521738,
            161.81521739130434,
            150.1304347826087
        ],
        [
            147.5025641025641,
            147.3897435897436,
            135.48717948717947
        ],
        [
            130.93023255813955,
            130.86046511627907,
            118.79069767441861
        ],
        [
            174.0,
            174.41176470588235,
            163.94117647058823
        ],
        [
            117.66666666666667,
            117.66666666666667,
            105.83333333333334
        ]
    ],
    "hex_colors": [
        "#9b9b8f",
        "#8c8c80",
        "#88887c",
        "#909084",
        "#97978b",
        "#a1a196",
        "#939387",
        "#828276",
        "#aeaea3",
        "#757569"
    ],
    "hsl_color_values": [
        [
            0.166452854393842,
            0.07583422511917502,
            155.74242424242425
        ],
        [
            0.16445182724252497,
            0.08618714923834606,
            140.82258064516128
        ],
        [
            0.16543324082639513,
            0.08782905427364322,
            136.75555555555556
        ],
        [
            0.16531677465802724,
            0.0834572574467126,
            144.0974025974026
        ],
        [
            0.16473055824459537,
            0.07974063066887938,
            151.51461988304092
        ],
        [
            0.16744186046511644,
            0.0722106535903809,
            161.81521739130434
        ],
        [
            0.1651017214397499,
            0.08145881862114525,
            147.5025641025641
        ],
        [
            0.16570881226053621,
            0.09271758436944945,
            130.93023255813955
        ],
        [
            0.17322097378277146,
            0.06003372681281618,
            174.41176470588235
        ],
        [
            0.16666666666666666,
            0.1005665722379603,
            117.66666666666667
        ]
    ]
}