{
    "rgb_colors": [
        [
            177.71875,
            142.5625,
            134.125
        ],
        [
            192.01169590643275,
            157.64912280701753,
            148.953216374269
        ],
        [
            194.68103448275863,
            160.0,
            151.52586206896552
        ],
        [
            200.6909090909091,
            166.2,
            157.47272727272727
        ],
        [
            181.89108910891088,
            147.41584158415841,
            138.82178217821783
        ],
        [
            187.58227848101265,
            153.21518987341773,
            144.43037974683546
        ],
        [
            189.5808823529412,
            155.25,
            146.48529411764707
        ],
        [
            197.11363636363637,
            162.64772727272728,
            154.01136363636363
        ],
        [
            185.25165562913907,
            150.88079470198676,
            142.1456953642384
        ],
        [
            206.0,
            171.25,
            162.75
        ]
    ],
    "hex_colors": [
        "#b18e86",
        "#c09d94",
        "#c2a097",
        "#c8a69d",
        "#b5938a",
        "#bb9990",
        "#bd9b92",
        "#c5a29a",
        "#b9968e",
        "#ceaba2"
    ],
    "hsl_color_values": [
        [
            0.03225806451612904,
            0.24529628978371726,
            177.71875
        ],
        [
            0.03365928742813162,
            0.2242492538222574,
            192.01169590643275
        ],
        [
            0.03272739379411369,
            0.22167116857813401,
            194.68103448275863
        ],
        [
            0.03365586874211187,
            0.21534698314912123,
            200.6909090909091
        ],
        [
            0.0332567049808429,
            0.23678623918131828,
            181.89108910891088
        ],
        [
            0.03392979368338711,
            0.2300425129900802,
            187.58227848101265
        ],
        [
            0.03389637718250579,
            0.227320327347477,
            189.5808823529412
        ],
        [
            0.03339485016258024,
            0.21866712786809647,
            197.11363636363637
        ],
        [
            0.033773749167818945,
            0.2326886640689236,
            185.25165562913907
        ],
        [
            0.03275529865125241,
            0.2099514563106796,
            206.0
        ]
    ]
}