{
    "rgb_colors": [
        [
            159.15853658536585,
            157.109756097561,
            145.1829268292683
        ],
        [
            90.0,
            87.0,
            78.0
        ],
        [
            131.96629213483146,
            129.64044943820224,
            118.31460674157303
        ],
        [
            171.1,
            168.9,
            157.2
        ],
        [
            126.37704918032787,
            123.60655737704917,
            112.75409836065573
        ],
        [
            146.9004329004329,
            144.82683982683983,
            133.12987012987014
        ],
        [
            115.4,
            112.6,
            101.73333333333333
        ],
        [
            152.2258064516129,
            150.16129032258064,
            138.3978494623656
        ],
        [
            137.11111111111111,
            134.98039215686273,
            123.30065359477125
        ],
        [
            141.96938775510205,
            139.85204081632654,
            128.15816326530611
        ]
    ],
    "hex_colors": [
        "#9f9d91",
        "#5a574e",
        "#838176",
        "#aba89d",
        "#7e7b70",
        "#929085",
        "#737065",
        "#98968a",
        "#89867b",
        "#8d8b80"
    ],
    "hsl_color_values": [
        [
            0.14223385689354293,
            0.08780936326718256,
            159.15853658536585
        ],
        [
            0.125,
            0.13333333333333333,
            90.0
        ],
        [
            0.13827160493827148,
            0.103448275862069,
            131.96629213483146
        ],
        [
            0.14028776978417282,
            0.08123904149620109,
            171.1
        ],
        [
            0.13277176093060555,
            0.10779608250097296,
            126.37704918032787
        ],
        [
            0.14156973697998546,
            0.09374079094713252,
            146.9004329004329
        ],
        [
            0.1325203252032519,
            0.11842865395725018,
            115.4
        ],
        [
            0.14178330741316744,
            0.09083845447481802,
            152.2258064516129
        ],
        [
            0.1409528316769205,
            0.10072456859567164,
            137.11111111111111
        ],
        [
            0.1411156261544145,
            0.09728311650973918,
            141.96938775510205
        ]
    ]
}