{
    "rgb_colors": [
        [
            180.1727272727273,
            146.28181818181818,
            140.0090909090909
        ],
        [
            123.27586206896552,
            118.26436781609195,
            107.74712643678161
        ],
        [
            147.6909090909091,
            142.4,
            131.89090909090908
        ],
        [
            185.78571428571428,
            151.67857142857142,
            145.41666666666666
        ],
        [
            134.41517857142858,
            130.14285714285714,
            119.31696428571429
        ],
        [
            114.66666666666667,
            107.66666666666667,
            98.54166666666667
        ],
        [
            128.87730061349694,
            124.6319018404908,
            113.79754601226993
        ],
        [
            190.02325581395348,
            158.95348837209303,
            152.65116279069767
        ],
        [
            140.11320754716982,
            135.76729559748426,
            124.9748427672956
        ],
        [
            173.89333333333335,
            139.96,
            133.62666666666667
        ]
    ],
    "hex_colors": [
        "#b4928c",
        "#7b766b",
        "#938e83",
        "#b99791",
        "#868277",
        "#726b62",
        "#807c71",
        "#be9e98",
        "#8c877c",
        "#ad8b85"
    ],
    "hsl_color_values": [
        [
            0.026029877772747862,
            0.22291740249255776,
            180.1727272727273
        ],
        [
            0.11287934863064385,
            0.12596736596736596,
            123.27586206896552
        ],
        [
            0.11085538933640211,
            0.10698017973655062,
            147.6909090909091
        ],
        [
            0.025852747468789922,
            0.2172882224785339,
            185.78571428571428
        ],
        [
            0.11950522373349087,
            0.11232521837324391,
            134.41517857142858
        ],
        [
            0.09431524547803617,
            0.140625,
            114.66666666666667
        ],
        [
            0.11974505017629504,
            0.11700861617556063,
            128.87730061349694
        ],
        [
            0.028106202032773364,
            0.1966711540815078,
            190.02325581395348
        ],
        [
            0.1188201080182798,
            0.10804381003680767,
            140.11320754716982
        ],
        [
            0.02621412803532012,
            0.23155957675203195,
            173.89333333333335
        ]
    ]
}