{
    "rgb_colors": [
        [
            209.08474576271186,
            177.52118644067798,
            173.45338983050848
        ],
        [
            60.8,
            52.44999999999999,
            48.44999999999999
        ],
        [
            1.454545454545439,
            0.3333333333333428,
            0.12121212121212466
        ],
        [
            119.46428571428572,
            112.21428571428572,
            106.60714285714286
        ],
        [
            191.66153846153847,
            160.37948717948717,
            156.12820512820514
        ],
        [
            100.92,
            93.08,
            87.32
        ],
        [
            37.14583333333334,
            28.72916666666667,
            25.3125
        ],
        [
            199.985,
            168.285,
            163.85
        ],
        [
            83.34782608695653,
            75.0,
            69.86956521739131
        ],
        [
            139.6875,
            130.0625,
            125.3125
        ]
    ],
    "hex_colors": [
        "#d1b1ad",
        "#3c3430",
        "#010000",
        "#77706a",
        "#bfa09c",
        "#645d57",
        "#251c19",
        "#c7a8a3",
        "#534b45",
        "#8b827d"
    ],
    "hsl_color_values": [
        [
            0.019027232726840315,
            0.17041585603112835,
            209.08474576271186
        ],
        [
            0.053981106612685514,
            0.20312500000000014,
            60.8
        ],
        [
            0.02651515151515264,
            0.9166666666666634,
            1.454545454545439
        ],
        [
            0.07268518518518523,
            0.10762331838565026,
            119.46428571428572
        ],
        [
            0.019940347332467318,
            0.18539626478300422,
            191.66153846153847
        ],
        [
            0.07058823529411767,
            0.1347602061038447,
            100.92
        ],
        [
            0.04812206572769956,
            0.31856421761076853,
            37.14583333333334
        ],
        [
            0.02045569853789031,
            0.18068855164137318,
            199.985
        ],
        [
            0.06344086021505367,
            0.16171100678142933,
            83.34782608695653
        ],
        [
            0.05507246376811594,
            0.1029082774049217,
            139.6875
        ]
    ]
}