{
    "rgb_colors": [
        [
            200.28571428571428,
            165.52380952380952,
            159.42857142857142
        ],
        [
            182.26470588235293,
            147.6691176470588,
            141.55882352941177
        ],
        [
            175.08333333333334,
            140.16666666666666,
            134.13888888888889
        ],
        [
            190.76842105263157,
            156.29473684210527,
            150.09473684210525
        ],
        [
            187.85,
            153.16875,
            147.0
        ],
        [
            171.0754716981132,
            136.0754716981132,
            130.0754716981132
        ],
        [
            177.34939759036143,
            142.44578313253012,
            136.48192771084337
        ],
        [
            184.89893617021278,
            150.16489361702128,
            144.03191489361703
        ],
        [
            194.38666666666666,
            159.92,
            153.69333333333333
        ],
        [
            179.95744680851064,
            145.0709219858156,
            139.07801418439718
        ]
    ],
    "hex_colors": [
        "#c8a59f",
        "#b6938d",
        "#af8c86",
        "#be9c96",
        "#bb9993",
        "#ab8882",
        "#b18e88",
        "#b89690",
        "#c29f99",
        "#b3918b"
    ],
    "hsl_color_values": [
        [
            0.024864024864024892,
            0.20399429386590587,
            200.28571428571428
        ],
        [
            0.025018063583814976,
            0.2233338712280135,
            182.26470588235293
        ],
        [
            0.024536408864767045,
            0.2338568935427575,
            175.08333333333334
        ],
        [
            0.025405452035886882,
            0.21320973348783318,
            190.76842105263157
        ],
        [
            0.025168298653610737,
            0.21746073995208942,
            187.85
        ],
        [
            0.02439024390243903,
            0.23966030660637477,
            171.0754716981132
        ],
        [
            0.024321933962264192,
            0.23043478260869565,
            177.34939759036143
        ],
        [
            0.025011931103301632,
            0.22102356088720118,
            184.89893617021278
        ],
        [
            0.025502402795980744,
            0.20934220454077782,
            194.38666666666666
        ],
        [
            0.024433263937080674,
            0.227161661543312,
            179.95744680851064
        ]
    ]
}