{
    "rgb_colors": [
        [
            206.7531914893617,
            176.85531914893616,
            171.91914893617022
        ],
        [
            214.18796992481202,
            185.39097744360902,
            180.64661654135338
        ],
        [
            219.5125,
            190.925,
            186.65
        ],
        [
            225.85714285714286,
            197.85714285714286,
            193.92857142857142
        ],
        [
            210.35195530726256,
            180.9050279329609,
            176.01117318435755
        ],
        [
            202.7887323943662,
            172.71361502347418,
            167.53521126760563
        ],
        [
            243.16666666666666,
            219.0,
            215.5
        ],
        [
            197.88541666666666,
            167.8125,
            162.5625
        ],
        [
            232.0625,
            205.1875,
            201.75
        ],
        [
            192.04166666666666,
            161.83333333333334,
            156.75
        ]
    ],
    "hex_colors": [
        "#ceb0ab",
        "#d6b9b4",
        "#dbbeba",
        "#e1c5c1",
        "#d2b4b0",
        "#caaca7",
        "#f3dbd7",
        "#c5a7a2",
        "#e8cdc9",
        "#c0a19c"
    ],
    "hsl_color_values": [
        [
            0.023617558433097097,
            0.16848128100109083,
            206.7531914893617
        ],
        [
            0.023574684300978848,
            0.15659774634043597,
            214.18796992481202
        ],
        [
            0.021681247622670263,
            0.14970673651842142,
            219.5125
        ],
        [
            0.020507084265473596,
            0.14136622390891848,
            225.85714285714286
        ],
        [
            0.023751423458597747,
            0.16325392399012023,
            210.35195530726256
        ],
        [
            0.02448173303147333,
            0.17384358938741495,
            202.7887323943662
        ],
        [
            0.021084337349397592,
            0.11377655928718297,
            243.16666666666666
        ],
        [
            0.024771453848422293,
            0.17850186871611304,
            197.88541666666666
        ],
        [
            0.01890034364261169,
            0.13062213843253434,
            232.0625
        ],
        [
            0.02400629673356952,
            0.18377088305489256,
            192.04166666666666
        ]
    ]
}