{
    "rgb_colors": [
        [
            242.40092165898616,
            204.7373271889401,
            227.49308755760367
        ],
        [
            251.8125,
            214.4375,
            237.3125
        ],
        [
            249.0,
            211.6764705882353,
            234.35294117647058
        ],
        [
            240.95967741935485,
            203.3548387096774,
            226.00806451612902
        ],
        [
            233.3125,
            195.6875,
            218.375
        ],
        [
            239.85981308411215,
            202.11214953271028,
            224.92523364485982
        ],
        [
            236.3768115942029,
            198.44927536231884,
            221.2753623188406
        ],
        [
            244.18235294117648,
            206.61764705882354,
            229.31764705882352
        ],
        [
            246.45138888888889,
            209.18055555555554,
            231.80555555555554
        ],
        [
            238.51181102362204,
            200.66929133858267,
            223.5511811023622
        ]
    ],
    "hex_colors": [
        "#f2cce3",
        "#fbd6ed",
        "#f9d3ea",
        "#f0cbe2",
        "#e9c3da",
        "#efcae0",
        "#ecc6dd",
        "#f4cee5",
        "#f6d1e7",
        "#eec8df"
    ],
    "hsl_color_values": [
        [
            0.8993025816713569,
            0.15537727419630798,
            242.40092165898616
        ],
        [
            0.8979933110367893,
            0.14842392653263836,
            251.8125
        ],
        [
            0.8987391646966115,
            0.14989369241672568,
            249.0
        ],
        [
            0.8995996854671529,
            0.1560627865725092,
            240.95967741935485
        ],
        [
            0.8995016611295681,
            0.1612643986070185,
            233.3125
        ],
        [
            0.8992737476273005,
            0.15737385544515878,
            239.85981308411215
        ],
        [
            0.899694306457776,
            0.16045370938074802,
            236.3768115942029
        ],
        [
            0.8992848940390438,
            0.1538387415383874,
            244.18235294117648
        ],
        [
            0.8988261598658469,
            0.15122995857871457,
            246.45138888888889
        ],
        [
            0.8992231932306839,
            0.15866098841239976,
            238.51181102362204
        ]
    ]
}