{
    "rgb_colors": [
        [
            140.88439306358381,
            137.13294797687863,
            126.05780346820809
        ],
        [
            132.87912087912088,
            129.0989010989011,
            118.0
        ],
        [
            135.88709677419354,
            132.19354838709677,
            121.08870967741936
        ],
        [
            149.52542372881356,
            146.01694915254237,
            134.88135593220338
        ],
        [
            127.28571428571429,
            123.76190476190476,
            112.52380952380952
        ],
        [
            145.97905759162305,
            142.5026178010471,
            131.282722513089
        ],
        [
            159.0,
            155.76190476190476,
            144.38095238095238
        ],
        [
            153.04761904761904,
            149.6031746031746,
            138.38095238095238
        ],
        [
            143.24031007751938,
            139.66666666666666,
            128.49612403100775
        ],
        [
            138.4351145038168,
            134.77862595419847,
            123.6412213740458
        ]
    ],
    "hex_colors": [
        "#8c897e",
        "#848176",
        "#878479",
        "#959286",
        "#7f7b70",
        "#918e83",
        "#9f9b90",
        "#99958a",
        "#8f8b80",
        "#8a867b"
    ],
    "hsl_color_values": [
        [
            0.12449642625081236,
            0.10523940425881098,
            140.88439306358381
        ],
        [
            0.12432299359921235,
            0.11197485941118092,
            132.87912087912088
        ],
        [
            0.1250681198910082,
            0.10890207715133521,
            135.88709677419354
        ],
        [
            0.12673611111111102,
            0.09793697574246214,
            149.52542372881356
        ],
        [
            0.12688172043010745,
            0.11597456041900495,
            127.28571428571429
        ],
        [
            0.12724142025887641,
            0.10067427013844067,
            145.97905759162305
        ],
        [
            0.1297502714440825,
            0.09194369571728063,
            159.0
        ],
        [
            0.12752525252525268,
            0.09583074051026752,
            153.04761904761904
        ],
        [
            0.12627059235892032,
            0.10293321788072303,
            143.24031007751938
        ],
        [
            0.1254729962160302,
            0.10686517783291986,
            138.4351145038168
        ]
    ]
}